# (c) Der Bundeswahlleiter, Statistisches Bundesamt (Destatis), 2018;;;;;;;;;;;;;;;
# ;;;;;;;;;;;;;;;
# Wahl zum 19. Deutschen Bundestag (24. September 2017);;;;;;;;;;;;;;;
# Ergebnisse der repräsentativen Wahlstatistik;;;;;;;;;;;;;;;
# Stimmabgabe in der Kombination der Erst- und Zweitstimmen nach Geschlecht und Geburtsjahresgruppen in den Ländern;;;;;;;;;;;;;;;
# ;;;;;;;;;;;;;;;
# Erläuterungen zur Methodik siehe Dokument 'Allgemeine und methodische Hinweise zur repräsentativen Wahlstatistik der Bundestagswahl 2017'.;;;;;;;;;;;;;;;
# Durch Auf- bzw. Abrundungen können sich in der Endsumme geringfügige Abweichungen ergeben.;;;;;;;;;;;;;;;
# Aus methodischen Gründen weichen in einigen Ländern die Summen der Parteien vom amtlichen Endergebnis geringfügig ab.;;;;;;;;;;;;;;;
# Für das Bundesgebiet wurde eine separate Hochrechnung durchgeführt. Die Kumulation einzelner Merkmalsgruppen in den Länderergebnissen weichen daher geringfügig zu den entsprechenden Bundesergebnissen ab.;;;;;;;;;;;;;;;
# ;;;;;;;;;;;;;;;
Land;Geschlecht;Geburtsjahresgruppe;Partei Zweitstimme;Erststimme: Summe;Erststimme: Ungültig;Erststimme: CDU;Erststimme: SPD;Erststimme: DIE LINKE;Erststimme: GRÜNE;Erststimme: CSU;Erststimme: FDP;Erststimme: AfD;Erststimme: Sonstige;Erststimme: dar. NPD;Erststimme: dar. FREIE WÄHLER
Bund;Summe;Summe;Summe;46976341;586726;14030751;11429231;3966637;3717922;3255487;3249238;5317499;1422850;45169;589056
Bund;Summe;Summe;Ungültig;460849;312083;53634;39393;9041;5701;10086;8206;16758;5947;304;1987
Bund;Summe;Summe;CDU;12447656;54731;10609077;696310;134102;381553;;411718;92990;67176;1017;33195
Bund;Summe;Summe;SPD;9539381;42279;503272;7856620;277768;421676;105233;131347;115017;86171;1045;41302
Bund;Summe;Summe;DIE LINKE;4297270;17508;180821;679135;2858739;289029;26865;57553;83290;104329;647;25399
Bund;Summe;Summe;GRÜNE;4158400;12081;462406;1084251;180627;2150013;101110;74272;15303;78337;206;21792
Bund;Summe;Summe;CSU;2869688;12003;;101038;10659;73516;2505053;73800;20816;72803;0;45649
Bund;Summe;Summe;FDP;4999449;22729;1689949;419594;65210;134978;306221;2177762;105311;77695;495;42247
Bund;Summe;Summe;AfD;5878115;47023;334248;275680;150182;32030;103395;174336;4615544;145675;16666;52159
Bund;Summe;Summe;Sonstige;2325533;66288;197344;277209;280310;229427;97524;140244;252470;784718;24790;325327
Bund;Summe;Summe;dar. NPD;176020;3424;10429;11467;6490;2670;2613;7455;97893;33579;21452;4293
Bund;Summe;Summe;dar. FREIE WÄHLER;463292;6113;38894;41912;17578;16979;44817;28302;22787;245909;387;221449
Bund;Summe;1993 - 1999;Summe;3369640;37704;818710;836085;325815;450604;219436;291067;233988;156231;2503;45772
Bund;Summe;1993 - 1999;Ungültig;24303;19211;1417;1457;162;465;188;461;532;410;0;28
Bund;Summe;1993 - 1999;CDU;665605;2343;500514;73177;8085;40450;;30524;4330;6181;26;2273
Bund;Summe;1993 - 1999;SPD;615571;1364;58733;440690;22808;46582;12530;15679;8017;9168;110;3458
Bund;Summe;1993 - 1999;DIE LINKE;349726;984;13326;66109;200452;44582;2739;5309;2580;13646;33;1813
Bund;Summe;1993 - 1999;GRÜNE;488279;1341;58916;119930;33312;232920;14988;11621;1851;13401;22;2438
Bund;Summe;1993 - 1999;CSU;171568;645;;8967;1020;7876;139174;6313;813;6761;0;3949
Bund;Summe;1993 - 1999;FDP;441271;1575;133244;51836;7070;19737;26690;183639;7767;9714;0;3925
Bund;Summe;1993 - 1999;AfD;266957;1468;20285;20222;5887;3665;8217;13750;184363;9100;961;3026
Bund;Summe;1993 - 1999;Sonstige;346359;8773;32276;53697;47020;54328;14910;23772;23735;87849;1351;24861
Bund;Summe;1993 - 1999;dar. NPD;16690;150;1176;1457;310;357;419;807;9526;2490;1115;300
Bund;Summe;1993 - 1999;dar. FREIE WÄHLER;33863;303;3585;3889;1172;2084;4022;2675;1596;14537;0;12766
Bund;Summe;1983 - 1992;Summe;6039663;58687;1512418;1362375;631362;631769;383571;446910;703775;308797;10507;103486
Bund;Summe;1983 - 1992;Ungültig;39765;32301;2331;1546;616;450;314;477;1096;633;0;217
Bund;Summe;1983 - 1992;CDU;1286190;3103;1012363;107416;19907;64436;;51925;13249;13792;154;5338
Bund;Summe;1983 - 1992;SPD;1025242;2109;72670;776833;40632;63766;13544;19903;19873;15912;291;5710
Bund;Summe;1983 - 1992;DIE LINKE;656955;1465;25126;105025;415671;60365;5042;8048;9676;26538;52;3866
Bund;Summe;1983 - 1992;GRÜNE;666043;929;70305;166939;41179;338318;17071;11105;3236;16962;74;3923
Bund;Summe;1983 - 1992;CSU;322592;808;;15881;1761;12185;265442;9939;2877;13699;0;8893
Bund;Summe;1983 - 1992;FDP;683394;1609;227652;65121;9843;22134;43282;284220;14962;14570;124;7001
Bund;Summe;1983 - 1992;AfD;770820;3554;49271;49642;15497;5356;16400;26572;578086;26442;3976;9211
Bund;Summe;1983 - 1992;Sonstige;588662;12810;52701;73972;86256;64758;22476;34722;60718;180249;5836;59327
Bund;Summe;1983 - 1992;dar. NPD;49411;697;2928;3888;1398;816;640;2035;28701;8308;4816;1175
Bund;Summe;1983 - 1992;dar. FREIE WÄHLER;83196;770;9690;8196;3149;3452;8806;5213;4335;39586;49;35071
Bund;Summe;1973 - 1982;Summe;6227268;62068;1739054;1267308;535303;598947;426237;460129;867889;270333;9915;106025
Bund;Summe;1973 - 1982;Ungültig;42494;33214;2653;1965;658;440;417;709;1690;748;31;111
Bund;Summe;1973 - 1982;CDU;1518679;3631;1233077;104926;20356;63798;;62822;15808;14261;293;7355
Bund;Summe;1973 - 1982;SPD;967437;3039;60986;750146;32521;60186;11797;17114;18016;13633;79;6473
Bund;Summe;1973 - 1982;DIE LINKE;563621;1449;24867;84285;366889;41935;4772;8004;12360;19059;107;3722
Bund;Summe;1973 - 1982;GRÜNE;677766;1011;78646;165517;29312;356405;17874;12046;2162;14793;0;3459
Bund;Summe;1973 - 1982;CSU;363703;1061;;14175;1841;13614;306461;10782;3165;12604;0;8259
Bund;Summe;1973 - 1982;FDP;704903;1917;244946;56031;9763;19950;50066;291537;16330;14361;79;7939
Bund;Summe;1973 - 1982;AfD;953560;4848;57146;43676;21257;5153;18167;31591;744209;27513;3869;9816
Bund;Summe;1973 - 1982;Sonstige;435105;11896;36733;46587;52707;37466;16681;25525;54149;153361;5457;58892
Bund;Summe;1973 - 1982;dar. NPD;42242;433;2564;2496;1435;670;553;2072;24403;7616;4754;1180
Bund;Summe;1973 - 1982;dar. FREIE WÄHLER;80898;854;7838;6349;2878;2631;8048;5069;4190;43040;98;37990
Bund;Summe;1958 - 1972;Summe;13918027;146749;3810567;3338116;1169518;1296186;871771;941843;1900570;442707;13987;208034
Bund;Summe;1958 - 1972;Ungültig;103588;74589;8129;7871;2259;1459;1400;1538;4713;1630;97;533
Bund;Summe;1958 - 1972;CDU;3425034;11556;2849926;207204;40746;137956;;126557;31080;20008;274;10999
Bund;Summe;1958 - 1972;SPD;2746613;9193;135027;2244909;80838;145415;28350;35566;38144;29170;355;15766
Bund;Summe;1958 - 1972;DIE LINKE;1279220;4967;51378;198670;852669;85481;7628;17676;30961;29789;294;10080
Bund;Summe;1958 - 1972;GRÜNE;1447613;3862;148112;374542;48332;788084;31297;23250;4839;25295;40;9035
Bund;Summe;1958 - 1972;CSU;773402;2660;;29754;3197;26102;661085;20166;6469;23969;0;15095
Bund;Summe;1958 - 1972;FDP;1422660;6404;465115;121042;19919;45285;83085;624087;33884;23838;243;14095
Bund;Summe;1958 - 1972;AfD;2090839;13858;104071;86092;56550;11911;33377;56302;1674435;54243;5069;20325
Bund;Summe;1958 - 1972;Sonstige;629057;19659;48807;68032;65007;54492;25549;36701;76044;234765;7617;112108
Bund;Summe;1958 - 1972;dar. NPD;46103;990;2422;2129;2537;400;560;1597;25382;10086;6679;1273
Bund;Summe;1958 - 1972;dar. FREIE WÄHLER;157237;1937;11254;13805;6126;5609;13872;9302;7239;88093;194;79479
Bund;Summe;1948 - 1957;Summe;7693131;103820;2310567;2042977;710235;446291;518411;505296;906420;149114;5214;75016
Bund;Summe;1948 - 1957;Ungültig;80774;53780;8238;7115;2398;897;1693;1535;3967;1150;125;386
Bund;Summe;1948 - 1957;CDU;2067428;10168;1803937;102260;25093;42399;;61001;15194;7378;30;4189
Bund;Summe;1948 - 1957;SPD;1775691;8114;79975;1512410;50726;59600;18233;20456;15521;10657;107;5535
Bund;Summe;1948 - 1957;DIE LINKE;800459;4119;34872;128807;552507;39075;3822;11021;15754;10481;18;4113
Bund;Summe;1948 - 1957;GRÜNE;519000;1918;54350;151201;19057;265882;10764;9134;1762;4932;54;1749
Bund;Summe;1948 - 1957;CSU;462664;2124;;15694;1612;7190;413331;10983;3749;7980;0;4866
Bund;Summe;1948 - 1957;FDP;784904;5312;262791;64165;10458;15063;46623;355344;16708;8441;0;5498
Bund;Summe;1948 - 1957;AfD;1004932;11174;51988;39925;29147;4045;15469;24772;809441;18971;2024;6283
Bund;Summe;1948 - 1957;Sonstige;197277;7111;14416;21401;19238;12141;8475;11049;24323;79123;2856;42398
Bund;Summe;1948 - 1957;dar. NPD;13644;642;608;842;463;298;257;633;6609;3292;2603;253
Bund;Summe;1948 - 1957;dar. FREIE WÄHLER;63259;1222;3653;6175;2521;1918;4795;3343;3202;36430;22;33095
Bund;Summe;1947 und früher;Summe;9728612;177697;3839435;2582370;594405;294125;836062;603993;704858;95668;3043;50723
Bund;Summe;1947 und früher;Ungültig;169926;98988;30866;19440;2949;1989;6072;3486;4760;1375;51;713
Bund;Summe;1947 und früher;CDU;3484719;23929;3209260;101327;19916;32514;;78888;13328;5556;240;3042
Bund;Summe;1947 und früher;SPD;2408826;18459;95882;2131631;50243;46128;20778;22629;15445;7631;103;4359
Bund;Summe;1947 und früher;DIE LINKE;647289;4524;31252;96240;470550;17592;2862;7495;11959;4815;143;1804
Bund;Summe;1947 und früher;GRÜNE;359698;3020;52078;106123;9436;168403;9115;7117;1453;2954;18;1188
Bund;Summe;1947 und früher;CSU;775759;4706;;16566;1228;6549;719560;15618;3743;7789;0;4588
Bund;Summe;1947 und früher;FDP;962317;5911;356200;61399;8157;12808;56476;438935;15660;6771;48;3789
Bund;Summe;1947 und früher;AfD;791007;12122;51487;36123;21844;1899;11766;21350;625010;9407;767;3499
Bund;Summe;1947 und früher;Sonstige;129071;6038;12411;13520;10082;6241;9433;8475;13500;49372;1673;27742
Bund;Summe;1947 und früher;dar. NPD;7930;512;732;656;348;130;183;310;3272;1787;1484;111
Bund;Summe;1947 und früher;dar. FREIE WÄHLER;44839;1028;2874;3499;1732;1285;5274;2700;2225;24222;24;23049
Bund;m;Summe;Summe;22757980;274037;6296759;5567376;2002937;1459836;1517208;1623874;3298126;717826;28243;277767
Bund;m;Summe;Ungültig;200192;141663;19652;16259;4196;1778;3905;3204;7256;2279;157;622
Bund;m;Summe;CDU;5299230;20782;4594621;273786;48552;114575;;168879;48433;29602;481;14293
Bund;m;Summe;SPD;4633487;18106;224991;3870414;133088;172019;47062;59474;63172;45161;504;20419
Bund;m;Summe;DIE LINKE;2189501;8987;72020;363987;1474396;126255;12086;25862;46476;59432;408;13769
Bund;m;Summe;GRÜNE;1706000;5355;166680;494317;73885;856943;36231;29888;6945;35754;75;9046
Bund;m;Summe;CSU;1280483;4702;;40047;3500;23044;1135228;31733;11439;30790;0;19464
Bund;m;Summe;FDP;2666886;12476;928408;219040;30722;63648;172094;1137649;60566;42283;266;20950
Bund;m;Summe;AfD;3676203;28148;209251;159851;88876;17197;67336;103515;2914942;87086;10785;31102
Bund;m;Summe;Sonstige;1105998;33818;81136;129675;145723;84377;43265;63670;138897;385439;15567;148101
Bund;m;Summe;dar. NPD;111603;2185;6238;6519;3734;1565;1731;3927;65086;20619;13942;2158
Bund;m;Summe;dar. FREIE WÄHLER;208771;3038;17062;19286;8105;6105;20255;12553;11397;110970;191;99952
Bund;m;1993 - 1999;Summe;1694779;20330;402414;416491;165674;173296;109102;176190;146987;84297;1629;23053
Bund;m;1993 - 1999;Ungültig;13189;10358;928;891;71;175;159;234;194;180;0;28
Bund;m;1993 - 1999;CDU;300217;1080;232899;31504;3241;12031;;14418;2212;2833;26;945
Bund;m;1993 - 1999;SPD;305590;706;27987;224488;10583;18094;5840;8130;4480;5282;87;1924
Bund;m;1993 - 1999;DIE LINKE;176106;561;6005;34828;104100;17674;1138;2669;1243;7888;33;1000
Bund;m;1993 - 1999;GRÜNE;192427;612;21770;49476;13390;88962;5661;5693;1056;5808;22;1079
Bund;m;1993 - 1999;CSU;79817;321;;3133;317;2621;67008;2945;374;3098;0;1826
Bund;m;1993 - 1999;FDP;280317;1126;84649;32128;4203;10352;16236;120082;5111;6428;0;2212
Bund;m;1993 - 1999;AfD;167573;885;12701;11431;3284;1966;5674;8507;118041;5083;500;1838
Bund;m;1993 - 1999;Sonstige;179542;4681;15476;28611;26484;21420;7385;13512;14275;47698;962;12200
Bund;m;1993 - 1999;dar. NPD;10713;95;721;812;99;211;296;528;6282;1670;811;174
Bund;m;1993 - 1999;dar. FREIE WÄHLER;15757;173;1556;1962;559;887;1824;1217;777;6804;0;6071
Bund;m;1983 - 1992;Summe;3001418;29800;707161;655466;328018;246168;187482;249353;435091;162879;5903;49670
Bund;m;1983 - 1992;Ungültig;19674;16306;966;566;320;155;191;226;583;361;0;114
Bund;m;1983 - 1992;CDU;555205;1024;450542;40180;7745;19478;;23156;6702;6377;40;2379
Bund;m;1983 - 1992;SPD;490462;975;32333;380107;18759;23934;6111;9749;10510;7984;142;2432
Bund;m;1983 - 1992;DIE LINKE;342655;760;10092;56086;221559;27015;2322;4010;5037;15774;21;2037
Bund;m;1983 - 1992;GRÜNE;263648;328;25249;70174;16110;131325;6053;5004;1712;7691;54;1621
Bund;m;1983 - 1992;CSU;146982;322;;6017;656;3551;124286;4472;1769;5909;0;3725
Bund;m;1983 - 1992;FDP;403389;1046;134622;37401;4954;12024;26634;169135;8759;8815;64;3978
Bund;m;1983 - 1992;AfD;480174;1903;30113;27253;8685;3048;11059;16285;366229;15598;2437;5419
Bund;m;1983 - 1992;Sonstige;299229;7135;23242;37682;49230;25638;10825;17317;33790;94370;3146;27964
Bund;m;1983 - 1992;dar. NPD;29052;365;1661;2055;658;512;469;1017;17919;4395;2730;457
Bund;m;1983 - 1992;dar. FREIE WÄHLER;37952;477;4507;3973;1670;1020;4062;2121;2194;17928;0;15975
Bund;m;1973 - 1982;Summe;3089525;30587;809771;601921;273897;238333;206918;237284;548843;141972;6237;50058
Bund;m;1973 - 1982;Ungültig;19901;15951;862;667;454;259;207;271;867;364;31;93
Bund;m;1973 - 1982;CDU;665699;1681;553958;41921;7946;18980;;26703;7892;6617;156;3121
Bund;m;1973 - 1982;SPD;456033;1464;26786;357289;15446;24799;4810;7556;10087;7795;50;3269
Bund;m;1973 - 1982;DIE LINKE;289045;678;10190;44178;191533;18861;2060;3357;6797;11391;40;1946
Bund;m;1973 - 1982;GRÜNE;281653;502;28373;75528;12704;144109;7038;5299;934;7165;0;1267
Bund;m;1973 - 1982;CSU;165918;438;;5430;609;4343;143010;4977;1776;5335;0;3452
Bund;m;1973 - 1982;FDP;387886;969;137758;29420;4518;9516;29627;158707;9806;7565;50;3633
Bund;m;1973 - 1982;AfD;604999;2748;36274;24606;12327;2919;11648;18466;478591;17421;2568;5909
Bund;m;1973 - 1982;Sonstige;218392;6155;15568;22882;28361;14547;8520;11946;32094;78319;3343;27370
Bund;m;1973 - 1982;dar. NPD;27959;316;1686;1673;1012;347;333;1017;17049;4526;2980;631
Bund;m;1973 - 1982;dar. FREIE WÄHLER;38216;503;3840;2887;1045;1134;4518;2126;2538;19626;75;17232
Bund;m;1958 - 1972;Summe;6930258;71774;1805613;1669626;579245;511791;426407;455296;1195153;215355;9099;98115
Bund;m;1958 - 1972;Ungültig;47053;35321;3399;3593;1027;317;494;450;1858;593;70;146
Bund;m;1958 - 1972;CDU;1538881;4638;1316557;82070;15223;43498;;51489;16694;8711;120;4944
Bund;m;1958 - 1972;SPD;1379820;4470;62906;1146553;38363;61644;13192;16046;21023;15621;184;8307
Bund;m;1958 - 1972;DIE LINKE;643130;2706;21155;104980;433195;36601;3648;7437;17357;16051;184;5668
Bund;m;1958 - 1972;GRÜNE;607369;1667;56363;179389;19227;318305;11067;8083;1893;11375;0;3568
Bund;m;1958 - 1972;CSU;363559;1094;;12131;1056;8160;319269;8750;3581;9517;0;6139
Bund;m;1958 - 1972;FDP;748468;3406;261787;61400;9173;19920;46356;315577;18905;11945;128;6973
Bund;m;1958 - 1972;AfD;1324465;8840;65454;50892;32716;6046;21956;33011;1073445;32105;3478;11926
Bund;m;1958 - 1972;Sonstige;277513;9631;17992;28618;29265;17300;10424;14452;40395;109436;4936;50444
Bund;m;1958 - 1972;dar. NPD;29986;612;1420;1228;1470;225;350;855;17272;6555;4529;682
Bund;m;1958 - 1972;dar. FREIE WÄHLER;71178;910;4772;6454;3024;1974;5981;4484;3351;40227;94;36121
Bund;m;1948 - 1957;Summe;3741274;50077;1020786;1029585;362295;180545;236940;235985;553360;71700;3468;35474
Bund;m;1948 - 1957;Ungültig;34896;23844;3242;2848;1170;329;736;627;1705;394;56;140
Bund;m;1948 - 1957;CDU;874612;5022;774370;39421;8001;12556;;23419;8754;3069;0;1742
Bund;m;1948 - 1957;SPD;893330;3731;36310;771237;25942;24588;8606;8935;8774;5206;17;2625
Bund;m;1948 - 1957;DIE LINKE;413595;2041;13422;72098;286839;18113;1666;4760;9094;5563;18;2174
Bund;m;1948 - 1957;GRÜNE;223251;1105;18984;74305;8642;109794;3650;3425;825;2522;0;972
Bund;m;1948 - 1957;CSU;206169;947;;6615;530;2229;185568;4348;2126;3808;0;2438
Bund;m;1948 - 1957;FDP;392710;3115;136970;31142;4747;6761;24293;172339;9030;4314;0;2608
Bund;m;1948 - 1957;AfD;619595;6592;32535;24262;17888;2230;9368;14378;500578;11763;1323;4101
Bund;m;1948 - 1957;Sonstige;83114;3680;4954;7658;8537;3944;3053;3753;12474;35061;2054;18675
Bund;m;1948 - 1957;dar. NPD;9111;514;378;406;308;171;159;401;4444;2329;1904;177
Bund;m;1948 - 1957;dar. FREIE WÄHLER;27586;542;1448;2561;1183;695;1829;1370;1521;16438;22;14983
Bund;m;1947 und früher;Summe;4300726;71471;1551015;1194287;293808;109704;350359;269767;418692;41623;1905;21398
Bund;m;1947 und früher;Ungültig;65480;39883;10255;7694;1153;544;2118;1396;2049;387;0;102
Bund;m;1947 und früher;CDU;1364615;7338;1266295;38689;6396;8031;;29694;6179;1994;139;1163
Bund;m;1947 und früher;SPD;1108252;6759;38670;990739;23994;18960;8502;9058;8298;3272;25;1862
Bund;m;1947 und früher;DIE LINKE;324971;2240;11157;51818;237170;7991;1253;3628;6948;2765;112;944
Bund;m;1947 und früher;GRÜNE;137652;1141;15941;45445;3811;64449;2762;2384;525;1193;0;538
Bund;m;1947 und früher;CSU;318037;1580;;6722;333;2140;296086;6241;1813;3123;0;1885
Bund;m;1947 und früher;FDP;454115;2814;172622;27548;3128;5077;28948;201809;8954;3215;24;1545
Bund;m;1947 und früher;AfD;479397;7180;32173;21408;13976;987;7631;12867;378056;5118;479;1909
Bund;m;1947 und früher;Sonstige;48208;2535;3903;4224;3847;1526;3058;2689;5869;20556;1126;11449
Bund;m;1947 und früher;dar. NPD;4781;282;372;344;187;100;124;109;2120;1143;989;38
Bund;m;1947 und früher;dar. FREIE WÄHLER;18081;433;940;1449;625;394;2041;1234;1017;9947;0;9570
Bund;w;Summe;Summe;24218361;312689;7733992;5861855;1963700;2258086;1738279;1625364;2019373;705024;16926;311289
Bund;w;Summe;Ungültig;260657;170420;33982;23134;4846;3923;6181;5002;9502;3668;147;1365
Bund;w;Summe;CDU;7148426;33949;6014456;422525;85550;266978;;242838;44557;37574;535;18901
Bund;w;Summe;SPD;4905894;24172;278281;3986206;144680;249657;58170;71873;51844;41010;541;20883
Bund;w;Summe;DIE LINKE;2107769;8522;108801;315148;1384343;162774;14779;31691;36814;44897;239;11629
Bund;w;Summe;GRÜNE;2452400;6726;295726;589933;106742;1293070;64879;44384;8358;42582;131;12745
Bund;w;Summe;CSU;1589205;7302;;60991;7158;50472;1369825;42067;9377;42013;0;26185
Bund;w;Summe;FDP;2332563;10253;761540;200554;34488;71329;134128;1040113;44745;35413;229;21297
Bund;w;Summe;AfD;2201912;18875;124997;115830;61305;14833;36060;70821;1700602;58589;5881;21057
Bund;w;Summe;Sonstige;1219535;32471;116208;147534;134587;145050;54258;76574;113573;399279;9223;177226
Bund;w;Summe;dar. NPD;64417;1239;4191;4948;2756;1105;882;3528;32808;12960;7510;2135
Bund;w;Summe;dar. FREIE WÄHLER;254521;3075;21832;22627;9472;10875;24562;15749;11390;134939;196;121497
Bund;w;1993 - 1999;Summe;1674861;17375;416297;419594;160142;277309;110334;114877;87000;71934;873;22719
Bund;w;1993 - 1999;Ungültig;11114;8854;489;566;90;289;30;227;338;231;0;0
Bund;w;1993 - 1999;CDU;365388;1264;267615;41674;4843;28419;;16106;2118;3348;0;1328
Bund;w;1993 - 1999;SPD;309981;658;30746;216202;12225;28488;6689;7549;3537;3886;24;1534
Bund;w;1993 - 1999;DIE LINKE;173620;422;7321;31281;96352;26908;1601;2639;1337;5758;0;813
Bund;w;1993 - 1999;GRÜNE;295852;729;37146;70453;19921;143958;9327;5929;795;7593;0;1359
Bund;w;1993 - 1999;CSU;91751;323;;5834;703;5256;72166;3367;439;3664;0;2124
Bund;w;1993 - 1999;FDP;160954;449;48595;19707;2867;9385;10453;63557;2656;3286;0;1712
Bund;w;1993 - 1999;AfD;99385;582;7584;8792;2603;1699;2543;5243;66321;4017;461;1188
Bund;w;1993 - 1999;Sonstige;166817;4093;16800;25086;20536;32907;7524;10260;9460;40151;389;12661
Bund;w;1993 - 1999;dar. NPD;5977;55;455;645;211;146;123;279;3244;819;304;126
Bund;w;1993 - 1999;dar. FREIE WÄHLER;18106;131;2029;1928;613;1197;2198;1458;818;7734;0;6694
Bund;w;1983 - 1992;Summe;3038245;28888;805257;706909;303343;385600;196089;197557;268683;145918;4603;53815
Bund;w;1983 - 1992;Ungültig;20091;15995;1365;980;296;296;123;251;513;273;0;103
Bund;w;1983 - 1992;CDU;730985;2079;561821;67236;12161;44958;;28769;6547;7415;115;2958
Bund;w;1983 - 1992;SPD;534780;1134;40336;396726;21873;39832;7433;10154;9364;7928;149;3279
Bund;w;1983 - 1992;DIE LINKE;314301;705;15034;48939;194112;33350;2719;4038;4640;10764;31;1828
Bund;w;1983 - 1992;GRÜNE;402395;601;45055;96765;25069;206993;11018;6100;1524;9270;20;2302
Bund;w;1983 - 1992;CSU;175609;486;;9865;1105;8634;141156;5467;1107;7790;0;5168
Bund;w;1983 - 1992;FDP;280004;563;93030;27720;4889;10111;16648;115085;6204;5755;60;3023
Bund;w;1983 - 1992;AfD;290646;1650;19158;22389;6813;2308;5340;10287;211857;10844;1539;3792
Bund;w;1983 - 1992;Sonstige;289433;5675;29458;36290;37026;39120;11651;17405;26929;85879;2690;31362
Bund;w;1983 - 1992;dar. NPD;20359;332;1266;1833;740;304;171;1018;10781;3913;2087;719
Bund;w;1983 - 1992;dar. FREIE WÄHLER;45244;292;5183;4223;1479;2432;4744;3092;2141;21658;49;19097
Bund;w;1973 - 1982;Summe;3137743;31482;929283;665387;261406;360614;219318;222845;319046;128361;3678;55967
Bund;w;1973 - 1982;Ungültig;22593;17263;1791;1298;204;181;211;438;823;384;0;18
Bund;w;1973 - 1982;CDU;852980;1950;679118;63005;12410;44818;;36119;7917;7644;137;4234
Bund;w;1973 - 1982;SPD;511405;1575;34200;392856;17074;35387;6987;9559;7929;5838;29;3204
Bund;w;1973 - 1982;DIE LINKE;274576;771;14676;40107;175357;23074;2713;4647;5563;7668;67;1776
Bund;w;1973 - 1982;GRÜNE;396113;509;50273;89988;16608;212296;10836;6746;1228;7628;0;2192
Bund;w;1973 - 1982;CSU;197785;624;;8745;1232;9270;163451;5804;1389;7269;0;4807
Bund;w;1973 - 1982;FDP;317016;949;107188;26611;5245;10434;20440;132830;6523;6796;29;4306
Bund;w;1973 - 1982;AfD;348561;2100;20872;19071;8930;2234;6519;13125;265618;10092;1301;3907
Bund;w;1973 - 1982;Sonstige;216713;5741;21165;23705;24346;22919;8161;13578;22056;75042;2114;31522
Bund;w;1973 - 1982;dar. NPD;14283;116;878;823;423;323;220;1055;7355;3090;1775;550
Bund;w;1973 - 1982;dar. FREIE WÄHLER;42681;351;3998;3462;1834;1497;3530;2943;1653;23414;23;20757
Bund;w;1958 - 1972;Summe;6987768;74976;2004953;1668490;590273;784395;445364;486547;705417;227352;4888;109920
Bund;w;1958 - 1972;Ungültig;56535;39268;4730;4278;1232;1142;906;1088;2854;1036;26;387
Bund;w;1958 - 1972;CDU;1886153;6919;1533369;125133;25523;94458;;75067;14387;11297;154;6055
Bund;w;1958 - 1972;SPD;1366793;4722;72122;1098356;42475;83770;15158;19520;17121;13549;171;7459
Bund;w;1958 - 1972;DIE LINKE;636091;2261;30224;93689;419475;48881;3980;10239;13604;13738;110;4413
Bund;w;1958 - 1972;GRÜNE;840244;2195;91749;195153;29105;469780;20230;15166;2946;13920;40;5466
Bund;w;1958 - 1972;CSU;409843;1565;;17624;2141;17942;341816;11416;2888;14452;0;8956
Bund;w;1958 - 1972;FDP;674193;2998;203328;59643;10746;25366;36729;308511;14979;11893;115;7123
Bund;w;1958 - 1972;AfD;766374;5018;38617;35200;23834;5865;11421;23291;600990;22138;1591;8398
Bund;w;1958 - 1972;Sonstige;351544;10028;30815;39415;35742;37192;15125;22249;35649;125329;2681;61664
Bund;w;1958 - 1972;dar. NPD;16117;378;1003;901;1067;175;210;743;8110;3531;2150;591
Bund;w;1958 - 1972;dar. FREIE WÄHLER;86059;1027;6482;7351;3101;3634;7891;4818;3888;47866;100;43358
Bund;w;1948 - 1957;Summe;3951857;53743;1289781;1013392;347939;265747;281471;269311;353060;77413;1746;39542
Bund;w;1948 - 1957;Ungültig;45878;29936;4996;4267;1228;568;957;908;2262;756;69;246
Bund;w;1948 - 1957;CDU;1192816;5146;1029567;62838;17092;29842;;37582;6439;4309;30;2448
Bund;w;1948 - 1957;SPD;882361;4383;43665;741173;24783;35012;9627;11521;6747;5451;90;2911
Bund;w;1948 - 1957;DIE LINKE;386863;2078;21451;56709;265668;20961;2157;6261;6660;4918;0;1939
Bund;w;1948 - 1957;GRÜNE;295750;813;35366;76896;10414;156088;7114;5710;937;2411;54;777
Bund;w;1948 - 1957;CSU;256495;1177;;9080;1082;4961;227763;6636;1623;4173;0;2427
Bund;w;1948 - 1957;FDP;392194;2197;125822;33023;5711;8302;22330;183004;7678;4127;0;2889
Bund;w;1948 - 1957;AfD;385337;4583;19453;15664;11258;1815;6101;10393;308863;7208;701;2183
Bund;w;1948 - 1957;Sonstige;114163;3430;9462;13743;10702;8197;5423;7296;11849;44062;803;23723
Bund;w;1948 - 1957;dar. NPD;4532;128;230;435;154;126;99;232;2165;963;699;76
Bund;w;1948 - 1957;dar. FREIE WÄHLER;35673;680;2205;3614;1338;1224;2966;1973;1682;19993;0;18112
Bund;w;1947 und früher;Summe;5427886;106226;2288420;1388082;300596;184421;485703;334226;286166;54045;1139;29326
Bund;w;1947 und früher;Ungültig;104446;59105;20611;11746;1796;1446;3954;2090;2711;988;51;611
Bund;w;1947 und früher;CDU;2120104;16592;1942965;62638;13521;24483;;49195;7149;3561;100;1879
Bund;w;1947 und früher;SPD;1300575;11700;57212;1140892;26249;27169;12276;13571;7147;4358;78;2497
Bund;w;1947 und früher;DIE LINKE;322319;2284;20096;44423;233379;9601;1609;3867;5011;2050;32;860
Bund;w;1947 und früher;GRÜNE;222047;1878;36137;60678;5624;103955;6353;4733;928;1760;18;650
Bund;w;1947 und früher;CSU;457722;3126;;9844;895;4409;423473;9377;1930;4666;0;2703
Bund;w;1947 und früher;FDP;508202;3097;183578;33850;5029;7732;27528;237126;6705;3556;25;2244
Bund;w;1947 und früher;AfD;311609;4941;19314;14715;7867;912;4135;8482;246953;4289;289;1589
Bund;w;1947 und früher;Sonstige;80864;3503;8507;9296;6235;4715;6374;5786;7631;28816;547;16293
Bund;w;1947 und früher;dar. NPD;3149;230;360;311;161;30;59;201;1152;644;496;74
Bund;w;1947 und früher;dar. FREIE WÄHLER;26758;595;1935;2049;1107;891;3233;1466;1208;14275;24;13479
SH;Summe;Summe;Summe;1729194;13176;682287;493279;90574;163580;;131703;128641;25954;;18802
SH;Summe;Summe;Ungültig;13553;7577;3514;1306;93;223;;225;509;105;;94
SH;Summe;Summe;CDU;583135;1614;513148;22824;2538;18980;;19686;2349;1996;;1726
SH;Summe;Summe;SPD;399505;972;18722;344081;6729;18331;;5610;3110;1949;;1420
SH;Summe;Summe;DIE LINKE;124678;861;6236;29559;66017;12904;;2954;2763;3384;;1893
SH;Summe;Summe;GRÜNE;205471;429;29419;62421;5511;100758;;4345;905;1682;;847
SH;Summe;Summe;FDP;216844;728;95547;17514;1457;6347;;90552;3200;1500;;1118
SH;Summe;Summe;AfD;140362;385;10452;8389;2348;1038;;5204;110877;1670;;1490
SH;Summe;Summe;Sonstige;45646;610;5250;7185;5881;4998;;3128;4928;13667;;10214
SH;Summe;Summe;dar. NPD;4407;8;352;347;186;17;;109;3059;330;;292
SH;Summe;Summe;dar. FREIE WÄHLER;10911;68;1217;1010;536;428;;785;407;6459;;6329
SH;Summe;1993 - 1999;Summe;122296;769;40148;34074;8822;18009;;11425;5452;3598;;2068
SH;Summe;1993 - 1999;Ungültig;644;385;215;23;0;0;;0;21;0;;0
SH;Summe;1993 - 1999;CDU;32227;52;24874;2537;314;2634;;1512;29;275;;157
SH;Summe;1993 - 1999;SPD;24499;91;2306;18492;849;1764;;506;326;164;;133
SH;Summe;1993 - 1999;DIE LINKE;10830;84;588;2806;5178;1519;;244;9;402;;166
SH;Summe;1993 - 1999;GRÜNE;21066;37;3233;5795;987;10106;;498;72;336;;64
SH;Summe;1993 - 1999;FDP;18288;80;7316;2090;314;777;;7460;133;118;;16
SH;Summe;1993 - 1999;AfD;6197;0;596;597;282;69;;414;4163;77;;68
SH;Summe;1993 - 1999;Sonstige;8546;40;1021;1734;897;1139;;791;698;2225;;1464
SH;Summe;1993 - 1999;dar. NPD;468;0;44;52;0;0;;0;372;0;;0
SH;Summe;1993 - 1999;dar. FREIE WÄHLER;1049;0;171;21;0;182;;45;51;577;;577
SH;Summe;1983 - 1992;Summe;188150;965;62869;50902;14264;22189;;14124;16752;6085;;3262
SH;Summe;1983 - 1992;Ungültig;1095;674;239;83;0;0;;0;99;0;;0
SH;Summe;1983 - 1992;CDU;53419;37;43759;3763;400;2441;;2250;421;348;;348
SH;Summe;1983 - 1992;SPD;38434;47;2746;30266;845;2647;;771;533;579;;250
SH;Summe;1983 - 1992;DIE LINKE;18733;46;848;4190;9648;2282;;390;430;900;;270
SH;Summe;1983 - 1992;GRÜNE;25674;50;3144;7385;1109;12751;;574;138;523;;242
SH;Summe;1983 - 1992;FDP;21660;49;9378;1994;215;487;;8972;322;245;;147
SH;Summe;1983 - 1992;AfD;17530;0;1443;1517;166;209;;395;13393;407;;336
SH;Summe;1983 - 1992;Sonstige;11604;62;1312;1705;1881;1373;;772;1416;3083;;1670
SH;Summe;1983 - 1992;dar. NPD;1098;0;12;26;33;0;;31;895;101;;101
SH;Summe;1983 - 1992;dar. FREIE WÄHLER;2027;0;293;131;53;86;;172;176;1114;;991
SH;Summe;1973 - 1982;Summe;223535;1099;86975;56059;13652;21910;;17780;20743;5317;;4305
SH;Summe;1973 - 1982;Ungültig;1333;842;289;42;0;0;;118;42;0;;0
SH;Summe;1973 - 1982;CDU;74116;76;62457;4007;501;2822;;3294;449;511;;409
SH;Summe;1973 - 1982;SPD;41604;29;2848;33803;623;2635;;545;736;386;;363
SH;Summe;1973 - 1982;DIE LINKE;19300;16;845;4751;10027;1904;;732;382;644;;513
SH;Summe;1973 - 1982;GRÜNE;27150;0;4623;8091;666;12853;;522;120;275;;122
SH;Summe;1973 - 1982;FDP;27552;0;12553;2501;201;676;;10727;625;268;;236
SH;Summe;1973 - 1982;AfD;23003;0;2075;1456;427;106;;1122;17486;332;;332
SH;Summe;1973 - 1982;Sonstige;9477;136;1285;1407;1208;915;;720;904;2902;;2331
SH;Summe;1973 - 1982;dar. NPD;1167;0;73;227;56;0;;17;689;105;;105
SH;Summe;1973 - 1982;dar. FREIE WÄHLER;2729;37;489;230;199;89;;344;21;1319;;1319
SH;Summe;1958 - 1972;Summe;523245;3186;190832;147158;27356;59073;;39480;48127;8033;;6753
SH;Summe;1958 - 1972;Ungültig;2911;1793;738;200;0;83;;4;56;37;;37
SH;Summe;1958 - 1972;CDU;163887;413;141972;6715;586;6717;;5938;858;689;;651
SH;Summe;1958 - 1972;SPD;116969;168;5221;99903;1984;6552;;1382;1078;681;;612
SH;Summe;1958 - 1972;DIE LINKE;37647;199;2148;8427;20692;3738;;670;854;920;;522
SH;Summe;1958 - 1972;GRÜNE;75739;175;11151;22440;1555;37855;;1726;373;465;;394
SH;Summe;1958 - 1972;FDP;63927;152;25625;5166;347;2632;;27812;1441;751;;614
SH;Summe;1958 - 1972;AfD;50487;79;2753;2587;708;294;;1394;42004;669;;594
SH;Summe;1958 - 1972;Sonstige;11679;207;1224;1721;1484;1203;;555;1464;3821;;3330
SH;Summe;1958 - 1972;dar. NPD;1274;0;101;42;98;0;;17;893;122;;85
SH;Summe;1958 - 1972;dar. FREIE WÄHLER;3307;0;225;332;180;66;;142;110;2251;;2244
SH;Summe;1948 - 1957;Summe;293349;2884;109866;93468;17001;26540;;21245;20463;1882;;1642
SH;Summe;1948 - 1957;Ungültig;2433;1437;584;223;89;29;;0;70;0;;0
SH;Summe;1948 - 1957;CDU;93732;430;84310;2906;435;2530;;2677;326;119;;108
SH;Summe;1948 - 1957;SPD;78796;139;2736;70009;1598;2872;;1127;221;94;;63
SH;Summe;1948 - 1957;DIE LINKE;24245;248;1070;6023;13207;2447;;411;513;326;;288
SH;Summe;1948 - 1957;GRÜNE;33250;99;4117;10479;836;17078;;499;59;83;;25
SH;Summe;1948 - 1957;FDP;35206;198;15535;2377;91;994;;15575;318;117;;106
SH;Summe;1948 - 1957;AfD;22842;206;1311;1080;463;286;;788;18594;115;;88
SH;Summe;1948 - 1957;Sonstige;2845;127;204;371;284;303;;167;363;1027;;964
SH;Summe;1948 - 1957;dar. NPD;237;0;23;0;0;0;;25;187;2;;2
SH;Summe;1948 - 1957;dar. FREIE WÄHLER;1152;2;16;177;53;5;;41;37;822;;822
SH;Summe;1947 und früher;Summe;378619;4273;191597;111618;9479;15859;;27650;17103;1039;;772
SH;Summe;1947 und früher;Ungültig;5138;2446;1449;735;4;111;;103;221;68;;56
SH;Summe;1947 und früher;CDU;165754;607;155777;2896;302;1836;;4015;266;54;;54
SH;Summe;1947 und früher;SPD;99203;498;2865;91609;829;1862;;1279;217;45;;0
SH;Summe;1947 und früher;DIE LINKE;13922;269;737;3362;7266;1014;;507;575;192;;134
SH;Summe;1947 und früher;GRÜNE;22592;68;3152;8232;357;10114;;526;143;0;;0
SH;Summe;1947 und früher;FDP;50211;249;25139;3386;289;782;;20006;360;0;;0
SH;Summe;1947 und früher;AfD;20304;100;2275;1152;302;74;;1091;15237;73;;73
SH;Summe;1947 und früher;Sonstige;1495;37;204;248;128;65;;123;83;608;;455
SH;Summe;1947 und früher;dar. NPD;164;8;98;0;0;17;;19;22;0;;0
SH;Summe;1947 und früher;dar. FREIE WÄHLER;648;29;22;118;51;0;;40;12;375;;375
SH;m;Summe;Summe;835196;6667;313943;244836;46957;60985;;65994;82327;13486;;8885
SH;m;Summe;Ungültig;5570;3598;1001;524;65;67;;96;208;12;;0
SH;m;Summe;CDU;255199;935;229578;8517;982;5237;;7556;1370;1023;;791
SH;m;Summe;SPD;195743;361;8329;172794;3240;6451;;2255;1369;944;;615
SH;m;Summe;DIE LINKE;65258;437;2440;16682;35170;5338;;1453;1819;1918;;1090
SH;m;Summe;GRÜNE;82810;204;10055;29131;2345;38209;;1798;372;696;;298
SH;m;Summe;FDP;115805;458;52619;9044;648;2846;;47662;1713;816;;571
SH;m;Summe;AfD;90699;177;7476;4507;1205;441;;3450;72439;1005;;914
SH;m;Summe;Sonstige;24112;497;2445;3637;3303;2397;;1724;3038;7072;;4607
SH;m;Summe;dar. NPD;2774;0;202;191;134;17;;84;1952;194;;157
SH;m;Summe;dar. FREIE WÄHLER;4725;68;472;306;105;204;;462;221;2888;;2798
SH;m;1993 - 1999;Summe;61452;451;19654;17133;5090;6308;;7280;3338;2199;;1235
SH;m;1993 - 1999;Ungültig;218;197;21;0;0;0;;0;0;0;;0
SH;m;1993 - 1999;CDU;14772;51;11834;1061;89;682;;832;6;217;;107
SH;m;1993 - 1999;SPD;12158;49;1046;9601;589;371;;260;127;115;;90
SH;m;1993 - 1999;DIE LINKE;5824;42;271;1500;3037;492;;193;9;281;;107
SH;m;1993 - 1999;GRÜNE;8011;18;1149;2313;470;3626;;206;72;157;;59
SH;m;1993 - 1999;FDP;11296;53;4274;1234;138;416;;5011;108;61;;0
SH;m;1993 - 1999;AfD;3938;0;477;328;123;34;;269;2638;69;;61
SH;m;1993 - 1999;Sonstige;5234;40;581;1096;645;687;;508;378;1298;;811
SH;m;1993 - 1999;dar. NPD;222;0;44;11;0;0;;0;167;0;;0
SH;m;1993 - 1999;dar. FREIE WÄHLER;495;0;60;21;0;102;;45;0;265;;265
SH;m;1983 - 1992;Summe;93339;525;29712;24912;7036;9113;;7603;10972;3465;;1469
SH;m;1983 - 1992;Ungültig;500;377;65;58;0;0;;0;0;0;;0
SH;m;1983 - 1992;CDU;23516;0;19684;1472;217;744;;1001;242;155;;155
SH;m;1983 - 1992;SPD;17857;0;1168;14730;323;863;;280;255;239;;25
SH;m;1983 - 1992;DIE LINKE;9502;16;311;2459;4673;1187;;166;256;434;;122
SH;m;1983 - 1992;GRÜNE;10695;20;979;3439;453;5294;;228;63;219;;25
SH;m;1983 - 1992;FDP;12693;49;5766;1038;93;312;;5110;177;149;;80
SH;m;1983 - 1992;AfD;11392;0;1002;728;127;51;;334;8926;224;;203
SH;m;1983 - 1992;Sonstige;7184;62;737;988;1150;662;;485;1054;2045;;859
SH;m;1983 - 1992;dar. NPD;712;0;12;5;0;0;;29;606;59;;59
SH;m;1983 - 1992;dar. FREIE WÄHLER;1059;0;133;56;6;20;;92;141;611;;529
SH;m;1973 - 1982;Summe;106276;617;38843;26118;6593;7999;;9041;14287;2778;;2145
SH;m;1973 - 1982;Ungültig;604;418;80;0;0;0;;65;42;0;;0
SH;m;1973 - 1982;CDU;30915;47;27065;1191;129;553;;1319;302;309;;230
SH;m;1973 - 1982;SPD;19039;21;1029;15814;266;1223;;165;324;195;;195
SH;m;1973 - 1982;DIE LINKE;9598;16;193;2533;5156;715;;408;252;325;;249
SH;m;1973 - 1982;GRÜNE;10707;0;1534;3910;203;4659;;236;49;116;;67
SH;m;1973 - 1982;FDP;15017;0;6913;1382;54;316;;5751;433;169;;137
SH;m;1973 - 1982;AfD;15710;0;1426;669;230;71;;726;12361;226;;226
SH;m;1973 - 1982;Sonstige;4685;114;603;619;555;462;;370;523;1438;;1041
SH;m;1973 - 1982;dar. NPD;752;0;73;160;56;0;;17;403;43;;43
SH;m;1973 - 1982;dar. FREIE WÄHLER;1289;37;214;52;22;40;;237;21;666;;666
SH;m;1958 - 1972;Summe;254488;1608;90228;73825;13328;21669;;19558;30497;3775;;3064
SH;m;1958 - 1972;Ungültig;1191;854;233;100;0;0;;4;0;0;;0
SH;m;1958 - 1972;CDU;74056;328;66021;2467;164;1964;;2365;496;252;;220
SH;m;1958 - 1972;SPD;58646;63;2323;51421;874;2508;;590;532;335;;265
SH;m;1958 - 1972;DIE LINKE;18492;120;850;4677;10309;1199;;231;602;504;;321
SH;m;1958 - 1972;GRÜNE;30554;90;4048;10398;692;14223;;795;123;186;;147
SH;m;1958 - 1972;FDP;33660;27;14399;2502;143;1200;;14300;687;402;;319
SH;m;1958 - 1972;AfD;32568;0;1940;1557;383;129;;997;27125;437;;375
SH;m;1958 - 1972;Sonstige;5320;125;414;703;763;447;;277;933;1659;;1417
SH;m;1958 - 1972;dar. NPD;959;0;43;14;78;0;;17;716;90;;53
SH;m;1958 - 1972;dar. FREIE WÄHLER;1270;0;29;103;62;39;;46;46;945;;938
SH;m;1948 - 1957;Summe;141500;1512;49144;48580;9665;9890;;9552;12436;721;;621
SH;m;1948 - 1957;Ungültig;866;568;100;101;65;0;;0;32;0;;0
SH;m;1948 - 1957;CDU;39885;267;36655;1041;206;671;;780;207;58;;46
SH;m;1948 - 1957;SPD;40177;91;1393;36472;812;833;;483;52;40;;40
SH;m;1948 - 1957;DIE LINKE;14150;96;456;3717;7842;1306;;193;344;196;;158
SH;m;1948 - 1957;GRÜNE;13711;69;1271;5251;370;6539;;148;45;18;;0
SH;m;1948 - 1957;FDP;17729;198;8289;1237;76;314;;7495;86;35;;35
SH;m;1948 - 1957;AfD;13932;98;916;652;130;128;;429;11571;7;;7
SH;m;1948 - 1957;Sonstige;1049;125;63;109;164;98;;24;98;366;;334
SH;m;1948 - 1957;dar. NPD;65;0;23;0;0;0;;2;38;2;;2
SH;m;1948 - 1957;dar. FREIE WÄHLER;389;2;16;32;15;3;;2;12;307;;307
SH;m;1947 und früher;Summe;178142;1954;86363;54267;5245;6006;;12960;10798;548;;352
SH;m;1947 und früher;Ungültig;2190;1184;502;264;0;67;;27;135;12;;0
SH;m;1947 und früher;CDU;72054;242;68318;1285;177;623;;1259;116;32;;32
SH;m;1947 und früher;SPD;47867;135;1371;44756;376;653;;476;80;20;;0
SH;m;1947 und früher;DIE LINKE;7691;146;360;1797;4152;439;;263;357;178;;134
SH;m;1947 und früher;GRÜNE;9132;7;1074;3820;157;3868;;185;20;0;;0
SH;m;1947 und früher;FDP;25409;131;12977;1651;144;288;;9996;222;0;;0
SH;m;1947 und früher;AfD;13159;79;1714;573;212;28;;694;9818;41;;41
SH;m;1947 und früher;Sonstige;640;29;46;121;27;40;;59;52;266;;145
SH;m;1947 und früher;dar. NPD;64;0;6;0;0;17;;19;22;0;;0
SH;m;1947 und früher;dar. FREIE WÄHLER;224;29;21;40;0;0;;40;0;93;;93
SH;w;Summe;Summe;893998;6509;368344;248443;43617;102595;;65709;46314;12469;;9917
SH;w;Summe;Ungültig;7983;3978;2513;782;29;157;;129;301;94;;94
SH;w;Summe;CDU;327936;679;283571;14307;1556;13743;;12130;979;973;;935
SH;w;Summe;SPD;203762;611;10393;171288;3489;11880;;3355;1742;1005;;805
SH;w;Summe;DIE LINKE;59420;425;3795;12877;30847;7566;;1500;944;1466;;803
SH;w;Summe;GRÜNE;122661;225;19364;33289;3166;62549;;2547;533;986;;550
SH;w;Summe;FDP;101039;271;42928;8470;809;3501;;42890;1486;684;;547
SH;w;Summe;AfD;49663;207;2976;3882;1143;597;;1754;38438;665;;576
SH;w;Summe;Sonstige;21534;113;2805;3547;2578;2601;;1404;1890;6595;;5607
SH;w;Summe;dar. NPD;1633;8;150;156;52;0;;25;1107;135;;135
SH;w;Summe;dar. FREIE WÄHLER;6186;0;745;705;431;224;;323;187;3571;;3531
SH;w;1993 - 1999;Summe;60845;318;20495;16940;3732;11701;;4145;2114;1399;;833
SH;w;1993 - 1999;Ungültig;426;188;194;23;0;0;;0;21;0;;0
SH;w;1993 - 1999;CDU;17455;1;13040;1475;225;1953;;680;23;58;;50
SH;w;1993 - 1999;SPD;12341;42;1259;8891;260;1393;;246;200;49;;43
SH;w;1993 - 1999;DIE LINKE;5006;42;317;1307;2141;1027;;51;0;121;;60
SH;w;1993 - 1999;GRÜNE;13054;19;2084;3482;517;6481;;292;0;179;;5
SH;w;1993 - 1999;FDP;6992;27;3042;856;177;360;;2449;25;57;;16
SH;w;1993 - 1999;AfD;2259;0;119;269;160;35;;145;1525;7;;7
SH;w;1993 - 1999;Sonstige;3312;0;440;638;252;452;;283;321;928;;653
SH;w;1993 - 1999;dar. NPD;246;0;0;40;0;0;;0;205;0;;0
SH;w;1993 - 1999;dar. FREIE WÄHLER;554;0;111;0;0;79;;0;51;312;;312
SH;w;1983 - 1992;Summe;94810;440;33156;25990;7228;13076;;6521;5780;2620;;1794
SH;w;1983 - 1992;Ungültig;595;297;175;24;0;0;;0;99;0;;0
SH;w;1983 - 1992;CDU;29903;37;24074;2291;183;1697;;1249;179;194;;194
SH;w;1983 - 1992;SPD;20578;47;1578;15536;523;1784;;491;279;340;;225
SH;w;1983 - 1992;DIE LINKE;9231;30;538;1731;4975;1094;;224;174;466;;147
SH;w;1983 - 1992;GRÜNE;14978;30;2164;3946;656;7456;;346;75;304;;217
SH;w;1983 - 1992;FDP;8967;0;3612;956;122;175;;3863;145;96;;67
SH;w;1983 - 1992;AfD;6138;0;440;789;39;159;;61;4467;182;;133
SH;w;1983 - 1992;Sonstige;4420;0;575;716;731;711;;287;362;1038;;811
SH;w;1983 - 1992;dar. NPD;386;0;0;20;33;0;;2;289;42;;42
SH;w;1983 - 1992;dar. FREIE WÄHLER;968;0;161;76;47;66;;80;35;503;;463
SH;w;1973 - 1982;Summe;117259;482;48132;29940;7059;13910;;8739;6457;2540;;2160
SH;w;1973 - 1982;Ungültig;729;424;209;42;0;0;;53;0;0;;0
SH;w;1973 - 1982;CDU;43201;28;35392;2816;372;2268;;1975;146;203;;179
SH;w;1973 - 1982;SPD;22566;8;1818;17989;357;1411;;380;411;191;;168
SH;w;1973 - 1982;DIE LINKE;9702;0;652;2218;4870;1189;;323;131;318;;264
SH;w;1973 - 1982;GRÜNE;16443;0;3089;4181;463;8194;;286;71;160;;56
SH;w;1973 - 1982;FDP;12534;0;5640;1120;147;360;;4975;192;99;;99
SH;w;1973 - 1982;AfD;7293;0;649;787;197;35;;396;5125;105;;105
SH;w;1973 - 1982;Sonstige;4792;22;682;788;653;453;;350;380;1464;;1289
SH;w;1973 - 1982;dar. NPD;415;0;0;67;0;0;;0;287;61;;61
SH;w;1973 - 1982;dar. FREIE WÄHLER;1440;0;275;178;178;49;;107;0;653;;653
SH;w;1958 - 1972;Summe;268757;1577;100604;73333;14028;37404;;19922;17630;4259;;3688
SH;w;1958 - 1972;Ungültig;1720;939;505;99;0;83;;0;56;37;;37
SH;w;1958 - 1972;CDU;89830;84;75951;4248;422;4753;;3573;362;437;;431
SH;w;1958 - 1972;SPD;58323;104;2899;48482;1110;4044;;791;546;346;;346
SH;w;1958 - 1972;DIE LINKE;19155;78;1297;3750;10383;2540;;439;252;416;;201
SH;w;1958 - 1972;GRÜNE;45185;85;7103;12042;864;23633;;931;250;279;;247
SH;w;1958 - 1972;FDP;30267;125;11227;2664;203;1432;;13512;754;349;;294
SH;w;1958 - 1972;AfD;17919;79;813;1031;325;164;;397;14879;232;;218
SH;w;1958 - 1972;Sonstige;6359;82;809;1018;721;756;;278;531;2163;;1913
SH;w;1958 - 1972;dar. NPD;315;0;58;28;20;0;;0;177;32;;32
SH;w;1958 - 1972;dar. FREIE WÄHLER;2037;0;196;229;117;27;;97;64;1306;;1306
SH;w;1948 - 1957;Summe;151849;1372;60723;44888;7336;16650;;11692;8027;1161;;1021
SH;w;1948 - 1957;Ungültig;1566;869;484;122;24;29;;0;37;0;;0
SH;w;1948 - 1957;CDU;53847;164;47654;1865;229;1859;;1897;118;61;;61
SH;w;1948 - 1957;SPD;38619;48;1343;33536;786;2039;;644;169;54;;23
SH;w;1948 - 1957;DIE LINKE;10095;152;614;2306;5364;1141;;218;169;130;;130
SH;w;1948 - 1957;GRÜNE;19539;30;2845;5227;466;10539;;351;14;65;;25
SH;w;1948 - 1957;FDP;17477;0;7246;1141;14;680;;8081;232;83;;71
SH;w;1948 - 1957;AfD;8910;107;395;428;333;158;;359;7023;107;;81
SH;w;1948 - 1957;Sonstige;1796;1;141;262;120;205;;142;265;661;;630
SH;w;1948 - 1957;dar. NPD;172;0;0;0;0;0;;23;149;0;;0
SH;w;1948 - 1957;dar. FREIE WÄHLER;764;0;0;145;38;2;;39;25;515;;515
SH;w;1947 und früher;Summe;200477;2319;105234;57351;4234;9854;;14690;6305;491;;419
SH;w;1947 und früher;Ungültig;2947;1262;947;471;4;45;;76;87;56;;56
SH;w;1947 und früher;CDU;93700;365;87459;1611;125;1213;;2756;150;21;;21
SH;w;1947 und früher;SPD;51336;362;1495;46853;453;1208;;802;137;25;;0
SH;w;1947 und früher;DIE LINKE;6231;123;377;1565;3114;575;;244;219;15;;0
SH;w;1947 und früher;GRÜNE;13460;61;2078;4411;200;6246;;341;124;0;;0
SH;w;1947 und früher;FDP;24803;118;12161;1734;145;495;;10010;139;0;;0
SH;w;1947 und früher;AfD;7144;21;560;579;90;47;;397;5419;31;;31
SH;w;1947 und früher;Sonstige;855;8;158;126;101;25;;63;31;343;;310
SH;w;1947 und früher;dar. NPD;100;8;92;0;0;0;;0;0;0;;0
SH;w;1947 und früher;dar. FREIE WÄHLER;424;0;2;78;51;0;;0;12;282;;282
HH;Summe;Summe;Summe;984926;9254;277677;311889;105242;114485;;69178;71527;25674;1245;5426
HH;Summe;Summe;Ungültig;6808;5295;444;668;146;28;;0;226;0;0;0
HH;Summe;Summe;CDU;266312;741;208152;25371;2953;14626;;11787;1341;1341;39;493
HH;Summe;Summe;SPD;229862;628;7493;196414;6904;13414;;2716;1392;901;0;175
HH;Summe;Summe;DIE LINKE;119076;566;2531;24081;76601;9799;;894;1013;3592;78;355
HH;Summe;Summe;GRÜNE;136371;260;11887;45287;6302;68795;;1714;195;1930;39;241
HH;Summe;Summe;FDP;105610;358;40294;10683;1102;2237;;48476;1646;814;59;411
HH;Summe;Summe;AfD;76511;125;3946;3237;1885;384;;2068;63918;947;188;311
HH;Summe;Summe;Sonstige;44376;1282;2928;6149;9349;5201;;1523;1797;16148;842;3440
HH;Summe;Summe;dar. NPD;1799;0;133;66;41;0;;23;743;793;658;3
HH;Summe;Summe;dar. FREIE WÄHLER;3458;176;330;377;156;129;;23;93;2174;57;2020
HH;Summe;1993 - 1999;Summe;67101;484;14202;22938;8878;10188;;4952;2670;2789;133;270
HH;Summe;1993 - 1999;Ungültig;255;214;0;41;0;0;;0;0;0;0;0
HH;Summe;1993 - 1999;CDU;13970;82;9016;2485;401;999;;892;11;85;0;59
HH;Summe;1993 - 1999;SPD;14383;0;956;10933;774;1197;;315;147;61;0;52
HH;Summe;1993 - 1999;DIE LINKE;10137;0;100;2502;5620;1586;;72;0;258;0;0
HH;Summe;1993 - 1999;GRÜNE;11924;0;1139;3950;944;5436;;161;40;255;0;0
HH;Summe;1993 - 1999;FDP;7635;41;2493;1669;116;106;;3047;0;163;0;71
HH;Summe;1993 - 1999;AfD;2970;0;188;154;0;0;;197;2304;128;66;0
HH;Summe;1993 - 1999;Sonstige;5827;148;309;1204;1023;865;;270;168;1840;66;88
HH;Summe;1993 - 1999;dar. NPD;188;0;0;0;0;0;;0;97;91;66;0
HH;Summe;1993 - 1999;dar. FREIE WÄHLER;122;0;0;40;0;23;;0;0;59;0;59
HH;Summe;1983 - 1992;Summe;164550;1444;34341;45344;26703;28093;;10869;9508;8249;331;1328
HH;Summe;1983 - 1992;Ungültig;883;851;0;0;3;28;;0;0;0;0;0
HH;Summe;1983 - 1992;CDU;34505;196;22855;4295;370;4239;;1942;170;438;0;78
HH;Summe;1983 - 1992;SPD;30659;39;1190;23795;1650;2777;;586;325;297;0;32
HH;Summe;1983 - 1992;DIE LINKE;28105;48;591;5138;18490;2571;;113;312;841;0;8
HH;Summe;1983 - 1992;GRÜNE;29975;0;2426;8672;1814;15860;;369;44;791;0;172
HH;Summe;1983 - 1992;FDP;15212;0;5739;1434;226;525;;6848;440;0;0;0
HH;Summe;1983 - 1992;AfD;9870;0;432;472;382;132;;314;7920;216;65;84
HH;Summe;1983 - 1992;Sonstige;15342;309;1108;1539;3767;1961;;697;296;5666;266;954
HH;Summe;1983 - 1992;dar. NPD;472;0;69;0;2;0;;23;212;165;165;0
HH;Summe;1983 - 1992;dar. FREIE WÄHLER;788;41;145;38;3;34;;0;0;527;0;527
HH;Summe;1973 - 1982;Summe;162437;1474;44092;43394;20250;24440;;10885;11677;6224;363;1286
HH;Summe;1973 - 1982;Ungültig;1116;1037;3;41;0;0;;0;34;0;0;0
HH;Summe;1973 - 1982;CDU;42274;0;30967;4515;733;3025;;2364;214;457;39;261
HH;Summe;1973 - 1982;SPD;29228;95;1467;22888;1392;2353;;543;235;256;0;9
HH;Summe;1973 - 1982;DIE LINKE;20701;46;293;3526;13780;1812;;80;239;925;78;103
HH;Summe;1973 - 1982;GRÜNE;30463;143;2636;9297;1416;15943;;491;0;537;0;6
HH;Summe;1973 - 1982;FDP;16428;34;7025;1511;82;442;;6970;287;77;0;30
HH;Summe;1973 - 1982;AfD;12526;0;887;471;593;62;;219;10152;142;0;104
HH;Summe;1973 - 1982;Sonstige;9701;119;815;1145;2254;804;;219;515;3830;246;774
HH;Summe;1973 - 1982;dar. NPD;497;0;57;0;39;0;;0;152;248;221;3
HH;Summe;1973 - 1982;dar. FREIE WÄHLER;760;0;113;82;38;0;;0;26;501;0;463
HH;Summe;1958 - 1972;Summe;274869;2494;71080;88706;30089;35020;;17850;23089;6540;314;1878
HH;Summe;1958 - 1972;Ungültig;1645;1318;37;50;140;0;;0;99;0;0;0
HH;Summe;1958 - 1972;CDU;71029;153;54076;8060;1092;3947;;2944;606;152;0;30
HH;Summe;1958 - 1972;SPD;62232;211;1597;53301;1701;4551;;471;316;84;0;56
HH;Summe;1958 - 1972;DIE LINKE;35677;252;970;6998;22941;2493;;366;243;1414;0;233
HH;Summe;1958 - 1972;GRÜNE;42905;19;3777;14813;1602;22019;;326;79;271;0;63
HH;Summe;1958 - 1972;FDP;26283;82;9204;2471;386;670;;12585;312;574;59;310
HH;Summe;1958 - 1972;AfD;24999;72;1061;1088;497;99;;869;20940;374;57;123
HH;Summe;1958 - 1972;Sonstige;10098;388;358;1924;1731;1241;;291;493;3671;198;1062
HH;Summe;1958 - 1972;dar. NPD;475;0;7;40;0;0;;0;229;199;141;0
HH;Summe;1958 - 1972;dar. FREIE WÄHLER;1029;57;32;190;59;31;;23;19;618;57;528
HH;Summe;1948 - 1957;Summe;120800;1509;31287;43500;12173;9965;;9081;11880;1405;64;377
HH;Summe;1948 - 1957;Ungültig;954;680;76;172;0;0;;0;26;0;0;0
HH;Summe;1948 - 1957;CDU;30237;47;24475;2464;182;1453;;1311;95;210;0;65
HH;Summe;1948 - 1957;SPD;34222;133;637;30692;741;1459;;154;240;166;0;26
HH;Summe;1948 - 1957;DIE LINKE;15244;150;291;3335;10100;958;;100;158;154;0;11
HH;Summe;1948 - 1957;GRÜNE;11838;98;975;4687;294;5569;;105;33;77;39;0
HH;Summe;1948 - 1957;FDP;13510;82;4227;1462;3;221;;7195;321;0;0;0
HH;Summe;1948 - 1957;AfD;12734;39;548;540;404;91;;216;10838;59;0;0
HH;Summe;1948 - 1957;Sonstige;2060;281;59;148;450;215;;0;168;739;25;275
HH;Summe;1948 - 1957;dar. NPD;79;0;0;0;0;0;;0;29;50;25;0
HH;Summe;1948 - 1957;dar. FREIE WÄHLER;418;78;0;3;56;41;;0;0;240;0;240
HH;Summe;1947 und früher;Summe;195169;1848;82675;68007;7149;6778;;15540;12704;467;40;287
HH;Summe;1947 und früher;Ungültig;1956;1194;328;363;3;0;;0;66;0;0;0
HH;Summe;1947 und früher;CDU;74296;264;66765;3552;175;963;;2335;244;0;0;0
HH;Summe;1947 und früher;SPD;59137;151;1646;54805;645;1077;;648;128;37;0;0
HH;Summe;1947 und früher;DIE LINKE;9212;69;286;2583;5670;379;;163;61;0;0;0
HH;Summe;1947 und früher;GRÜNE;9266;0;934;3867;233;3969;;263;0;0;0;0
HH;Summe;1947 und früher;FDP;26542;119;11607;2136;288;274;;11831;286;0;0;0
HH;Summe;1947 und früher;AfD;13412;14;831;512;10;0;;254;11764;28;0;0
HH;Summe;1947 und früher;Sonstige;1349;37;279;188;124;116;;47;156;402;40;287
HH;Summe;1947 und früher;dar. NPD;89;0;0;26;0;0;;0;23;40;40;0
HH;Summe;1947 und früher;dar. FREIE WÄHLER;340;0;40;23;0;0;;0;48;229;0;203
HH;m;Summe;Summe;462537;3903;119274;150124;52164;42131;;35989;44850;14103;639;2388
HH;m;Summe;Ungültig;2510;2073;131;183;3;0;;0;120;0;0;0
HH;m;Summe;CDU;107761;381;85961;10351;1064;3923;;4777;710;595;39;239
HH;m;Summe;SPD;108904;307;2611;94588;3124;5693;;1392;687;501;0;134
HH;m;Summe;DIE LINKE;60146;159;776;12567;39732;3704;;574;605;2028;0;152
HH;m;Summe;GRÜNE;54710;106;3761;21233;2037;25607;;917;76;974;0;176
HH;m;Summe;FDP;58236;238;22870;5947;422;1029;;26215;989;526;59;198
HH;m;Summe;AfD;47703;34;2198;2017;748;260;;1229;40748;470;122;123
HH;m;Summe;Sonstige;22567;605;967;3238;5034;1915;;885;915;9009;419;1365
HH;m;Summe;dar. NPD;954;0;0;26;39;0;;23;477;389;362;3
HH;m;Summe;dar. FREIE WÄHLER;1384;0;113;318;62;41;;23;0;827;57;676
HH;m;1993 - 1999;Summe;33742;307;7188;11857;4190;3863;;3171;1692;1474;66;97
HH;m;1993 - 1999;Ungültig;54;54;0;0;0;0;;0;0;0;0;0
HH;m;1993 - 1999;CDU;6707;82;4527;1208;129;250;;497;11;3;0;3
HH;m;1993 - 1999;SPD;7374;0;441;5496;392;787;;173;23;61;0;52
HH;m;1993 - 1999;DIE LINKE;4788;0;9;1328;2716;608;;23;0;104;0;0
HH;m;1993 - 1999;GRÜNE;4661;0;477;1803;210;2044;;39;0;88;0;0
HH;m;1993 - 1999;FDP;5057;41;1578;1043;78;23;;2162;0;132;0;39
HH;m;1993 - 1999;AfD;1913;0;82;108;0;0;;139;1560;25;0;0
HH;m;1993 - 1999;Sonstige;3189;131;74;871;665;151;;137;97;1062;66;3
HH;m;1993 - 1999;dar. NPD;164;0;0;0;0;0;;0;97;66;66;0
HH;m;1993 - 1999;dar. FREIE WÄHLER;40;0;0;40;0;0;;0;0;0;0;0
HH;m;1983 - 1992;Summe;75831;627;14229;21573;12763;10211;;5828;6042;4559;102;649
HH;m;1983 - 1992;Ungültig;345;342;0;0;3;0;;0;0;0;0;0
HH;m;1983 - 1992;CDU;12993;72;8672;1516;140;1316;;913;79;286;0;78
HH;m;1983 - 1992;SPD;14324;39;309;11809;670;967;;313;107;112;0;29
HH;m;1983 - 1992;DIE LINKE;13874;0;275;2727;9143;1038;;113;149;429;0;6
HH;m;1983 - 1992;GRÜNE;10986;0;680;3491;523;5616;;217;44;415;0;113
HH;m;1983 - 1992;FDP;8983;0;3657;934;92;267;;3709;324;0;0;0
HH;m;1983 - 1992;AfD;6279;0;275;289;191;89;;203;5134;97;65;3
HH;m;1983 - 1992;Sonstige;8047;174;361;807;2001;918;;359;205;3221;38;421
HH;m;1983 - 1992;dar. NPD;182;0;0;0;0;0;;23;121;38;38;0
HH;m;1983 - 1992;dar. FREIE WÄHLER;399;0;81;38;3;0;;0;0;277;0;277
HH;m;1973 - 1982;Summe;77150;584;19769;21367;9645;8976;;5963;7510;3336;131;496
HH;m;1973 - 1982;Ungültig;411;336;0;41;0;0;;0;34;0;0;0
HH;m;1973 - 1982;CDU;17975;0;13592;2183;285;558;;978;145;233;39;156
HH;m;1973 - 1982;SPD;14201;95;480;11414;519;1024;;303;171;195;0;9
HH;m;1973 - 1982;DIE LINKE;10099;14;105;1827;6793;588;;38;112;624;0;27
HH;m;1973 - 1982;GRÜNE;12354;55;751;4241;520;6267;;264;0;257;0;0
HH;m;1973 - 1982;FDP;9579;34;4211;972;6;184;;4055;86;31;0;3
HH;m;1973 - 1982;AfD;7726;0;313;298;241;38;;115;6657;64;0;26
HH;m;1973 - 1982;Sonstige;4805;50;317;392;1283;317;;210;305;1931;92;276
HH;m;1973 - 1982;dar. NPD;220;0;0;0;39;0;;0;86;95;92;3
HH;m;1973 - 1982;dar. FREIE WÄHLER;257;0;0;49;0;0;;0;0;208;0;170
HH;m;1958 - 1972;Summe;136546;1142;33711;44745;15386;13207;;9145;15130;4082;314;975
HH;m;1958 - 1972;Ungültig;753;690;3;0;0;0;;0;60;0;0;0
HH;m;1958 - 1972;CDU;30587;45;24429;3279;424;1069;;938;338;64;0;2
HH;m;1958 - 1972;SPD;31007;69;902;26674;999;1870;;251;222;19;0;19
HH;m;1958 - 1972;DIE LINKE;18846;69;267;3849;12344;1027;;213;240;838;0;120
HH;m;1958 - 1972;GRÜNE;18278;19;1384;7686;429;8343;;241;0;175;0;63
HH;m;1958 - 1972;FDP;15432;82;5790;1484;190;380;;6929;214;363;59;156
HH;m;1958 - 1972;AfD;16425;34;824;766;157;99;;418;13870;257;57;94
HH;m;1958 - 1972;Sonstige;5219;135;110;1006;843;419;;154;185;2366;198;521
HH;m;1958 - 1972;dar. NPD;263;0;0;0;0;0;;0;123;141;141;0
HH;m;1958 - 1972;dar. FREIE WÄHLER;557;0;32;187;59;0;;23;0;256;57;169
HH;m;1948 - 1957;Summe;56893;785;13278;21262;6477;3726;;4018;6819;528;25;108
HH;m;1948 - 1957;Ungültig;560;371;76;90;0;0;;0;23;0;0;0
HH;m;1948 - 1957;CDU;12358;47;10189;990;50;539;;468;65;9;0;0
HH;m;1948 - 1957;SPD;16539;66;200;14996;293;695;;59;114;115;0;26
HH;m;1948 - 1957;DIE LINKE;7724;73;114;1700;5497;237;;23;47;34;0;0
HH;m;1948 - 1957;GRÜNE;5049;32;158;2477;237;2033;;42;33;38;0;0
HH;m;1948 - 1957;FDP;6442;82;2319;546;0;91;;3209;196;0;0;0
HH;m;1948 - 1957;AfD;7228;0;224;352;160;34;;216;6242;0;0;0
HH;m;1948 - 1957;Sonstige;994;115;0;111;241;96;;0;99;332;25;82
HH;m;1948 - 1957;dar. NPD;76;0;0;0;0;0;;0;26;50;25;0
HH;m;1948 - 1957;dar. FREIE WÄHLER;102;0;0;3;0;41;;0;0;58;0;58
HH;m;1947 und früher;Summe;82374;457;31101;29320;3703;2148;;7864;7656;125;0;62
HH;m;1947 und früher;Ungültig;387;280;52;51;0;0;;0;3;0;0;0
HH;m;1947 und früher;CDU;27143;136;24551;1175;37;191;;982;70;0;0;0
HH;m;1947 und früher;SPD;25460;38;279;24199;252;350;;293;49;0;0;0
HH;m;1947 und früher;DIE LINKE;4813;3;7;1137;3238;207;;163;58;0;0;0
HH;m;1947 und früher;GRÜNE;3382;0;311;1535;118;1304;;114;0;0;0;0
HH;m;1947 und früher;FDP;12744;0;5315;968;57;84;;6151;169;0;0;0
HH;m;1947 und früher;AfD;8132;0;480;203;0;0;;137;7284;28;0;0
HH;m;1947 und früher;Sonstige;313;0;105;51;0;14;;23;23;97;0;62
HH;m;1947 und früher;dar. NPD;49;0;0;26;0;0;;0;23;0;0;0
HH;m;1947 und früher;dar. FREIE WÄHLER;28;0;0;0;0;0;;0;0;28;0;2
HH;w;Summe;Summe;522389;5351;158403;161765;53078;72354;;33189;26677;11571;606;3038
HH;w;Summe;Ungültig;4298;3222;313;486;143;28;;0;106;0;0;0
HH;w;Summe;CDU;158551;359;122192;15020;1888;10703;;7010;631;746;0;254
HH;w;Summe;SPD;120958;322;4883;101825;3780;7721;;1323;705;400;0;41
HH;w;Summe;DIE LINKE;58930;407;1755;11514;36869;6095;;319;407;1564;78;203
HH;w;Summe;GRÜNE;81661;155;8126;24054;4265;43188;;798;118;957;39;64
HH;w;Summe;FDP;47374;119;17424;4736;680;1209;;22261;657;288;0;212
HH;w;Summe;AfD;28808;91;1749;1221;1137;124;;840;23170;477;66;188
HH;w;Summe;Sonstige;21809;677;1961;2910;4315;3286;;638;882;7139;423;2076
HH;w;Summe;dar. NPD;845;0;133;40;2;0;;0;266;404;296;0
HH;w;Summe;dar. FREIE WÄHLER;2074;176;217;59;94;88;;0;93;1347;0;1344
HH;w;1993 - 1999;Summe;33360;177;7014;11080;4688;6325;;1782;978;1316;66;172
HH;w;1993 - 1999;Ungültig;201;160;0;41;0;0;;0;0;0;0;0
HH;w;1993 - 1999;CDU;7264;0;4489;1277;272;750;;395;0;82;0;56
HH;w;1993 - 1999;SPD;7009;0;515;5437;382;410;;142;124;0;0;0
HH;w;1993 - 1999;DIE LINKE;5348;0;92;1174;2903;977;;48;0;154;0;0
HH;w;1993 - 1999;GRÜNE;7263;0;662;2147;734;3392;;122;40;167;0;0
HH;w;1993 - 1999;FDP;2579;0;915;626;38;82;;885;0;32;0;32
HH;w;1993 - 1999;AfD;1057;0;106;46;0;0;;57;744;104;66;0
HH;w;1993 - 1999;Sonstige;2639;17;236;333;358;714;;132;70;778;0;85
HH;w;1993 - 1999;dar. NPD;25;0;0;0;0;0;;0;0;25;0;0
HH;w;1993 - 1999;dar. FREIE WÄHLER;83;0;0;0;0;23;;0;0;59;0;59
HH;w;1983 - 1992;Summe;88719;816;20112;23772;13940;17882;;5041;3465;3690;228;679
HH;w;1983 - 1992;Ungültig;537;509;0;0;0;28;;0;0;0;0;0
HH;w;1983 - 1992;CDU;21512;124;14183;2779;231;2923;;1029;91;152;0;0
HH;w;1983 - 1992;SPD;16335;0;881;11986;980;1810;;273;218;185;0;3
HH;w;1983 - 1992;DIE LINKE;14231;48;317;2410;9347;1533;;0;163;413;0;2
HH;w;1983 - 1992;GRÜNE;18989;0;1746;5181;1291;10244;;151;0;376;0;59
HH;w;1983 - 1992;FDP;6229;0;2082;500;135;258;;3138;116;0;0;0
HH;w;1983 - 1992;AfD;3591;0;157;183;191;43;;111;2786;119;0;81
HH;w;1983 - 1992;Sonstige;7295;135;746;732;1765;1043;;338;91;2445;228;534
HH;w;1983 - 1992;dar. NPD;289;0;69;0;2;0;;0;91;128;128;0
HH;w;1983 - 1992;dar. FREIE WÄHLER;389;41;64;0;0;34;;0;0;250;0;250
HH;w;1973 - 1982;Summe;85287;891;24323;22027;10605;15464;;4922;4167;2888;232;791
HH;w;1973 - 1982;Ungültig;704;701;3;0;0;0;;0;0;0;0;0
HH;w;1973 - 1982;CDU;24299;0;17375;2332;448;2467;;1385;69;224;0;105
HH;w;1973 - 1982;SPD;15027;0;987;11474;873;1328;;239;64;61;0;0
HH;w;1973 - 1982;DIE LINKE;10602;33;188;1699;6987;1224;;42;128;301;78;77
HH;w;1973 - 1982;GRÜNE;18109;88;1885;5056;896;9675;;227;0;280;0;6
HH;w;1973 - 1982;FDP;6849;0;2814;539;77;258;;2915;201;45;0;26
HH;w;1973 - 1982;AfD;4800;0;573;173;352;23;;104;3495;78;0;78
HH;w;1973 - 1982;Sonstige;4896;68;498;754;971;487;;9;211;1899;154;499
HH;w;1973 - 1982;dar. NPD;277;0;57;0;0;0;;0;66;153;129;0
HH;w;1973 - 1982;dar. FREIE WÄHLER;503;0;113;33;38;0;;0;26;293;0;293
HH;w;1958 - 1972;Summe;138322;1352;37370;43961;14704;21813;;8706;7959;2458;0;903
HH;w;1958 - 1972;Ungültig;892;628;34;50;140;0;;0;40;0;0;0
HH;w;1958 - 1972;CDU;40443;108;29647;4781;668;2878;;2006;268;87;0;28
HH;w;1958 - 1972;SPD;31225;142;695;26627;702;2681;;220;93;66;0;38
HH;w;1958 - 1972;DIE LINKE;16831;183;703;3149;10597;1467;;153;3;576;0;113
HH;w;1958 - 1972;GRÜNE;24627;0;2393;7127;1173;13676;;85;79;95;0;0
HH;w;1958 - 1972;FDP;10852;0;3414;987;196;290;;5656;98;211;0;154
HH;w;1958 - 1972;AfD;8573;38;237;322;340;0;;450;7070;117;0;29
HH;w;1958 - 1972;Sonstige;4879;254;249;918;888;822;;136;308;1305;0;541
HH;w;1958 - 1972;dar. NPD;211;0;7;40;0;0;;0;106;59;0;0
HH;w;1958 - 1972;dar. FREIE WÄHLER;472;57;0;3;0;31;;0;19;362;0;359
HH;w;1948 - 1957;Summe;63907;724;18009;22238;5695;6240;;5063;5060;877;39;269
HH;w;1948 - 1957;Ungültig;394;309;0;82;0;0;;0;3;0;0;0
HH;w;1948 - 1957;CDU;17879;0;14286;1474;131;914;;843;30;202;0;65
HH;w;1948 - 1957;SPD;17684;66;437;15696;448;764;;95;126;50;0;0
HH;w;1948 - 1957;DIE LINKE;7520;77;177;1635;4603;720;;77;111;120;0;11
HH;w;1948 - 1957;GRÜNE;6789;66;818;2210;57;3536;;63;0;39;39;0
HH;w;1948 - 1957;FDP;7068;0;1908;916;3;130;;3986;125;0;0;0
HH;w;1948 - 1957;AfD;5507;39;324;188;244;57;;0;4595;59;0;0
HH;w;1948 - 1957;Sonstige;1065;166;59;37;209;118;;0;69;407;0;193
HH;w;1948 - 1957;dar. NPD;3;0;0;0;0;0;;0;3;0;0;0
HH;w;1948 - 1957;dar. FREIE WÄHLER;315;78;0;0;56;0;;0;0;182;0;182
HH;w;1947 und früher;Summe;112794;1391;51575;38687;3446;4629;;7676;5048;342;40;224
HH;w;1947 und früher;Ungültig;1568;914;276;312;3;0;;0;63;0;0;0
HH;w;1947 und früher;CDU;47153;127;42213;2377;139;772;;1352;173;0;0;0
HH;w;1947 und früher;SPD;33678;113;1368;30606;393;728;;355;79;37;0;0
HH;w;1947 und früher;DIE LINKE;4399;66;279;1447;2432;173;;0;3;0;0;0
HH;w;1947 und früher;GRÜNE;5883;0;622;2332;115;2665;;149;0;0;0;0
HH;w;1947 und früher;FDP;13797;119;6292;1168;231;191;;5679;117;0;0;0
HH;w;1947 und früher;AfD;5280;14;351;309;10;0;;117;4480;0;0;0
HH;w;1947 und früher;Sonstige;1035;37;174;137;124;102;;23;133;305;40;224
HH;w;1947 und früher;dar. NPD;40;0;0;0;0;0;;0;0;40;40;0
HH;w;1947 und früher;dar. FREIE WÄHLER;312;0;40;23;0;0;;0;48;201;0;201
NI;Summe;Summe;Summe;4681871;46554;1777588;1557197;273064;334541;;264801;369663;58463;;23538
NI;Summe;Summe;Ungültig;34895;24605;4256;3148;645;446;;583;782;429;;207
NI;Summe;Summe;CDU;1623481;5129;1399884;115365;7709;38291;;43157;8495;5452;;2918
NI;Summe;Summe;SPD;1275172;3970;69080;1115523;20289;42629;;11691;8186;3803;;1664
NI;Summe;Summe;DIE LINKE;322979;1704;15755;72800;191595;25815;;5478;5654;4178;;923
NI;Summe;Summe;GRÜNE;404825;1186;50109;138120;14201;190438;;6674;1115;2982;;641
NI;Summe;Summe;FDP;431405;1630;181785;48818;5479;10336;;173083;7053;3221;;1080
NI;Summe;Summe;AfD;422362;3384;34785;30870;10235;3370;;13231;314682;11805;;3693
NI;Summe;Summe;Sonstige;166752;4946;21935;32553;22911;23216;;10905;23695;26591;;12411
NI;Summe;Summe;dar. NPD;12867;473;1355;1500;878;847;;617;5474;1721;;144
NI;Summe;Summe;dar. FREIE WÄHLER;19178;293;3439;3198;1041;1490;;1530;1005;7183;;5735
NI;Summe;1993 - 1999;Summe;359100;3020;112708;116885;29358;47980;;23327;18547;7275;;2107
NI;Summe;1993 - 1999;Ungültig;2127;1656;58;184;23;86;;69;0;52;;0
NI;Summe;1993 - 1999;CDU;96646;278;74153;12513;785;4811;;3078;430;597;;339
NI;Summe;1993 - 1999;SPD;83322;195;8375;65145;1802;5464;;1235;575;531;;142
NI;Summe;1993 - 1999;DIE LINKE;33104;80;1545;7800;17775;4861;;249;318;477;;167
NI;Summe;1993 - 1999;GRÜNE;50872;110;6424;16194;2780;23887;;876;163;437;;77
NI;Summe;1993 - 1999;FDP;39402;159;15183;6164;617;1807;;14614;435;422;;14
NI;Summe;1993 - 1999;AfD;23831;104;2949;2519;1002;544;;1196;14272;1245;;266
NI;Summe;1993 - 1999;Sonstige;29795;437;4021;6365;4574;6521;;2009;2354;3514;;1101
NI;Summe;1993 - 1999;dar. NPD;1479;0;213;224;148;159;;61;439;235;;28
NI;Summe;1993 - 1999;dar. FREIE WÄHLER;2077;19;505;435;0;190;;240;176;511;;334
NI;Summe;1983 - 1992;Summe;563067;4182;185124;174213;47170;53810;;33192;50895;14481;;4130
NI;Summe;1983 - 1992;Ungültig;2920;2118;414;199;71;0;;29;53;37;;37
NI;Summe;1983 - 1992;CDU;159648;179;129111;16407;1442;5736;;4465;1317;992;;200
NI;Summe;1983 - 1992;SPD;126780;240;10332;104629;2936;5047;;1616;1548;431;;163
NI;Summe;1983 - 1992;DIE LINKE;53046;251;2505;10687;31669;5172;;1004;729;1028;;124
NI;Summe;1983 - 1992;GRÜNE;59679;68;7018;19722;2545;28740;;730;228;628;;62
NI;Summe;1983 - 1992;FDP;55980;132;23304;7276;922;1824;;20718;1099;704;;156
NI;Summe;1983 - 1992;AfD;59490;244;5738;6356;1425;803;;1878;40912;2133;;629
NI;Summe;1983 - 1992;Sonstige;45523;950;6701;8937;6160;6488;;2752;5008;8527;;2759
NI;Summe;1983 - 1992;dar. NPD;4010;198;465;632;221;247;;175;1652;420;;55
NI;Summe;1983 - 1992;dar. FREIE WÄHLER;4624;0;1241;698;211;514;;315;144;1502;;1120
NI;Summe;1973 - 1982;Summe;592973;5780;216343;168114;41243;48975;;35058;65039;12421;;5585
NI;Summe;1973 - 1982;Ungültig;3463;2919;224;112;33;92;;58;0;24;;24
NI;Summe;1973 - 1982;CDU;197575;324;162544;17889;1093;6064;;6794;1626;1242;;684
NI;Summe;1973 - 1982;SPD;124292;303;8687;104288;2451;5199;;1357;1118;889;;341
NI;Summe;1973 - 1982;DIE LINKE;45469;241;2995;8428;28145;3537;;725;927;470;;167
NI;Summe;1973 - 1982;GRÜNE;60925;109;8225;19970;2116;28525;;1242;220;518;;138
NI;Summe;1973 - 1982;FDP;55007;109;24203;5891;893;1312;;20762;1022;816;;452
NI;Summe;1973 - 1982;AfD;74757;676;5468;5688;2325;628;;2338;55185;2448;;828
NI;Summe;1973 - 1982;Sonstige;31484;1099;3998;5846;4187;3619;;1782;4939;6013;;2951
NI;Summe;1973 - 1982;dar. NPD;3111;0;364;191;235;164;;144;1481;531;;62
NI;Summe;1973 - 1982;dar. FREIE WÄHLER;3762;43;580;546;175;258;;205;247;1707;;1276
NI;Summe;1958 - 1972;Summe;1398312;12341;485174;472842;86554;119216;;75570;130978;15636;;7677
NI;Summe;1958 - 1972;Ungültig;8449;6379;728;617;176;75;;106;303;63;;23
NI;Summe;1958 - 1972;CDU;451543;1424;379694;36597;2268;14987;;12335;2775;1463;;835
NI;Summe;1958 - 1972;SPD;385373;947;19959;333463;7265;15821;;3668;2976;1273;;675
NI;Summe;1958 - 1972;DIE LINKE;104694;415;5219;23455;62507;7685;;1798;2072;1543;;392
NI;Summe;1958 - 1972;GRÜNE;143688;518;17460;47031;4060;70921;;2332;347;1020;;212
NI;Summe;1958 - 1972;FDP;118298;368;47216;14025;1685;3519;;48717;2024;744;;309
NI;Summe;1958 - 1972;AfD;145953;807;10490;9490;3302;997;;4117;112650;4099;;1688
NI;Summe;1958 - 1972;Sonstige;40314;1483;4409;8163;5291;5212;;2495;7831;5431;;3543
NI;Summe;1958 - 1972;dar. NPD;3336;124;257;363;247;150;;173;1616;406;;0
NI;Summe;1958 - 1972;dar. FREIE WÄHLER;6230;156;844;1340;353;380;;544;378;2234;;1880
NI;Summe;1948 - 1957;Summe;774088;9013;287895;282900;44655;41614;;43470;58985;5556;;2751
NI;Summe;1948 - 1957;Ungültig;6577;4592;528;646;180;88;;113;254;175;;46
NI;Summe;1948 - 1957;CDU;265112;1321;232794;15972;1318;4129;;7272;1536;771;;615
NI;Summe;1948 - 1957;SPD;240730;613;10313;216588;3486;6550;;1746;1040;394;;268
NI;Summe;1948 - 1957;DIE LINKE;57077;467;2261;14805;33793;3154;;1075;1080;443;;23
NI;Summe;1948 - 1957;GRÜNE;55365;231;5789;21167;1809;25208;;905;67;190;;92
NI;Summe;1948 - 1957;FDP;71433;435;29855;7579;802;1380;;29754;1377;250;;119
NI;Summe;1948 - 1957;AfD;65627;863;5002;4051;1355;171;;1627;51446;1112;;197
NI;Summe;1948 - 1957;Sonstige;12167;491;1354;2092;1910;934;;978;2186;2222;;1393
NI;Summe;1948 - 1957;dar. NPD;661;88;55;62;27;106;;64;170;89;;0
NI;Summe;1948 - 1957;dar. FREIE WÄHLER;1600;11;177;112;198;78;;164;59;802;;751
NI;Summe;1947 und früher;Summe;994331;12218;490343;342244;24084;22945;;54185;45219;3094;;1288
NI;Summe;1947 und früher;Ungültig;11360;6941;2303;1390;161;107;;208;172;77;;77
NI;Summe;1947 und früher;CDU;452956;1603;421588;15986;802;2565;;9214;811;387;;245
NI;Summe;1947 und früher;SPD;314675;1671;11414;291410;2349;4548;;2069;928;285;;76
NI;Summe;1947 und früher;DIE LINKE;29589;250;1231;7624;17706;1407;;626;528;218;;51
NI;Summe;1947 und früher;GRÜNE;34296;150;5194;14037;890;13157;;588;90;189;;61
NI;Summe;1947 und früher;FDP;91285;428;42023;7882;560;495;;38517;1095;285;;29
NI;Summe;1947 und früher;AfD;52704;690;5137;2764;826;227;;2076;40217;768;;83
NI;Summe;1947 und früher;Sonstige;7468;486;1452;1150;789;441;;887;1378;884;;665
NI;Summe;1947 und früher;dar. NPD;270;64;0;27;0;22;;0;117;40;;0
NI;Summe;1947 und früher;dar. FREIE WÄHLER;885;64;91;67;105;70;;61;0;427;;375
NI;m;Summe;Summe;2251301;23015;813903;753255;143258;123264;;133448;230811;30347;;11842
NI;m;Summe;Ungültig;16368;11908;1864;1360;244;265;;155;431;142;;51
NI;m;Summe;CDU;705994;2111;620221;45618;2519;10658;;18011;4393;2464;;1318
NI;m;Summe;SPD;618636;1813;32909;546388;9292;16358;;5157;4363;2357;;911
NI;m;Summe;DIE LINKE;170542;983;6779;39927;103962;10899;;2457;3348;2186;;629
NI;m;Summe;GRÜNE;156932;559;17440;58411;5343;70739;;2497;478;1464;;201
NI;m;Summe;FDP;235136;873;102621;26264;2983;4551;;92228;3830;1785;;425
NI;m;Summe;AfD;268238;2217;22103;20065;6268;1844;;8127;201505;6110;;2427
NI;m;Summe;Sonstige;79453;2552;9966;15221;12646;7949;;4817;12463;13840;;5879
NI;m;Summe;dar. NPD;7817;295;934;765;552;612;;403;3408;849;;63
NI;m;Summe;dar. FREIE WÄHLER;9619;199;1818;1550;637;633;;543;614;3625;;2950
NI;m;1993 - 1999;Summe;175928;1747;54993;57726;14947;16843;;13595;12020;4057;;1198
NI;m;1993 - 1999;Ungültig;1338;1076;29;101;0;63;;69;0;0;;0
NI;m;1993 - 1999;CDU;42199;77;33851;5013;325;1238;;1328;108;259;;160
NI;m;1993 - 1999;SPD;39987;108;4083;31889;623;2149;;555;235;343;;56
NI;m;1993 - 1999;DIE LINKE;17405;31;667;4608;9691;1722;;113;244;330;;138
NI;m;1993 - 1999;GRÜNE;18228;27;2102;6167;870;8432;;373;41;216;;0
NI;m;1993 - 1999;FDP;26158;136;10278;4274;414;961;;9590;193;313;;14
NI;m;1993 - 1999;AfD;15537;62;1804;1974;653;213;;538;9718;574;;213
NI;m;1993 - 1999;Sonstige;15076;229;2177;3700;2373;2065;;1029;1482;2022;;617
NI;m;1993 - 1999;dar. NPD;994;0;176;146;33;128;;31;349;130;;28
NI;m;1993 - 1999;dar. FREIE WÄHLER;916;0;188;163;0;94;;64;147;260;;197
NI;m;1983 - 1992;Summe;274743;2167;86413;83509;24955;19422;;18833;31678;7767;;1710
NI;m;1983 - 1992;Ungültig;1372;1093;124;49;26;0;;0;53;27;;27
NI;m;1983 - 1992;CDU;69299;118;57865;6375;369;1445;;1983;757;388;;15
NI;m;1983 - 1992;SPD;61725;127;4715;52002;1364;1696;;778;767;276;;98
NI;m;1983 - 1992;DIE LINKE;26521;128;1010;4875;16933;2193;;570;320;491;;85
NI;m;1983 - 1992;GRÜNE;21956;26;2340;7565;929;10186;;329;178;403;;0
NI;m;1983 - 1992;FDP;33308;14;13724;4231;498;837;;12700;802;501;;29
NI;m;1983 - 1992;AfD;37372;154;3571;3994;799;388;;1219;26099;1147;;409
NI;m;1983 - 1992;Sonstige;23190;507;3064;4418;4035;2675;;1254;2702;4535;;1048
NI;m;1983 - 1992;dar. NPD;2256;104;255;338;99;208;;106;991;155;;35
NI;m;1983 - 1992;dar. FREIE WÄHLER;2196;0;566;368;175;247;;85;82;673;;507
NI;m;1973 - 1982;Summe;287418;2857;100612;78634;21682;18928;;17345;41007;6354;;2967
NI;m;1973 - 1982;Ungültig;1520;1315;45;11;33;92;;0;0;24;;24
NI;m;1973 - 1982;CDU;86717;78;73147;7544;409;1487;;2698;852;501;;287
NI;m;1973 - 1982;SPD;58236;113;3949;48855;1131;2260;;728;544;656;;203
NI;m;1973 - 1982;DIE LINKE;23894;114;1281;4573;15236;1556;;345;549;239;;167
NI;m;1973 - 1982;GRÜNE;24065;24;3029;8338;844;11073;;541;54;162;;16
NI;m;1973 - 1982;FDP;29911;36;14027;2880;452;928;;10751;486;351;;176
NI;m;1973 - 1982;AfD;47954;454;3365;3828;1411;385;;1491;35651;1369;;681
NI;m;1973 - 1982;Sonstige;15122;723;1768;2604;2167;1146;;791;2871;3052;;1412
NI;m;1973 - 1982;dar. NPD;2035;0;285;57;180;139;;121;1016;237;;0
NI;m;1973 - 1982;dar. FREIE WÄHLER;1740;32;336;196;68;66;;83;131;827;;674
NI;m;1958 - 1972;Summe;691775;6329;233577;232991;45329;44655;;37493;82998;8403;;4065
NI;m;1958 - 1972;Ungültig;4221;3338;349;305;29;75;;0;125;0;;0
NI;m;1958 - 1972;CDU;207104;730;178732;14487;680;4729;;5386;1622;738;;393
NI;m;1958 - 1972;SPD;191130;346;10024;167719;3177;6004;;1512;1646;702;;350
NI;m;1958 - 1972;DIE LINKE;55522;286;2374;12454;34313;3335;;721;1217;821;;225
NI;m;1958 - 1972;GRÜNE;57952;234;6419;21425;1601;26985;;700;119;470;;81
NI;m;1958 - 1972;FDP;62975;167;26843;7033;852;1265;;25521;913;381;;179
NI;m;1958 - 1972;AfD;94043;590;6921;5990;1866;560;;2563;73169;2383;;993
NI;m;1958 - 1972;Sonstige;18828;639;1915;3579;2811;1702;;1090;4186;2908;;1845
NI;m;1958 - 1972;dar. NPD;2064;64;162;224;213;77;;107;921;296;;0
NI;m;1958 - 1972;dar. FREIE WÄHLER;3545;122;594;764;228;193;;248;221;1175;;924
NI;m;1948 - 1957;Summe;376295;4640;130293;142346;23821;15660;;21237;35619;2680;;1510
NI;m;1948 - 1957;Ungültig;3146;2297;213;319;91;27;;0;109;91;;0
NI;m;1948 - 1957;CDU;114121;617;102003;5925;477;1083;;2920;730;366;;335
NI;m;1948 - 1957;SPD;122158;406;5125;110448;1955;2593;;866;530;236;;190
NI;m;1948 - 1957;DIE LINKE;30747;246;952;8972;17855;1403;;409;682;229;;0
NI;m;1948 - 1957;GRÜNE;22632;183;1951;9293;861;9750;;402;56;136;;56
NI;m;1948 - 1957;FDP;38502;211;16725;4213;458;469;;15527;742;158;;27
NI;m;1948 - 1957;AfD;40132;425;2762;2620;1024;150;;787;31854;511;;132
NI;m;1948 - 1957;Sonstige;4857;256;563;557;1100;184;;327;916;954;;770
NI;m;1948 - 1957;dar. NPD;383;88;55;0;27;38;;38;107;30;;0
NI;m;1948 - 1957;dar. FREIE WÄHLER;889;11;97;25;167;0;;63;33;493;;463
NI;m;1947 und früher;Summe;445141;5276;208015;158049;12525;7756;;24945;27489;1087;;392
NI;m;1947 und früher;Ungültig;4770;2789;1103;575;65;8;;86;143;0;;0
NI;m;1947 und früher;CDU;186554;491;174622;6274;260;675;;3695;325;212;;129
NI;m;1947 und früher;SPD;145401;712;5014;135475;1042;1655;;718;640;144;;15
NI;m;1947 und früher;DIE LINKE;16453;179;495;4445;9934;690;;299;337;75;;14
NI;m;1947 und früher;GRÜNE;12099;66;1600;5623;238;4312;;153;29;78;;48
NI;m;1947 und früher;FDP;44282;309;21023;3634;310;91;;18139;694;81;;0
NI;m;1947 und früher;AfD;33200;532;3679;1660;514;147;;1529;25014;126;;0
NI;m;1947 und früher;Sonstige;2381;198;479;363;162;177;;326;306;371;;186
NI;m;1947 und früher;dar. NPD;86;40;0;0;0;22;;0;24;0;;0
NI;m;1947 und früher;dar. FREIE WÄHLER;334;34;37;35;0;33;;0;0;195;;186
NI;w;Summe;Summe;2430570;23539;963685;803942;129806;211277;;131353;138852;28116;;11696
NI;w;Summe;Ungültig;18527;12697;2392;1788;401;182;;428;351;288;;156
NI;w;Summe;CDU;917487;3018;779663;69747;5190;27633;;25146;4102;2989;;1600
NI;w;Summe;SPD;656536;2157;36171;569135;10997;26271;;6534;3824;1446;;753
NI;w;Summe;DIE LINKE;152437;720;8975;32872;87633;14916;;3021;2306;1993;;295
NI;w;Summe;GRÜNE;247893;627;32669;79709;8858;119699;;4177;636;1518;;440
NI;w;Summe;FDP;196269;757;79163;22554;2495;5785;;80855;3223;1436;;656
NI;w;Summe;AfD;154124;1168;12682;10804;3967;1526;;5104;113177;5695;;1265
NI;w;Summe;Sonstige;87299;2394;11969;17332;10265;15266;;6088;11233;12751;;6532
NI;w;Summe;dar. NPD;5049;178;422;735;326;235;;214;2066;872;;82
NI;w;Summe;dar. FREIE WÄHLER;9559;93;1621;1648;404;857;;986;391;3558;;2785
NI;w;1993 - 1999;Summe;183172;1273;57716;59159;14411;31136;;9732;6527;3219;;909
NI;w;1993 - 1999;Ungültig;789;580;29;82;23;23;;0;0;52;;0
NI;w;1993 - 1999;CDU;54448;202;40301;7500;461;3573;;1750;323;338;;180
NI;w;1993 - 1999;SPD;43335;87;4292;33256;1180;3315;;679;339;187;;86
NI;w;1993 - 1999;DIE LINKE;15699;49;877;3192;8084;3139;;136;75;146;;29
NI;w;1993 - 1999;GRÜNE;32644;83;4322;10027;1911;15455;;503;122;221;;77
NI;w;1993 - 1999;FDP;13243;23;4905;1890;203;846;;5025;242;109;;0
NI;w;1993 - 1999;AfD;8295;42;1145;546;349;330;;658;4554;671;;54
NI;w;1993 - 1999;Sonstige;14720;208;1844;2665;2201;4456;;981;872;1492;;483
NI;w;1993 - 1999;dar. NPD;485;0;37;78;116;31;;29;89;104;;0
NI;w;1993 - 1999;dar. FREIE WÄHLER;1161;19;317;272;0;96;;176;29;251;;138
NI;w;1983 - 1992;Summe;288324;2015;98711;90704;22215;34389;;14359;19217;6714;;2420
NI;w;1983 - 1992;Ungültig;1548;1025;290;149;44;0;;29;0;11;;11
NI;w;1983 - 1992;CDU;90349;61;71246;10033;1073;4290;;2481;560;604;;185
NI;w;1983 - 1992;SPD;65055;113;5618;52627;1571;3351;;838;782;155;;65
NI;w;1983 - 1992;DIE LINKE;26525;123;1495;5812;14736;2978;;434;408;538;;39
NI;w;1983 - 1992;GRÜNE;37723;42;4679;12157;1616;18554;;401;50;226;;62
NI;w;1983 - 1992;FDP;22673;118;9580;3045;424;987;;8019;298;203;;128
NI;w;1983 - 1992;AfD;22118;90;2167;2362;626;415;;659;14814;986;;220
NI;w;1983 - 1992;Sonstige;22334;443;3637;4519;2125;3813;;1498;2306;3992;;1711
NI;w;1983 - 1992;dar. NPD;1755;94;210;295;121;39;;70;660;265;;20
NI;w;1983 - 1992;dar. FREIE WÄHLER;2428;0;675;330;36;267;;229;62;829;;613
NI;w;1973 - 1982;Summe;305555;2923;115731;89480;19561;30048;;17713;24031;6067;;2619
NI;w;1973 - 1982;Ungültig;1942;1604;179;101;0;0;;58;0;0;;0
NI;w;1973 - 1982;CDU;110858;246;89396;10346;684;4577;;4096;774;741;;397
NI;w;1973 - 1982;SPD;66056;190;4738;55433;1320;2939;;630;574;233;;138
NI;w;1973 - 1982;DIE LINKE;21576;127;1714;3855;12909;1981;;380;379;231;;0
NI;w;1973 - 1982;GRÜNE;36860;85;5196;11632;1272;17452;;701;166;356;;122
NI;w;1973 - 1982;FDP;25096;73;10176;3011;441;384;;10010;536;465;;276
NI;w;1973 - 1982;AfD;26803;222;2103;1860;914;243;;847;19534;1079;;147
NI;w;1973 - 1982;Sonstige;16363;376;2230;3242;2021;2473;;991;2068;2961;;1539
NI;w;1973 - 1982;dar. NPD;1075;0;79;134;55;24;;24;466;294;;62
NI;w;1973 - 1982;dar. FREIE WÄHLER;2022;11;244;350;107;192;;122;116;880;;602
NI;w;1958 - 1972;Summe;706537;6012;251597;239851;41226;74561;;38076;47981;7233;;3612
NI;w;1958 - 1972;Ungültig;4227;3041;379;313;147;0;;106;178;63;;23
NI;w;1958 - 1972;CDU;244439;694;200962;22110;1588;10258;;6949;1154;725;;442
NI;w;1958 - 1972;SPD;194244;602;9935;165744;4088;9817;;2156;1330;571;;326
NI;w;1958 - 1972;DIE LINKE;49172;129;2844;11002;28194;4349;;1077;855;722;;167
NI;w;1958 - 1972;GRÜNE;85736;284;11041;25606;2459;43936;;1632;228;549;;131
NI;w;1958 - 1972;FDP;55323;200;20373;6992;833;2254;;23196;1111;363;;131
NI;w;1958 - 1972;AfD;51909;218;3569;3500;1436;436;;1554;39481;1716;;696
NI;w;1958 - 1972;Sonstige;21486;844;2494;4583;2480;3510;;1405;3645;2524;;1698
NI;w;1958 - 1972;dar. NPD;1272;60;95;139;34;73;;66;695;110;;0
NI;w;1958 - 1972;dar. FREIE WÄHLER;2685;34;250;576;125;188;;296;157;1059;;956
NI;w;1948 - 1957;Summe;397793;4372;157602;140554;20834;25954;;22233;23367;2876;;1241
NI;w;1948 - 1957;Ungültig;3430;2296;315;327;89;60;;113;145;85;;46
NI;w;1948 - 1957;CDU;150991;703;130791;10047;841;3046;;4351;806;406;;280
NI;w;1948 - 1957;SPD;118572;207;5188;106140;1531;3957;;881;510;158;;78
NI;w;1948 - 1957;DIE LINKE;26330;221;1309;5833;15938;1751;;667;398;213;;23
NI;w;1948 - 1957;GRÜNE;32733;48;3838;11874;948;15458;;504;11;54;;36
NI;w;1948 - 1957;FDP;32931;224;13130;3367;345;911;;14226;636;92;;92
NI;w;1948 - 1957;AfD;25496;438;2241;1432;331;22;;840;19592;601;;65
NI;w;1948 - 1957;Sonstige;7310;235;791;1535;811;750;;652;1270;1268;;623
NI;w;1948 - 1957;dar. NPD;278;0;0;62;0;68;;26;63;60;;0
NI;w;1948 - 1957;dar. FREIE WÄHLER;712;0;80;87;31;78;;102;26;308;;288
NI;w;1947 und früher;Summe;549190;6942;282327;184195;11559;15190;;29240;17730;2007;;895
NI;w;1947 und früher;Ungültig;6590;4152;1200;815;96;98;;122;29;77;;77
NI;w;1947 und früher;CDU;266401;1112;246966;9712;542;1890;;5519;486;175;;117
NI;w;1947 und früher;SPD;169274;959;6400;155935;1307;2892;;1350;288;142;;61
NI;w;1947 und früher;DIE LINKE;13136;71;736;3179;7772;718;;327;191;142;;37
NI;w;1947 und früher;GRÜNE;22197;84;3594;8414;653;8844;;436;60;111;;13
NI;w;1947 und früher;FDP;47003;119;21000;4249;250;403;;20378;401;204;;29
NI;w;1947 und früher;AfD;19504;158;1458;1104;312;80;;547;15203;642;;83
NI;w;1947 und früher;Sonstige;5086;288;973;787;628;264;;561;1072;514;;478
NI;w;1947 und früher;dar. NPD;185;24;0;27;0;0;;0;93;40;;0
NI;w;1947 und früher;dar. FREIE WÄHLER;552;29;55;32;105;38;;61;0;231;;189
HB;Summe;Summe;Summe;335919;4451;83369;106021;37449;34758;;28709;30307;10856;565;1329
HB;Summe;Summe;Ungültig;2969;1970;363;438;63;25;;91;0;20;0;0
HB;Summe;Summe;CDU;83409;700;64983;6752;879;3065;;5941;579;510;0;66
HB;Summe;Summe;SPD;88944;543;3203;76180;2416;3715;;1332;849;705;0;149
HB;Summe;Summe;DIE LINKE;44629;221;928;7636;29174;3823;;491;869;1486;3;45
HB;Summe;Summe;GRÜNE;36733;58;2923;9158;1793;21727;;561;101;412;2;6
HB;Summe;Summe;FDP;31056;136;8016;2452;522;787;;18474;253;416;0;66
HB;Summe;Summe;AfD;33201;156;1989;1962;592;118;;1301;26829;255;139;22
HB;Summe;Summe;Sonstige;14978;668;964;1443;2009;1498;;518;827;7051;421;974
HB;Summe;Summe;dar. NPD;1096;0;98;150;4;0;;1;303;540;534;2
HB;Summe;Summe;dar. FREIE WÄHLER;1353;48;93;97;99;43;;153;58;761;0;693
HB;Summe;1993 - 1999;Summe;23349;279;3905;7070;3267;3669;;2057;841;2260;48;119
HB;Summe;1993 - 1999;Ungültig;121;107;0;0;0;15;;0;0;0;0;0
HB;Summe;1993 - 1999;CDU;4192;95;2619;865;120;165;;273;0;54;0;0
HB;Summe;1993 - 1999;SPD;5342;47;342;4090;153;474;;112;65;58;0;15
HB;Summe;1993 - 1999;DIE LINKE;3815;12;191;661;2263;395;;37;0;256;0;0
HB;Summe;1993 - 1999;GRÜNE;3640;18;167;861;287;2214;;81;0;12;0;0
HB;Summe;1993 - 1999;FDP;2380;0;416;143;74;172;;1348;0;228;0;11
HB;Summe;1993 - 1999;AfD;1087;0;87;102;11;0;;106;723;60;0;0
HB;Summe;1993 - 1999;Sonstige;2770;0;83;348;359;234;;101;53;1592;48;93
HB;Summe;1993 - 1999;dar. NPD;57;0;2;1;0;0;;0;6;47;47;0
HB;Summe;1993 - 1999;dar. FREIE WÄHLER;108;0;4;57;0;0;;37;0;10;0;9
HB;Summe;1983 - 1992;Summe;44606;446;9483;12580;5854;6231;;3489;4360;2163;129;110
HB;Summe;1983 - 1992;Ungültig;267;256;5;0;0;0;;0;0;5;0;0
HB;Summe;1983 - 1992;CDU;9703;9;6909;1114;181;517;;842;11;120;0;0
HB;Summe;1983 - 1992;SPD;9152;0;227;7465;281;612;;220;137;211;0;0
HB;Summe;1983 - 1992;DIE LINKE;6414;0;84;1062;4322;613;;18;46;268;0;0
HB;Summe;1983 - 1992;GRÜNE;6498;4;697;1512;360;3601;;141;0;183;0;0
HB;Summe;1983 - 1992;FDP;4094;0;1007;541;136;323;;2053;12;21;0;0
HB;Summe;1983 - 1992;AfD;4974;8;268;462;173;0;;100;3873;89;77;0
HB;Summe;1983 - 1992;Sonstige;3505;167;285;423;402;565;;115;281;1266;52;110
HB;Summe;1983 - 1992;dar. NPD;322;0;47;101;0;0;;0;121;52;52;0
HB;Summe;1983 - 1992;dar. FREIE WÄHLER;179;6;6;12;0;4;;39;47;64;0;42
HB;Summe;1973 - 1982;Summe;41002;428;10056;10430;4543;5643;;3635;3996;2271;74;329
HB;Summe;1973 - 1982;Ungültig;106;60;9;0;37;0;;0;0;0;0;0
HB;Summe;1973 - 1982;CDU;9684;113;7452;663;47;443;;689;33;245;0;57
HB;Summe;1973 - 1982;SPD;8248;23;388;6487;285;593;;314;127;31;0;0
HB;Summe;1973 - 1982;DIE LINKE;5620;0;91;842;3401;706;;87;284;207;3;0
HB;Summe;1973 - 1982;GRÜNE;5982;4;385;1437;355;3548;;115;59;78;0;3
HB;Summe;1973 - 1982;FDP;4066;0;1252;368;90;102;;2146;62;46;0;0
HB;Summe;1973 - 1982;AfD;4140;0;176;331;61;3;;214;3291;62;62;0
HB;Summe;1973 - 1982;Sonstige;3157;229;303;301;266;248;;70;138;1601;9;269
HB;Summe;1973 - 1982;dar. NPD;135;0;9;47;0;0;;1;69;9;9;0
HB;Summe;1973 - 1982;dar. FREIE WÄHLER;415;0;0;18;95;14;;0;0;288;0;243
HB;Summe;1958 - 1972;Summe;96928;1039;20803;30931;12140;11281;;6188;11832;2714;93;577
HB;Summe;1958 - 1972;Ungültig;800;547;95;97;12;10;;38;0;0;0;0
HB;Summe;1958 - 1972;CDU;21164;118;16231;1529;187;1173;;1596;256;73;0;9
HB;Summe;1958 - 1972;SPD;25839;89;792;22224;698;1119;;296;354;266;0;114
HB;Summe;1958 - 1972;DIE LINKE;14859;80;180;2668;9847;1242;;85;276;481;0;34
HB;Summe;1958 - 1972;GRÜNE;11967;0;1052;2807;492;7327;;121;42;125;0;3
HB;Summe;1958 - 1972;FDP;5999;5;1563;660;77;94;;3462;84;54;0;42
HB;Summe;1958 - 1972;AfD;12702;58;833;668;162;55;;406;10481;40;0;22
HB;Summe;1958 - 1972;Sonstige;3600;140;57;278;666;260;;183;339;1676;93;353
HB;Summe;1958 - 1972;dar. NPD;263;0;1;1;4;0;;0;103;154;149;1
HB;Summe;1958 - 1972;dar. FREIE WÄHLER;338;0;13;10;0;10;;36;11;259;0;259
HB;Summe;1948 - 1957;Summe;55512;559;12618;19446;7636;4854;;4714;4862;823;121;55
HB;Summe;1948 - 1957;Ungültig;331;269;0;47;15;0;;0;0;0;0;0
HB;Summe;1948 - 1957;CDU;13457;164;10030;1236;307;451;;1074;184;9;0;0
HB;Summe;1948 - 1957;SPD;16508;79;588;14277;616;504;;262;52;129;0;10
HB;Summe;1948 - 1957;DIE LINKE;9012;9;259;1625;6115;502;;113;189;199;0;2
HB;Summe;1948 - 1957;GRÜNE;5438;27;307;1724;176;3099;;93;0;13;0;0
HB;Summe;1948 - 1957;FDP;4451;6;958;278;84;85;;2909;74;57;0;13
HB;Summe;1948 - 1957;AfD;5358;0;366;232;89;60;;263;4349;0;0;0
HB;Summe;1948 - 1957;Sonstige;958;4;112;26;233;152;;0;15;416;121;30
HB;Summe;1948 - 1957;dar. NPD;220;0;38;0;0;0;;0;3;178;178;1
HB;Summe;1948 - 1957;dar. FREIE WÄHLER;32;0;11;0;0;0;;0;0;21;0;21
HB;Summe;1947 und früher;Summe;74522;1700;26504;25564;4008;3080;;8625;4417;625;101;139
HB;Summe;1947 und früher;Ungültig;1344;731;253;294;0;0;;53;0;15;0;0
HB;Summe;1947 und früher;CDU;25209;201;21741;1345;36;316;;1466;96;9;0;0
HB;Summe;1947 und früher;SPD;23856;305;867;21636;383;413;;128;114;11;0;11
HB;Summe;1947 und früher;DIE LINKE;4909;120;123;777;3226;364;;150;75;75;0;9
HB;Summe;1947 und früher;GRÜNE;3209;5;315;816;124;1938;;9;0;2;2;0
HB;Summe;1947 und früher;FDP;10066;124;2821;461;60;11;;6558;21;9;0;0
HB;Summe;1947 und früher;AfD;4940;89;259;168;97;0;;212;4111;4;0;0
HB;Summe;1947 und früher;Sonstige;989;127;125;67;82;38;;49;1;500;99;120
HB;Summe;1947 und früher;dar. NPD;100;0;0;0;0;0;;0;1;99;99;0
HB;Summe;1947 und früher;dar. FREIE WÄHLER;281;42;60;0;4;15;;41;0;120;0;120
HB;m;Summe;Summe;162655;2260;36701;51322;18707;12804;;14725;19175;6961;490;673
HB;m;Summe;Ungültig;1400;1018;112;155;49;15;;47;0;4;0;0
HB;m;Summe;CDU;35356;315;27942;2803;413;727;;2438;417;301;0;0
HB;m;Summe;SPD;42381;190;1316;37228;922;1108;;717;513;387;0;30
HB;m;Summe;DIE LINKE;23151;176;320;4067;15264;1520;;253;453;1099;0;22
HB;m;Summe;GRÜNE;14861;20;895;4045;844;8541;;260;23;235;0;6
HB;m;Summe;FDP;16496;74;4279;1198;120;376;;9940;123;386;0;66
HB;m;Summe;AfD;21290;88;1414;1182;329;114;;799;17197;165;130;22
HB;m;Summe;Sonstige;7719;379;423;645;768;403;;270;449;4382;360;527
HB;m;Summe;dar. NPD;710;0;38;47;0;0;;0;199;426;426;0
HB;m;Summe;dar. FREIE WÄHLER;536;42;19;14;44;5;;78;47;287;0;280
HB;m;1993 - 1999;Summe;11638;148;1836;3369;1565;1090;;1603;357;1671;47;110
HB;m;1993 - 1999;Ungültig;68;53;0;0;0;15;;0;0;0;0;0
HB;m;1993 - 1999;CDU;2075;38;1301;426;82;43;;152;0;33;0;0
HB;m;1993 - 1999;SPD;2647;47;128;2120;96;130;;99;4;23;0;15
HB;m;1993 - 1999;DIE LINKE;1701;0;12;234;1069;106;;37;0;243;0;0
HB;m;1993 - 1999;GRÜNE;1291;9;46;352;189;634;;54;0;8;0;0
HB;m;1993 - 1999;FDP;1809;0;232;47;17;71;;1215;0;226;0;11
HB;m;1993 - 1999;AfD;461;0;83;9;0;0;;17;352;0;0;0
HB;m;1993 - 1999;Sonstige;1585;0;34;182;112;91;;29;0;1138;47;84
HB;m;1993 - 1999;dar. NPD;47;0;0;0;0;0;;0;0;47;47;0
HB;m;1993 - 1999;dar. FREIE WÄHLER;1;0;0;0;0;0;;0;0;1;0;0
HB;m;1983 - 1992;Summe;22649;246;4680;6279;3056;2045;;2056;2905;1381;119;88
HB;m;1983 - 1992;Ungültig;192;182;5;0;0;0;;0;0;4;0;0
HB;m;1983 - 1992;CDU;4702;9;3390;467;76;159;;479;11;111;0;0
HB;m;1983 - 1992;SPD;4480;0;87;3797;54;119;;167;114;141;0;0
HB;m;1983 - 1992;DIE LINKE;3566;0;38;560;2514;185;;18;46;205;0;0
HB;m;1983 - 1992;GRÜNE;2366;0;264;555;146;1290;;29;0;82;0;0
HB;m;1983 - 1992;FDP;2372;0;634;370;0;106;;1238;11;13;0;0
HB;m;1983 - 1992;AfD;3195;8;160;272;120;0;;47;2498;89;77;0
HB;m;1983 - 1992;Sonstige;1775;46;102;258;147;187;;77;225;734;42;88
HB;m;1983 - 1992;dar. NPD;149;0;0;0;0;0;;0;107;42;42;0
HB;m;1983 - 1992;dar. FREIE WÄHLER;85;0;6;0;0;0;;1;47;31;0;31
HB;m;1973 - 1982;Summe;20089;254;4632;4741;2437;2349;;1673;2559;1443;54;65
HB;m;1973 - 1982;Ungültig;91;45;9;0;37;0;;0;0;0;0;0
HB;m;1973 - 1982;CDU;4096;55;3255;269;19;99;;238;30;131;0;0
HB;m;1973 - 1982;SPD;3420;0;144;2739;104;220;;138;56;18;0;0
HB;m;1973 - 1982;DIE LINKE;2733;0;19;423;1870;207;;10;51;153;0;0
HB;m;1973 - 1982;GRÜNE;2816;4;106;738;163;1685;;79;23;18;0;3
HB;m;1973 - 1982;FDP;2067;0;716;139;58;73;;995;59;27;0;0
HB;m;1973 - 1982;AfD;3057;0;164;331;59;0;;209;2241;54;54;0
HB;m;1973 - 1982;Sonstige;1810;150;219;101;128;66;;4;100;1043;0;62
HB;m;1973 - 1982;dar. NPD;110;0;0;47;0;0;;0;62;0;0;0
HB;m;1973 - 1982;dar. FREIE WÄHLER;113;0;0;14;40;5;;0;0;54;0;47
HB;m;1958 - 1972;Summe;47835;580;9388;15560;5666;4047;;3398;7642;1554;93;292
HB;m;1958 - 1972;Ungültig;369;272;48;37;12;0;;0;0;0;0;0
HB;m;1958 - 1972;CDU;9214;26;7271;644;93;216;;765;173;27;0;0
HB;m;1958 - 1972;SPD;12970;77;400;11280;319;333;;165;251;145;0;15
HB;m;1958 - 1972;DIE LINKE;7554;70;94;1449;4790;588;;73;224;266;0;22
HB;m;1958 - 1972;GRÜNE;4647;0;283;1275;158;2762;;55;0;114;0;3
HB;m;1958 - 1972;FDP;3258;5;710;392;25;56;;1992;25;54;0;42
HB;m;1958 - 1972;AfD;8172;43;556;394;20;55;;236;6845;22;0;22
HB;m;1958 - 1972;Sonstige;1651;86;26;89;251;38;;112;124;925;93;187
HB;m;1958 - 1972;dar. NPD;132;0;0;0;0;0;;0;30;102;102;0
HB;m;1958 - 1972;dar. FREIE WÄHLER;142;0;13;0;0;0;;36;0;94;0;94
HB;m;1948 - 1957;Summe;26675;379;5435;9555;3767;2078;;2231;2712;518;79;13
HB;m;1948 - 1957;Ungültig;193;193;0;0;0;0;;0;0;0;0;0
HB;m;1948 - 1957;CDU;5460;106;4223;463;119;139;;301;109;0;0;0
HB;m;1948 - 1957;SPD;7992;61;264;7155;161;171;;106;15;60;0;0
HB;m;1948 - 1957;DIE LINKE;4861;9;109;882;3275;229;;57;132;169;0;0
HB;m;1948 - 1957;GRÜNE;2500;4;94;883;69;1399;;38;0;13;0;0
HB;m;1948 - 1957;FDP;2350;6;482;102;21;66;;1607;7;57;0;13
HB;m;1948 - 1957;AfD;2983;0;224;53;75;60;;122;2449;0;0;0
HB;m;1948 - 1957;Sonstige;335;0;38;16;49;13;;0;0;219;79;0
HB;m;1948 - 1957;dar. NPD;174;0;38;0;0;0;;0;0;136;136;0
HB;m;1948 - 1957;dar. FREIE WÄHLER;2;0;0;0;0;0;;0;0;2;0;2
HB;m;1947 und früher;Summe;33769;653;10730;11819;2215;1193;;3763;3000;395;99;106
HB;m;1947 und früher;Ungültig;487;272;49;118;0;0;;47;0;0;0;0
HB;m;1947 und früher;CDU;9809;80;8503;534;24;70;;503;95;0;0;0
HB;m;1947 und früher;SPD;10872;5;292;10137;188;135;;41;74;0;0;0
HB;m;1947 und früher;DIE LINKE;2736;97;48;519;1747;205;;58;0;63;0;0
HB;m;1947 und früher;GRÜNE;1241;2;103;241;120;771;;5;0;0;0;0
HB;m;1947 und früher;FDP;4640;62;1505;148;0;3;;2892;21;9;0;0
HB;m;1947 und früher;AfD;3422;37;227;123;55;0;;168;2811;0;0;0
HB;m;1947 und früher;Sonstige;562;97;3;0;82;9;;49;0;323;99;106
HB;m;1947 und früher;dar. NPD;99;0;0;0;0;0;;0;0;99;99;0
HB;m;1947 und früher;dar. FREIE WÄHLER;192;42;0;0;4;0;;41;0;106;0;106
HB;w;Summe;Summe;173264;2191;46668;54698;18742;21954;;13984;11132;3895;75;656
HB;w;Summe;Ungültig;1569;952;250;283;15;10;;44;0;16;0;0
HB;w;Summe;CDU;48053;385;37041;3949;467;2338;;3502;162;209;0;66
HB;w;Summe;SPD;46563;353;1887;38953;1494;2607;;616;335;318;0;119
HB;w;Summe;DIE LINKE;21478;45;608;3569;13911;2303;;239;416;387;3;23
HB;w;Summe;GRÜNE;21872;38;2028;5113;950;13186;;301;79;177;2;0
HB;w;Summe;FDP;14560;62;3737;1255;402;412;;8534;130;30;0;0
HB;w;Summe;AfD;11911;67;575;780;263;3;;502;9631;90;9;0
HB;w;Summe;Sonstige;7259;289;542;797;1241;1095;;248;378;2669;62;448
HB;w;Summe;dar. NPD;385;0;60;103;4;0;;1;104;114;108;2
HB;w;Summe;dar. FREIE WÄHLER;818;6;75;83;55;38;;75;11;475;0;414
HB;w;1993 - 1999;Summe;11710;131;2069;3701;1702;2579;;455;484;589;1;9
HB;w;1993 - 1999;Ungültig;53;53;0;0;0;0;;0;0;0;0;0
HB;w;1993 - 1999;CDU;2117;56;1319;440;37;122;;121;0;22;0;0
HB;w;1993 - 1999;SPD;2695;0;214;1971;58;344;;13;61;35;0;0
HB;w;1993 - 1999;DIE LINKE;2114;12;179;427;1194;289;;0;0;13;0;0
HB;w;1993 - 1999;GRÜNE;2349;9;122;509;98;1580;;28;0;3;0;0
HB;w;1993 - 1999;FDP;572;0;184;95;57;101;;132;0;2;0;0
HB;w;1993 - 1999;AfD;626;0;4;93;11;0;;89;370;60;0;0
HB;w;1993 - 1999;Sonstige;1185;0;49;166;248;143;;72;53;455;1;9
HB;w;1993 - 1999;dar. NPD;9;0;2;1;0;0;;0;6;0;0;0
HB;w;1993 - 1999;dar. FREIE WÄHLER;107;0;4;57;0;0;;37;0;9;0;9
HB;w;1983 - 1992;Summe;21957;200;4803;6301;2798;4186;;1433;1454;783;10;22
HB;w;1983 - 1992;Ungültig;75;74;0;0;0;0;;0;0;1;0;0
HB;w;1983 - 1992;CDU;5001;0;3520;647;105;357;;363;0;9;0;0
HB;w;1983 - 1992;SPD;4672;0;140;3668;226;493;;53;23;69;0;0
HB;w;1983 - 1992;DIE LINKE;2848;0;46;502;1809;428;;0;0;63;0;0
HB;w;1983 - 1992;GRÜNE;4132;4;433;957;214;2312;;112;0;100;0;0
HB;w;1983 - 1992;FDP;1722;0;373;172;136;217;;814;1;8;0;0
HB;w;1983 - 1992;AfD;1778;0;109;190;52;0;;53;1375;0;0;0
HB;w;1983 - 1992;Sonstige;1730;121;183;165;255;379;;38;56;532;10;22
HB;w;1983 - 1992;dar. NPD;173;0;47;101;0;0;;0;14;10;10;0
HB;w;1983 - 1992;dar. FREIE WÄHLER;95;6;0;12;0;4;;38;0;34;0;11
HB;w;1973 - 1982;Summe;20913;174;5424;5689;2106;3293;;1962;1437;828;21;264
HB;w;1973 - 1982;Ungültig;15;15;0;0;0;0;;0;0;0;0;0
HB;w;1973 - 1982;CDU;5589;58;4197;394;28;344;;451;3;114;0;57
HB;w;1973 - 1982;SPD;4828;23;244;3748;181;373;;176;71;13;0;0
HB;w;1973 - 1982;DIE LINKE;2887;0;72;419;1532;499;;78;233;54;3;0
HB;w;1973 - 1982;GRÜNE;3166;0;279;699;192;1862;;36;37;61;0;0
HB;w;1973 - 1982;FDP;1999;0;536;229;33;29;;1150;3;19;0;0
HB;w;1973 - 1982;AfD;1083;0;12;0;2;3;;5;1051;9;9;0
HB;w;1973 - 1982;Sonstige;1347;79;84;200;138;182;;67;38;558;9;207
HB;w;1973 - 1982;dar. NPD;25;0;9;0;0;0;;1;7;9;9;0
HB;w;1973 - 1982;dar. FREIE WÄHLER;302;0;0;4;55;8;;0;0;234;0;196
HB;w;1958 - 1972;Summe;49094;460;11414;15371;6474;7233;;2790;4190;1161;0;286
HB;w;1958 - 1972;Ungültig;431;275;47;60;0;10;;38;0;0;0;0
HB;w;1958 - 1972;CDU;11950;92;8960;885;95;957;;832;83;46;0;9
HB;w;1958 - 1972;SPD;12869;13;392;10944;379;786;;131;103;121;0;99
HB;w;1958 - 1972;DIE LINKE;7305;10;86;1219;5057;654;;12;51;215;0;12
HB;w;1958 - 1972;GRÜNE;7320;0;769;1532;335;4566;;66;42;11;0;0
HB;w;1958 - 1972;FDP;2740;0;853;269;52;38;;1470;59;0;0;0
HB;w;1958 - 1972;AfD;4530;15;276;273;142;0;;170;3636;17;0;0
HB;w;1958 - 1972;Sonstige;1949;55;31;189;415;223;;71;215;751;0;166
HB;w;1958 - 1972;dar. NPD;132;0;1;1;4;0;;0;73;52;47;1
HB;w;1958 - 1972;dar. FREIE WÄHLER;196;0;0;10;0;10;;0;11;165;0;165
HB;w;1948 - 1957;Summe;28837;179;7183;9892;3869;2776;;2483;2150;305;42;42
HB;w;1948 - 1957;Ungültig;138;76;0;47;15;0;;0;0;0;0;0
HB;w;1948 - 1957;CDU;7997;59;5807;772;189;312;;773;75;9;0;0
HB;w;1948 - 1957;SPD;8516;18;324;7122;455;334;;156;37;69;0;10
HB;w;1948 - 1957;DIE LINKE;4150;0;149;743;2840;273;;56;57;30;0;2
HB;w;1948 - 1957;GRÜNE;2938;22;213;841;107;1699;;55;0;0;0;0
HB;w;1948 - 1957;FDP;2102;0;475;176;63;19;;1302;67;0;0;0
HB;w;1948 - 1957;AfD;2375;0;142;179;15;0;;141;1899;0;0;0
HB;w;1948 - 1957;Sonstige;623;4;73;11;184;139;;0;15;196;42;30
HB;w;1948 - 1957;dar. NPD;46;0;0;0;0;0;;0;3;43;42;1
HB;w;1948 - 1957;dar. FREIE WÄHLER;29;0;11;0;0;0;;0;0;19;0;19
HB;w;1947 und früher;Summe;40753;1047;15773;13745;1793;1886;;4862;1417;230;2;33
HB;w;1947 und früher;Ungültig;858;459;203;176;0;0;;5;0;15;0;0
HB;w;1947 und früher;CDU;15400;121;13238;811;13;245;;962;1;9;0;0
HB;w;1947 und früher;SPD;12984;299;574;11499;195;278;;87;41;11;0;11
HB;w;1947 und früher;DIE LINKE;2173;23;75;258;1479;159;;93;75;12;0;9
HB;w;1947 und früher;GRÜNE;1967;2;212;575;4;1167;;5;0;2;2;0
HB;w;1947 und früher;FDP;5426;62;1316;314;60;8;;3666;0;0;0;0
HB;w;1947 und früher;AfD;1519;52;32;45;42;0;;44;1300;4;0;0
HB;w;1947 und früher;Sonstige;426;30;122;67;0;30;;0;1;178;0;14
HB;w;1947 und früher;dar. NPD;1;0;0;0;0;0;;0;1;0;0;0
HB;w;1947 und früher;dar. FREIE WÄHLER;89;0;60;0;0;15;;0;0;14;0;14
NW;Summe;Summe;Summe;9938461;124291;3756952;3073698;626631;641360;;787235;799777;128517;;26484
NW;Summe;Summe;Ungültig;85084;59182;11013;7830;1342;799;;1556;2551;811;;32
NW;Summe;Summe;CDU;3214013;11196;2795108;187100;17285;75872;;107368;13872;6213;;1641
NW;Summe;Summe;SPD;2557876;10387;135637;2194807;51156;89591;;39015;28353;8930;;2147
NW;Summe;Summe;DIE LINKE;736904;2788;35670;166228;441419;52941;;12109;13709;12041;;1062
NW;Summe;Summe;GRÜNE;744970;1470;101171;248224;23920;347908;;14098;2065;6113;;634
NW;Summe;Summe;FDP;1293052;4717;559169;127517;13085;25992;;535972;19574;7025;;1955
NW;Summe;Summe;AfD;928425;13617;72286;69263;28792;5147;;42042;684806;12472;;2633
NW;Summe;Summe;Sonstige;378137;20934;46898;72730;49632;43110;;35075;34847;74912;;16380
NW;Summe;Summe;dar. NPD;21728;486;1969;2736;1250;207;;1653;12110;1316;;341
NW;Summe;Summe;dar. FREIE WÄHLER;27878;646;5122;5407;1737;1339;;3239;2073;8315;;6815
NW;Summe;1993 - 1999;Summe;753368;9029;239444;222781;62351;83320;;77242;39965;19237;;2653
NW;Summe;1993 - 1999;Ungültig;5121;3975;258;541;30;92;;53;71;101;;0
NW;Summe;1993 - 1999;CDU;184050;486;142874;20849;1478;8036;;8747;661;920;;232
NW;Summe;1993 - 1999;SPD;165741;132;16891;123614;5768;10748;;5258;2190;1139;;101
NW;Summe;1993 - 1999;DIE LINKE;68257;228;3128;15612;38627;7671;;1018;522;1451;;28
NW;Summe;1993 - 1999;GRÜNE;91743;190;13824;27753;5245;40500;;2564;150;1516;;72
NW;Summe;1993 - 1999;FDP;121764;170;48668;14361;1623;4196;;49573;1796;1377;;313
NW;Summe;1993 - 1999;AfD;47265;400;4834;5231;1081;664;;3578;30535;942;;161
NW;Summe;1993 - 1999;Sonstige;69428;3449;8967;14820;8499;11411;;6453;4039;11791;;1745
NW;Summe;1993 - 1999;dar. NPD;2486;0;305;261;30;0;;128;1553;209;;103
NW;Summe;1993 - 1999;dar. FREIE WÄHLER;2317;0;531;663;32;299;;136;157;497;;406
NW;Summe;1983 - 1992;Summe;1242170;11235;396773;364347;111081;106453;;110773;107318;34189;;6026
NW;Summe;1983 - 1992;Ungültig;6485;4675;577;418;159;131;;166;165;194;;0
NW;Summe;1983 - 1992;CDU;316640;407;255222;27765;3480;12536;;13562;2111;1557;;308
NW;Summe;1983 - 1992;SPD;274881;425;19169;218568;9429;14518;;5068;5355;2348;;205
NW;Summe;1983 - 1992;DIE LINKE;121393;311;5465;26241;72650;9343;;1638;1796;3949;;278
NW;Summe;1983 - 1992;GRÜNE;121646;0;18552;39880;6005;53153;;1858;472;1725;;149
NW;Summe;1983 - 1992;FDP;178332;341;74724;19471;1834;3731;;73276;3331;1624;;453
NW;Summe;1983 - 1992;AfD;121984;915;10618;13222;3018;876;;6644;85218;1474;;453
NW;Summe;1983 - 1992;Sonstige;100808;4160;12446;18782;14506;12166;;8560;8871;21317;;4178
NW;Summe;1983 - 1992;dar. NPD;6196;99;584;884;166;54;;366;3552;491;;26
NW;Summe;1983 - 1992;dar. FREIE WÄHLER;6348;186;1435;1068;386;374;;786;319;1795;;1529
NW;Summe;1973 - 1982;Summe;1271863;13625;457841;332743;91755;101205;;116442;132366;25886;;4515
NW;Summe;1973 - 1982;Ungültig;6777;5048;579;296;101;69;;175;393;117;;0
NW;Summe;1973 - 1982;CDU;378694;843;314804;26725;2787;13113;;16629;2576;1218;;220
NW;Summe;1973 - 1982;SPD;253673;834;17048;204718;5813;13175;;5477;5073;1536;;373
NW;Summe;1973 - 1982;DIE LINKE;102662;241;4943;21359;62913;7789;;1501;2032;1884;;27
NW;Summe;1973 - 1982;GRÜNE;114969;146;17325;35734;3391;55463;;1869;306;735;;112
NW;Summe;1973 - 1982;FDP;184634;418;80742;17449;1878;4029;;75373;3217;1527;;414
NW;Summe;1973 - 1982;AfD;153010;1365;12912;12276;4376;910;;8071;110751;2351;;432
NW;Summe;1973 - 1982;Sonstige;77445;4732;9488;14186;10496;6658;;7349;8019;16516;;2937
NW;Summe;1973 - 1982;dar. NPD;5753;101;392;733;252;35;;566;3363;312;;77
NW;Summe;1973 - 1982;dar. FREIE WÄHLER;5825;124;1177;1055;405;239;;614;598;1614;;1320
NW;Summe;1958 - 1972;Summe;2978241;31918;1017210;934649;201574;231027;;230600;295882;35380;;9589
NW;Summe;1958 - 1972;Ungültig;19453;14465;1627;1543;395;180;;233;716;295;;0
NW;Summe;1958 - 1972;CDU;882581;2303;747641;57220;5548;28471;;34328;5217;1853;;706
NW;Summe;1958 - 1972;SPD;767743;1932;38393;654395;16839;32788;;10933;9641;2823;;1109
NW;Summe;1958 - 1972;DIE LINKE;234212;717;9958;50553;143235;16440;;4347;5656;3306;;522
NW;Summe;1958 - 1972;GRÜNE;267455;414;30880;90509;6171;132450;;4720;661;1650;;253
NW;Summe;1958 - 1972;FDP;370088;1300;154516;39914;4655;9086;;152479;6519;1618;;477
NW;Summe;1958 - 1972;AfD;341748;4882;22818;22859;12182;1902;;14194;257188;5723;;1290
NW;Summe;1958 - 1972;Sonstige;94961;5906;11377;17656;12550;9709;;9365;10284;18113;;5233
NW;Summe;1958 - 1972;dar. NPD;5226;78;501;461;673;60;;393;2924;135;;109
NW;Summe;1958 - 1972;dar. FREIE WÄHLER;8664;144;1363;1696;688;217;;1195;494;2867;;2205
NW;Summe;1948 - 1957;Summe;1593807;20044;599367;541903;101857;76075;;116620;128406;9535;;2662
NW;Summe;1948 - 1957;Ungültig;14614;10137;1676;1365;322;96;;226;710;82;;32
NW;Summe;1948 - 1957;CDU;517656;1720;459800;28832;2452;8726;;13974;1746;407;;146
NW;Summe;1948 - 1957;SPD;466589;1697;20606;415562;7902;10542;;6199;3320;761;;154
NW;Summe;1948 - 1957;DIE LINKE;133707;581;7021;32189;79727;8600;;2086;2465;1039;;207
NW;Summe;1948 - 1957;GRÜNE;90141;92;10013;32590;2278;42772;;1635;335;426;;48
NW;Summe;1948 - 1957;FDP;198562;1165;86330;18661;1860;2677;;85057;2288;523;;257
NW;Summe;1948 - 1957;AfD;150088;3058;11252;8291;4809;502;;5392;115324;1461;;249
NW;Summe;1948 - 1957;Sonstige;22450;1593;2670;4413;2508;2162;;2050;2218;4836;;1570
NW;Summe;1948 - 1957;dar. NPD;1168;136;32;245;65;58;;113;414;105;;26
NW;Summe;1948 - 1957;dar. FREIE WÄHLER;2702;35;313;609;160;144;;276;217;947;;858
NW;Summe;1947 und früher;Summe;2099011;38439;1046317;677276;58014;43280;;135558;95840;4290;;1040
NW;Summe;1947 und früher;Ungültig;32634;20883;6296;3668;335;231;;704;495;21;;0
NW;Summe;1947 und früher;CDU;934392;5438;874766;25709;1541;4990;;20128;1561;258;;28
NW;Summe;1947 und früher;SPD;629249;5367;23531;577950;5405;7820;;6080;2774;323;;205
NW;Summe;1947 und früher;DIE LINKE;76673;710;5154;20274;44267;3099;;1519;1238;412;;0
NW;Summe;1947 und früher;GRÜNE;59016;628;10577;21758;831;23570;;1452;141;60;;0
NW;Summe;1947 und früher;FDP;239672;1323;114189;17660;1236;2273;;100213;2423;356;;40
NW;Summe;1947 und früher;AfD;114329;2997;9853;7384;3327;294;;4164;85790;521;;49
NW;Summe;1947 und früher;Sonstige;13046;1094;1950;2872;1073;1003;;1298;1417;2339;;718
NW;Summe;1947 und früher;dar. NPD;899;73;156;152;65;0;;88;303;63;;0
NW;Summe;1947 und früher;dar. FREIE WÄHLER;2022;157;304;316;66;66;;231;287;595;;497
NW;m;Summe;Summe;4767909;58350;1687345;1490698;327237;240914;;391645;498746;72974;;13981
NW;m;Summe;Ungültig;35300;25122;4098;3116;552;311;;675;1015;410;;0
NW;m;Summe;CDU;1363832;4255;1205492;73082;6673;20432;;43385;7695;2819;;696
NW;m;Summe;SPD;1234028;4326;59638;1074203;23709;34585;;17198;15513;4856;;999
NW;m;Summe;DIE LINKE;385341;1563;15490;89431;235382;22331;;5609;7983;7552;;800
NW;m;Summe;GRÜNE;301542;689;36352;112123;9775;132694;;5595;1043;3271;;354
NW;m;Summe;FDP;676581;2468;299325;64000;6617;11769;;276772;11209;4421;;919
NW;m;Summe;AfD;584276;8922;46937;39996;17109;2903;;25804;434591;8014;;1710
NW;m;Summe;Sonstige;187010;11004;20014;34748;27420;15888;;16607;19698;41632;;8504
NW;m;Summe;dar. NPD;13928;278;1304;1581;846;177;;745;8425;571;;140
NW;m;Summe;dar. FREIE WÄHLER;14381;359;2597;2945;904;565;;1667;1265;4080;;3387
NW;m;1993 - 1999;Summe;377355;4709;117365;109888;31672;29966;;47484;25798;10474;;1715
NW;m;1993 - 1999;Ungültig;2754;1973;156;391;30;57;;27;40;78;;0
NW;m;1993 - 1999;CDU;80718;205;64120;8767;621;2012;;4229;393;372;;146
NW;m;1993 - 1999;SPD;82452;92;8320;63049;2561;3965;;2740;1041;682;;67
NW;m;1993 - 1999;DIE LINKE;33418;156;1478;7754;20068;2555;;518;229;661;;28
NW;m;1993 - 1999;GRÜNE;33245;97;4933;10276;1935;14032;;1274;93;605;;33
NW;m;1993 - 1999;FDP;77967;170;30629;9086;1090;2101;;32731;1186;975;;245
NW;m;1993 - 1999;AfD;30543;274;3395;2959;626;527;;2250;20080;432;;125
NW;m;1993 - 1999;Sonstige;36258;1742;4334;7605;4741;4717;;3716;2735;6668;;1070
NW;m;1993 - 1999;dar. NPD;1657;0;191;165;30;0;;62;1117;92;;43
NW;m;1993 - 1999;dar. FREIE WÄHLER;1172;0;239;326;32;137;;113;131;193;;156
NW;m;1983 - 1992;Summe;609108;5943;185091;172263;58700;39314;;60527;67160;20112;;3191
NW;m;1983 - 1992;Ungültig;3259;2355;265;206;78;54;;128;27;148;;0
NW;m;1983 - 1992;CDU;134722;76;112910;10384;1203;3016;;5434;1179;520;;80
NW;m;1983 - 1992;SPD;128870;167;8209;104073;4162;5753;;2466;2738;1303;;90
NW;m;1983 - 1992;DIE LINKE;64823;175;2306;14402;39926;3805;;709;961;2538;;188
NW;m;1983 - 1992;GRÜNE;46505;0;6587;16075;2541;19243;;924;172;963;;69
NW;m;1983 - 1992;FDP;101974;273;42734;10430;857;2166;;42495;1897;1123;;278
NW;m;1983 - 1992;AfD;76055;513;6464;7066;1425;545;;3956;55037;1050;;306
NW;m;1983 - 1992;Sonstige;52900;2384;5615;9627;8507;4734;;4416;5149;12468;;2181
NW;m;1983 - 1992;dar. NPD;3632;65;423;429;114;23;;126;2249;204;;0
NW;m;1983 - 1992;dar. FREIE WÄHLER;3384;151;844;686;197;121;;359;150;876;;782
NW;m;1973 - 1982;Summe;620880;6781;210672;160299;48104;37895;;60313;81552;15263;;2342
NW;m;1973 - 1982;Ungültig;3009;2322;229;57;30;38;;66;233;34;;0
NW;m;1973 - 1982;CDU;163271;388;139411;10312;1037;3195;;7185;1111;632;;84
NW;m;1973 - 1982;SPD;119942;501;7860;98214;2353;4915;;2406;2890;803;;144
NW;m;1973 - 1982;DIE LINKE;54084;62;1906;11413;33748;3760;;657;1237;1302;;27
NW;m;1973 - 1982;GRÜNE;46270;0;6047;16382;1288;21203;;775;214;359;;30
NW;m;1973 - 1982;FDP;98404;164;42611;9538;919;1570;;40746;1818;1037;;165
NW;m;1973 - 1982;AfD;95090;909;8483;7162;2454;495;;4692;69183;1712;;306
NW;m;1973 - 1982;Sonstige;40809;2435;4125;7220;6274;2719;;3787;4865;9384;;1585
NW;m;1973 - 1982;dar. NPD;4095;55;321;516;225;35;;262;2551;131;;42
NW;m;1973 - 1982;dar. FREIE WÄHLER;3003;124;639;415;197;162;;291;380;796;;639
NW;m;1958 - 1972;Summe;1484508;15860;489819;469003;103639;87186;;110517;188465;20020;;5004
NW;m;1958 - 1972;Ungültig;8782;6357;863;602;226;79;;98;406;151;;0
NW;m;1958 - 1972;CDU;400478;864;349265;21628;2239;8588;;13653;3246;995;;354
NW;m;1958 - 1972;SPD;388190;916;17695;336455;8186;13297;;4751;5409;1481;;537
NW;m;1958 - 1972;DIE LINKE;121273;472;4656;26699;74908;7000;;1992;3450;2096;;382
NW;m;1958 - 1972;GRÜNE;111732;286;12261;42818;2725;50763;;1472;348;1059;;197
NW;m;1958 - 1972;FDP;191432;577;85702;19255;2071;3836;;75752;3460;779;;172
NW;m;1958 - 1972;AfD;219438;3160;15035;13753;7055;877;;9148;166921;3489;;707
NW;m;1958 - 1972;Sonstige;43183;3228;4344;7792;6231;2746;;3651;5223;9969;;2655
NW;m;1958 - 1972;dar. NPD;3390;24;306;307;412;60;;184;2042;55;;29
NW;m;1958 - 1972;dar. FREIE WÄHLER;4840;25;675;1138;357;81;;664;250;1651;;1273
NW;m;1948 - 1957;Summe;772523;9871;267878;272588;55006;29982;;53601;78770;4827;;1219
NW;m;1948 - 1957;Ungültig;5753;4196;732;457;93;31;;55;188;0;;0
NW;m;1948 - 1957;CDU;221589;920;198937;11548;1037;2516;;5351;1068;212;;31
NW;m;1948 - 1957;SPD;234754;680;9494;211797;3820;4033;;2634;1887;409;;77
NW;m;1948 - 1957;DIE LINKE;71419;379;2998;17881;43662;3568;;876;1346;710;;174
NW;m;1948 - 1957;GRÜNE;39807;58;3589;16202;1023;17763;;796;124;251;;25
NW;m;1948 - 1957;FDP;96399;748;43746;8318;987;1073;;39834;1433;260;;58
NW;m;1948 - 1957;AfD;93717;2121;7446;4686;3321;305;;3413;71502;922;;218
NW;m;1948 - 1957;Sonstige;9085;769;937;1698;1063;693;;641;1221;2063;;635
NW;m;1948 - 1957;dar. NPD;785;136;32;105;65;58;;63;300;26;;26
NW;m;1948 - 1957;dar. FREIE WÄHLER;1290;0;135;326;88;32;;161;161;386;;359
NW;m;1947 und früher;Summe;903534;15186;416519;306659;30116;16571;;59203;57002;2278;;509
NW;m;1947 und früher;Ungültig;11743;7919;1853;1402;95;53;;301;120;0;;0
NW;m;1947 und früher;CDU;363053;1802;340849;10442;537;1106;;7532;697;88;;0
NW;m;1947 und früher;SPD;279821;1969;8062;260614;2626;2623;;2203;1548;177;;84
NW;m;1947 und früher;DIE LINKE;40323;321;2145;11282;23069;1644;;858;760;245;;0
NW;m;1947 und früher;GRÜNE;23983;249;2934;10369;263;9689;;354;91;33;;0
NW;m;1947 und früher;FDP;110404;536;53902;7373;694;1023;;45216;1415;246;;0
NW;m;1947 und früher;AfD;69433;1945;6114;4371;2228;155;;2344;51867;408;;49
NW;m;1947 und früher;Sonstige;4774;446;659;806;604;279;;395;504;1080;;377
NW;m;1947 und früher;dar. NPD;369;0;32;59;0;0;;49;166;63;;0
NW;m;1947 und früher;dar. FREIE WÄHLER;692;59;66;53;33;31;;79;193;178;;178
NW;w;Summe;Summe;5170552;65941;2069607;1583000;299394;400446;;395590;301031;55543;;12504
NW;w;Summe;Ungültig;49784;34060;6915;4714;790;488;;882;1536;401;;32
NW;w;Summe;CDU;1850181;6941;1589616;114018;10612;55440;;63983;6177;3395;;945
NW;w;Summe;SPD;1323848;6061;75999;1120604;27447;55005;;21817;12840;4074;;1148
NW;w;Summe;DIE LINKE;351563;1225;20180;76797;206037;30610;;6499;5726;4489;;262
NW;w;Summe;GRÜNE;443428;781;64820;136102;14145;215214;;8502;1023;2842;;280
NW;w;Summe;FDP;616471;2248;259845;63517;6468;14223;;259200;8365;2604;;1036
NW;w;Summe;AfD;344149;4695;25348;29268;11682;2244;;16239;250215;4458;;923
NW;w;Summe;Sonstige;191127;9930;26885;37981;22212;27222;;18469;15149;33280;;7877
NW;w;Summe;dar. NPD;7800;207;665;1155;404;30;;908;3685;745;;201
NW;w;Summe;dar. FREIE WÄHLER;13497;287;2526;2462;833;774;;1572;808;4235;;3428
NW;w;1993 - 1999;Summe;376013;4321;122078;112893;30678;53354;;29758;14168;8763;;937
NW;w;1993 - 1999;Ungültig;2367;2001;102;149;0;35;;25;31;23;;0
NW;w;1993 - 1999;CDU;103332;281;78754;12082;857;6025;;4518;268;548;;86
NW;w;1993 - 1999;SPD;83289;40;8571;60565;3207;6783;;2518;1149;457;;34
NW;w;1993 - 1999;DIE LINKE;34839;72;1650;7858;18559;5117;;500;293;790;;0
NW;w;1993 - 1999;GRÜNE;58497;94;8891;17477;3310;26467;;1290;57;911;;39
NW;w;1993 - 1999;FDP;43797;0;18038;5275;533;2095;;16842;611;402;;68
NW;w;1993 - 1999;AfD;16722;126;1439;2272;455;138;;1328;10454;510;;36
NW;w;1993 - 1999;Sonstige;33169;1707;4633;7215;3757;6695;;2736;1304;5123;;674
NW;w;1993 - 1999;dar. NPD;829;0;114;96;0;0;;66;435;117;;60
NW;w;1993 - 1999;dar. FREIE WÄHLER;1145;0;292;337;0;162;;24;26;304;;251
NW;w;1983 - 1992;Summe;633062;5293;211683;192084;52382;67139;;50246;40159;14077;;2834
NW;w;1983 - 1992;Ungültig;3226;2321;312;212;81;77;;39;138;47;;0
NW;w;1983 - 1992;CDU;181918;331;142312;17381;2276;9520;;8128;932;1038;;228
NW;w;1983 - 1992;SPD;146011;258;10960;114495;5267;8765;;2603;2617;1045;;116
NW;w;1983 - 1992;DIE LINKE;56571;136;3159;11839;32724;5538;;929;835;1411;;89
NW;w;1983 - 1992;GRÜNE;75141;0;11965;23805;3464;33911;;934;300;762;;81
NW;w;1983 - 1992;FDP;76358;68;31990;9041;977;1565;;30782;1434;501;;175
NW;w;1983 - 1992;AfD;45930;402;4154;6157;1593;331;;2688;30182;424;;148
NW;w;1983 - 1992;Sonstige;47908;1776;6831;9155;6000;7432;;4144;3721;8849;;1997
NW;w;1983 - 1992;dar. NPD;2564;34;161;455;52;30;;241;1303;287;;26
NW;w;1983 - 1992;dar. FREIE WÄHLER;2964;35;592;381;189;253;;427;169;919;;748
NW;w;1973 - 1982;Summe;650984;6844;247169;172444;43650;63311;;56129;50814;10622;;2173
NW;w;1973 - 1982;Ungültig;3767;2725;350;238;70;31;;109;161;84;;0
NW;w;1973 - 1982;CDU;215422;454;175394;16413;1750;9918;;9444;1464;586;;136
NW;w;1973 - 1982;SPD;133731;333;9188;106504;3460;8260;;3071;2182;733;;229
NW;w;1973 - 1982;DIE LINKE;48578;179;3037;9946;29165;4029;;844;795;582;;0
NW;w;1973 - 1982;GRÜNE;68700;146;11278;19352;2103;34260;;1094;91;376;;82
NW;w;1973 - 1982;FDP;86229;253;38131;7911;959;2459;;34627;1399;490;;249
NW;w;1973 - 1982;AfD;57920;456;4428;5113;1922;415;;3379;41567;639;;125
NW;w;1973 - 1982;Sonstige;36636;2297;5363;6967;4222;3939;;3562;3154;7132;;1352
NW;w;1973 - 1982;dar. NPD;1658;46;71;217;27;0;;304;813;181;;35
NW;w;1973 - 1982;dar. FREIE WÄHLER;2822;0;538;640;208;77;;323;218;818;;681
NW;w;1958 - 1972;Summe;1493733;16059;527390;465647;97935;143840;;120084;107417;15360;;4585
NW;w;1958 - 1972;Ungültig;10671;8108;764;941;169;101;;135;309;144;;0
NW;w;1958 - 1972;CDU;482103;1439;398376;35592;3309;19883;;20676;1971;858;;352
NW;w;1958 - 1972;SPD;379553;1016;20698;317940;8653;19492;;6182;4232;1341;;572
NW;w;1958 - 1972;DIE LINKE;112938;245;5302;23854;68327;9440;;2355;2205;1210;;140
NW;w;1958 - 1972;GRÜNE;155723;129;18619;47691;3446;81687;;3248;313;590;;56
NW;w;1958 - 1972;FDP;178656;723;68814;20659;2585;5250;;76728;3059;839;;305
NW;w;1958 - 1972;AfD;122310;1722;7783;9106;5127;1025;;5045;90267;2234;;583
NW;w;1958 - 1972;Sonstige;51778;2678;7034;9864;6319;6964;;5715;5061;8144;;2578
NW;w;1958 - 1972;dar. NPD;1836;54;195;154;261;0;;210;882;80;;80
NW;w;1958 - 1972;dar. FREIE WÄHLER;3824;119;688;558;332;136;;532;244;1216;;931
NW;w;1948 - 1957;Summe;821284;10172;331489;269315;46850;46094;;63019;49636;4708;;1443
NW;w;1948 - 1957;Ungültig;8862;5941;944;907;229;65;;171;522;82;;32
NW;w;1948 - 1957;CDU;296067;800;260863;17283;1415;6210;;8623;677;195;;115
NW;w;1948 - 1957;SPD;231835;1017;11113;203765;4082;6509;;3566;1433;352;;77
NW;w;1948 - 1957;DIE LINKE;62287;202;4023;14308;36064;5032;;1210;1119;329;;32
NW;w;1948 - 1957;GRÜNE;50334;34;6423;16388;1255;25009;;839;211;176;;23
NW;w;1948 - 1957;FDP;102163;417;42585;10343;873;1604;;45223;855;263;;199
NW;w;1948 - 1957;AfD;56371;937;3805;3605;1487;197;;1979;43822;539;;31
NW;w;1948 - 1957;Sonstige;13365;824;1733;2715;1445;1468;;1409;997;2773;;934
NW;w;1948 - 1957;dar. NPD;383;0;0;140;0;0;;49;114;80;;0
NW;w;1948 - 1957;dar. FREIE WÄHLER;1412;35;178;283;72;111;;115;56;561;;499
NW;w;1947 und früher;Summe;1195477;23252;629797;370617;27898;26708;;76355;38838;2012;;531
NW;w;1947 und früher;Ungültig;20891;12964;4443;2266;240;178;;403;375;21;;0
NW;w;1947 und früher;CDU;571339;3635;533917;15267;1004;3884;;12595;864;170;;28
NW;w;1947 und früher;SPD;349428;3398;15469;317336;2778;5197;;3878;1226;146;;121
NW;w;1947 und früher;DIE LINKE;36351;390;3009;8992;21198;1455;;661;479;167;;0
NW;w;1947 und früher;GRÜNE;35033;379;7643;11388;568;13880;;1097;50;27;;0
NW;w;1947 und früher;FDP;129268;787;60287;10287;542;1250;;54997;1008;109;;40
NW;w;1947 und früher;AfD;44896;1052;3739;3014;1098;139;;1820;33923;113;;0
NW;w;1947 und früher;Sonstige;8271;648;1291;2066;469;724;;903;913;1258;;341
NW;w;1947 und früher;dar. NPD;530;73;123;93;65;0;;39;137;0;;0
NW;w;1947 und früher;dar. FREIE WÄHLER;1330;98;238;263;32;35;;152;95;417;;319
HE;Summe;Summe;Summe;3395441;50889;1185393;974954;220145;270221;;238437;375528;79874;4423;48199
HE;Summe;Summe;Ungültig;46541;30725;6482;4392;728;778;;1092;1748;596;32;229
HE;Summe;Summe;CDU;1033200;4481;879350;61519;6066;32477;;33025;8887;7395;134;6054
HE;Summe;Summe;SPD;788427;3260;41012;672186;16840;31206;;9429;8974;5519;139;3463
HE;Summe;Summe;DIE LINKE;271158;1617;11468;63410;160230;19246;;3225;5857;6105;0;2407
HE;Summe;Summe;GRÜNE;323736;1187;45758;97985;10848;158725;;4706;1046;3481;0;1516
HE;Summe;Summe;FDP;386742;2044;156100;33984;3298;9635;;167669;9030;4982;28;3805
HE;Summe;Summe;AfD;398712;2060;28960;19563;6253;1546;;10088;325614;4628;1027;2718
HE;Summe;Summe;Sonstige;146925;5515;16261;21914;15882;16609;;9203;14372;47169;3062;28007
HE;Summe;Summe;dar. NPD;11904;174;933;971;260;216;;633;5586;3132;2822;264
HE;Summe;Summe;dar. FREIE WÄHLER;28507;258;3543;2961;790;794;;1563;1152;17446;21;16985
HE;Summe;1993 - 1999;Summe;257069;3884;71339;74482;22993;36792;;21099;16786;9693;478;3929
HE;Summe;1993 - 1999;Ungültig;2742;2027;244;253;23;129;;0;41;24;0;0
HE;Summe;1993 - 1999;CDU;57969;356;41752;7331;367;4138;;2358;649;1017;0;622
HE;Summe;1993 - 1999;SPD;52525;111;5232;38286;2073;4378;;1335;594;517;24;252
HE;Summe;1993 - 1999;DIE LINKE;27670;192;1133;7038;14680;3237;;452;253;685;0;186
HE;Summe;1993 - 1999;GRÜNE;40399;164;6704;11157;2029;19001;;834;135;374;0;95
HE;Summe;1993 - 1999;FDP;32789;149;11226;4418;471;1597;;13721;698;508;0;184
HE;Summe;1993 - 1999;AfD;18320;74;1558;1619;258;128;;1022;13232;429;141;196
HE;Summe;1993 - 1999;Sonstige;24656;810;3490;4381;3092;4184;;1377;1184;6138;313;2394
HE;Summe;1993 - 1999;dar. NPD;1012;33;138;74;0;60;;38;394;275;249;26
HE;Summe;1993 - 1999;dar. FREIE WÄHLER;1920;0;350;394;48;0;;82;166;880;0;777
HE;Summe;1983 - 1992;Summe;416054;6221;124047;112242;36576;43232;;31558;46207;15971;1065;7535
HE;Summe;1983 - 1992;Ungültig;4602;4001;301;83;16;69;;45;87;0;0;0
HE;Summe;1983 - 1992;CDU;105620;281;81992;9917;945;5370;;4162;1222;1732;21;1331
HE;Summe;1983 - 1992;SPD;81108;154;5858;64142;2428;4826;;1369;1461;869;50;354
HE;Summe;1983 - 1992;DIE LINKE;42929;170;1991;9750;25452;3391;;354;451;1370;0;241
HE;Summe;1983 - 1992;GRÜNE;47677;121;6619;14033;1959;23093;;785;389;677;0;244
HE;Summe;1983 - 1992;FDP;49281;124;19382;5061;524;1502;;21129;876;684;0;511
HE;Summe;1983 - 1992;AfD;48408;271;4096;2900;612;265;;1250;38106;908;320;357
HE;Summe;1983 - 1992;Sonstige;36428;1099;3809;6355;4639;4716;;2464;3615;9730;673;4496
HE;Summe;1983 - 1992;dar. NPD;3515;0;348;470;131;25;;103;1696;742;616;81
HE;Summe;1983 - 1992;dar. FREIE WÄHLER;5177;18;626;830;32;230;;474;163;2804;0;2715
HE;Summe;1973 - 1982;Summe;433060;5752;145130;106770;30541;39549;;29858;59906;15554;855;9373
HE;Summe;1973 - 1982;Ungültig;4928;3751;432;296;74;23;;38;208;106;0;0
HE;Summe;1973 - 1982;CDU;125386;452;102058;9235;1104;5679;;4268;1261;1329;33;1099
HE;Summe;1973 - 1982;SPD;78801;140;5148;63826;1834;4329;;1077;1264;1183;28;763
HE;Summe;1973 - 1982;DIE LINKE;36517;53;1800;8158;22187;2179;;363;1034;741;0;292
HE;Summe;1973 - 1982;GRÜNE;48349;65;8056;13590;1305;23535;;850;196;752;0;281
HE;Summe;1973 - 1982;FDP;49754;222;20702;5049;498;1375;;19537;1281;1089;28;749
HE;Summe;1973 - 1982;AfD;62297;126;4295;3045;816;243;;1786;51265;721;117;427
HE;Summe;1973 - 1982;Sonstige;27028;943;2638;3571;2722;2186;;1940;3397;9632;648;5763
HE;Summe;1973 - 1982;dar. NPD;3286;24;133;188;52;0;;275;1889;725;601;125
HE;Summe;1973 - 1982;dar. FREIE WÄHLER;5717;28;653;227;303;54;;438;172;3843;21;3695
HE;Summe;1958 - 1972;Summe;1027276;13578;328196;286470;72192;97967;;68542;134765;25566;1250;17575
HE;Summe;1958 - 1972;Ungültig;11313;8134;1075;872;278;218;;268;367;101;0;74
HE;Summe;1958 - 1972;CDU;286231;1066;240098;17612;1746;11009;;9447;3003;2249;30;1984
HE;Summe;1958 - 1972;SPD;229258;1062;10940;194582;5405;9896;;2345;3153;1875;37;1387
HE;Summe;1958 - 1972;DIE LINKE;88840;610;3333;18678;54112;6461;;950;2364;2333;0;1133
HE;Summe;1958 - 1972;GRÜNE;118668;428;15101;34745;3405;62191;;1387;204;1207;0;625
HE;Summe;1958 - 1972;FDP;111465;432;44679;8655;1109;3237;;48528;3001;1823;0;1531
HE;Summe;1958 - 1972;AfD;141518;392;9181;6068;2508;568;;3360;118128;1311;267;864
HE;Summe;1958 - 1972;Sonstige;39984;1452;3789;5257;3628;4387;;2257;4547;14667;916;9977
HE;Summe;1958 - 1972;dar. NPD;2766;23;193;143;53;90;;104;1283;877;844;33
HE;Summe;1958 - 1972;dar. FREIE WÄHLER;9430;183;954;960;258;433;;286;450;5905;0;5832
HE;Summe;1948 - 1957;Summe;561085;8994;188066;180656;38888;33241;;38422;64283;8535;416;6213
HE;Summe;1948 - 1957;Ungültig;8168;5353;952;636;190;173;;301;413;149;32;45
HE;Summe;1948 - 1957;CDU;165351;777;144080;9277;1347;3097;;4960;1236;577;25;552
HE;Summe;1948 - 1957;SPD;150379;645;6058;132805;3185;4626;;1409;1131;520;0;256
HE;Summe;1948 - 1957;DIE LINKE;49709;310;1892;12558;29518;2898;;709;1011;812;0;434
HE;Summe;1948 - 1957;GRÜNE;43244;178;5035;15307;1563;20318;;364;122;356;0;180
HE;Summe;1948 - 1957;FDP;62245;517;24244;5397;434;1151;;28521;1376;606;0;557
HE;Summe;1948 - 1957;AfD;69676;565;4359;3089;1388;249;;1480;57744;803;101;549
HE;Summe;1948 - 1957;Sonstige;12314;648;1445;1586;1263;730;;678;1250;4714;259;3641
HE;Summe;1948 - 1957;dar. NPD;724;60;87;56;0;0;;63;199;259;259;0
HE;Summe;1948 - 1957;dar. FREIE WÄHLER;4149;0;621;421;149;55;;160;160;2584;0;2535
HE;Summe;1947 und früher;Summe;700897;12460;328614;214334;18955;19439;;48959;53581;4555;360;3573
HE;Summe;1947 und früher;Ungültig;14789;7458;3479;2252;146;165;;440;633;215;0;110
HE;Summe;1947 und früher;CDU;292643;1548;269370;8147;557;3184;;7831;1516;490;24;466
HE;Summe;1947 und früher;SPD;196356;1148;7777;178546;1915;3151;;1894;1371;555;0;451
HE;Summe;1947 und früher;DIE LINKE;25493;282;1319;7227;14281;1080;;397;744;164;0;120
HE;Summe;1947 und früher;GRÜNE;25398;230;4242;9153;587;10586;;485;0;114;0;92
HE;Summe;1947 und früher;FDP;81208;601;35868;5404;261;773;;36232;1798;272;0;272
HE;Summe;1947 und früher;AfD;58493;632;5470;2841;671;93;;1191;47139;456;82;324
HE;Summe;1947 und früher;Sonstige;6515;562;1089;764;537;407;;488;380;2288;254;1737
HE;Summe;1947 und früher;dar. NPD;600;33;34;40;24;40;;49;126;254;254;0
HE;Summe;1947 und früher;dar. FREIE WÄHLER;2113;29;340;129;0;23;;123;40;1430;0;1430
HE;m;Summe;Summe;1645169;22302;540868;473081;112896;102951;;117437;233024;42610;2755;23780
HE;m;Summe;Ungültig;19144;12821;2335;1789;404;299;;426;923;147;0;13
HE;m;Summe;CDU;440899;1639;383174;23501;2622;9045;;12566;4853;3498;0;2743
HE;m;Summe;SPD;381344;1275;19024;328717;7925;12289;;4081;5048;2984;103;1611
HE;m;Summe;DIE LINKE;139815;947;4800;33872;83582;8364;;1230;3220;3800;0;1592
HE;m;Summe;GRÜNE;132518;530;17456;44462;4283;61480;;1946;582;1778;0;712
HE;m;Summe;FDP;209860;1169;88571;18588;1458;4380;;87440;5281;2974;0;2283
HE;m;Summe;AfD;250540;990;19156;11723;3688;834;;5882;205365;2901;750;1608
HE;m;Summe;Sonstige;71047;2931;6351;10429;8934;6259;;3866;7751;24527;1903;13217
HE;m;Summe;dar. NPD;7530;152;606;709;138;0;;263;3661;2002;1793;163
HE;m;Summe;dar. FREIE WÄHLER;12279;115;1485;1158;316;151;;432;444;8179;0;7909
HE;m;1993 - 1999;Summe;129588;2130;36264;36310;12132;14367;;12948;10294;5143;277;1986
HE;m;1993 - 1999;Ungültig;1456;1112;162;138;0;44;;0;0;0;0;0
HE;m;1993 - 1999;CDU;26626;194;20079;2848;127;1185;;1343;416;435;0;177
HE;m;1993 - 1999;SPD;25853;54;2466;19414;966;1567;;735;359;291;24;107
HE;m;1993 - 1999;DIE LINKE;14579;142;504;3502;7925;1607;;178;179;542;0;163
HE;m;1993 - 1999;GRÜNE;16518;80;3145;4386;860;7448;;399;98;102;0;54
HE;m;1993 - 1999;FDP;20746;96;7430;2693;378;674;;8674;502;299;0;116
HE;m;1993 - 1999;AfD;11130;53;1153;817;27;104;;606;8124;245;79;143
HE;m;1993 - 1999;Sonstige;12679;398;1324;2511;1849;1737;;1013;616;3230;174;1226
HE;m;1993 - 1999;dar. NPD;529;33;82;74;0;0;;38;162;140;140;0
HE;m;1993 - 1999;dar. FREIE WÄHLER;973;0;105;184;22;0;;82;47;533;0;431
HE;m;1983 - 1992;Summe;208464;2796;58206;54146;19351;16994;;18583;29146;9241;659;3963
HE;m;1983 - 1992;Ungültig;2014;1762;147;0;0;45;;0;59;0;0;0
HE;m;1983 - 1992;CDU;45565;92;36149;3652;414;1675;;2092;642;849;0;675
HE;m;1983 - 1992;SPD;39234;84;2857;31418;1168;1880;;525;807;496;50;147
HE;m;1983 - 1992;DIE LINKE;21666;73;607;4794;13350;1452;;156;319;916;0;181
HE;m;1983 - 1992;GRÜNE;19608;25;2382;6313;846;9093;;358;260;332;0;62
HE;m;1983 - 1992;FDP;30687;49;11861;3095;277;879;;13433;508;585;0;431
HE;m;1983 - 1992;AfD;30874;47;2622;1705;391;108;;704;24735;563;269;153
HE;m;1983 - 1992;Sonstige;18815;663;1580;3169;2906;1864;;1317;1816;5500;340;2314
HE;m;1983 - 1992;dar. NPD;2143;0;234;314;90;0;;36;1034;434;308;81
HE;m;1983 - 1992;dar. FREIE WÄHLER;1947;0;244;293;0;27;;150;15;1219;0;1129
HE;m;1973 - 1982;Summe;212563;2455;68878;49581;16036;14682;;14738;37841;8352;480;4757
HE;m;1973 - 1982;Ungültig;2075;1547;181;125;24;23;;38;76;62;0;0
HE;m;1973 - 1982;CDU;55387;186;46446;3618;427;1677;;1514;773;744;0;609
HE;m;1973 - 1982;SPD;35880;44;2115;29484;909;1525;;423;708;673;28;376
HE;m;1973 - 1982;DIE LINKE;18803;24;812;4256;11887;847;;167;447;362;0;173
HE;m;1973 - 1982;GRÜNE;19279;40;2988;5859;580;8954;;355;110;393;0;120
HE;m;1973 - 1982;FDP;27911;76;12352;2647;249;538;;10720;817;511;0;349
HE;m;1973 - 1982;AfD;38909;42;2876;1618;366;158;;902;32507;439;58;280
HE;m;1973 - 1982;Sonstige;14319;495;1107;1974;1593;960;;620;2404;5168;393;2850
HE;m;1973 - 1982;dar. NPD;2198;24;67;134;13;0;;112;1373;475;393;82
HE;m;1973 - 1982;dar. FREIE WÄHLER;2636;28;337;64;121;30;;24;155;1877;0;1877
HE;m;1958 - 1972;Summe;508421;6101;155749;143250;35404;37086;;32514;84438;13877;885;8898
HE;m;1958 - 1972;Ungültig;4642;3382;327;356;174;74;;42;287;0;0;0
HE;m;1958 - 1972;CDU;127305;367;109503;7137;899;2995;;3617;1616;1169;0;982
HE;m;1958 - 1972;SPD;116167;581;5176;99712;2378;4242;;1127;1832;1119;0;741
HE;m;1958 - 1972;DIE LINKE;44230;316;1425;9557;27243;2724;;210;1213;1544;0;819
HE;m;1958 - 1972;GRÜNE;48316;184;5709;16190;1137;23799;;532;87;677;0;339
HE;m;1958 - 1972;FDP;59947;204;26144;4523;425;1537;;24340;1710;1065;0;872
HE;m;1958 - 1972;AfD;90047;246;6036;3671;1493;254;;1851;75646;850;207;534
HE;m;1958 - 1972;Sonstige;17767;820;1430;2103;1655;1460;;796;2047;7454;677;4611
HE;m;1958 - 1972;dar. NPD;1765;23;143;90;35;0;;35;806;633;633;0
HE;m;1958 - 1972;dar. FREIE WÄHLER;4368;58;449;477;101;94;;150;130;2910;0;2855
HE;m;1948 - 1957;Summe;273279;4100;84441;90206;20116;13080;;17662;39599;4075;225;2841
HE;m;1948 - 1957;Ungültig;3100;2049;256;153;114;75;;139;227;85;0;13
HE;m;1948 - 1957;CDU;68878;250;61770;3330;461;842;;1463;645;118;0;118
HE;m;1948 - 1957;SPD;74644;270;2917;66330;1709;1857;;615;791;156;0;68
HE;m;1948 - 1957;DIE LINKE;26533;300;857;7369;15577;1259;;267;556;348;0;211
HE;m;1948 - 1957;GRÜNE;18855;118;1890;7696;623;8173;;129;27;198;0;84
HE;m;1948 - 1957;FDP;32052;341;13142;2970;30;531;;13991;667;381;0;381
HE;m;1948 - 1957;AfD;43948;336;3037;1951;866;117;;994;36062;586;80;385
HE;m;1948 - 1957;Sonstige;5269;437;572;406;736;226;;65;624;2203;144;1581
HE;m;1948 - 1957;dar. NPD;487;39;47;56;0;0;;41;160;144;144;0
HE;m;1948 - 1957;dar. FREIE WÄHLER;1704;0;300;120;72;0;;0;56;1156;0;1132
HE;m;1947 und früher;Summe;312855;4721;137330;99588;9858;6740;;20990;31705;1923;230;1336
HE;m;1947 und früher;Ungültig;5858;2969;1261;1017;93;37;;207;274;0;0;0
HE;m;1947 und früher;CDU;117139;549;109227;2916;294;671;;2538;761;183;0;183
HE;m;1947 und früher;SPD;89566;242;3494;82359;796;1219;;656;552;250;0;172
HE;m;1947 und früher;DIE LINKE;14003;92;596;4393;7600;475;;252;506;89;0;45
HE;m;1947 und früher;GRÜNE;9941;83;1341;4018;236;4014;;173;0;76;0;54
HE;m;1947 und früher;FDP;38518;402;17642;2659;100;220;;16283;1078;134;0;134
HE;m;1947 und früher;AfD;35632;267;3431;1960;546;93;;826;28292;219;56;113
HE;m;1947 und früher;Sonstige;2198;118;338;266;194;11;;56;244;973;175;635
HE;m;1947 und früher;dar. NPD;407;33;34;40;0;0;;0;126;175;175;0
HE;m;1947 und früher;dar. FREIE WÄHLER;651;29;50;21;0;0;;26;40;484;0;484
HE;w;Summe;Summe;1750272;28587;644525;501873;107249;167270;;121000;142504;37264;1668;24419
HE;w;Summe;Ungültig;27397;17904;4147;2603;324;479;;667;825;448;32;216
HE;w;Summe;CDU;592301;2842;496176;38018;3444;23432;;20459;4033;3897;134;3311
HE;w;Summe;SPD;407083;1985;21988;343469;8914;18917;;5348;3926;2535;37;1852
HE;w;Summe;DIE LINKE;131343;670;6668;29538;76648;10882;;1996;2637;2305;0;816
HE;w;Summe;GRÜNE;191218;656;28302;53523;6566;97245;;2759;464;1702;0;803
HE;w;Summe;FDP;176882;875;67530;15397;1840;5255;;80229;3748;2008;28;1521
HE;w;Summe;AfD;148172;1070;9804;7840;2565;711;;4205;120249;1726;277;1110
HE;w;Summe;Sonstige;75878;2584;9910;11486;6947;10350;;5337;6621;22642;1160;14789
HE;w;Summe;dar. NPD;4374;22;327;262;122;216;;370;1924;1130;1029;101
HE;w;Summe;dar. FREIE WÄHLER;16228;143;2057;1803;474;644;;1131;708;9267;21;9076
HE;w;1993 - 1999;Summe;127481;1754;35075;38173;10862;22426;;8151;6492;4550;201;1943
HE;w;1993 - 1999;Ungültig;1285;915;82;115;23;85;;0;41;24;0;0
HE;w;1993 - 1999;CDU;31342;162;21673;4483;241;2953;;1015;233;582;0;445
HE;w;1993 - 1999;SPD;26672;57;2766;18872;1106;2811;;599;235;226;0;145
HE;w;1993 - 1999;DIE LINKE;13090;50;628;3536;6755;1630;;275;74;143;0;23
HE;w;1993 - 1999;GRÜNE;23881;84;3560;6770;1169;11554;;434;38;273;0;42
HE;w;1993 - 1999;FDP;12043;52;3796;1724;94;923;;5047;196;210;0;68
HE;w;1993 - 1999;AfD;7190;21;405;802;232;23;;416;5107;183;61;53
HE;w;1993 - 1999;Sonstige;11977;412;2166;1870;1243;2447;;364;568;2908;139;1168
HE;w;1993 - 1999;dar. NPD;484;0;56;0;0;60;;0;232;135;109;26
HE;w;1993 - 1999;dar. FREIE WÄHLER;947;0;245;210;26;0;;0;120;346;0;346
HE;w;1983 - 1992;Summe;207590;3426;65841;58095;17225;26238;;12975;17061;6730;406;3571
HE;w;1983 - 1992;Ungültig;2589;2239;153;83;16;24;;45;28;0;0;0
HE;w;1983 - 1992;CDU;60054;189;45843;6264;530;3695;;2070;580;883;21;656
HE;w;1983 - 1992;SPD;41874;70;3001;32723;1261;2946;;845;654;374;0;207
HE;w;1983 - 1992;DIE LINKE;21263;97;1384;4956;12102;1939;;198;132;454;0;60
HE;w;1983 - 1992;GRÜNE;28069;96;4237;7721;1114;14001;;427;129;345;0;182
HE;w;1983 - 1992;FDP;18594;74;7520;1966;247;623;;7696;368;99;0;80
HE;w;1983 - 1992;AfD;17534;224;1474;1195;221;157;;546;13372;345;51;205
HE;w;1983 - 1992;Sonstige;17613;436;2229;3186;1733;2852;;1147;1798;4230;333;2182
HE;w;1983 - 1992;dar. NPD;1372;0;114;155;41;25;;67;661;308;308;0
HE;w;1983 - 1992;dar. FREIE WÄHLER;3230;18;382;537;32;203;;325;148;1586;0;1586
HE;w;1973 - 1982;Summe;220497;3297;76253;57189;14506;24867;;15119;22064;7202;375;4617
HE;w;1973 - 1982;Ungültig;2852;2204;251;171;50;0;;0;132;44;0;0
HE;w;1973 - 1982;CDU;70000;266;55612;5617;677;4002;;2754;487;585;33;491
HE;w;1973 - 1982;SPD;42921;96;3033;34342;925;2805;;654;556;510;0;387
HE;w;1973 - 1982;DIE LINKE;17714;29;988;3902;10300;1333;;196;587;379;0;119
HE;w;1973 - 1982;GRÜNE;29070;24;5068;7732;725;14581;;495;86;360;0;160
HE;w;1973 - 1982;FDP;21843;146;8350;2402;249;837;;8817;464;578;28;400
HE;w;1973 - 1982;AfD;23388;84;1419;1427;450;85;;884;18758;282;58;147
HE;w;1973 - 1982;Sonstige;12709;448;1532;1597;1129;1226;;1320;993;4464;255;2913
HE;w;1973 - 1982;dar. NPD;1088;0;66;54;39;0;;163;516;250;208;42
HE;w;1973 - 1982;dar. FREIE WÄHLER;3081;0;316;163;182;24;;414;16;1966;21;1818
HE;w;1958 - 1972;Summe;518856;7477;172447;143220;36788;60881;;36028;50327;11689;365;8678
HE;w;1958 - 1972;Ungültig;6671;4752;748;516;104;143;;226;80;101;0;74
HE;w;1958 - 1972;CDU;158927;699;130595;10475;847;8014;;5830;1386;1080;30;1002
HE;w;1958 - 1972;SPD;113091;481;5765;94870;3027;5654;;1218;1321;756;37;646
HE;w;1958 - 1972;DIE LINKE;44609;293;1908;9122;26869;3737;;740;1151;789;0;315
HE;w;1958 - 1972;GRÜNE;70352;244;9392;18555;2268;38393;;856;116;529;0;286
HE;w;1958 - 1972;FDP;51517;228;18535;4132;684;1700;;24189;1290;758;0;659
HE;w;1958 - 1972;AfD;51471;147;3145;2397;1015;314;;1509;42482;462;59;330
HE;w;1958 - 1972;Sonstige;22217;632;2359;3154;1973;2926;;1461;2500;7213;239;5366
HE;w;1958 - 1972;dar. NPD;1000;0;50;53;18;90;;69;476;244;211;33
HE;w;1958 - 1972;dar. FREIE WÄHLER;5062;125;506;484;157;339;;136;320;2995;0;2977
HE;w;1948 - 1957;Summe;287806;4895;103625;90450;18772;20160;;20760;24684;4461;192;3372
HE;w;1948 - 1957;Ungültig;5068;3304;696;483;76;98;;162;186;63;32;32
HE;w;1948 - 1957;CDU;96473;527;82310;5947;886;2255;;3496;591;459;25;434
HE;w;1948 - 1957;SPD;75735;375;3141;66475;1477;2769;;794;340;364;0;188
HE;w;1948 - 1957;DIE LINKE;23176;10;1036;5188;13942;1639;;442;455;464;0;224
HE;w;1948 - 1957;GRÜNE;24388;61;3145;7611;939;12145;;235;94;158;0;96
HE;w;1948 - 1957;FDP;30193;176;11102;2427;404;619;;14531;708;225;0;176
HE;w;1948 - 1957;AfD;25728;229;1322;1138;521;132;;486;21683;217;20;164
HE;w;1948 - 1957;Sonstige;7044;212;874;1180;527;503;;613;626;2511;115;2059
HE;w;1948 - 1957;dar. NPD;237;22;40;0;0;0;;22;39;115;115;0
HE;w;1948 - 1957;dar. FREIE WÄHLER;2445;0;320;301;77;55;;160;103;1428;0;1403
HE;w;1947 und früher;Summe;388042;7739;191285;114746;9098;12699;;27968;21875;2632;130;2237
HE;w;1947 und früher;Ungültig;8931;4490;2218;1235;54;128;;233;359;215;0;110
HE;w;1947 und früher;CDU;175505;998;160143;5232;263;2513;;5293;755;307;24;283
HE;w;1947 und früher;SPD;106790;906;4283;96187;1119;1932;;1239;819;305;0;280
HE;w;1947 und früher;DIE LINKE;11490;190;723;2833;6681;604;;145;238;75;0;75
HE;w;1947 und früher;GRÜNE;15457;147;2901;5135;351;6573;;312;0;38;0;38
HE;w;1947 und früher;FDP;42691;198;18225;2745;162;552;;19949;721;138;0;138
HE;w;1947 und früher;AfD;22861;365;2040;881;125;0;;365;18848;238;26;211
HE;w;1947 und früher;Sonstige;4318;444;752;499;343;396;;432;136;1316;79;1102
HE;w;1947 und früher;dar. NPD;193;0;0;0;24;40;;49;0;79;79;0
HE;w;1947 und früher;dar. FREIE WÄHLER;1462;0;289;108;0;23;;97;0;946;0;946
RP;Summe;Summe;Summe;2392093;36513;932382;676438;133323;140906;;161479;223659;87393;1031;62699
RP;Summe;Summe;Ungültig;29587;16646;5213;4597;259;410;;717;1265;480;0;244
RP;Summe;Summe;CDU;848003;5974;734061;51433;3907;17684;;22913;3765;8265;0;6691
RP;Summe;Summe;SPD;570518;4290;38932;481499;9474;17728;;7359;4988;6249;11;4952
RP;Summe;Summe;DIE LINKE;160912;841;7549;34254;96793;10765;;2722;3312;4678;36;2141
RP;Summe;Summe;GRÜNE;179233;1068;26639;53222;6634;82483;;4168;677;4342;0;2241
RP;Summe;Summe;FDP;245235;1553;92366;25460;1900;5108;;109184;3722;5942;0;4492
RP;Summe;Summe;AfD;265688;4911;20134;18632;8775;1745;;10286;190677;10527;168;9071
RP;Summe;Summe;Sonstige;92917;1231;7489;7342;5581;4982;;4130;15252;46909;816;32866
RP;Summe;Summe;dar. NPD;7685;201;734;620;198;93;;550;3552;1737;562;792
RP;Summe;Summe;dar. FREIE WÄHLER;33090;339;3539;2355;768;894;;1711;1058;22425;54;21781
RP;Summe;1993 - 1999;Summe;186551;2323;58982;56391;12704;20137;;16324;10726;8965;19;4347
RP;Summe;1993 - 1999;Ungültig;1812;1356;204;40;0;0;;66;16;130;0;44
RP;Summe;1993 - 1999;CDU;51518;220;38774;6185;368;2722;;2496;153;602;0;370
RP;Summe;1993 - 1999;SPD;40097;179;4064;31258;824;2109;;756;343;564;0;211
RP;Summe;1993 - 1999;DIE LINKE;16719;4;801;4460;8128;2033;;425;187;681;0;144
RP;Summe;1993 - 1999;GRÜNE;26418;181;4683;7714;1796;10433;;760;91;759;0;291
RP;Summe;1993 - 1999;FDP;24723;60;8082;3789;239;1015;;10605;280;653;0;379
RP;Summe;1993 - 1999;AfD;13593;248;1312;1520;377;377;;540;8635;585;0;418
RP;Summe;1993 - 1999;Sonstige;11671;76;1061;1426;971;1448;;677;1022;4991;19;2489
RP;Summe;1993 - 1999;dar. NPD;718;0;5;136;0;0;;100;338;138;12;0
RP;Summe;1993 - 1999;dar. FREIE WÄHLER;2521;5;208;158;115;115;;180;60;1681;0;1549
RP;Summe;1983 - 1992;Summe;285898;3462;99671;71535;21051;22944;;21998;29237;16000;91;10194
RP;Summe;1983 - 1992;Ungültig;3063;2255;324;277;10;0;;0;160;37;0;37
RP;Summe;1983 - 1992;CDU;86771;539;71369;7247;484;2599;;2745;706;1081;0;729
RP;Summe;1983 - 1992;SPD;55140;152;5704;42828;1594;2593;;1008;741;520;0;418
RP;Summe;1983 - 1992;DIE LINKE;24842;14;1275;5321;14379;1850;;286;585;1132;0;433
RP;Summe;1983 - 1992;GRÜNE;26898;109;3546;6832;1493;13453;;385;212;869;0;268
RP;Summe;1983 - 1992;FDP;34786;42;12858;3855;326;1178;;14721;640;1166;0;926
RP;Summe;1983 - 1992;AfD;35169;200;2727;3608;930;175;;2131;23780;1618;15;1383
RP;Summe;1983 - 1992;Sonstige;19230;151;1867;1567;1835;1097;;722;2414;9577;76;6000
RP;Summe;1983 - 1992;dar. NPD;1656;17;180;25;9;0;;115;1052;257;67;153
RP;Summe;1983 - 1992;dar. FREIE WÄHLER;5467;3;775;390;184;60;;239;260;3556;0;3411
RP;Summe;1973 - 1982;Summe;307041;3378;114897;74081;18426;19695;;22930;36853;16781;464;11620
RP;Summe;1973 - 1982;Ungültig;3066;1940;161;436;60;0;;91;286;92;0;40
RP;Summe;1973 - 1982;CDU;103461;301;85839;7546;566;2565;;3683;745;2217;0;1965
RP;Summe;1973 - 1982;SPD;58298;264;4382;46990;1246;2525;;1035;1124;731;11;450
RP;Summe;1973 - 1982;DIE LINKE;21121;89;1319;3643;13089;1329;;634;413;605;0;226
RP;Summe;1973 - 1982;GRÜNE;25612;14;4453;7224;796;11535;;761;9;820;0;363
RP;Summe;1973 - 1982;FDP;34588;138;13958;3441;433;712;;14206;643;1056;0;825
RP;Summe;1973 - 1982;AfD;43857;438;3195;3650;1365;284;;1773;31180;1971;54;1757
RP;Summe;1973 - 1982;Sonstige;17038;194;1590;1150;870;745;;748;2453;9288;399;5995
RP;Summe;1973 - 1982;dar. NPD;2401;0;391;127;7;93;;192;960;630;274;288
RP;Summe;1973 - 1982;dar. FREIE WÄHLER;5306;90;662;445;38;117;;183;92;3678;0;3530
RP;Summe;1958 - 1972;Summe;722486;9486;254665;202242;44924;51245;;48764;81036;30123;280;24025
RP;Summe;1958 - 1972;Ungültig;6678;3915;1135;998;32;253;;66;184;96;0;79
RP;Summe;1958 - 1972;CDU;233551;1021;198272;15628;1435;6657;;7031;984;2522;0;2093
RP;Summe;1958 - 1972;SPD;165354;1397;11113;138181;2788;5946;;2301;1366;2262;0;2018
RP;Summe;1958 - 1972;DIE LINKE;55607;367;2038;11483;33896;3831;;583;1475;1933;36;1127
RP;Summe;1958 - 1972;GRÜNE;65888;459;8532;20882;1790;30876;;1533;272;1544;0;1113
RP;Summe;1958 - 1972;FDP;71320;535;25234;7963;459;1470;;32436;1105;2117;0;1665
RP;Summe;1958 - 1972;AfD;95039;1316;6510;5222;3121;663;;3738;69961;4506;51;3891
RP;Summe;1958 - 1972;Sonstige;29049;475;1831;1886;1402;1549;;1076;5688;15142;193;12040
RP;Summe;1958 - 1972;dar. NPD;2128;125;158;168;182;0;;99;776;620;123;346
RP;Summe;1958 - 1972;dar. FREIE WÄHLER;12796;126;1056;710;288;600;;551;480;8984;54;8866
RP;Summe;1948 - 1957;Summe;418386;7381;165956;128056;24173;17473;;26229;39636;9483;29;7753
RP;Summe;1948 - 1957;Ungültig;5323;2996;692;1103;85;66;;96;286;0;0;0
RP;Summe;1948 - 1957;CDU;150695;1239;133498;7951;644;1988;;3807;611;957;0;730
RP;Summe;1948 - 1957;SPD;115077;713;7519;98649;2109;2820;;1146;657;1464;0;1296
RP;Summe;1948 - 1957;DIE LINKE;28410;244;1418;5753;18320;1257;;642;503;273;0;157
RP;Summe;1948 - 1957;GRÜNE;22378;46;3087;7185;588;10805;;396;94;176;0;166
RP;Summe;1948 - 1957;FDP;39659;472;15813;3724;201;248;;18279;494;428;0;291
RP;Summe;1948 - 1957;AfD;46708;1417;3392;2675;2018;206;;1239;34567;1194;0;1082
RP;Summe;1948 - 1957;Sonstige;10137;254;538;1016;208;82;;624;2423;4991;29;4031
RP;Summe;1948 - 1957;dar. NPD;573;59;0;164;0;0;;44;285;21;21;0
RP;Summe;1948 - 1957;dar. FREIE WÄHLER;4397;115;368;481;25;3;;355;131;2919;0;2833
RP;Summe;1947 und früher;Summe;471730;10484;238211;144133;12045;9412;;25234;26171;6040;149;4760
RP;Summe;1947 und früher;Ungültig;9644;4185;2698;1743;72;91;;398;332;126;0;45
RP;Summe;1947 und früher;CDU;222006;2655;206309;6876;410;1154;;3151;566;885;0;804
RP;Summe;1947 und früher;SPD;136552;1585;6151;123593;912;1734;;1113;759;706;0;559
RP;Summe;1947 und früher;DIE LINKE;14212;123;697;3592;8980;465;;152;148;55;0;54
RP;Summe;1947 und früher;GRÜNE;12039;257;2338;3386;170;5380;;334;0;174;0;41
RP;Summe;1947 und früher;FDP;40160;306;16420;2687;241;486;;18937;561;522;0;406
RP;Summe;1947 und früher;AfD;31322;1293;2998;1957;964;40;;866;22553;652;48;540
RP;Summe;1947 und früher;Sonstige;5793;80;601;297;296;62;;283;1253;2920;101;2311
RP;Summe;1947 und früher;dar. NPD;209;0;0;0;0;0;;0;140;69;64;5
RP;Summe;1947 und früher;dar. FREIE WÄHLER;2603;0;470;171;117;0;;202;36;1607;0;1593
RP;m;Summe;Summe;1177871;17497;424370;341160;69868;55518;;82401;142367;44691;552;30747
RP;m;Summe;Ungültig;13398;8255;2243;1854;92;30;;218;487;220;0;87
RP;m;Summe;CDU;368984;2057;323038;21487;1506;5768;;9477;2087;3563;0;2737
RP;m;Summe;SPD;284399;1515;17612;243004;5007;7588;;3525;2872;3276;0;2524
RP;m;Summe;DIE LINKE;86235;437;3539;19696;52129;4763;;1240;1776;2655;36;1210
RP;m;Summe;GRÜNE;74824;566;9146;26336;2492;32132;;1686;412;2054;0;985
RP;m;Summe;FDP;133790;851;52377;13548;622;2488;;58271;2293;3341;0;2366
RP;m;Summe;AfD;167862;3192;12808;11152;4986;1074;;5840;122406;6404;88;5536
RP;m;Summe;Sonstige;48380;624;3608;4083;3034;1675;;2144;10033;23179;427;15301
RP;m;Summe;dar. NPD;4761;162;468;297;153;60;;270;2368;984;327;379
RP;m;Summe;dar. FREIE WÄHLER;15308;129;1796;1255;277;163;;977;491;10220;0;9876
RP;m;1993 - 1999;Summe;96542;1015;29221;29754;6780;7621;;9948;6819;5385;13;2237
RP;m;1993 - 1999;Ungültig;825;543;178;0;0;0;;49;10;44;0;44
RP;m;1993 - 1999;CDU;24119;0;18417;3138;189;784;;1115;134;340;0;192
RP;m;1993 - 1999;SPD;20900;68;2024;16365;463;904;;523;168;386;0;130
RP;m;1993 - 1999;DIE LINKE;8698;4;472;2320;4467;770;;195;24;446;0;116
RP;m;1993 - 1999;GRÜNE;10516;88;1489;3533;807;3634;;508;31;426;0;132
RP;m;1993 - 1999;FDP;16202;55;5371;2497;38;661;;6957;183;440;0;216
RP;m;1993 - 1999;AfD;8735;209;697;1107;182;336;;179;5537;489;0;322
RP;m;1993 - 1999;Sonstige;6548;48;573;793;634;533;;421;732;2814;13;1084
RP;m;1993 - 1999;dar. NPD;418;0;5;34;0;0;;40;205;135;9;0
RP;m;1993 - 1999;dar. FREIE WÄHLER;1209;5;116;101;58;26;;143;19;742;0;643
RP;m;1983 - 1992;Summe;142427;1679;46283;36420;10318;9336;;12560;17704;8128;41;4656
RP;m;1983 - 1992;Ungültig;1451;1075;174;122;10;0;;0;66;3;0;3
RP;m;1983 - 1992;CDU;36246;203;30707;2639;153;728;;1140;277;399;0;158
RP;m;1983 - 1992;SPD;27912;0;2461;22054;601;1348;;552;635;262;0;220
RP;m;1983 - 1992;DIE LINKE;12952;9;659;2968;7262;1011;;144;247;652;0;134
RP;m;1983 - 1992;GRÜNE;10692;97;1334;3054;505;5088;;154;202;258;0;25
RP;m;1983 - 1992;FDP;21031;42;8025;2308;75;693;;8965;402;521;0;321
RP;m;1983 - 1992;AfD;21722;141;2045;2150;551;89;;1220;14731;795;5;693
RP;m;1983 - 1992;Sonstige;10420;111;878;1125;1162;379;;385;1142;5237;36;3101
RP;m;1983 - 1992;dar. NPD;928;17;98;15;0;0;;73;686;39;36;3
RP;m;1983 - 1992;dar. FREIE WÄHLER;2786;3;341;291;130;0;;115;124;1782;0;1753
RP;m;1973 - 1982;Summe;150437;1706;52381;34851;8893;8029;;12037;23575;8964;187;5940
RP;m;1973 - 1982;Ungültig;1414;944;0;132;60;0;;0;202;76;0;40
RP;m;1973 - 1982;CDU;44831;202;37692;2913;202;975;;1585;331;929;0;759
RP;m;1973 - 1982;SPD;27684;112;1801;22686;644;1033;;378;595;434;0;242
RP;m;1973 - 1982;DIE LINKE;10074;27;553;1849;6406;459;;309;171;300;0;135
RP;m;1973 - 1982;GRÜNE;10544;9;1400;3262;238;4753;;364;0;517;0;220
RP;m;1973 - 1982;FDP;18922;42;8047;1560;96;287;;8031;364;495;0;392
RP;m;1973 - 1982;AfD;27714;314;2010;1841;730;181;;1011;20384;1243;0;1117
RP;m;1973 - 1982;Sonstige;9254;55;877;608;517;340;;359;1527;4971;187;3035
RP;m;1973 - 1982;dar. NPD;1393;0;290;76;3;60;;75;580;309;127;152
RP;m;1973 - 1982;dar. FREIE WÄHLER;2777;3;422;244;38;18;;137;59;1856;0;1760
RP;m;1958 - 1972;Summe;364539;4741;121314;104880;23365;19357;;23519;52339;15025;205;11970
RP;m;1958 - 1972;Ungültig;3040;2100;436;488;0;0;;0;0;16;0;0
RP;m;1958 - 1972;CDU;106614;350;92570;6618;542;2159;;2870;560;945;0;826
RP;m;1958 - 1972;SPD;85366;498;5606;72583;1410;2349;;834;747;1338;0;1170
RP;m;1958 - 1972;DIE LINKE;29708;223;834;6441;18322;1650;;330;861;1047;36;687
RP;m;1958 - 1972;GRÜNE;27953;204;3099;10766;629;12080;;395;121;658;0;466
RP;m;1958 - 1972;FDP;37410;287;14121;4022;187;511;;16336;783;1165;0;900
RP;m;1958 - 1972;AfD;59846;898;3945;2977;1802;222;;2191;45114;2697;35;2386
RP;m;1958 - 1972;Sonstige;14602;181;703;984;473;387;;562;4153;7159;134;5535
RP;m;1958 - 1972;dar. NPD;1486;86;75;101;150;0;;39;576;459;118;220
RP;m;1958 - 1972;dar. FREIE WÄHLER;5658;30;490;341;30;116;;356;238;4057;0;4004
RP;m;1948 - 1957;Summe;209253;4023;75294;67092;13675;7275;;12442;24931;4521;29;3723
RP;m;1948 - 1957;Ungültig;2454;1567;268;429;0;0;;24;165;0;0;0
RP;m;1948 - 1957;CDU;66479;637;59085;3038;275;779;;1662;442;561;0;436
RP;m;1948 - 1957;SPD;59126;324;3266;51529;1292;1035;;717;310;653;0;583
RP;m;1948 - 1957;DIE LINKE;16278;124;583;3675;10418;719;;257;325;177;0;106
RP;m;1948 - 1957;GRÜNE;10381;33;1151;4294;184;4335;;179;59;147;0;137
RP;m;1948 - 1957;FDP;20368;332;8463;1906;169;164;;8767;243;324;0;231
RP;m;1948 - 1957;AfD;29135;808;2141;1707;1181;206;;599;21707;785;0;721
RP;m;1948 - 1957;Sonstige;5033;200;337;514;156;36;;236;1680;1874;29;1510
RP;m;1948 - 1957;dar. NPD;424;59;0;71;0;0;;44;230;21;21;0
RP;m;1948 - 1957;dar. FREIE WÄHLER;1828;89;249;256;21;3;;107;34;1071;0;1019
RP;m;1947 und früher;Summe;214673;4333;99877;68163;6837;3900;;11895;16999;2668;77;2222
RP;m;1947 und früher;Ungültig;4214;2025;1186;682;22;30;;144;44;81;0;0
RP;m;1947 und früher;CDU;90696;665;84566;3141;145;343;;1104;342;389;0;366
RP;m;1947 und früher;SPD;63412;513;2454;57787;596;919;;521;416;205;0;179
RP;m;1947 und früher;DIE LINKE;8524;50;437;2443;5254;154;;5;148;33;0;32
RP;m;1947 und früher;GRÜNE;4738;135;673;1426;128;2242;;86;0;46;0;5
RP;m;1947 und früher;FDP;19857;93;8352;1255;57;172;;9214;318;396;0;307
RP;m;1947 und früher;AfD;20710;823;1969;1369;541;40;;639;14933;395;48;297
RP;m;1947 und früher;Sonstige;2522;28;239;59;93;0;;181;799;1123;29;1036
RP;m;1947 und früher;dar. NPD;112;0;0;0;0;0;;0;91;21;16;5
RP;m;1947 und früher;dar. FREIE WÄHLER;1051;0;179;22;0;0;;119;18;712;0;698
RP;w;Summe;Summe;1214222;19016;508012;335278;63455;85388;;79078;81292;42702;480;31952
RP;w;Summe;Ungültig;16189;8391;2970;2743;167;381;;499;778;260;0;158
RP;w;Summe;CDU;479019;3917;411023;29946;2401;11917;;13436;1678;4702;0;3954
RP;w;Summe;SPD;286119;2775;21320;238495;4467;10140;;3834;2117;2973;11;2428
RP;w;Summe;DIE LINKE;74677;404;4010;14558;44664;6001;;1482;1535;2023;0;931
RP;w;Summe;GRÜNE;104409;502;17494;26886;4142;50351;;2481;265;2288;0;1256
RP;w;Summe;FDP;111445;702;39989;11912;1278;2620;;50913;1430;2601;0;2125
RP;w;Summe;AfD;97826;1719;7326;7480;3789;671;;4446;68271;4124;80;3535
RP;w;Summe;Sonstige;44537;607;3881;3259;2548;3308;;1986;5219;23730;389;17565
RP;w;Summe;dar. NPD;2924;39;266;323;45;34;;280;1185;752;235;413
RP;w;Summe;dar. FREIE WÄHLER;17781;210;1743;1100;490;731;;734;568;12206;54;11905
RP;w;1993 - 1999;Summe;90009;1309;29761;26637;5924;12516;;6376;3907;3580;6;2110
RP;w;1993 - 1999;Ungültig;987;812;26;40;0;0;;17;6;86;0;0
RP;w;1993 - 1999;CDU;27400;220;20356;3047;178;1938;;1381;18;261;0;178
RP;w;1993 - 1999;SPD;19197;111;2040;14893;362;1206;;232;175;179;0;81
RP;w;1993 - 1999;DIE LINKE;8022;0;328;2140;3662;1263;;230;163;234;0;29
RP;w;1993 - 1999;GRÜNE;15902;94;3195;4180;989;6799;;252;60;333;0;158
RP;w;1993 - 1999;FDP;8521;4;2712;1292;201;354;;3647;97;213;0;163
RP;w;1993 - 1999;AfD;4858;39;615;412;196;41;;361;3098;96;0;96
RP;w;1993 - 1999;Sonstige;5122;28;488;633;337;915;;256;289;2176;6;1405
RP;w;1993 - 1999;dar. NPD;300;0;0;102;0;0;;61;133;4;4;0
RP;w;1993 - 1999;dar. FREIE WÄHLER;1312;0;92;57;56;89;;37;41;939;0;905
RP;w;1983 - 1992;Summe;143471;1783;53388;35115;10733;13608;;9438;11533;7873;50;5538
RP;w;1983 - 1992;Ungültig;1612;1179;150;154;0;0;;0;94;34;0;34
RP;w;1983 - 1992;CDU;50525;336;40662;4609;332;1871;;1605;429;682;0;571
RP;w;1983 - 1992;SPD;27228;152;3243;20774;993;1245;;456;105;259;0;197
RP;w;1983 - 1992;DIE LINKE;11889;5;616;2353;7117;839;;142;337;479;0;299
RP;w;1983 - 1992;GRÜNE;16206;13;2212;3778;988;8364;;230;10;610;0;243
RP;w;1983 - 1992;FDP;13754;0;4833;1547;251;485;;5756;238;645;0;605
RP;w;1983 - 1992;AfD;13447;59;683;1458;379;86;;911;9049;823;10;691
RP;w;1983 - 1992;Sonstige;8810;39;989;442;674;718;;336;1272;4340;40;2899
RP;w;1983 - 1992;dar. NPD;728;0;82;10;9;0;;41;366;218;31;150
RP;w;1983 - 1992;dar. FREIE WÄHLER;2681;0;434;99;54;60;;125;136;1774;0;1658
RP;w;1973 - 1982;Summe;156605;1672;62516;39230;9533;11666;;10893;13278;7817;277;5680
RP;w;1973 - 1982;Ungültig;1653;996;161;304;0;0;;91;84;16;0;0
RP;w;1973 - 1982;CDU;58631;98;48147;4633;364;1589;;2098;414;1287;0;1205
RP;w;1973 - 1982;SPD;30614;152;2581;24304;602;1492;;657;528;298;11;208
RP;w;1973 - 1982;DIE LINKE;11047;62;766;1795;6683;869;;324;242;306;0;90
RP;w;1973 - 1982;GRÜNE;15068;5;3052;3962;558;6782;;397;9;303;0;143
RP;w;1973 - 1982;FDP;15666;96;5911;1881;338;425;;6175;279;561;0;433
RP;w;1973 - 1982;AfD;16143;124;1185;1809;635;103;;762;10796;728;54;639
RP;w;1973 - 1982;Sonstige;7783;139;713;542;353;405;;389;926;4317;212;2961
RP;w;1973 - 1982;dar. NPD;1008;0;101;50;4;34;;117;380;322;147;137
RP;w;1973 - 1982;dar. FREIE WÄHLER;2529;87;240;202;0;99;;46;34;1822;0;1770
RP;w;1958 - 1972;Summe;357946;4745;133351;97362;21559;31888;;25246;28697;15098;75;12055
RP;w;1958 - 1972;Ungültig;3638;1815;699;509;32;253;;66;184;79;0;79
RP;w;1958 - 1972;CDU;126937;671;105702;9010;893;4498;;4161;424;1578;0;1267
RP;w;1958 - 1972;SPD;79989;898;5507;65598;1378;3597;;1467;619;925;0;848
RP;w;1958 - 1972;DIE LINKE;25898;144;1204;5042;15574;2181;;253;615;886;0;440
RP;w;1958 - 1972;GRÜNE;37935;255;5433;10115;1161;18796;;1138;151;885;0;647
RP;w;1958 - 1972;FDP;33910;249;11114;3942;273;959;;16100;322;952;0;765
RP;w;1958 - 1972;AfD;35192;418;2565;2245;1319;441;;1547;24847;1810;16;1505
RP;w;1958 - 1972;Sonstige;14447;294;1128;901;929;1162;;514;1535;7984;59;6505
RP;w;1958 - 1972;dar. NPD;642;39;83;67;32;0;;60;200;161;5;126
RP;w;1958 - 1972;dar. FREIE WÄHLER;7138;97;567;369;258;483;;194;242;4927;54;4862
RP;w;1948 - 1957;Summe;209134;3357;90662;60964;10498;10198;;13787;14705;4962;0;4030
RP;w;1948 - 1957;Ungültig;2869;1429;423;674;85;66;;71;121;0;0;0
RP;w;1948 - 1957;CDU;84216;602;74413;4913;369;1209;;2144;169;397;0;295
RP;w;1948 - 1957;SPD;55952;389;4252;47120;817;1785;;430;347;812;0;714
RP;w;1948 - 1957;DIE LINKE;12132;120;836;2078;7901;538;;386;178;95;0;51
RP;w;1948 - 1957;GRÜNE;11997;14;1936;2891;405;6471;;217;35;29;0;29
RP;w;1948 - 1957;FDP;19291;140;7350;1818;31;84;;9512;251;104;0;60
RP;w;1948 - 1957;AfD;17573;609;1250;967;837;0;;640;12861;409;0;361
RP;w;1948 - 1957;Sonstige;5103;55;201;502;52;46;;388;743;3117;0;2520
RP;w;1948 - 1957;dar. NPD;149;0;0;93;0;0;;0;56;0;0;0
RP;w;1948 - 1957;dar. FREIE WÄHLER;2569;26;120;225;4;0;;249;97;1848;0;1814
RP;w;1947 und früher;Summe;257058;6150;138334;75970;5208;5513;;13339;9172;3372;72;2539
RP;w;1947 und früher;Ungültig;5431;2159;1511;1061;50;62;;254;288;45;0;45
RP;w;1947 und früher;CDU;131311;1990;121742;3735;265;812;;2047;224;497;0;438
RP;w;1947 und früher;SPD;73140;1072;3697;65806;315;815;;591;342;501;0;380
RP;w;1947 und früher;DIE LINKE;5688;73;260;1149;3727;311;;147;0;22;0;22
RP;w;1947 und früher;GRÜNE;7301;122;1664;1960;42;3138;;248;0;127;0;36
RP;w;1947 und früher;FDP;20304;213;8069;1432;184;313;;9723;243;126;0;99
RP;w;1947 und früher;AfD;10612;470;1028;588;423;0;;226;7620;257;0;243
RP;w;1947 und früher;Sonstige;3271;52;362;239;202;62;;102;454;1797;72;1275
RP;w;1947 und früher;dar. NPD;98;0;0;0;0;0;;0;50;48;48;0
RP;w;1947 und früher;dar. FREIE WÄHLER;1553;0;291;149;117;0;;83;18;895;0;895
BW;Summe;Summe;Summe;6053943;70712;2350054;1166668;325019;801880;;517512;690128;131970;2056;33732
BW;Summe;Summe;Ungültig;60975;40249;9501;4034;996;1103;;1358;3477;257;0;69
BW;Summe;Summe;CDU;2061687;8887;1726960;84592;9186;121491;;84382;14903;11286;26;4015
BW;Summe;Summe;SPD;982370;4227;73418;755266;22700;85044;;18935;15544;7235;130;2322
BW;Summe;Summe;DIE LINKE;380727;1337;17393;60821;225761;48774;;7363;9005;10273;26;1345
BW;Summe;Summe;GRÜNE;807205;2207;129148;158319;20980;468092;;15696;3365;9399;26;1519
BW;Summe;Summe;FDP;762008;2922;301844;46653;5882;32794;;345279;18552;8082;0;2937
BW;Summe;Summe;AfD;730499;3316;55201;27360;9339;6168;;24051;598285;6778;588;1892
BW;Summe;Summe;Sonstige;268472;7567;36588;29623;30176;38413;;20449;26996;78660;1260;19633
BW;Summe;Summe;dar. NPD;15745;479;1554;841;800;399;;798;9100;1773;709;180
BW;Summe;Summe;dar. FREIE WÄHLER;42133;1169;8838;4243;1886;3419;;4486;3169;14923;61;12626
BW;Summe;1993 - 1999;Summe;483713;4295;156857;94569;35853;89183;;48726;34936;19294;421;2381
BW;Summe;1993 - 1999;Ungültig;2663;2104;253;119;0;46;;114;28;0;0;0
BW;Summe;1993 - 1999;CDU;127249;328;95054;10291;641;11938;;7159;771;1066;0;210
BW;Summe;1993 - 1999;SPD;75853;168;10411;48317;2640;9633;;2161;1409;1113;0;227
BW;Summe;1993 - 1999;DIE LINKE;40553;75;1788;6455;21593;7499;;659;375;2110;0;69
BW;Summe;1993 - 1999;GRÜNE;82996;162;13615;14903;3538;46218;;1887;457;2216;0;141
BW;Summe;1993 - 1999;FDP;72187;228;25731;6753;957;4646;;31029;1554;1287;0;238
BW;Summe;1993 - 1999;AfD;37760;176;4352;1805;600;487;;2313;27529;498;218;51
BW;Summe;1993 - 1999;Sonstige;44453;1055;5653;5925;5884;8714;;3404;2812;11006;203;1446
BW;Summe;1993 - 1999;dar. NPD;2054;41;108;234;0;57;;171;1106;338;146;0
BW;Summe;1993 - 1999;dar. FREIE WÄHLER;2911;0;916;248;206;232;;333;189;787;0;672
BW;Summe;1983 - 1992;Summe;838597;6551;296177;152168;61428;123399;;75468;90058;33348;428;6358
BW;Summe;1983 - 1992;Ungültig;3900;3094;204;77;158;88;;0;237;43;0;0
BW;Summe;1983 - 1992;CDU;249942;818;194644;15385;1903;20210;;12252;2219;2511;0;769
BW;Summe;1983 - 1992;SPD;117839;217;11907;83018;3153;12402;;3640;2230;1272;45;210
BW;Summe;1983 - 1992;DIE LINKE;70234;260;3559;10046;41071;9880;;1111;1150;3157;0;290
BW;Summe;1983 - 1992;GRÜNE;113291;83;17581;22966;4051;64047;;2009;497;2056;0;246
BW;Summe;1983 - 1992;FDP;112009;229;47184;6723;1051;5209;;46328;3064;2220;0;554
BW;Summe;1983 - 1992;AfD;97937;293;10345;4869;1478;1048;;4022;74185;1697;115;432
BW;Summe;1983 - 1992;Sonstige;73444;1557;10754;9085;8561;10515;;6106;6475;20391;268;3856
BW;Summe;1983 - 1992;dar. NPD;4352;0;410;301;158;103;;337;2690;352;81;52
BW;Summe;1983 - 1992;dar. FREIE WÄHLER;9749;260;2972;1296;180;615;;1035;607;2785;0;2263
BW;Summe;1973 - 1982;Summe;806878;6542;298674;127394;47084;118744;;71177;112914;24349;362;6314
BW;Summe;1973 - 1982;Ungültig;5403;4168;448;182;139;74;;47;242;103;0;0
BW;Summe;1973 - 1982;CDU;253554;404;205983;10741;1432;18371;;11942;2689;1990;0;645
BW;Summe;1973 - 1982;SPD;101094;247;8702;73825;2438;10766;;1973;2105;1038;0;450
BW;Summe;1973 - 1982;DIE LINKE;54348;79;2983;7160;32753;6581;;1188;1566;2038;0;148
BW;Summe;1973 - 1982;GRÜNE;121513;150;21200;22293;2638;71017;;2466;274;1476;0;224
BW;Summe;1973 - 1982;FDP;104482;187;43678;5410;726;4451;;45610;3055;1366;0;680
BW;Summe;1973 - 1982;AfD;116812;178;8691;3447;1354;1027;;4337;96616;1162;0;479
BW;Summe;1973 - 1982;Sonstige;49671;1129;6988;4336;5605;6457;;3614;6367;15176;362;3689
BW;Summe;1973 - 1982;dar. NPD;3783;137;350;103;262;169;;64;2307;392;248;0
BW;Summe;1973 - 1982;dar. FREIE WÄHLER;8696;108;2028;785;386;766;;1047;650;2926;61;2329
BW;Summe;1958 - 1972;Summe;1806768;18658;631149;338436;102396;287519;;144338;246471;37802;551;12379
BW;Summe;1958 - 1972;Ungültig;13645;9912;1129;695;125;213;;280;1239;51;0;9
BW;Summe;1958 - 1972;CDU;568807;2038;458596;24944;3606;44566;;25848;5164;4046;0;1618
BW;Summe;1958 - 1972;SPD;284685;1003;18917;213795;7378;29596;;5470;5803;2724;59;1059
BW;Summe;1958 - 1972;DIE LINKE;117903;469;5030;17574;71686;15533;;2471;3176;1964;0;399
BW;Summe;1958 - 1972;GRÜNE;285081;775;41371;52539;6755;174848;;4933;1111;2750;26;620
BW;Summe;1958 - 1972;FDP;206172;1004;80808;12579;1683;10383;;92987;4909;1820;0;713
BW;Summe;1958 - 1972;AfD;259329;920;16154;9265;3724;2473;;7347;217198;2249;168;678
BW;Summe;1958 - 1972;Sonstige;71145;2537;9143;7046;7438;9907;;5004;7871;22198;298;7284
BW;Summe;1958 - 1972;dar. NPD;3654;260;303;72;203;36;;102;2238;439;149;60
BW;Summe;1958 - 1972;dar. FREIE WÄHLER;14109;472;2254;1373;762;1322;;1398;1152;5375;0;4642
BW;Summe;1948 - 1957;Summe;931402;12824;358024;205634;49711;102694;;76509;115783;10224;158;3902
BW;Summe;1948 - 1957;Ungültig;11051;6930;1563;813;327;237;;202;918;61;0;61
BW;Summe;1948 - 1957;CDU;315121;1859;273219;11188;1036;13786;;11051;2148;833;0;393
BW;Summe;1948 - 1957;SPD;176615;1079;10409;142650;4541;11915;;3211;2099;711;26;247
BW;Summe;1948 - 1957;DIE LINKE;61452;182;2501;11596;37180;6421;;1231;1655;685;0;321
BW;Summe;1948 - 1957;GRÜNE;112988;470;17074;25704;2600;63238;;2574;648;679;0;203
BW;Summe;1948 - 1957;FDP;115491;636;42934;8185;857;4348;;54833;2986;712;0;489
BW;Summe;1948 - 1957;AfD;120870;742;8120;3660;1272;972;;2307;102955;840;87;179
BW;Summe;1948 - 1957;Sonstige;17814;927;2203;1837;1896;1776;;1100;2373;5702;45;2011
BW;Summe;1948 - 1957;dar. NPD;1009;39;217;0;72;0;;95;505;80;0;33
BW;Summe;1948 - 1957;dar. FREIE WÄHLER;3861;274;366;324;241;158;;177;468;1853;0;1565
BW;Summe;1947 und früher;Summe;1186585;21841;609172;248467;28548;80341;;101295;89967;6954;136;2397
BW;Summe;1947 und früher;Ungültig;24313;14041;5904;2149;247;445;;715;812;0;0;0
BW;Summe;1947 und früher;CDU;547014;3441;499463;12042;568;12619;;16131;1912;838;26;380
BW;Summe;1947 und früher;SPD;226284;1514;13071;193662;2549;10731;;2481;1898;377;0;130
BW;Summe;1947 und früher;DIE LINKE;36236;272;1532;7990;21477;2859;;703;1084;319;26;120
BW;Summe;1947 und früher;GRÜNE;91336;567;18307;19913;1397;48725;;1827;378;222;0;85
BW;Summe;1947 und früher;FDP;151668;638;61509;7003;608;3756;;74492;2984;678;0;264
BW;Summe;1947 und früher;AfD;97790;1006;7539;4313;910;161;;3725;79802;332;0;73
BW;Summe;1947 und früher;Sonstige;11945;362;1847;1394;792;1044;;1221;1098;4187;84;1346
BW;Summe;1947 und früher;dar. NPD;893;0;166;132;105;34;;30;254;172;84;35
BW;Summe;1947 und früher;dar. FREIE WÄHLER;2808;57;302;216;110;326;;497;103;1196;0;1156
BW;m;Summe;Summe;2966270;33611;1080726;582201;171684;330919;;264222;435588;67319;1108;16905
BW;m;Summe;Ungültig;27203;18571;3706;1815;572;352;;605;1501;83;0;40
BW;m;Summe;CDU;894008;3964;762183;34212;3464;40799;;35936;8287;5164;26;1966
BW;m;Summe;SPD;489391;2308;34255;382856;11188;37033;;9098;9064;3590;30;1378
BW;m;Summe;DIE LINKE;203996;796;7620;34715;122981;23459;;3306;4799;6323;26;711
BW;m;Summe;GRÜNE;339782;821;49348;73903;8146;194863;;6298;1593;4811;0;844
BW;m;Summe;FDP;421679;1494;173760;25879;2869;15753;;185340;11700;4885;0;1515
BW;m;Summe;AfD;464643;1946;35278;15766;5884;3711;;14209;383834;4015;361;1282
BW;m;Summe;Sonstige;125567;3712;14577;13055;16581;14949;;9431;14812;38450;665;9168
BW;m;Summe;dar. NPD;10106;329;853;470;402;203;;518;6494;839;408;67
BW;m;Summe;dar. FREIE WÄHLER;19772;719;3552;1822;1111;1496;;2080;1862;7128;61;6005
BW;m;1993 - 1999;Summe;248017;2306;78803;48220;18485;35340;;30061;23597;11206;316;1185
BW;m;1993 - 1999;Ungültig;1685;1277;205;84;0;0;;90;28;0;0;0
BW;m;1993 - 1999;CDU;58152;170;45098;4437;292;3928;;3299;496;432;0;58
BW;m;1993 - 1999;SPD;38257;113;5026;25169;1343;3919;;991;910;786;0;197
BW;m;1993 - 1999;DIE LINKE;20517;40;817;3889;10655;3311;;311;130;1366;0;0
BW;m;1993 - 1999;GRÜNE;34681;119;5947;6739;1442;18266;;947;206;1015;0;64
BW;m;1993 - 1999;FDP;47022;144;16838;4114;512;2352;;20944;1109;1007;0;130
BW;m;1993 - 1999;AfD;24692;0;2363;953;385;142;;1572;18960;317;114;22
BW;m;1993 - 1999;Sonstige;23011;442;2508;2837;3855;3422;;1906;1757;6283;203;715
BW;m;1993 - 1999;dar. NPD;1272;0;0;90;0;0;;138;814;229;146;0
BW;m;1993 - 1999;dar. FREIE WÄHLER;1513;0;466;155;174;126;;139;82;369;0;334
BW;m;1983 - 1992;Summe;421270;3216;141200;74338;34279;50705;;43822;56536;17175;240;2987
BW;m;1983 - 1992;Ungültig;1776;1496;40;45;97;0;;0;97;0;0;0
BW;m;1983 - 1992;CDU;110131;306;87657;6085;838;6874;;6101;1144;1127;0;458
BW;m;1983 - 1992;SPD;57163;93;5653;41629;1658;4469;;1922;1084;654;0;82
BW;m;1983 - 1992;DIE LINKE;38613;207;1291;5232;23872;4675;;600;703;2033;0;145
BW;m;1983 - 1992;GRÜNE;47527;0;6842;10272;1367;26613;;951;273;1210;0;182
BW;m;1983 - 1992;FDP;67499;99;28457;3904;640;2882;;28212;1920;1386;0;331
BW;m;1983 - 1992;AfD;62183;233;6559;2709;942;674;;2827;47357;882;115;198
BW;m;1983 - 1992;Sonstige;36378;781;4701;4462;4865;4518;;3210;3958;9883;125;1590
BW;m;1983 - 1992;dar. NPD;2610;0;236;129;33;46;;219;1796;151;81;13
BW;m;1983 - 1992;dar. FREIE WÄHLER;4367;158;1245;393;148;326;;558;380;1161;0;844
BW;m;1973 - 1982;Summe;404698;3363;142367;60500;25091;50059;;37387;73026;12906;173;3325
BW;m;1973 - 1982;Ungültig;2774;2249;199;24;139;41;;0;80;43;0;0
BW;m;1973 - 1982;CDU;115036;141;95104;4438;487;6860;;5497;1422;1086;0;368
BW;m;1973 - 1982;SPD;47737;73;3880;34805;975;5003;;1026;1422;552;0;268
BW;m;1973 - 1982;DIE LINKE;28873;26;1181;3714;18219;3333;;364;882;1154;0;65
BW;m;1973 - 1982;GRÜNE;50635;115;7749;10486;946;29227;;1083;119;911;0;68
BW;m;1973 - 1982;FDP;59290;42;25871;3247;278;2075;;25014;2091;673;0;304
BW;m;1973 - 1982;AfD;76218;66;5852;1885;789;718;;2446;63701;760;0;372
BW;m;1973 - 1982;Sonstige;24135;651;2530;1901;3258;2801;;1958;3309;7727;173;1880
BW;m;1973 - 1982;dar. NPD;2574;137;242;61;189;88;;34;1643;180;58;0
BW;m;1973 - 1982;dar. FREIE WÄHLER;4111;42;824;361;130;379;;517;395;1464;61;1189
BW;m;1958 - 1972;Summe;906292;9205;305877;171702;51922;121174;;69628;158246;18536;275;6657
BW;m;1958 - 1972;Ungültig;6294;4661;633;372;83;31;;103;402;9;0;9
BW;m;1958 - 1972;CDU;258954;960;215818;10103;1313;15368;;10746;2890;1754;0;780
BW;m;1958 - 1972;SPD;144917;710;9205;110397;3743;13733;;2803;3257;1068;30;546
BW;m;1958 - 1972;DIE LINKE;61875;203;2484;10155;37557;7471;;1178;1659;1169;0;248
BW;m;1958 - 1972;GRÜNE;123218;177;16202;25676;2632;74950;;1842;515;1224;0;335
BW;m;1958 - 1972;FDP;112458;608;47798;6759;760;4720;;47549;3169;1095;0;462
BW;m;1958 - 1972;AfD;167403;625;10285;5386;2489;1553;;3777;141987;1302;106;507
BW;m;1958 - 1972;Sonstige;31172;1261;3452;2854;3346;3347;;1632;4366;10915;139;3770
BW;m;1958 - 1972;dar. NPD;2382;152;167;59;32;36;;57;1673;206;96;54
BW;m;1958 - 1972;dar. FREIE WÄHLER;7189;375;799;684;475;572;;633;734;2915;0;2558
BW;m;1948 - 1957;Summe;456239;6842;161208;107463;26693;42781;;36317;70107;4829;26;1902
BW;m;1948 - 1957;Ungültig;5440;3501;689;392;152;100;;109;464;31;0;31
BW;m;1948 - 1957;CDU;135918;1247;119747;4243;346;4326;;4265;1295;449;0;196
BW;m;1948 - 1957;SPD;92166;604;4729;76052;2516;5285;;1336;1338;306;0;155
BW;m;1948 - 1957;DIE LINKE;33876;182;1070;6891;20519;3284;;549;952;429;0;181
BW;m;1948 - 1957;GRÜNE;48152;223;5973;12615;1267;26572;;810;334;359;0;165
BW;m;1948 - 1957;FDP;59451;256;23041;4384;399;2045;;27333;1666;325;0;129
BW;m;1948 - 1957;AfD;74409;437;5200;2377;687;503;;1575;63101;530;26;110
BW;m;1948 - 1957;Sonstige;6826;391;758;508;808;665;;337;957;2400;0;935
BW;m;1948 - 1957;dar. NPD;684;39;96;0;42;0;;70;391;47;0;0
BW;m;1948 - 1957;dar. FREIE WÄHLER;1822;88;125;103;147;37;;49;271;1002;0;863
BW;m;1947 und früher;Summe;529753;8680;251271;119978;15214;30860;;47006;54076;2667;78;849
BW;m;1947 und früher;Ungültig;9234;5386;1938;899;101;180;;303;429;0;0;0
BW;m;1947 und früher;CDU;215816;1139;198758;4906;187;3443;;6028;1040;315;26;105
BW;m;1947 und früher;SPD;109150;713;5762;94804;953;4623;;1020;1051;224;0;130
BW;m;1947 und früher;DIE LINKE;20242;138;776;4834;12159;1386;;304;473;172;26;73
BW;m;1947 und früher;GRÜNE;35569;188;6636;8116;492;19235;;665;146;93;0;31
BW;m;1947 und früher;FDP;75959;345;31754;3470;279;1678;;36288;1745;398;0;158
BW;m;1947 und früher;AfD;59738;584;5020;2456;593;121;;2012;48727;225;0;73
BW;m;1947 und früher;Sonstige;4044;186;627;493;449;195;;387;465;1241;26;278
BW;m;1947 und früher;dar. NPD;586;0;113;132;105;34;;0;177;26;26;0
BW;m;1947 und früher;dar. FREIE WÄHLER;770;57;92;127;37;56;;184;0;217;0;217
BW;w;Summe;Summe;3087673;37101;1269328;584467;153335;470961;;253290;254540;64651;948;16827
BW;w;Summe;Ungültig;33772;21678;5796;2220;424;752;;752;1976;175;0;29
BW;w;Summe;CDU;1167679;4924;964777;50379;5722;80691;;48447;6617;6122;0;2049
BW;w;Summe;SPD;492979;1920;39163;372410;11513;48011;;9837;6481;3645;101;944
BW;w;Summe;DIE LINKE;176731;541;9774;26106;102780;25316;;4057;4207;3950;0;634
BW;w;Summe;GRÜNE;467423;1386;79799;84416;12834;273230;;9398;1772;4588;26;675
BW;w;Summe;FDP;340329;1428;128084;20774;3012;17041;;159939;6852;3197;0;1422
BW;w;Summe;AfD;265856;1370;19923;11594;3455;2457;;9842;214451;2763;227;609
BW;w;Summe;Sonstige;142905;3854;22011;16568;13595;23464;;11018;12184;40210;595;10465
BW;w;Summe;dar. NPD;5639;150;701;371;398;195;;281;2607;935;301;113
BW;w;Summe;dar. FREIE WÄHLER;22361;450;5286;2420;775;1923;;2406;1307;7795;0;6622
BW;w;1993 - 1999;Summe;235696;1990;78055;46349;17368;53843;;18665;11339;8088;104;1196
BW;w;1993 - 1999;Ungültig;979;827;47;35;0;46;;24;0;0;0;0
BW;w;1993 - 1999;CDU;69097;158;49956;5854;348;8011;;3860;275;634;0;152
BW;w;1993 - 1999;SPD;37595;54;5385;23149;1297;5714;;1170;499;327;0;30
BW;w;1993 - 1999;DIE LINKE;20036;35;971;2567;10938;4189;;348;245;744;0;69
BW;w;1993 - 1999;GRÜNE;48315;43;7668;8164;2096;27952;;940;251;1200;0;77
BW;w;1993 - 1999;FDP;25165;84;8893;2639;445;2294;;10085;445;280;0;109
BW;w;1993 - 1999;AfD;13068;176;1990;852;215;345;;740;8569;180;104;29
BW;w;1993 - 1999;Sonstige;21442;612;3144;3089;2029;5292;;1498;1055;4723;0;731
BW;w;1993 - 1999;dar. NPD;783;41;108;144;0;57;;33;292;108;0;0
BW;w;1993 - 1999;dar. FREIE WÄHLER;1398;0;450;93;32;106;;193;106;418;0;338
BW;w;1983 - 1992;Summe;417326;3335;154977;77830;27149;72695;;31645;33522;16173;188;3371
BW;w;1983 - 1992;Ungültig;2125;1597;164;32;61;88;;0;139;43;0;0
BW;w;1983 - 1992;CDU;139811;512;106987;9300;1065;13336;;6151;1076;1385;0;311
BW;w;1983 - 1992;SPD;60676;124;6254;41389;1496;7933;;1717;1146;618;45;127
BW;w;1983 - 1992;DIE LINKE;31621;53;2268;4814;17199;5205;;511;447;1124;0;145
BW;w;1983 - 1992;GRÜNE;65764;83;10739;12694;2684;37435;;1058;224;847;0;64
BW;w;1983 - 1992;FDP;44509;131;18727;2819;411;2328;;18117;1145;833;0;222
BW;w;1983 - 1992;AfD;35754;60;3785;2160;537;373;;1195;26828;816;0;235
BW;w;1983 - 1992;Sonstige;37066;776;6052;4623;3697;5997;;2896;2518;10508;143;2266
BW;w;1983 - 1992;dar. NPD;1743;0;174;173;124;57;;118;894;202;0;38
BW;w;1983 - 1992;dar. FREIE WÄHLER;5382;102;1726;903;33;289;;477;227;1624;0;1419
BW;w;1973 - 1982;Summe;402180;3180;156307;66894;21993;68685;;33789;39888;11443;190;2989
BW;w;1973 - 1982;Ungültig;2629;1920;248;158;0;33;;47;162;60;0;0
BW;w;1973 - 1982;CDU;138518;263;110879;6303;945;11511;;6445;1267;904;0;276
BW;w;1973 - 1982;SPD;53357;174;4822;39019;1463;5763;;947;683;486;0;182
BW;w;1973 - 1982;DIE LINKE;25475;53;1802;3446;14533;3248;;824;684;885;0;83
BW;w;1973 - 1982;GRÜNE;70878;36;13451;11807;1692;41789;;1383;155;565;0;157
BW;w;1973 - 1982;FDP;45191;144;17807;2163;447;2377;;20597;964;693;0;376
BW;w;1973 - 1982;AfD;40594;112;2839;1562;564;309;;1891;32915;403;0;107
BW;w;1973 - 1982;Sonstige;25536;479;4458;2435;2347;3655;;1655;3058;7448;190;1809
BW;w;1973 - 1982;dar. NPD;1210;0;108;42;73;81;;30;664;212;190;0
BW;w;1973 - 1982;dar. FREIE WÄHLER;4586;66;1204;424;257;388;;529;256;1462;0;1141
BW;w;1958 - 1972;Summe;900477;9453;325272;166733;50474;166344;;74710;88225;19266;276;5722
BW;w;1958 - 1972;Ungültig;7350;5251;496;323;42;182;;177;837;42;0;0
BW;w;1958 - 1972;CDU;309853;1077;242778;14841;2292;29197;;15102;2274;2292;0;838
BW;w;1958 - 1972;SPD;139769;292;9712;103397;3635;15862;;2667;2546;1656;30;512
BW;w;1958 - 1972;DIE LINKE;56028;266;2546;7419;34130;8063;;1293;1517;794;0;151
BW;w;1958 - 1972;GRÜNE;161864;598;25169;26863;4123;99898;;3091;595;1526;26;285
BW;w;1958 - 1972;FDP;93714;397;33010;5820;923;5663;;45438;1739;725;0;250
BW;w;1958 - 1972;AfD;91926;295;5869;3879;1236;920;;3570;75210;947;61;171
BW;w;1958 - 1972;Sonstige;39973;1276;5691;4191;4092;6560;;3372;3505;11283;159;3514
BW;w;1958 - 1972;dar. NPD;1272;108;136;13;171;0;;44;565;233;53;6
BW;w;1958 - 1972;dar. FREIE WÄHLER;6920;96;1455;689;288;750;;764;418;2459;0;2084
BW;w;1948 - 1957;Summe;475163;5983;196816;98170;23017;59914;;40192;45675;5395;132;2000
BW;w;1948 - 1957;Ungültig;5611;3429;874;420;175;137;;92;454;29;0;29
BW;w;1948 - 1957;CDU;179203;612;153472;6945;691;9460;;6786;853;384;0;197
BW;w;1948 - 1957;SPD;84449;475;5680;66597;2026;6631;;1874;760;405;26;92
BW;w;1948 - 1957;DIE LINKE;27576;0;1431;4705;16662;3137;;682;703;256;0;140
BW;w;1948 - 1957;GRÜNE;64835;248;11101;13089;1333;36666;;1763;315;321;0;38
BW;w;1948 - 1957;FDP;56040;380;19892;3801;457;2303;;27499;1320;387;0;359
BW;w;1948 - 1957;AfD;46461;305;2921;1284;586;469;;732;39854;310;61;68
BW;w;1948 - 1957;Sonstige;10988;536;1445;1329;1087;1110;;763;1416;3302;45;1076
BW;w;1948 - 1957;dar. NPD;325;0;122;0;30;0;;26;115;33;0;33
BW;w;1948 - 1957;dar. FREIE WÄHLER;2038;186;241;221;93;121;;128;197;851;0;702
BW;w;1947 und früher;Summe;656831;13161;357901;128490;13334;49480;;54289;35891;4286;58;1548
BW;w;1947 und früher;Ungültig;15079;8655;3966;1251;146;266;;412;383;0;0;0
BW;w;1947 und früher;CDU;331198;2302;300705;7136;381;9176;;10103;872;523;0;274
BW;w;1947 und früher;SPD;117133;801;7309;98858;1596;6107;;1461;847;153;0;0
BW;w;1947 und früher;DIE LINKE;15993;134;755;3156;9318;1473;;399;610;147;0;46
BW;w;1947 und früher;GRÜNE;55767;378;11671;11798;905;29490;;1163;232;129;0;54
BW;w;1947 und früher;FDP;75708;293;29755;3532;329;2077;;38204;1239;280;0;106
BW;w;1947 und früher;AfD;38052;422;2519;1857;318;41;;1713;31075;108;0;0
BW;w;1947 und früher;Sonstige;7900;176;1220;901;342;849;;834;633;2946;58;1068
BW;w;1947 und früher;dar. NPD;307;0;53;0;0;0;;30;78;146;58;35
BW;w;1947 und früher;dar. FREIE WÄHLER;2037;0;210;90;72;270;;313;103;979;0;938
BY;Summe;Summe;Summe;7441006;69317;;1336404;384368;661356;3255487;477884;773542;482648;583;250119
BY;Summe;Summe;Ungültig;47796;27825;;4219;650;850;9805;1226;1801;1421;0;727
BY;Summe;Summe;SPD;1130931;5704;;873331;20375;65590;104079;15883;12413;33555;71;18959
BY;Summe;Summe;DIE LINKE;450803;1784;;71247;272703;43623;26798;6333;8657;19659;59;7606
BY;Summe;Summe;GRÜNE;722116;1871;;150253;21288;403995;98233;12637;2101;31737;0;11381
BY;Summe;Summe;CSU;2869688;12109;;103504;10281;71609;2505893;72530;20231;73530;0;44582
BY;Summe;Summe;FDP;751248;4622;;49409;5047;26212;301261;324351;10470;29876;0;19385
BY;Summe;Summe;AfD;916300;6144;;34667;14131;5227;107950;20247;679831;48102;102;23568
BY;Summe;Summe;Sonstige;552124;9258;;49774;39892;44250;101468;24676;38037;244769;351;123911
BY;Summe;Summe;dar. NPD;20611;297;;1294;539;145;2808;590;11750;3189;297;1159
BY;Summe;Summe;dar. FREIE WÄHLER;199198;1969;;16820;4342;6027;47157;8890;6080;107914;0;98307
BY;Summe;1993 - 1999;Summe;586135;4954;;101176;45273;80446;220817;46372;39441;47655;0;22082
BY;Summe;1993 - 1999;Ungültig;2302;1609;;156;0;127;183;87;52;88;0;0
BY;Summe;1993 - 1999;SPD;75666;281;;48927;1893;6421;12493;1872;784;2995;0;1749
BY;Summe;1993 - 1999;DIE LINKE;48415;170;;7405;27931;6687;2858;744;408;2211;0;641
BY;Summe;1993 - 1999;GRÜNE;89745;258;;17624;5160;44932;14419;2580;243;4529;0;1376
BY;Summe;1993 - 1999;CSU;172236;624;;9036;952;7584;140212;6219;831;6777;0;3805
BY;Summe;1993 - 1999;FDP;70452;459;;6223;630;3660;26463;28735;1026;3257;0;1994
BY;Summe;1993 - 1999;AfD;50908;218;;2768;748;512;8751;2144;32105;3663;0;1868
BY;Summe;1993 - 1999;Sonstige;76411;1335;;9036;7959;10523;15437;3992;3993;24135;0;10649
BY;Summe;1993 - 1999;dar. NPD;2369;0;;123;77;30;429;29;1355;327;0;101
BY;Summe;1993 - 1999;dar. FREIE WÄHLER;15667;255;;1442;361;747;4266;1035;394;7168;0;6448
BY;Summe;1983 - 1992;Summe;990694;5957;;159546;69805;112938;383893;70009;103450;85096;292;43834
BY;Summe;1983 - 1992;Ungültig;2623;1562;;216;76;45;351;166;102;105;0;67
BY;Summe;1983 - 1992;SPD;119036;438;;83748;2733;9110;13326;2549;2073;5060;71;2821
BY;Summe;1983 - 1992;DIE LINKE;78504;185;;13194;44593;9984;5078;945;1278;3247;0;1242
BY;Summe;1983 - 1992;GRÜNE;119175;435;;23572;4843;65270;16733;2461;381;5481;0;2109
BY;Summe;1983 - 1992;CSU;321980;815;;15973;1712;12015;265148;9812;2771;13735;0;8733
BY;Summe;1983 - 1992;FDP;107712;379;;7530;1091;3994;42699;45828;1397;4794;0;3222
BY;Summe;1983 - 1992;AfD;123380;574;;4334;1795;591;17232;3066;87445;8342;102;4328
BY;Summe;1983 - 1992;Sonstige;118284;1570;;10980;12962;11928;23326;5182;8005;44332;119;21311
BY;Summe;1983 - 1992;dar. NPD;5850;32;;550;103;115;731;207;2881;1231;119;425
BY;Summe;1983 - 1992;dar. FREIE WÄHLER;32945;153;;2510;1032;1257;9132;1099;1200;16563;0;14983
BY;Summe;1973 - 1982;Summe;1019638;6801;;147555;56021;108906;426643;66282;124047;83382;48;43381
BY;Summe;1973 - 1982;Ungültig;3863;2883;;53;140;0;406;73;140;167;0;84
BY;Summe;1973 - 1982;SPD;111773;410;;80054;2717;8839;11604;1889;1664;4596;0;2766
BY;Summe;1973 - 1982;DIE LINKE;64480;201;;8755;39566;5516;4810;855;1333;3443;0;1378
BY;Summe;1973 - 1982;GRÜNE;123334;160;;25293;3089;69600;17454;1887;352;5499;0;1776
BY;Summe;1973 - 1982;CSU;363698;1098;;14555;1732;13313;306811;10564;3037;12587;0;8062
BY;Summe;1973 - 1982;FDP;111122;375;;7486;583;3920;49212;43703;1188;4657;0;3065
BY;Summe;1973 - 1982;AfD;147302;659;;4812;1649;664;19145;3591;108725;8056;0;4559
BY;Summe;1973 - 1982;Sonstige;94065;1015;;6547;6545;7055;17200;3720;7607;44377;48;21691
BY;Summe;1973 - 1982;dar. NPD;4285;32;;320;69;0;568;178;2666;452;48;152
BY;Summe;1973 - 1982;dar. FREIE WÄHLER;32612;227;;2013;792;700;8355;1331;920;18273;0;16454
BY;Summe;1958 - 1972;Summe;2205078;16538;;387782;118600;231156;874512;129906;278647;167936;184;86100
BY;Summe;1958 - 1972;Ungültig;10504;6261;;1029;246;251;1422;280;514;500;0;232
BY;Summe;1958 - 1972;SPD;326706;1040;;246946;6209;23629;28284;3630;4493;12473;0;6958
BY;Summe;1958 - 1972;DIE LINKE;139671;337;;19653;87488;12610;7503;1737;3346;6996;59;2899
BY;Summe;1958 - 1972;GRÜNE;251050;433;;50783;5221;147319;30444;3493;912;12445;0;4802
BY;Summe;1958 - 1972;CSU;775830;2756;;30837;3113;25345;663265;19961;6214;24339;0;14738
BY;Summe;1958 - 1972;FDP;208864;1193;;13091;1585;9011;81720;88405;3882;9976;0;6546
BY;Summe;1958 - 1972;AfD;327727;1534;;11608;6186;2344;34921;5553;247233;18347;0;8671
BY;Summe;1958 - 1972;Sonstige;164725;2983;;13835;8552;10646;26951;6846;12053;82860;125;41253
BY;Summe;1958 - 1972;dar. NPD;5715;96;;172;246;0;626;98;3550;928;71;423
BY;Summe;1958 - 1972;dar. FREIE WÄHLER;67486;493;;5967;1060;2088;14840;3079;1769;38190;0;34092
BY;Summe;1948 - 1957;Summe;1167998;12089;;241725;60135;77151;519131;74304;126278;57186;0;31217
BY;Summe;1948 - 1957;Ungültig;8092;4664;;762;121;67;1572;364;388;153;0;75
BY;Summe;1948 - 1957;SPD;214605;1283;;172380;3709;10273;18086;2389;1597;4888;0;2693
BY;Summe;1948 - 1957;DIE LINKE;75880;457;;13134;47083;6262;3799;1289;1332;2524;0;1014
BY;Summe;1948 - 1957;GRÜNE;83129;254;;18935;2240;47273;10507;1357;115;2447;0;866
BY;Summe;1948 - 1957;CSU;463866;2100;;16250;1520;6924;414622;10702;3651;8097;0;4769
BY;Summe;1948 - 1957;FDP;116441;1117;;8244;581;2942;45681;52347;1685;3844;0;2591
BY;Summe;1948 - 1957;AfD;150159;1201;;6171;2307;750;16013;3345;113996;6375;0;2810
BY;Summe;1948 - 1957;Sonstige;55827;1013;;5848;2574;2659;8851;2511;3513;28859;0;16399
BY;Summe;1948 - 1957;dar. NPD;1446;70;;94;45;0;278;51;762;147;0;58
BY;Summe;1948 - 1957;dar. FREIE WÄHLER;27675;413;;2971;557;892;5068;1240;893;15641;0;14761
BY;Summe;1947 und früher;Summe;1471463;22977;;298620;34532;50760;830491;91011;101679;41393;59;23505
BY;Summe;1947 und früher;Ungültig;20412;10845;;2002;67;359;5871;256;604;407;0;269
BY;Summe;1947 und früher;SPD;283144;2251;;241276;3114;7317;20286;3554;1803;3544;0;1971
BY;Summe;1947 und früher;DIE LINKE;43853;433;;9106;26041;2563;2749;763;961;1238;0;432
BY;Summe;1947 und früher;GRÜNE;55683;332;;14045;735;29601;8677;859;98;1337;0;452
BY;Summe;1947 und früher;CSU;772079;4716;;16853;1253;6429;715834;15273;3727;7994;0;4474
BY;Summe;1947 und früher;FDP;136657;1099;;6835;577;2685;55485;65333;1294;3349;0;1967
BY;Summe;1947 und früher;AfD;116824;1959;;4974;1446;365;11887;2548;90326;3319;0;1332
BY;Summe;1947 und früher;Sonstige;42812;1343;;3529;1300;1440;9702;2426;2866;20206;59;12608
BY;Summe;1947 und früher;dar. NPD;945;67;;34;0;0;176;28;536;104;59;0
BY;Summe;1947 und früher;dar. FREIE WÄHLER;22812;429;;1917;540;342;5496;1106;905;12078;0;11569
BY;m;Summe;Summe;3631368;34009;;659073;197182;267836;1518308;241864;484653;228443;345;117405
BY;m;Summe;Ungültig;22224;14191;;1962;369;213;3822;439;726;502;0;295
BY;m;Summe;SPD;555113;2576;;436658;9625;28143;46689;7525;6933;16963;71;9187
BY;m;Summe;DIE LINKE;236429;825;;40969;144019;20124;12213;2957;4818;10504;0;4277
BY;m;Summe;GRÜNE;296841;600;;68770;8195;165398;35143;5351;837;12548;0;4534
BY;m;Summe;CSU;1281169;4739;;41365;3294;22433;1136074;31096;11206;30961;0;19024
BY;m;Summe;FDP;406220;2852;;26006;2572;12819;169246;171350;6145;15231;0;9756
BY;m;Summe;AfD;579369;3607;;20687;8980;2650;69897;11988;432645;28914;48;14433
BY;m;Summe;Sonstige;254003;4619;;22657;20128;16055;45224;11158;21343;112820;226;55899
BY;m;Summe;dar. NPD;14068;231;;841;237;90;1897;221;8355;2197;226;684
BY;m;Summe;dar. FREIE WÄHLER;89145;803;;7697;2038;2055;21349;3816;3032;48353;0;44296
BY;m;1993 - 1999;Summe;293330;3040;;49817;22677;32621;109349;27012;24619;24195;0;11085
BY;m;1993 - 1999;Ungültig;1498;1087;;92;0;37;163;25;52;41;0;0
BY;m;1993 - 1999;SPD;37285;162;;24911;828;2479;5825;978;498;1604;0;875
BY;m;1993 - 1999;DIE LINKE;24929;95;;4233;14749;2999;1120;417;223;1093;0;279
BY;m;1993 - 1999;GRÜNE;36210;81;;7628;1858;17888;5475;1303;169;1809;0;652
BY;m;1993 - 1999;CSU;79830;315;;3218;260;2528;67175;2906;378;3049;0;1710
BY;m;1993 - 1999;FDP;43060;254;;3984;381;2013;16035;17730;790;1873;0;1100
BY;m;1993 - 1999;AfD;32066;187;;1490;537;310;5881;1370;20082;2210;0;1105
BY;m;1993 - 1999;Sonstige;38452;860;;4261;4063;4366;7675;2282;2429;12517;0;5364
BY;m;1993 - 1999;dar. NPD;1549;0;;32;0;30;318;0;923;246;0;101
BY;m;1993 - 1999;dar. FREIE WÄHLER;7315;136;;764;66;308;1926;389;218;3508;0;3194
BY;m;1983 - 1992;Summe;498716;3080;;78086;37564;43972;187929;39510;66815;41760;238;20961
BY;m;1983 - 1992;Ungültig;1467;919;;79;47;23;241;47;78;32;0;32
BY;m;1983 - 1992;SPD;56861;282;;41795;1059;3063;6058;1073;1076;2455;71;1274
BY;m;1983 - 1992;DIE LINKE;42455;58;;8050;24432;4772;2358;430;674;1681;0;658
BY;m;1983 - 1992;GRÜNE;46234;145;;9802;1786;25198;5913;1118;143;2129;0;943
BY;m;1983 - 1992;CSU;146760;287;;6142;638;3567;123998;4513;1724;5893;0;3670
BY;m;1983 - 1992;FDP;65400;269;;4306;615;2140;26352;28018;902;2798;0;2011
BY;m;1983 - 1992;AfD;80098;333;;2448;1149;361;11676;1830;57234;5067;48;2792
BY;m;1983 - 1992;Sonstige;59440;787;;5464;7837;4849;11332;2483;4984;21705;119;9581
BY;m;1983 - 1992;dar. NPD;4033;0;;338;33;60;528;46;2226;801;119;172
BY;m;1983 - 1992;dar. FREIE WÄHLER;14317;50;;1183;631;296;4222;348;584;7004;0;6572
BY;m;1973 - 1982;Summe;511247;3479;;70963;29414;44359;207842;35064;80333;39792;48;20155
BY;m;1973 - 1982;Ungültig;2243;1669;;32;98;0;204;46;80;113;0;84
BY;m;1973 - 1982;SPD;52887;197;;38763;1638;3505;4687;829;870;2398;0;1375
BY;m;1973 - 1982;DIE LINKE;33558;85;;4961;20908;2607;2108;291;693;1906;0;780
BY;m;1973 - 1982;GRÜNE;51925;0;;11340;1498;29190;6916;611;154;2218;0;630
BY;m;1973 - 1982;CSU;166043;455;;5587;566;4182;143404;4763;1724;5362;0;3457
BY;m;1973 - 1982;FDP;63608;206;;3780;372;1908;29286;24789;809;2457;0;1514
BY;m;1973 - 1982;AfD;95693;369;;2948;1033;392;12238;2073;71661;4977;0;2655
BY;m;1973 - 1982;Sonstige;45291;497;;3551;3302;2575;8999;1662;4343;20361;48;9659
BY;m;1973 - 1982;dar. NPD;3008;32;;279;32;0;350;52;1948;315;48;88
BY;m;1973 - 1982;dar. FREIE WÄHLER;15421;67;;967;226;313;4844;455;603;7948;0;7170
BY;m;1958 - 1972;Summe;1096921;8683;;193455;58059;93328;427829;64078;175729;75760;0;39290
BY;m;1958 - 1972;Ungültig;5076;3493;;542;137;5;477;71;187;165;0;95
BY;m;1958 - 1972;SPD;164997;612;;126552;2565;10907;13270;1842;2582;6667;0;3687
BY;m;1958 - 1972;DIE LINKE;70501;216;;10571;44160;5675;3720;643;1876;3639;0;1708
BY;m;1958 - 1972;GRÜNE;104603;147;;24578;1917;60828;10673;1448;308;4704;0;1585
BY;m;1958 - 1972;CSU;365034;1199;;12642;1026;7936;320609;8523;3471;9628;0;5958
BY;m;1958 - 1972;FDP;110185;825;;6640;767;4081;45393;45864;1989;4626;0;3027
BY;m;1958 - 1972;AfD;207657;862;;6463;3889;963;22814;3134;158740;10793;0;5319
BY;m;1958 - 1972;Sonstige;68868;1329;;5468;3597;2933;10873;2553;6577;35538;0;17910
BY;m;1958 - 1972;dar. NPD;3705;96;;96;126;0;386;44;2373;584;0;264
BY;m;1958 - 1972;dar. FREIE WÄHLER;29253;171;;2411;689;582;6332;1411;744;16912;0;15037
BY;m;1948 - 1957;Summe;573716;5769;;124362;31167;33147;237749;35500;77883;28139;0;15278
BY;m;1948 - 1957;Ungültig;3621;2066;;363;52;67;686;196;160;29;0;29
BY;m;1948 - 1957;SPD;110056;579;;89977;1920;4605;8492;1040;926;2518;0;1241
BY;m;1948 - 1957;DIE LINKE;40446;150;;7555;25214;2948;1659;743;776;1401;0;546
BY;m;1948 - 1957;GRÜNE;36076;137;;9479;858;20398;3581;453;0;1171;0;474
BY;m;1948 - 1957;CSU;207183;899;;6826;480;2176;186692;4198;2081;3830;0;2390
BY;m;1948 - 1957;FDP;58308;636;;3891;221;1599;23766;25328;1014;1854;0;1306
BY;m;1948 - 1957;AfD;93789;729;;3921;1494;427;9675;2254;71297;3992;0;1767
BY;m;1948 - 1957;Sonstige;24237;574;;2350;928;927;3199;1288;1628;13344;0;7525
BY;m;1948 - 1957;dar. NPD;1015;70;;61;45;0;184;51;458;147;0;58
BY;m;1948 - 1957;dar. FREIE WÄHLER;12413;201;;1300;250;432;1943;591;438;7258;0;6764
BY;m;1947 und früher;Summe;657438;9958;;142390;18302;20409;347610;40699;59274;18795;59;10637
BY;m;1947 und früher;Ungültig;8320;4957;;854;34;81;2052;53;169;121;0;54
BY;m;1947 und früher;SPD;133026;744;;114660;1616;3584;8358;1764;982;1319;0;734
BY;m;1947 und früher;DIE LINKE;24540;222;;5599;14556;1122;1247;433;576;784;0;308
BY;m;1947 und früher;GRÜNE;21792;90;;5944;278;11896;2585;417;64;518;0;250
BY;m;1947 und früher;CSU;316319;1585;;6950;324;2044;294195;6193;1828;3199;0;1840
BY;m;1947 und früher;FDP;65658;662;;3404;215;1079;28413;29622;641;1623;0;798
BY;m;1947 und früher;AfD;70066;1127;;3417;877;198;7614;1328;53631;1876;0;794
BY;m;1947 und früher;Sonstige;17715;571;;1562;401;406;3146;890;1384;9355;59;5860
BY;m;1947 und früher;dar. NPD;758;33;;34;0;0;132;28;427;104;59;0
BY;m;1947 und früher;dar. FREIE WÄHLER;10425;178;;1073;176;124;2083;622;445;5723;0;5559
BY;w;Summe;Summe;3809638;35308;;677331;187186;393520;1737179;236020;288889;254205;238;132714
BY;w;Summe;Ungültig;25572;13634;;2257;281;638;5982;786;1075;919;0;432
BY;w;Summe;SPD;575818;3127;;436673;10750;37447;57390;8357;5480;16593;0;9772
BY;w;Summe;DIE LINKE;214374;958;;30277;128684;23498;14585;3376;3840;9155;59;3328
BY;w;Summe;GRÜNE;425275;1271;;81483;13093;238597;63090;7286;1264;19189;0;6848
BY;w;Summe;CSU;1588519;7370;;62140;6987;49176;1369819;41435;9025;42568;0;25558
BY;w;Summe;FDP;345028;1770;;23404;2476;13392;132015;153001;4326;14645;0;9629
BY;w;Summe;AfD;336931;2537;;13980;5152;2576;38053;8259;247186;19187;54;9135
BY;w;Summe;Sonstige;298121;4640;;27117;19764;28195;56244;13519;16694;131949;125;68012
BY;w;Summe;dar. NPD;6543;67;;454;302;55;911;369;3394;992;71;475
BY;w;Summe;dar. FREIE WÄHLER;110053;1166;;9123;2304;3971;25808;5074;3048;59560;0;54011
BY;w;1993 - 1999;Summe;292805;1914;;51359;22597;47825;111468;19360;14822;23459;0;10997
BY;w;1993 - 1999;Ungültig;804;522;;64;0;91;19;61;0;47;0;0
BY;w;1993 - 1999;SPD;38381;119;;24015;1065;3942;6668;893;286;1391;0;874
BY;w;1993 - 1999;DIE LINKE;23486;76;;3172;13182;3687;1738;327;185;1118;0;362
BY;w;1993 - 1999;GRÜNE;53534;177;;9997;3302;27044;8944;1277;74;2720;0;724
BY;w;1993 - 1999;CSU;92406;310;;5819;691;5055;73037;3313;454;3728;0;2095
BY;w;1993 - 1999;FDP;27392;205;;2239;249;1646;10428;11005;236;1384;0;894
BY;w;1993 - 1999;AfD;18842;31;;1278;210;202;2870;774;12023;1453;0;762
BY;w;1993 - 1999;Sonstige;37958;475;;4774;3897;6157;7762;1710;1565;11619;0;5285
BY;w;1993 - 1999;dar. NPD;820;0;;90;77;0;112;29;431;81;0;0
BY;w;1993 - 1999;dar. FREIE WÄHLER;8352;119;;678;294;439;2340;646;176;3660;0;3254
BY;w;1983 - 1992;Summe;491978;2877;;81460;32242;68965;195964;30499;36635;43336;54;22873
BY;w;1983 - 1992;Ungültig;1156;643;;137;29;22;110;119;24;73;0;35
BY;w;1983 - 1992;SPD;62175;156;;41953;1674;6047;7268;1476;997;2604;0;1547
BY;w;1983 - 1992;DIE LINKE;36049;128;;5144;20161;5212;2719;515;604;1566;0;585
BY;w;1983 - 1992;GRÜNE;72941;290;;13770;3057;40072;10819;1343;238;3351;0;1166
BY;w;1983 - 1992;CSU;175220;528;;9831;1074;8449;141151;5299;1047;7842;0;5063
BY;w;1983 - 1992;FDP;42311;110;;3224;476;1854;16347;17811;494;1996;0;1211
BY;w;1983 - 1992;AfD;43282;241;;1886;646;230;5556;1236;30211;3276;54;1536
BY;w;1983 - 1992;Sonstige;58843;782;;5516;5125;7079;11993;2699;3021;22627;0;11730
BY;w;1983 - 1992;dar. NPD;1818;32;;212;69;55;204;161;655;430;0;253
BY;w;1983 - 1992;dar. FREIE WÄHLER;18628;103;;1327;400;962;4910;751;616;9559;0;8412
BY;w;1973 - 1982;Summe;508391;3322;;76592;26607;64546;218801;31218;43713;43590;0;23226
BY;w;1973 - 1982;Ungültig;1620;1215;;21;41;0;203;27;60;54;0;0
BY;w;1973 - 1982;SPD;58886;213;;41292;1080;5334;6917;1060;793;2198;0;1391
BY;w;1973 - 1982;DIE LINKE;30922;116;;3794;18658;2909;2702;564;641;1538;0;598
BY;w;1973 - 1982;GRÜNE;71409;160;;13954;1592;40410;10537;1276;199;3282;0;1146
BY;w;1973 - 1982;CSU;197655;643;;8968;1166;9131;163407;5802;1313;7225;0;4605
BY;w;1973 - 1982;FDP;47515;168;;3705;210;2012;19926;18914;379;2199;0;1551
BY;w;1973 - 1982;AfD;51610;290;;1864;617;271;6907;1518;37064;3078;0;1903
BY;w;1973 - 1982;Sonstige;48775;518;;2995;3243;4480;8202;2058;3264;24016;0;12032
BY;w;1973 - 1982;dar. NPD;1278;0;;41;36;0;218;126;718;138;0;63
BY;w;1973 - 1982;dar. FREIE WÄHLER;17190;160;;1047;566;387;3511;876;317;10326;0;9284
BY;w;1958 - 1972;Summe;1108157;7856;;194327;60542;137828;446683;65828;102918;92176;184;46810
BY;w;1958 - 1972;Ungültig;5428;2768;;487;109;247;946;209;327;335;0;136
BY;w;1958 - 1972;SPD;161709;428;;120394;3645;12722;15014;1789;1912;5806;0;3271
BY;w;1958 - 1972;DIE LINKE;69170;121;;9081;43328;6936;3783;1094;1469;3357;59;1191
BY;w;1958 - 1972;GRÜNE;146447;286;;26206;3304;86491;19770;2045;604;7741;0;3218
BY;w;1958 - 1972;CSU;410796;1557;;18195;2087;17409;342657;11438;2743;14711;0;8780
BY;w;1958 - 1972;FDP;98679;368;;6451;818;4930;36327;42542;1893;5350;0;3519
BY;w;1958 - 1972;AfD;120070;673;;5145;2296;1381;12107;2419;88494;7555;0;3352
BY;w;1958 - 1972;Sonstige;95858;1654;;8367;4955;7713;16079;4293;5476;47321;125;23343
BY;w;1958 - 1972;dar. NPD;2010;0;;76;120;0;239;54;1177;344;71;158
BY;w;1958 - 1972;dar. FREIE WÄHLER;38233;322;;3556;371;1506;8509;1668;1024;21278;0;19055
BY;w;1948 - 1957;Summe;594282;6320;;117364;28968;44004;281381;38803;48395;29047;0;15939
BY;w;1948 - 1957;Ungültig;4471;2598;;400;69;0;885;168;228;124;0;46
BY;w;1948 - 1957;SPD;104549;704;;82403;1790;5668;9594;1349;670;2370;0;1453
BY;w;1948 - 1957;DIE LINKE;35434;307;;5579;21869;3314;2140;546;556;1123;0;468
BY;w;1948 - 1957;GRÜNE;47052;117;;9456;1383;26875;6926;904;115;1276;0;392
BY;w;1948 - 1957;CSU;256682;1201;;9425;1039;4748;227929;6504;1570;4267;0;2379
BY;w;1948 - 1957;FDP;58133;481;;4354;360;1343;21915;27019;671;1990;0;1284
BY;w;1948 - 1957;AfD;56370;472;;2250;813;324;6339;1091;42699;2382;0;1043
BY;w;1948 - 1957;Sonstige;31590;439;;3498;1645;1732;5652;1223;1885;15515;0;8874
BY;w;1948 - 1957;dar. NPD;431;0;;33;0;0;94;0;304;0;0;0
BY;w;1948 - 1957;dar. FREIE WÄHLER;15262;212;;1671;307;460;3124;649;455;8384;0;7996
BY;w;1947 und früher;Summe;814025;13020;;156229;16230;30350;482881;50312;42405;22598;0;12869
BY;w;1947 und früher;Ungültig;12092;5889;;1148;33;278;3819;203;435;286;0;215
BY;w;1947 und früher;SPD;150118;1508;;126616;1497;3733;11928;1790;821;2224;0;1237
BY;w;1947 und früher;DIE LINKE;19312;210;;3507;11485;1441;1501;329;385;454;0;124
BY;w;1947 und früher;GRÜNE;33891;242;;8100;456;17705;6092;442;34;819;0;202
BY;w;1947 und früher;CSU;455760;3131;;9903;929;4385;421639;9080;1899;4795;0;2635
BY;w;1947 und früher;FDP;70999;437;;3431;362;1606;27072;35711;653;1726;0;1169
BY;w;1947 und früher;AfD;46757;832;;1557;569;168;4273;1221;36695;1443;0;538
BY;w;1947 und früher;Sonstige;25097;772;;1967;899;1034;6556;1536;1482;10851;0;6748
BY;w;1947 und früher;dar. NPD;187;34;;0;0;0;44;0;109;0;0;0
BY;w;1947 und früher;dar. FREIE WÄHLER;12387;250;;844;364;218;3413;484;459;6354;0;6010
SL;Summe;Summe;Summe;595411;8512;211271;188580;64996;25965;;28198;53534;14355;655;1379
SL;Summe;Summe;Ungültig;10153;5829;1759;1424;510;115;;121;340;56;0;0
SL;Summe;Summe;CDU;189573;798;170077;8270;1767;3417;;3621;742;882;14;107
SL;Summe;Summe;SPD;158895;522;8171;140420;4040;2632;;911;1372;826;36;68
SL;Summe;Summe;DIE LINKE;75448;340;3536;15852;50314;2442;;579;1343;1042;0;49
SL;Summe;Summe;GRÜNE;35117;182;5304;11334;1673;15265;;705;138;517;0;7
SL;Summe;Summe;FDP;44477;95;16772;4649;1036;598;;20208;434;686;3;24
SL;Summe;Summe;AfD;58920;270;3473;3770;2216;239;;1266;46696;991;127;126
SL;Summe;Summe;Sonstige;22828;477;2180;2862;3440;1257;;787;2471;9355;476;999
SL;Summe;Summe;dar. NPD;3382;50;126;232;369;80;;91;1618;817;475;124
SL;Summe;Summe;dar. FREIE WÄHLER;4014;8;446;268;220;54;;101;91;2827;0;691
SL;Summe;1993 - 1999;Summe;40972;807;10985;13160;4537;4032;;2966;2254;2231;35;86
SL;Summe;1993 - 1999;Ungültig;1018;644;121;60;33;0;;0;161;0;0;0
SL;Summe;1993 - 1999;CDU;8876;77;7268;672;63;377;;310;10;100;0;0
SL;Summe;1993 - 1999;SPD;9363;0;1024;7481;261;237;;149;134;76;10;0
SL;Summe;1993 - 1999;DIE LINKE;5420;43;260;1108;3002;749;;2;19;238;0;0
SL;Summe;1993 - 1999;GRÜNE;5093;0;750;1886;284;2023;;7;53;91;0;1
SL;Summe;1993 - 1999;FDP;4379;0;1061;804;91;112;;2150;58;102;0;0
SL;Summe;1993 - 1999;AfD;2799;0;109;439;222;63;;144;1691;133;25;0
SL;Summe;1993 - 1999;Sonstige;4024;42;392;712;581;472;;204;129;1492;0;85
SL;Summe;1993 - 1999;dar. NPD;213;3;3;25;6;22;;0;111;43;0;0
SL;Summe;1993 - 1999;dar. FREIE WÄHLER;332;0;90;34;32;0;;6;0;170;0;32
SL;Summe;1983 - 1992;Summe;66391;1061;19451;21031;7990;3403;;3672;6604;3178;174;318
SL;Summe;1983 - 1992;Ungültig;978;742;117;3;0;0;;41;41;33;0;0
SL;Summe;1983 - 1992;CDU;16916;76;14188;1330;223;489;;252;241;118;0;0
SL;Summe;1983 - 1992;SPD;15981;82;1024;13575;642;289;;124;156;89;0;0
SL;Summe;1983 - 1992;DIE LINKE;8231;0;309;1983;5332;361;;5;84;157;0;0
SL;Summe;1983 - 1992;GRÜNE;4431;0;691;1496;279;1717;;79;29;139;0;6
SL;Summe;1983 - 1992;FDP;6596;24;2142;1061;180;80;;2809;124;176;3;0
SL;Summe;1983 - 1992;AfD;6969;0;436;732;232;36;;166;5195;173;10;0
SL;Summe;1983 - 1992;Sonstige;6291;136;545;851;1102;432;;198;734;2293;161;312
SL;Summe;1983 - 1992;dar. NPD;950;34;53;22;133;0;;0;482;227;161;53
SL;Summe;1983 - 1992;dar. FREIE WÄHLER;753;8;61;0;0;22;;0;0;660;0;221
SL;Summe;1973 - 1982;Summe;70019;852;22249;19913;8095;2847;;3795;9490;2778;13;331
SL;Summe;1973 - 1982;Ungültig;931;513;274;87;14;41;;0;0;1;0;0
SL;Summe;1973 - 1982;CDU;19331;1;16558;1319;222;352;;499;57;323;0;90
SL;Summe;1973 - 1982;SPD;15625;97;818;13391;567;265;;73;173;241;0;53
SL;Summe;1973 - 1982;DIE LINKE;9281;80;483;1992;5974;192;;111;324;125;0;22
SL;Summe;1973 - 1982;GRÜNE;4780;22;892;1580;295;1806;;79;15;90;0;0
SL;Summe;1973 - 1982;FDP;5412;0;2255;486;31;47;;2537;7;49;0;0
SL;Summe;1973 - 1982;AfD;10482;26;510;577;461;0;;225;8347;335;0;72
SL;Summe;1973 - 1982;Sonstige;4177;113;459;481;529;143;;272;567;1612;13;93
SL;Summe;1973 - 1982;dar. NPD;913;3;0;46;40;29;;87;517;190;13;53
SL;Summe;1973 - 1982;dar. FREIE WÄHLER;863;0;140;61;119;19;;75;0;449;0;31
SL;Summe;1958 - 1972;Summe;176553;1615;54414;58001;21038;10400;;7373;19869;3843;305;353
SL;Summe;1958 - 1972;Ungültig;1875;1149;211;339;89;46;;19;0;23;0;0
SL;Summe;1958 - 1972;CDU;48593;105;42498;2623;759;1400;;824;204;180;14;16
SL;Summe;1958 - 1972;SPD;48854;38;2336;42786;1332;931;;409;668;354;26;1
SL;Summe;1958 - 1972;DIE LINKE;24494;50;863;5401;16253;778;;212;534;402;0;19
SL;Summe;1958 - 1972;GRÜNE;13618;60;1695;4005;446;6794;;404;19;196;0;0
SL;Summe;1958 - 1972;FDP;12513;35;5195;1172;403;188;;5235;114;170;0;0
SL;Summe;1958 - 1972;AfD;21255;56;988;1164;842;67;;181;17812;146;79;0
SL;Summe;1958 - 1972;Sonstige;5350;123;628;510;915;196;;88;517;2374;187;318
SL;Summe;1958 - 1972;dar. NPD;904;3;70;120;167;29;;0;272;242;187;19
SL;Summe;1958 - 1972;dar. FREIE WÄHLER;1171;0;114;68;65;7;;19;13;885;0;252
SL;Summe;1948 - 1957;Summe;110752;1293;41293;35905;13748;3008;;4870;8978;1656;120;258
SL;Summe;1948 - 1957;Ungültig;1749;911;306;215;196;28;;53;40;0;0;0
SL;Summe;1948 - 1957;CDU;36854;68;33755;1246;173;384;;1017;165;46;0;0
SL;Summe;1948 - 1957;SPD;31109;31;1510;28172;680;437;;90;123;66;0;14
SL;Summe;1948 - 1957;DIE LINKE;16456;78;893;3125;11640;256;;152;225;85;0;0
SL;Summe;1948 - 1957;GRÜNE;4549;70;840;1695;213;1660;;70;0;0;0;0
SL;Summe;1948 - 1957;FDP;7657;35;3190;660;245;163;;3137;84;145;0;24
SL;Summe;1948 - 1957;AfD;10285;75;707;529;386;73;;325;8041;148;13;53
SL;Summe;1948 - 1957;Sonstige;2093;25;92;263;216;6;;25;299;1166;108;167
SL;Summe;1948 - 1957;dar. NPD;277;6;0;19;14;0;;3;128;108;108;0
SL;Summe;1948 - 1957;dar. FREIE WÄHLER;689;0;41;105;0;6;;0;37;500;0;130
SL;Summe;1947 und früher;Summe;130725;2885;62879;40570;9588;2274;;5521;6339;669;8;33
SL;Summe;1947 und früher;Ungültig;3603;1869;731;720;178;0;;7;97;0;0;0
SL;Summe;1947 und früher;CDU;59004;472;55810;1080;327;415;;719;64;115;0;0
SL;Summe;1947 und früher;SPD;37964;275;1459;35014;559;473;;66;117;0;0;0
SL;Summe;1947 und früher;DIE LINKE;11566;89;728;2242;8113;106;;97;156;34;0;8
SL;Summe;1947 und früher;GRÜNE;2646;30;435;672;156;1264;;67;22;0;0;0
SL;Summe;1947 und früher;FDP;7919;0;2929;467;85;8;;4339;47;44;0;0
SL;Summe;1947 und früher;AfD;7130;112;723;329;73;0;;226;5611;56;0;0
SL;Summe;1947 und früher;Sonstige;894;37;64;45;98;8;;0;225;418;8;25
SL;Summe;1947 und früher;dar. NPD;125;0;0;0;9;0;;0;108;8;8;0
SL;Summe;1947 und früher;dar. FREIE WÄHLER;207;0;0;0;3;0;;0;41;163;0;25
SL;m;Summe;Summe;290871;4261;95311;91640;34423;9895;;14367;33491;7484;525;479
SL;m;Summe;Ungültig;4475;2772;684;550;286;0;;41;141;1;0;0
SL;m;Summe;CDU;81721;399;74772;3007;718;829;;1345;348;305;10;12
SL;m;Summe;SPD;77128;359;3830;68511;1920;950;;414;645;501;36;15
SL;m;Summe;DIE LINKE;38946;160;1258;8286;26670;1026;;312;811;423;0;0
SL;m;Summe;GRÜNE;14495;128;2086;5200;645;5949;;141;96;249;0;1
SL;m;Summe;FDP;23674;37;9111;2068;560;286;;10894;310;408;0;0
SL;m;Summe;AfD;37686;220;2293;2283;1552;175;;775;29668;719;107;54
SL;m;Summe;Sonstige;12745;186;1277;1736;2072;680;;445;1472;4877;372;397
SL;m;Summe;dar. NPD;2195;6;79;197;254;51;;34;1032;542;372;53
SL;m;Summe;dar. FREIE WÄHLER;1955;0;254;217;29;31;;75;55;1293;0;289
SL;m;1993 - 1999;Summe;21678;370;5671;6615;2544;2223;;1843;1172;1239;26;11
SL;m;1993 - 1999;Ungültig;298;264;34;0;0;0;;0;0;0;0;0
SL;m;1993 - 1999;CDU;4277;53;3663;169;15;199;;145;0;34;0;0
SL;m;1993 - 1999;SPD;4882;0;655;3820;70;172;;82;21;63;10;0
SL;m;1993 - 1999;DIE LINKE;2946;43;103;564;1720;348;;0;19;149;0;0
SL;m;1993 - 1999;GRÜNE;2556;0;353;863;215;993;;0;53;78;0;1
SL;m;1993 - 1999;FDP;2611;0;515;477;91;78;;1330;52;68;0;0
SL;m;1993 - 1999;AfD;1555;0;69;236;116;29;;122;914;69;16;0
SL;m;1993 - 1999;Sonstige;2552;11;280;485;318;404;;164;114;777;0;10
SL;m;1993 - 1999;dar. NPD;195;0;3;25;6;22;;0;96;43;0;0
SL;m;1993 - 1999;dar. FREIE WÄHLER;143;0;90;13;29;0;;0;0;10;0;10
SL;m;1983 - 1992;Summe;33470;685;8852;9907;4601;1202;;2182;4333;1707;117;196
SL;m;1983 - 1992;Ungültig;614;486;41;3;0;0;;41;41;0;0;0
SL;m;1983 - 1992;CDU;7021;34;6140;419;9;139;;108;83;89;0;0
SL;m;1983 - 1992;SPD;7822;80;556;6540;388;79;;79;96;3;0;0
SL;m;1983 - 1992;DIE LINKE;4530;0;109;1186;2955;112;;2;84;82;0;0
SL;m;1983 - 1992;GRÜNE;1371;0;199;408;67;625;;16;9;47;0;0
SL;m;1983 - 1992;FDP;3764;24;1226;438;136;72;;1680;71;116;0;0
SL;m;1983 - 1992;AfD;4730;0;276;457;165;11;;144;3551;125;10;0
SL;m;1983 - 1992;Sonstige;3619;60;304;458;881;163;;111;398;1245;107;195
SL;m;1983 - 1992;dar. NPD;526;0;34;3;126;0;;0;242;120;107;0
SL;m;1983 - 1992;dar. FREIE WÄHLER;471;0;29;0;0;0;;0;0;442;0;175
SL;m;1973 - 1982;Summe;34406;423;10743;8881;4030;953;;1999;5810;1567;4;82
SL;m;1973 - 1982;Ungültig;328;234;68;25;0;0;;0;0;1;0;0
SL;m;1973 - 1982;CDU;8380;1;7687;380;61;81;;55;29;87;0;12
SL;m;1973 - 1982;SPD;7140;62;453;6000;250;35;;66;85;188;0;0
SL;m;1973 - 1982;DIE LINKE;4586;25;278;871;3080;108;;76;107;40;0;0
SL;m;1973 - 1982;GRÜNE;2026;22;370;813;40;675;;52;15;40;0;0
SL;m;1973 - 1982;FDP;2964;0;1240;186;31;11;;1439;7;49;0;0
SL;m;1973 - 1982;AfD;6584;26;334;349;335;0;;145;5192;202;0;1
SL;m;1973 - 1982;Sonstige;2399;52;312;258;232;42;;166;376;960;4;70
SL;m;1973 - 1982;dar. NPD;555;3;0;43;34;0;;34;326;115;4;53
SL;m;1973 - 1982;dar. FREIE WÄHLER;479;0;101;41;0;19;;75;0;243;0;11
SL;m;1958 - 1972;Summe;88507;703;25993;29985;11003;3513;;3408;12190;1712;263;45
SL;m;1958 - 1972;Ungültig;674;484;52;97;41;0;;0;0;0;0;0
SL;m;1958 - 1972;CDU;22653;51;20179;1149;372;302;;396;126;78;10;0
SL;m;1958 - 1972;SPD;24661;6;961;22389;468;221;;124;289;204;26;1
SL;m;1958 - 1972;DIE LINKE;12755;47;323;2922;8652;305;;41;377;88;0;0
SL;m;1958 - 1972;GRÜNE;5501;53;637;2066;142;2510;;10;0;84;0;0
SL;m;1958 - 1972;FDP;6446;7;2930;390;136;43;;2741;114;85;0;0
SL;m;1958 - 1972;AfD;13224;23;601;632;663;67;;93;11007;137;79;0
SL;m;1958 - 1972;Sonstige;2594;34;311;339;530;65;;4;276;1036;148;44
SL;m;1958 - 1972;dar. NPD;630;0;42;107;74;29;;0;228;151;148;0
SL;m;1958 - 1972;dar. FREIE WÄHLER;323;0;34;68;0;7;;0;0;214;0;15
SL;m;1948 - 1957;Summe;54036;569;18236;17843;7367;1292;;2286;5520;922;110;131
SL;m;1948 - 1957;Ungültig;764;389;151;91;129;0;;0;3;0;0;0
SL;m;1948 - 1957;CDU;15571;7;14382;600;58;55;;375;79;16;0;0
SL;m;1948 - 1957;SPD;15562;13;714;14055;369;233;;54;81;43;0;14
SL;m;1948 - 1957;DIE LINKE;8332;22;274;1432;6224;110;;141;81;47;0;0
SL;m;1948 - 1957;GRÜNE;2068;53;395;739;105;747;;28;0;0;0;0
SL;m;1948 - 1957;FDP;4059;6;1841;326;151;73;;1555;20;87;0;0
SL;m;1948 - 1957;AfD;6540;64;449;419;218;68;;133;5061;129;2;53
SL;m;1948 - 1957;Sonstige;1139;15;29;182;112;6;;0;194;601;108;64
SL;m;1948 - 1957;dar. NPD;242;3;0;19;14;0;;0;99;108;108;0
SL;m;1948 - 1957;dar. FREIE WÄHLER;419;0;0;94;0;6;;0;15;304;0;63
SL;m;1947 und früher;Summe;58775;1511;25816;18409;4878;711;;2648;4464;337;6;14
SL;m;1947 und früher;Ungültig;1799;915;337;334;116;0;;0;97;0;0;0
SL;m;1947 und früher;CDU;23819;254;22721;289;202;53;;267;30;2;0;0
SL;m;1947 und früher;SPD;17062;198;490;15708;375;210;;8;73;0;0;0
SL;m;1947 und früher;DIE LINKE;5798;23;172;1312;4038;42;;52;143;17;0;0
SL;m;1947 und früher;GRÜNE;974;0;132;312;78;399;;34;19;0;0;0
SL;m;1947 und früher;FDP;3830;0;1359;251;14;8;;2149;47;3;0;0
SL;m;1947 und früher;AfD;5053;108;564;189;55;0;;138;3942;56;0;0
SL;m;1947 und früher;Sonstige;442;14;41;15;0;0;;0;114;259;6;14
SL;m;1947 und früher;dar. NPD;47;0;0;0;0;0;;0;41;6;6;0
SL;m;1947 und früher;dar. FREIE WÄHLER;120;0;0;0;0;0;;0;41;80;0;14
SL;w;Summe;Summe;304540;4251;115960;96940;30573;16071;;13832;20042;6871;130;900
SL;w;Summe;Ungültig;5678;3056;1075;874;225;115;;79;198;55;0;0
SL;w;Summe;CDU;107852;399;95305;5263;1049;2588;;2277;394;576;4;94
SL;w;Summe;SPD;81767;163;4341;71909;2121;1683;;498;727;325;0;53
SL;w;Summe;DIE LINKE;36502;180;2278;7566;23644;1416;;267;532;618;0;49
SL;w;Summe;GRÜNE;20622;53;3218;6134;1027;9316;;564;42;268;0;6
SL;w;Summe;FDP;20803;58;7661;2582;476;312;;9314;124;278;3;24
SL;w;Summe;AfD;21234;49;1179;1488;664;64;;491;17027;271;20;72
SL;w;Summe;Sonstige;10083;291;903;1125;1367;577;;342;998;4479;104;602
SL;w;Summe;dar. NPD;1187;43;48;35;115;29;;56;586;274;103;71
SL;w;Summe;dar. FREIE WÄHLER;2059;8;192;51;191;22;;25;35;1534;0;402
SL;w;1993 - 1999;Summe;19294;436;5313;6546;1993;1809;;1123;1082;992;9;75
SL;w;1993 - 1999;Ungültig;720;380;86;60;33;0;;0;161;0;0;0
SL;w;1993 - 1999;CDU;4599;25;3605;503;48;178;;165;10;66;0;0
SL;w;1993 - 1999;SPD;4481;0;370;3661;191;65;;67;113;13;0;0
SL;w;1993 - 1999;DIE LINKE;2474;0;157;544;1282;400;;2;0;89;0;0
SL;w;1993 - 1999;GRÜNE;2538;0;397;1023;70;1029;;6;0;13;0;0
SL;w;1993 - 1999;FDP;1768;0;546;327;0;35;;820;7;33;0;0
SL;w;1993 - 1999;AfD;1244;0;40;203;106;34;;22;776;63;9;0
SL;w;1993 - 1999;Sonstige;1472;32;113;227;263;68;;40;15;715;0;75
SL;w;1993 - 1999;dar. NPD;18;3;0;0;0;0;;0;15;0;0;0
SL;w;1993 - 1999;dar. FREIE WÄHLER;190;0;0;20;3;0;;6;0;160;0;22
SL;w;1983 - 1992;Summe;32921;376;10600;11124;3389;2201;;1490;2271;1471;57;122
SL;w;1983 - 1992;Ungültig;364;256;75;0;0;0;;0;0;33;0;0
SL;w;1983 - 1992;CDU;9895;42;8048;911;214;350;;144;157;29;0;0
SL;w;1983 - 1992;SPD;8159;2;468;7035;254;209;;45;60;86;0;0
SL;w;1983 - 1992;DIE LINKE;3701;0;200;798;2377;249;;3;0;75;0;0
SL;w;1983 - 1992;GRÜNE;3060;0;493;1088;212;1092;;63;20;92;0;6
SL;w;1983 - 1992;FDP;2832;0;916;623;44;7;;1129;53;60;3;0
SL;w;1983 - 1992;AfD;2239;0;160;275;67;25;;21;1644;47;0;0
SL;w;1983 - 1992;Sonstige;2672;76;241;394;221;269;;86;337;1049;53;116
SL;w;1983 - 1992;dar. NPD;424;34;19;19;6;0;;0;240;106;53;53
SL;w;1983 - 1992;dar. FREIE WÄHLER;282;8;32;0;0;22;;0;0;218;0;46
SL;w;1973 - 1982;Summe;35612;429;11506;11032;4064;1894;;1796;3679;1211;9;248
SL;w;1973 - 1982;Ungültig;603;279;205;62;14;41;;0;0;0;0;0
SL;w;1973 - 1982;CDU;10951;0;8871;939;160;271;;444;29;236;0;79
SL;w;1973 - 1982;SPD;8484;34;364;7391;317;230;;7;88;53;0;53
SL;w;1973 - 1982;DIE LINKE;4695;55;205;1121;2894;83;;34;217;86;0;22
SL;w;1973 - 1982;GRÜNE;2754;0;522;768;256;1131;;28;0;51;0;0
SL;w;1973 - 1982;FDP;2449;0;1015;300;0;36;;1098;0;0;0;0
SL;w;1973 - 1982;AfD;3899;0;176;229;126;0;;80;3155;133;0;71
SL;w;1973 - 1982;Sonstige;1778;61;147;222;297;101;;106;191;652;9;23
SL;w;1973 - 1982;dar. NPD;357;0;0;3;6;29;;53;191;75;9;0
SL;w;1973 - 1982;dar. FREIE WÄHLER;384;0;39;20;119;0;;0;0;206;0;20
SL;w;1958 - 1972;Summe;88046;912;28421;28016;10036;6888;;3964;7678;2131;43;308
SL;w;1958 - 1972;Ungültig;1202;665;160;242;49;46;;19;0;23;0;0
SL;w;1958 - 1972;CDU;25940;54;22319;1474;387;1098;;428;78;102;4;16
SL;w;1958 - 1972;SPD;24193;32;1376;20398;864;711;;285;379;150;0;0
SL;w;1958 - 1972;DIE LINKE;11739;4;540;2479;7601;473;;171;157;313;0;19
SL;w;1958 - 1972;GRÜNE;8118;7;1059;1939;304;4285;;394;19;111;0;0
SL;w;1958 - 1972;FDP;6068;29;2265;782;268;145;;2494;0;85;0;0
SL;w;1958 - 1972;AfD;8031;34;386;531;179;0;;88;6804;9;0;0
SL;w;1958 - 1972;Sonstige;2756;89;317;171;385;131;;85;240;1338;39;274
SL;w;1958 - 1972;dar. NPD;274;3;29;13;93;0;;0;44;91;39;19
SL;w;1958 - 1972;dar. FREIE WÄHLER;848;0;80;0;65;0;;19;13;670;0;237
SL;w;1948 - 1957;Summe;56716;724;23057;18062;6381;1716;;2584;3457;734;11;127
SL;w;1948 - 1957;Ungültig;986;522;154;124;67;28;;53;37;0;0;0
SL;w;1948 - 1957;CDU;21282;61;19373;646;115;329;;642;85;31;0;0
SL;w;1948 - 1957;SPD;15546;18;796;14117;311;204;;36;42;23;0;0
SL;w;1948 - 1957;DIE LINKE;8124;55;620;1694;5416;146;;11;144;38;0;0
SL;w;1948 - 1957;GRÜNE;2480;16;445;957;108;913;;42;0;0;0;0
SL;w;1948 - 1957;FDP;3598;29;1349;333;93;89;;1582;64;58;0;24
SL;w;1948 - 1957;AfD;3745;11;258;111;168;6;;192;2980;19;11;0
SL;w;1948 - 1957;Sonstige;954;11;62;81;104;0;;25;105;566;0;103
SL;w;1948 - 1957;dar. NPD;35;3;0;0;0;0;;3;29;0;0;0
SL;w;1948 - 1957;dar. FREIE WÄHLER;269;0;41;11;0;0;;0;22;195;0;67
SL;w;1947 und früher;Summe;71949;1374;37063;22161;4710;1563;;2873;1874;331;2;19
SL;w;1947 und früher;Ungültig;1804;955;394;386;62;0;;7;0;0;0;0
SL;w;1947 und früher;CDU;35185;218;33089;790;125;362;;452;34;113;0;0
SL;w;1947 und früher;SPD;20902;77;969;19307;184;263;;58;45;0;0;0
SL;w;1947 und früher;DIE LINKE;5769;67;556;931;4074;65;;46;14;17;0;8
SL;w;1947 und früher;GRÜNE;1672;30;303;360;78;865;;32;3;0;0;0
SL;w;1947 und früher;FDP;4089;0;1570;216;71;0;;2190;0;41;0;0
SL;w;1947 und früher;AfD;2077;5;159;140;17;0;;87;1668;0;0;0
SL;w;1947 und früher;Sonstige;452;22;23;31;98;8;;0;111;160;2;11
SL;w;1947 und früher;dar. NPD;78;0;0;0;9;0;;0;67;2;2;0
SL;w;1947 und früher;dar. FREIE WÄHLER;86;0;0;0;3;0;;0;0;83;0;11
BE;Summe;Summe;Summe;1892134;26660;460296;391772;377564;230935;;105053;212211;87643;1597;6338
BE;Summe;Summe;Ungültig;23092;18619;2080;1029;475;277;;74;352;185;3;0
BE;Summe;Summe;CDU;424321;1674;336411;25590;17155;21242;;14131;4412;3706;45;252
BE;Summe;Summe;SPD;334253;1241;16736;249991;31466;24420;;3190;2961;4247;37;210
BE;Summe;Summe;DIE LINKE;351170;511;7721;32796;265549;28064;;1639;3146;11744;71;205
BE;Summe;Summe;GRÜNE;234947;452;15494;51503;23379;136183;;1743;427;5766;0;82
BE;Summe;Summe;FDP;167046;804;59513;13151;5570;5649;;75852;3979;2529;83;200
BE;Summe;Summe;AfD;225170;584;12345;6342;8445;858;;4011;189538;3048;875;383
BE;Summe;Summe;Sonstige;132135;2775;9996;11369;25525;14243;;4412;7396;56419;484;5005
BE;Summe;Summe;dar. FREIE WÄHLER;6404;32;1085;450;596;224;;368;497;3154;34;2396
BE;Summe;1993 - 1999;Summe;111638;1687;19615;23355;24095;19841;;7026;6488;9532;113;148
BE;Summe;1993 - 1999;Ungültig;1435;1359;41;0;0;0;;34;0;0;0;0
BE;Summe;1993 - 1999;CDU;16501;43;10515;2100;630;1897;;975;54;288;0;2
BE;Summe;1993 - 1999;SPD;18289;33;1833;12052;1824;1652;;339;188;368;9;0
BE;Summe;1993 - 1999;DIE LINKE;22452;0;422;2294;15055;3162;;258;19;1243;15;0
BE;Summe;1993 - 1999;GRÜNE;19200;41;1780;3859;2783;9915;;114;20;687;0;0
BE;Summe;1993 - 1999;FDP;10198;26;3151;1194;471;484;;4418;180;276;0;0
BE;Summe;1993 - 1999;AfD;7645;0;804;349;177;58;;405;5386;467;89;0
BE;Summe;1993 - 1999;Sonstige;15918;185;1069;1508;3155;2673;;483;641;6203;0;145
BE;Summe;1993 - 1999;dar. FREIE WÄHLER;480;0;143;36;75;56;;47;37;85;0;85
BE;Summe;1983 - 1992;Summe;311546;3574;55188;59470;69925;56220;;14324;25898;26947;458;1542
BE;Summe;1983 - 1992;Ungültig;2927;2789;20;0;27;0;;0;0;91;0;0
BE;Summe;1983 - 1992;CDU;51958;55;36265;4352;2521;4868;;2056;553;1288;21;114
BE;Summe;1983 - 1992;SPD;47167;59;2266;31381;4948;5771;;513;602;1627;0;100
BE;Summe;1983 - 1992;DIE LINKE;67182;5;902;7617;45851;8127;;272;335;4073;3;55
BE;Summe;1983 - 1992;GRÜNE;53381;0;3121;10376;6130;31348;;304;132;1971;0;79
BE;Summe;1983 - 1992;FDP;23653;70;8067;2018;1191;1507;;9664;363;773;0;96
BE;Summe;1983 - 1992;AfD;27126;2;1455;1046;735;127;;570;22524;667;221;86
BE;Summe;1983 - 1992;Sonstige;38153;594;3093;2681;8521;4473;;945;1390;16457;213;1011
BE;Summe;1983 - 1992;dar. FREIE WÄHLER;1457;0;332;53;148;42;;0;139;743;0;473
BE;Summe;1973 - 1982;Summe;289406;2879;58557;55455;56483;50349;;14700;31070;19913;271;1091
BE;Summe;1973 - 1982;Ungültig;2435;2187;34;43;32;140;;0;0;0;0;0
BE;Summe;1973 - 1982;CDU;58252;120;40639;5115;3030;5057;;2560;828;901;0;94
BE;Summe;1973 - 1982;SPD;44429;105;1997;30925;4423;5015;;585;376;1003;0;71
BE;Summe;1973 - 1982;DIE LINKE;51447;49;939;4111;36801;5672;;198;376;3301;50;13
BE;Summe;1973 - 1982;GRÜNE;49789;86;2749;10023;4677;30141;;439;110;1565;0;2
BE;Summe;1973 - 1982;FDP;23561;101;8678;2157;974;1021;;9598;575;456;33;2
BE;Summe;1973 - 1982;AfD;32945;32;2131;1073;1119;135;;397;27590;466;125;32
BE;Summe;1973 - 1982;Sonstige;26547;200;1390;2007;5427;3167;;924;1215;12219;63;877
BE;Summe;1973 - 1982;dar. FREIE WÄHLER;963;0;132;37;33;40;;51;199;471;0;380
BE;Summe;1958 - 1972;Summe;528983;6934;118978;101991;97870;71360;;29141;80980;21730;438;2031
BE;Summe;1958 - 1972;Ungültig;5613;4839;232;257;84;34;;0;110;56;0;0
BE;Summe;1958 - 1972;CDU;111308;292;86870;6524;5421;6355;;3384;1600;860;24;42
BE;Summe;1958 - 1972;SPD;84349;244;3076;63192;8118;7348;;768;904;698;27;39
BE;Summe;1958 - 1972;DIE LINKE;89867;248;2328;7780;68698;7264;;406;1188;1954;0;74
BE;Summe;1958 - 1972;GRÜNE;73571;233;4493;15836;6259;44908;;502;58;1283;0;1
BE;Summe;1958 - 1972;FDP;46202;110;15824;2948;1654;1913;;21687;1401;666;50;60
BE;Summe;1958 - 1972;AfD;84069;146;3813;2132;2639;461;;1179;72788;912;237;175
BE;Summe;1958 - 1972;Sonstige;34006;820;2342;3323;4996;3077;;1215;2929;15303;99;1640
BE;Summe;1958 - 1972;dar. FREIE WÄHLER;1880;3;351;189;133;39;;128;70;967;34;681
BE;Summe;1948 - 1957;Summe;270200;4727;68373;58809;60473;21234;;15427;35005;6152;243;978
BE;Summe;1948 - 1957;Ungültig;4056;3037;430;190;243;17;;19;114;6;3;0
BE;Summe;1948 - 1957;CDU;62143;322;50574;3119;3032;1898;;2124;827;246;0;0
BE;Summe;1948 - 1957;SPD;51886;290;3023;39861;5078;2485;;461;290;398;0;0
BE;Summe;1948 - 1957;DIE LINKE;56136;77;1420;5672;44427;2810;;266;594;869;0;45
BE;Summe;1948 - 1957;GRÜNE;23901;42;1709;6043;2486;13202;;226;2;192;0;0
BE;Summe;1948 - 1957;FDP;23985;184;8425;2049;726;389;;11220;705;287;0;41
BE;Summe;1948 - 1957;AfD;37807;300;1798;828;2181;38;;599;31749;313;132;48
BE;Summe;1948 - 1957;Sonstige;10285;474;993;1046;2300;395;;512;723;3841;108;844
BE;Summe;1948 - 1957;dar. FREIE WÄHLER;1112;29;75;108;182;0;;54;51;614;0;505
BE;Summe;1947 und früher;Summe;380361;6860;139585;92692;68718;11931;;24435;32770;3370;74;549
BE;Summe;1947 und früher;Ungültig;6626;4408;1322;538;89;86;;21;128;33;0;0
BE;Summe;1947 und früher;CDU;124159;842;111548;4380;2520;1166;;3032;550;122;0;0
BE;Summe;1947 und früher;SPD;88132;509;4541;72580;7074;2149;;525;600;154;0;0
BE;Summe;1947 und früher;DIE LINKE;64087;132;1711;5323;54717;1030;;239;633;303;3;18
BE;Summe;1947 und früher;GRÜNE;15104;52;1641;5366;1045;6669;;158;104;69;0;0
BE;Summe;1947 und früher;FDP;39447;312;15368;2785;555;335;;19265;757;71;0;0
BE;Summe;1947 und früher;AfD;35579;103;2344;915;1593;38;;862;29501;223;71;42
BE;Summe;1947 und früher;Sonstige;7227;502;1109;805;1125;458;;333;497;2396;0;489
BE;Summe;1947 und früher;dar. FREIE WÄHLER;511;0;52;27;25;47;;88;0;273;0;273
BE;m;Summe;Summe;902264;12642;202610;186014;179341;96051;;50392;129543;45671;1011;2807
BE;m;Summe;Ungültig;10060;8728;546;344;177;70;;40;21;134;3;0
BE;m;Summe;CDU;177659;676;144471;9750;5919;7063;;5906;2027;1848;9;168
BE;m;Summe;SPD;160267;552;6943;120567;15958;10563;;1402;1602;2679;37;163
BE;m;Summe;DIE LINKE;169723;296;2828;16365;127954;12625;;672;1905;7078;68;202
BE;m;Summe;GRÜNE;101689;174;5637;23963;10333;57743;;928;118;2793;0;0
BE;m;Summe;FDP;86314;509;31649;6795;2681;2739;;37961;2230;1752;33;134
BE;m;Summe;AfD;138793;378;7342;3338;4951;289;;2022;118798;1675;572;138
BE;m;Summe;Sonstige;57759;1329;3195;4892;11368;4960;;1461;2842;27711;288;2001
BE;m;Summe;dar. FREIE WÄHLER;3067;32;564;264;141;10;;186;270;1600;34;1123
BE;m;1993 - 1999;Summe;54194;1039;9218;11998;11275;7751;;3924;3882;5107;113;35
BE;m;1993 - 1999;Ungültig;872;831;41;0;0;0;;0;0;0;0;0
BE;m;1993 - 1999;CDU;7329;43;4802;885;144;781;;449;27;199;0;0
BE;m;1993 - 1999;SPD;9678;0;560;6635;1033;971;;136;185;157;9;0
BE;m;1993 - 1999;DIE LINKE;10291;0;115;1222;7155;1080;;75;19;624;15;0
BE;m;1993 - 1999;GRÜNE;7718;0;603;1696;1220;3949;;98;0;153;0;0
BE;m;1993 - 1999;FDP;6313;26;2084;743;260;181;;2693;78;247;0;0
BE;m;1993 - 1999;AfD;4528;0;456;143;94;25;;234;3292;284;89;0
BE;m;1993 - 1999;Sonstige;7465;139;557;675;1368;764;;239;280;3443;0;35
BE;m;1993 - 1999;dar. FREIE WÄHLER;207;0;87;0;0;0;;47;37;35;0;35
BE;m;1983 - 1992;Summe;148986;1824;25428;28413;33640;22930;;7577;15319;13855;290;597
BE;m;1983 - 1992;Ungültig;1549;1502;0;0;0;0;;0;0;47;0;0
BE;m;1983 - 1992;CDU;22005;0;16432;1610;912;1619;;792;175;465;0;35
BE;m;1983 - 1992;SPD;22837;25;1052;15283;2544;2438;;229;253;1013;0;53
BE;m;1983 - 1992;DIE LINKE;33020;5;249;3919;22346;3672;;119;241;2469;0;55
BE;m;1983 - 1992;GRÜNE;21968;0;1178;4804;2375;12630;;168;42;771;0;0
BE;m;1983 - 1992;FDP;13359;70;4484;1157;631;751;;5643;169;455;0;67
BE;m;1983 - 1992;AfD;16227;0;750;392;411;54;;289;13935;397;153;57
BE;m;1983 - 1992;Sonstige;18021;222;1283;1248;4422;1766;;337;504;8238;137;330
BE;m;1983 - 1992;dar. FREIE WÄHLER;751;0;204;53;36;0;;0;54;405;0;235
BE;m;1973 - 1982;Summe;144965;1670;28002;27278;28746;20798;;7455;19294;11721;214;739
BE;m;1973 - 1982;Ungültig;1253;1175;9;0;0;68;;0;0;0;0;0
BE;m;1973 - 1982;CDU;25918;64;18989;1875;1285;1626;;1226;217;636;0;91
BE;m;1973 - 1982;SPD;22527;76;734;15713;2524;2146;;348;238;749;0;71
BE;m;1973 - 1982;DIE LINKE;27318;49;452;2382;19226;2693;;139;296;2082;50;13
BE;m;1973 - 1982;GRÜNE;21639;86;1183;4689;2060;12502;;181;42;895;0;0
BE;m;1973 - 1982;FDP;13169;101;4828;1335;430;621;;5143;318;393;33;0
BE;m;1973 - 1982;AfD;20451;32;1335;482;732;13;;135;17479;243;125;3
BE;m;1973 - 1982;Sonstige;12692;86;472;803;2489;1129;;284;705;6723;6;561
BE;m;1973 - 1982;dar. FREIE WÄHLER;584;0;103;37;33;0;;0;133;278;0;228
BE;m;1958 - 1972;Summe;266004;3163;56215;51516;47408;31817;;14104;51330;10450;133;706
BE;m;1958 - 1972;Ungültig;2553;2308;6;128;53;2;;0;0;56;0;0
BE;m;1958 - 1972;CDU;50432;48;40917;2663;2129;2296;;1200;802;377;9;42
BE;m;1958 - 1972;SPD;42271;70;1540;32174;3722;3366;;444;468;487;27;39
BE;m;1958 - 1972;DIE LINKE;44271;142;933;4033;34003;3220;;103;613;1225;0;74
BE;m;1958 - 1972;GRÜNE;34010;46;1554;7775;2969;20572;;273;31;789;0;0
BE;m;1958 - 1972;FDP;24863;56;8619;1794;872;1018;;11182;893;429;0;26
BE;m;1958 - 1972;AfD;53919;102;2170;1303;1631;170;;551;47592;401;59;30
BE;m;1958 - 1972;Sonstige;13686;390;476;1646;2029;1173;;353;932;6687;37;494
BE;m;1958 - 1972;dar. FREIE WÄHLER;889;3;120;122;33;10;;71;36;493;34;291
BE;m;1948 - 1957;Summe;126404;2312;29322;27208;28053;8400;;7116;20890;3102;219;579
BE;m;1948 - 1957;Ungültig;1644;1301;121;75;104;0;;19;21;3;3;0
BE;m;1948 - 1957;CDU;25259;147;21069;1210;793;554;;852;549;85;0;0
BE;m;1948 - 1957;SPD;24448;169;1269;19006;2616;890;;104;212;183;0;0
BE;m;1948 - 1957;DIE LINKE;26628;68;593;2521;21068;1469;;125;290;493;0;45
BE;m;1948 - 1957;GRÜNE;10185;42;622;2812;1153;5256;;158;2;139;0;0
BE;m;1948 - 1957;FDP;11401;131;4201;720;282;129;;5420;329;189;0;41
BE;m;1948 - 1957;AfD;22956;177;1259;541;1299;27;;274;19177;202;108;48
BE;m;1948 - 1957;Sonstige;3885;278;188;323;738;76;;164;310;1808;108;445
BE;m;1948 - 1957;dar. FREIE WÄHLER;559;29;50;52;39;0;;54;9;326;0;270
BE;m;1947 und früher;Summe;161711;2635;54425;39600;30219;4355;;10215;18828;1434;42;149
BE;m;1947 und früher;Ungültig;2190;1611;368;141;20;0;;21;0;29;0;0
BE;m;1947 und früher;CDU;46716;374;42262;1507;657;186;;1387;257;86;0;0
BE;m;1947 und früher;SPD;38508;213;1788;31757;3520;752;;142;246;90;0;0
BE;m;1947 und früher;DIE LINKE;28196;34;486;2288;24156;491;;111;446;185;3;15
BE;m;1947 und früher;GRÜNE;6170;0;497;2187;555;2834;;50;0;46;0;0
BE;m;1947 und früher;FDP;17210;125;7433;1045;205;40;;7880;443;39;0;0
BE;m;1947 und früher;AfD;20712;66;1372;477;785;0;;540;17324;149;39;0
BE;m;1947 und früher;Sonstige;2009;214;219;197;321;52;;83;112;812;0;134
BE;m;1947 und früher;dar. FREIE WÄHLER;77;0;0;0;0;0;;14;0;63;0;63
BE;w;Summe;Summe;989870;14018;257686;205758;198223;134884;;54661;82668;41972;587;3531
BE;w;Summe;Ungültig;13032;9891;1534;685;298;207;;34;331;51;0;0
BE;w;Summe;CDU;246662;998;191940;15840;11236;14179;;8225;2386;1857;36;84
BE;w;Summe;SPD;173986;688;9794;129424;15507;13857;;1788;1359;1569;0;47
BE;w;Summe;DIE LINKE;181447;215;4893;16432;137596;15439;;967;1240;4666;3;3
BE;w;Summe;GRÜNE;133258;278;9857;27540;13046;78439;;815;309;2972;0;82
BE;w;Summe;FDP;80732;294;27864;6356;2889;2910;;37891;1750;777;50;66
BE;w;Summe;AfD;86377;206;5003;3004;3494;569;;1988;70740;1373;302;245
BE;w;Summe;Sonstige;74376;1446;6801;6477;14157;9283;;2952;4554;28707;196;3005
BE;w;Summe;dar. FREIE WÄHLER;3337;0;520;186;455;213;;182;227;1553;0;1273
BE;w;1993 - 1999;Summe;57444;648;10397;11356;12820;12090;;3102;2607;4425;0;112
BE;w;1993 - 1999;Ungültig;562;528;0;0;0;0;;34;0;0;0;0
BE;w;1993 - 1999;CDU;9172;0;5713;1215;486;1116;;526;27;89;0;2
BE;w;1993 - 1999;SPD;8612;33;1273;5417;791;681;;203;3;211;0;0
BE;w;1993 - 1999;DIE LINKE;12161;0;306;1072;7900;2082;;182;0;619;0;0
BE;w;1993 - 1999;GRÜNE;11482;41;1178;2164;1563;5966;;17;20;535;0;0
BE;w;1993 - 1999;FDP;3886;0;1067;451;210;303;;1725;102;29;0;0
BE;w;1993 - 1999;AfD;3117;0;348;206;83;33;;171;2094;183;0;0
BE;w;1993 - 1999;Sonstige;8452;46;512;833;1787;1909;;244;361;2760;0;110
BE;w;1993 - 1999;dar. FREIE WÄHLER;274;0;56;36;75;56;;0;0;50;0;50
BE;w;1983 - 1992;Summe;162560;1750;29760;31057;36285;33290;;6747;10579;13092;168;944
BE;w;1983 - 1992;Ungültig;1379;1287;20;0;27;0;;0;0;44;0;0
BE;w;1983 - 1992;CDU;29952;55;19832;2742;1609;3249;;1264;378;823;21;79
BE;w;1983 - 1992;SPD;24330;34;1214;16098;2404;3333;;283;348;615;0;47
BE;w;1983 - 1992;DIE LINKE;34161;0;653;3699;23505;4454;;153;94;1604;3;0
BE;w;1983 - 1992;GRÜNE;31412;0;1943;5571;3755;18718;;136;90;1200;0;79
BE;w;1983 - 1992;FDP;10294;0;3583;861;560;756;;4021;194;318;0;29
BE;w;1983 - 1992;AfD;10899;2;705;654;325;73;;281;8589;270;68;29
BE;w;1983 - 1992;Sonstige;20132;372;1810;1433;4100;2707;;607;886;8219;77;681
BE;w;1983 - 1992;dar. FREIE WÄHLER;706;0;128;0;112;42;;0;85;338;0;238
BE;w;1973 - 1982;Summe;144441;1210;30555;28177;27737;29551;;7245;11776;8191;57;352
BE;w;1973 - 1982;Ungültig;1182;1012;24;43;32;72;;0;0;0;0;0
BE;w;1973 - 1982;CDU;32334;56;21650;3240;1746;3431;;1334;612;265;0;3
BE;w;1973 - 1982;SPD;21903;29;1263;15212;1899;2869;;237;138;254;0;0
BE;w;1973 - 1982;DIE LINKE;24129;0;487;1729;17576;2979;;59;80;1220;0;0
BE;w;1973 - 1982;GRÜNE;28151;0;1566;5335;2616;17639;;257;68;670;0;2
BE;w;1973 - 1982;FDP;10392;0;3850;823;543;401;;4456;257;64;0;2
BE;w;1973 - 1982;AfD;12494;0;796;591;387;122;;262;10112;224;0;29
BE;w;1973 - 1982;Sonstige;13855;113;918;1204;2938;2037;;640;510;5496;57;316
BE;w;1973 - 1982;dar. FREIE WÄHLER;379;0;29;0;0;40;;51;66;193;0;151
BE;w;1958 - 1972;Summe;262979;3771;62763;50475;50462;39543;;15037;29649;11279;305;1325
BE;w;1958 - 1972;Ungültig;3061;2532;226;130;31;32;;0;110;0;0;0
BE;w;1958 - 1972;CDU;60876;244;45953;3861;3292;4059;;2184;799;483;15;0
BE;w;1958 - 1972;SPD;42078;174;1536;31017;4397;3982;;324;436;211;0;0
BE;w;1958 - 1972;DIE LINKE;45596;107;1395;3747;34695;4044;;304;576;729;0;0
BE;w;1958 - 1972;GRÜNE;39561;186;2940;8061;3290;24336;;229;27;493;0;1
BE;w;1958 - 1972;FDP;21338;54;7205;1154;782;895;;10505;508;237;50;34
BE;w;1958 - 1972;AfD;30150;44;1643;829;1009;291;;628;25196;511;179;144
BE;w;1958 - 1972;Sonstige;20320;430;1866;1676;2967;1905;;863;1997;8616;62;1145
BE;w;1958 - 1972;dar. FREIE WÄHLER;991;0;230;67;100;29;;57;34;473;0;389
BE;w;1948 - 1957;Summe;143796;2415;39051;31601;32420;12834;;8311;14115;3049;24;398
BE;w;1948 - 1957;Ungültig;2412;1737;309;115;139;17;;0;93;3;0;0
BE;w;1948 - 1957;CDU;36884;175;29506;1910;2240;1344;;1272;278;161;0;0
BE;w;1948 - 1957;SPD;27439;121;1755;20856;2462;1595;;357;79;214;0;0
BE;w;1948 - 1957;DIE LINKE;29508;10;826;3150;23359;1341;;141;304;376;0;0
BE;w;1948 - 1957;GRÜNE;13717;0;1087;3231;1332;7946;;68;0;52;0;0
BE;w;1948 - 1957;FDP;12584;54;4224;1328;445;260;;5800;375;98;0;0
BE;w;1948 - 1957;AfD;14852;123;539;287;882;11;;324;12572;112;24;0
BE;w;1948 - 1957;Sonstige;6399;196;805;723;1562;319;;348;414;2033;0;398
BE;w;1948 - 1957;dar. FREIE WÄHLER;553;0;25;56;143;0;;0;41;288;0;234
BE;w;1947 und früher;Summe;218650;4224;85160;53092;38499;7577;;14221;13942;1935;32;400
BE;w;1947 und früher;Ungültig;4435;2797;954;397;69;86;;0;128;4;0;0
BE;w;1947 und früher;CDU;77444;469;69286;2873;1863;980;;1645;293;36;0;0
BE;w;1947 und früher;SPD;49625;297;2753;40823;3554;1397;;384;354;64;0;0
BE;w;1947 und früher;DIE LINKE;35891;98;1225;3035;30561;539;;128;187;119;0;3
BE;w;1947 und früher;GRÜNE;8934;52;1144;3179;490;3835;;108;104;22;0;0
BE;w;1947 und früher;FDP;22237;187;7935;1740;349;295;;11385;314;32;0;0
BE;w;1947 und früher;AfD;14866;37;972;438;808;38;;322;12177;74;32;42
BE;w;1947 und früher;Sonstige;5218;288;890;609;805;407;;250;385;1584;0;354
BE;w;1947 und früher;dar. FREIE WÄHLER;434;0;52;27;25;47;;74;0;210;0;210
BE-O;Summe;Summe;Summe;792630;9874;149787;116771;253797;80065;;30882;108787;42667;1256;5976
BE-O;Summe;Summe;Ungültig;8997;7285;635;381;365;35;;34;152;108;3;0
BE-O;Summe;Summe;CDU;151288;499;109970;7824;14708;9508;;4016;2657;2106;45;252
BE-O;Summe;Summe;SPD;118241;364;5052;77391;23274;7345;;1086;1471;2258;37;171
BE-O;Summe;Summe;DIE LINKE;204400;149;4343;8822;174155;9466;;719;1463;5283;71;150
BE-O;Summe;Summe;GRÜNE;81810;201;5206;12815;14279;45851;;568;124;2766;0;82
BE-O;Summe;Summe;FDP;49917;172;15311;3796;4272;1639;;21703;1704;1320;83;200
BE-O;Summe;Summe;AfD;116022;335;5238;2136;6979;323;;1457;97527;2027;661;383
BE-O;Summe;Summe;Sonstige;61955;869;4031;3607;15764;5899;;1298;3689;26798;356;4737
BE-O;Summe;Summe;dar. FREIE WÄHLER;3987;0;308;168;406;94;;144;211;2655;34;2320
BE-O;Summe;1947 und früher;Summe;143798;2579;32645;27099;59260;3151;;4029;13509;1526;74;469
BE-O;Summe;1947 und früher;Ungültig;2358;1679;361;180;89;0;;0;49;0;0;0
BE-O;Summe;1947 und früher;CDU;31521;197;26381;1130;2433;539;;442;313;86;0;0
BE-O;Summe;1947 und früher;SPD;29916;112;1082;21668;6252;387;;39;307;69;0;0
BE-O;Summe;1947 und früher;DIE LINKE;51140;29;1203;2199;46902;298;;51;336;123;3;18
BE-O;Summe;1947 und früher;GRÜNE;4078;47;410;1167;787;1633;;0;32;3;0;0
BE-O;Summe;1947 und früher;FDP;6271;85;2029;311;480;37;;3069;189;71;0;0
BE-O;Summe;1947 und früher;AfD;15082;42;757;206;1508;0;;313;12037;218;71;42
BE-O;Summe;1947 und früher;Sonstige;3432;388;422;239;809;258;;115;246;956;0;409
BE-O;Summe;1947 und früher;dar. FREIE WÄHLER;407;0;25;0;25;47;;64;0;246;0;246
BE-O;Summe;1948 - 1957;Summe;107989;1753;21998;13843;43454;3860;;3481;16735;2865;68;955
BE-O;Summe;1948 - 1957;Ungültig;1624;1151;171;58;177;1;;0;60;6;3;0
BE-O;Summe;1948 - 1957;CDU;21863;98;16618;793;2725;498;;574;446;111;0;0
BE-O;Summe;1948 - 1957;SPD;14411;99;373;9960;3505;283;;69;39;83;0;0
BE-O;Summe;1948 - 1957;DIE LINKE;34821;0;775;1247;31602;577;;62;202;356;0;45
BE-O;Summe;1948 - 1957;GRÜNE;5331;0;631;670;1445;2460;;93;0;31;0;0
BE-O;Summe;1948 - 1957;FDP;6307;86;2175;525;533;0;;2355;462;171;0;41
BE-O;Summe;1948 - 1957;AfD;18686;156;902;331;1816;11;;228;15117;124;45;48
BE-O;Summe;1948 - 1957;Sonstige;4946;162;354;258;1652;29;;99;409;1983;21;821
BE-O;Summe;1948 - 1957;dar. FREIE WÄHLER;789;0;50;18;128;0;;0;51;543;0;482
BE-O;Summe;1958 - 1972;Summe;220982;2267;42008;28944;65431;21638;;8869;41490;10335;292;1853
BE-O;Summe;1958 - 1972;Ungültig;1901;1574;53;101;40;34;;0;43;56;0;0
BE-O;Summe;1958 - 1972;CDU;42745;146;30971;2171;4657;2472;;995;925;407;24;42
BE-O;Summe;1958 - 1972;SPD;28296;95;1415;18443;5665;1692;;174;382;431;27;0
BE-O;Summe;1958 - 1972;DIE LINKE;50992;92;1171;2010;44158;1949;;169;525;918;0;74
BE-O;Summe;1958 - 1972;GRÜNE;24031;107;1186;4008;4275;13777;;131;0;546;0;1
BE-O;Summe;1958 - 1972;FDP;14521;0;4566;692;1294;512;;6621;554;281;50;60
BE-O;Summe;1958 - 1972;AfD;43558;102;1723;708;2121;210;;449;37632;614;111;175
BE-O;Summe;1958 - 1972;Sonstige;14939;151;923;811;3221;992;;331;1429;7083;79;1500
BE-O;Summe;1958 - 1972;dar. FREIE WÄHLER;1147;0;72;88;100;5;;75;34;772;34;681
BE-O;Summe;1973 - 1982;Summe;138057;1141;23650;19811;36583;21810;;6118;18912;10032;271;1065
BE-O;Summe;1973 - 1982;Ungültig;1060;977;9;43;32;0;;0;0;0;0;0
BE-O;Summe;1973 - 1982;CDU;25361;56;16421;1802;2649;2524;;789;625;496;0;94
BE-O;Summe;1973 - 1982;SPD;19388;0;749;11941;3321;2165;;318;294;600;0;71
BE-O;Summe;1973 - 1982;DIE LINKE;27885;28;508;1137;22109;2317;;127;134;1524;50;13
BE-O;Summe;1973 - 1982;GRÜNE;21487;47;1258;2891;3286;12833;;232;42;898;0;2
BE-O;Summe;1973 - 1982;FDP;10180;1;3087;935;859;456;;4256;324;262;33;2
BE-O;Summe;1973 - 1982;AfD;19581;32;1044;416;774;71;;153;16856;234;125;32
BE-O;Summe;1973 - 1982;Sonstige;13114;0;573;647;3554;1445;;242;637;6017;63;850
BE-O;Summe;1973 - 1982;dar. FREIE WÄHLER;534;0;74;37;0;0;;4;66;353;0;353
BE-O;Summe;1983 - 1992;Summe;142279;1445;23821;20840;37468;23300;;5911;15306;14187;438;1487
BE-O;Summe;1983 - 1992;Ungültig;1335;1261;0;0;27;0;;0;0;47;0;0
BE-O;Summe;1983 - 1992;CDU;24139;1;16214;1383;1807;2713;;794;322;904;21;114
BE-O;Summe;1983 - 1992;SPD;20220;25;852;11907;3449;2415;;260;422;890;0;100
BE-O;Summe;1983 - 1992;DIE LINKE;30748;0;465;1853;22760;3393;;146;267;1864;3;0
BE-O;Summe;1983 - 1992;GRÜNE;21531;0;1318;3255;3311;12483;;111;50;1002;0;79
BE-O;Summe;1983 - 1992;FDP;9908;0;3014;926;760;452;;4134;141;480;0;96
BE-O;Summe;1983 - 1992;AfD;15737;2;573;412;604;31;;144;13446;526;221;86
BE-O;Summe;1983 - 1992;Sonstige;18662;156;1385;1104;4750;1813;;321;658;8474;193;1011
BE-O;Summe;1983 - 1992;dar. FREIE WÄHLER;980;0;84;26;112;42;;0;60;656;0;473
BE-O;Summe;1993 - 1999;Summe;39525;689;5665;6233;11600;6307;;2474;2835;3723;113;148
BE-O;Summe;1993 - 1999;Ungültig;719;643;41;0;0;0;;34;0;0;0;0
BE-O;Summe;1993 - 1999;CDU;5660;0;3365;546;439;761;;421;27;102;0;2
BE-O;Summe;1993 - 1999;SPD;6009;33;581;3472;1082;403;;227;27;186;9;0
BE-O;Summe;1993 - 1999;DIE LINKE;8815;0;222;377;6624;931;;164;0;498;15;0
BE-O;Summe;1993 - 1999;GRÜNE;5352;0;403;823;1174;2665;;0;0;286;0;0
BE-O;Summe;1993 - 1999;FDP;2730;0;440;406;347;182;;1268;32;55;0;0
BE-O;Summe;1993 - 1999;AfD;3379;0;239;63;156;0;;171;2439;311;89;0
BE-O;Summe;1993 - 1999;Sonstige;6863;12;374;548;1778;1364;;190;311;2286;0;145
BE-O;Summe;1993 - 1999;dar. FREIE WÄHLER;129;0;3;0;41;0;;0;0;85;0;85
BE-O;m;Summe;Summe;375604;4172;65291;54265;117391;32365;;15263;65577;21279;797;2629
BE-O;m;Summe;Ungültig;3692;3007;263;136;158;2;;0;21;105;3;0
BE-O;m;Summe;CDU;62437;132;47064;3014;4962;3167;;1836;1187;1076;9;168
BE-O;m;Summe;SPD;56001;95;2114;36559;11666;2995;;400;815;1356;37;124
BE-O;m;Summe;DIE LINKE;95193;94;1294;3737;81548;4294;;315;853;3058;68;147
BE-O;m;Summe;GRÜNE;35112;48;2211;6006;6405;18950;;188;42;1263;0;0
BE-O;m;Summe;FDP;26413;87;8052;2235;1943;957;;11259;1016;864;33;134
BE-O;m;Summe;AfD;70834;289;2925;1095;4036;83;;825;60445;1138;466;138
BE-O;m;Summe;Sonstige;25921;422;1368;1484;6674;1918;;440;1199;12417;180;1918
BE-O;m;Summe;dar. FREIE WÄHLER;1647;0;180;124;39;5;;41;9;1249;34;1074
BE-O;m;1947 und früher;Summe;61121;832;12497;11472;25403;1026;;1676;7633;583;42;149
BE-O;m;1947 und früher;Ungültig;798;513;168;97;20;0;;0;0;0;0;0
BE-O;m;1947 und früher;CDU;11783;43;9934;589;623;104;;262;143;86;0;0
BE-O;m;1947 und früher;SPD;13537;26;631;9455;3114;163;;0;143;5;0;0
BE-O;m;1947 und früher;DIE LINKE;21472;0;237;726;20077;126;;39;218;50;3;15
BE-O;m;1947 und früher;GRÜNE;1384;0;123;263;411;587;;0;0;0;0;0
BE-O;m;1947 und früher;FDP;2596;39;953;142;175;0;;1158;91;39;0;0
BE-O;m;1947 und früher;AfD;8588;42;341;133;765;0;;167;6996;144;39;0
BE-O;m;1947 und früher;Sonstige;963;170;111;66;218;47;;50;41;259;0;134
BE-O;m;1947 und früher;dar. FREIE WÄHLER;63;0;0;0;0;0;;0;0;63;0;63
BE-O;m;1948 - 1957;Summe;50135;817;9679;6191;19507;1447;;1522;9692;1280;45;557
BE-O;m;1948 - 1957;Ungültig;627;457;42;0;104;0;;0;21;3;3;0
BE-O;m;1948 - 1957;CDU;8897;77;7132;264;707;164;;205;348;0;0;0
BE-O;m;1948 - 1957;SPD;6872;44;173;4747;1731;126;;3;39;9;0;0
BE-O;m;1948 - 1957;DIE LINKE;15881;0;259;400;14608;263;;29;66;256;0;45
BE-O;m;1948 - 1957;GRÜNE;2120;0;206;320;608;894;;64;0;29;0;0
BE-O;m;1948 - 1957;FDP;2944;47;1101;202;175;0;;1128;218;73;0;41
BE-O;m;1948 - 1957;AfD;11046;112;675;200;1125;0;;69;8797;69;21;48
BE-O;m;1948 - 1957;Sonstige;1749;79;93;58;450;0;;25;203;841;21;423
BE-O;m;1948 - 1957;dar. FREIE WÄHLER;393;0;50;15;39;0;;0;9;280;0;248
BE-O;m;1958 - 1972;Summe;109713;870;18667;14427;30631;9795;;4445;26142;4735;114;633
BE-O;m;1958 - 1972;Ungültig;761;627;3;39;34;2;;0;0;56;0;0
BE-O;m;1958 - 1972;CDU;18337;12;13779;864;1734;904;;459;451;133;9;42
BE-O;m;1958 - 1972;SPD;13479;0;580;9024;2662;665;;52;249;247;27;0
BE-O;m;1958 - 1972;DIE LINKE;24158;66;375;1036;20714;1001;;3;271;693;0;74
BE-O;m;1958 - 1972;GRÜNE;11586;1;395;2157;2170;6460;;50;0;353;0;0
BE-O;m;1958 - 1972;FDP;8049;0;2502;459;680;294;;3525;425;164;0;26
BE-O;m;1958 - 1972;AfD;27661;102;850;442;1284;78;;307;24343;255;40;30
BE-O;m;1958 - 1972;Sonstige;5682;62;184;407;1353;390;;50;402;2834;37;460
BE-O;m;1958 - 1972;dar. FREIE WÄHLER;420;0;0;47;0;5;;41;0;327;34;291
BE-O;m;1973 - 1982;Summe;69826;589;11332;9574;18419;8929;;3506;11547;5930;214;713
BE-O;m;1973 - 1982;Ungültig;491;481;9;0;0;0;;0;0;0;0;0
BE-O;m;1973 - 1982;CDU;11460;0;7819;627;1105;819;;547;171;370;0;91
BE-O;m;1973 - 1982;SPD;9806;0;204;5901;1946;885;;182;200;488;0;71
BE-O;m;1973 - 1982;DIE LINKE;14244;28;239;541;11318;1016;;104;92;905;50;13
BE-O;m;1973 - 1982;GRÜNE;9661;47;708;1451;1452;5435;;45;42;481;0;0
BE-O;m;1973 - 1982;FDP;5702;1;1516;601;409;284;;2450;227;213;33;0
BE-O;m;1973 - 1982;AfD;12066;32;649;143;510;4;;57;10529;141;125;3
BE-O;m;1973 - 1982;Sonstige;6397;0;187;310;1677;485;;121;285;3332;6;535
BE-O;m;1973 - 1982;dar. FREIE WÄHLER;283;0;45;37;0;0;;0;0;202;0;202
BE-O;m;1983 - 1992;Summe;66255;703;10369;9612;18075;9047;;2920;8839;6690;270;542
BE-O;m;1983 - 1992;Ungültig;626;579;0;0;0;0;;0;0;47;0;0
BE-O;m;1983 - 1992;CDU;9620;0;6911;459;649;887;;251;73;391;0;35
BE-O;m;1983 - 1992;SPD;9506;25;290;5741;1773;930;;51;160;535;0;53
BE-O;m;1983 - 1992;DIE LINKE;15170;0;69;844;11514;1599;;107;207;829;0;0
BE-O;m;1983 - 1992;GRÜNE;8507;0;560;1435;1305;4808;;29;0;370;0;0
BE-O;m;1983 - 1992;FDP;5497;0;1653;589;311;297;;2272;55;320;0;67
BE-O;m;1983 - 1992;AfD;9223;0;254;135;279;0;;86;8149;321;153;57
BE-O;m;1983 - 1992;Sonstige;8105;98;632;409;2242;526;;124;196;3877;117;330
BE-O;m;1983 - 1992;dar. FREIE WÄHLER;453;0;84;26;0;0;;0;0;343;0;235
BE-O;m;1993 - 1999;Summe;18554;361;2747;2990;5356;2120;;1194;1724;2061;113;35
BE-O;m;1993 - 1999;Ungültig;390;349;41;0;0;0;;0;0;0;0;0
BE-O;m;1993 - 1999;CDU;2341;0;1489;211;144;288;;112;0;97;0;0
BE-O;m;1993 - 1999;SPD;2802;0;236;1691;440;227;;112;24;72;9;0
BE-O;m;1993 - 1999;DIE LINKE;4267;0;115;190;3316;288;;33;0;325;15;0
BE-O;m;1993 - 1999;GRÜNE;1853;0;220;380;458;767;;0;0;29;0;0
BE-O;m;1993 - 1999;FDP;1625;0;327;243;193;81;;727;0;55;0;0
BE-O;m;1993 - 1999;AfD;2250;0;157;42;73;0;;139;1630;209;89;0
BE-O;m;1993 - 1999;Sonstige;3026;12;161;234;733;470;;71;70;1274;0;35
BE-O;m;1993 - 1999;dar. FREIE WÄHLER;35;0;0;0;0;0;;0;0;35;0;35
BE-O;w;Summe;Summe;417026;5702;84496;62506;136406;47700;;15619;43210;21388;459;3346
BE-O;w;Summe;Ungültig;5305;4279;372;246;207;33;;34;131;3;0;0
BE-O;w;Summe;CDU;88851;367;62906;4810;9747;6341;;2180;1470;1030;36;84
BE-O;w;Summe;SPD;62240;269;2938;40832;11608;4349;;687;656;902;0;47
BE-O;w;Summe;DIE LINKE;109207;55;3049;5085;92607;5172;;403;611;2225;3;3
BE-O;w;Summe;GRÜNE;46698;153;2995;6809;7875;26900;;380;82;1504;0;82
BE-O;w;Summe;FDP;23504;86;7259;1561;2329;682;;10444;688;456;50;66
BE-O;w;Summe;AfD;45188;46;2313;1041;2943;241;;633;37082;889;195;245
BE-O;w;Summe;Sonstige;36034;447;2663;2123;9091;3981;;858;2490;14380;175;2820
BE-O;w;Summe;dar. FREIE WÄHLER;2339;0;128;44;367;89;;103;202;1407;0;1246
BE-O;w;1947 und früher;Summe;82677;1747;20148;15628;33858;2125;;2353;5876;943;32;320
BE-O;w;1947 und früher;Ungültig;1560;1166;193;83;69;0;;0;49;0;0;0
BE-O;w;1947 und früher;CDU;19738;154;16447;541;1810;435;;180;171;0;0;0
BE-O;w;1947 und früher;SPD;16379;86;451;12213;3138;224;;39;164;64;0;0
BE-O;w;1947 und früher;DIE LINKE;29668;29;966;1472;26825;172;;12;118;73;0;3
BE-O;w;1947 und früher;GRÜNE;2694;47;287;904;376;1046;;0;32;3;0;0
BE-O;w;1947 und früher;FDP;3675;47;1076;170;305;37;;1911;98;32;0;0
BE-O;w;1947 und früher;AfD;6494;0;416;73;744;0;;146;5041;74;32;42
BE-O;w;1947 und früher;Sonstige;2469;218;311;172;590;211;;65;204;697;0;275
BE-O;w;1947 und früher;dar. FREIE WÄHLER;344;0;25;0;25;47;;64;0;183;0;183
BE-O;w;1948 - 1957;Summe;57854;936;12319;7652;23947;2413;;1959;7043;1585;24;398
BE-O;w;1948 - 1957;Ungültig;997;694;129;58;73;1;;0;39;3;0;0
BE-O;w;1948 - 1957;CDU;12966;21;9486;529;2018;334;;370;98;111;0;0
BE-O;w;1948 - 1957;SPD;7539;55;199;5214;1774;157;;66;0;74;0;0
BE-O;w;1948 - 1957;DIE LINKE;18940;0;516;847;16994;314;;33;136;100;0;0
BE-O;w;1948 - 1957;GRÜNE;3211;0;426;350;837;1566;;29;0;2;0;0
BE-O;w;1948 - 1957;FDP;3364;39;1074;323;358;0;;1227;244;98;0;0
BE-O;w;1948 - 1957;AfD;7640;44;228;131;691;11;;159;6321;56;24;0
BE-O;w;1948 - 1957;Sonstige;3197;83;261;201;1202;29;;74;206;1142;0;398
BE-O;w;1948 - 1957;dar. FREIE WÄHLER;397;0;0;3;89;0;;0;41;264;0;234
BE-O;w;1958 - 1972;Summe;111269;1397;23341;14517;34800;11842;;4424;15349;5600;178;1220
BE-O;w;1958 - 1972;Ungültig;1140;947;50;62;6;32;;0;43;0;0;0
BE-O;w;1958 - 1972;CDU;24408;135;17192;1306;2923;1568;;536;473;274;15;0
BE-O;w;1958 - 1972;SPD;14818;95;835;9419;3003;1027;;122;133;184;0;0
BE-O;w;1958 - 1972;DIE LINKE;26833;26;796;975;23444;948;;166;254;225;0;0
BE-O;w;1958 - 1972;GRÜNE;12445;106;791;1851;2105;7317;;81;0;193;0;1
BE-O;w;1958 - 1972;FDP;6472;0;2064;234;614;218;;3096;130;116;50;34
BE-O;w;1958 - 1972;AfD;15897;0;873;266;837;132;;142;13289;359;71;144
BE-O;w;1958 - 1972;Sonstige;9257;88;739;404;1868;602;;281;1027;4248;41;1040
BE-O;w;1958 - 1972;dar. FREIE WÄHLER;726;0;72;41;100;0;;34;34;445;0;389
BE-O;w;1973 - 1982;Summe;68231;551;12318;10238;18165;12881;;2611;7365;4102;57;352
BE-O;w;1973 - 1982;Ungültig;570;495;0;43;32;0;;0;0;0;0;0
BE-O;w;1973 - 1982;CDU;13901;56;8601;1175;1543;1704;;242;453;127;0;3
BE-O;w;1973 - 1982;SPD;9583;0;545;6039;1375;1280;;137;94;112;0;0
BE-O;w;1973 - 1982;DIE LINKE;13641;0;269;596;10790;1301;;23;43;619;0;0
BE-O;w;1973 - 1982;GRÜNE;11826;0;550;1440;1834;7398;;187;0;417;0;2
BE-O;w;1973 - 1982;FDP;4479;0;1571;334;449;171;;1806;98;49;0;2
BE-O;w;1973 - 1982;AfD;7515;0;395;273;264;67;;96;6326;93;0;29
BE-O;w;1973 - 1982;Sonstige;6717;0;386;337;1877;959;;121;351;2685;57;316
BE-O;w;1973 - 1982;dar. FREIE WÄHLER;251;0;29;0;0;0;;4;66;151;0;151
BE-O;w;1983 - 1992;Summe;76024;743;13452;11229;19393;14252;;2991;6466;7497;168;944
BE-O;w;1983 - 1992;Ungültig;709;681;0;0;27;0;;0;0;0;0;0
BE-O;w;1983 - 1992;CDU;14519;1;9303;924;1158;1826;;544;249;514;21;79
BE-O;w;1983 - 1992;SPD;10714;0;562;6166;1675;1486;;209;262;354;0;47
BE-O;w;1983 - 1992;DIE LINKE;15577;0;395;1009;11246;1794;;39;60;1035;3;0
BE-O;w;1983 - 1992;GRÜNE;13024;0;758;1821;2006;7675;;83;50;632;0;79
BE-O;w;1983 - 1992;FDP;4411;0;1361;337;449;154;;1863;86;160;0;29
BE-O;w;1983 - 1992;AfD;6513;2;319;277;325;31;;58;5297;205;68;29
BE-O;w;1983 - 1992;Sonstige;10557;58;753;695;2507;1287;;197;462;4597;77;681
BE-O;w;1983 - 1992;dar. FREIE WÄHLER;528;0;0;0;112;42;;0;60;313;0;238
BE-O;w;1993 - 1999;Summe;20972;328;2918;3243;6243;4186;;1280;1111;1662;0;112
BE-O;w;1993 - 1999;Ungültig;329;294;0;0;0;0;;34;0;0;0;0
BE-O;w;1993 - 1999;CDU;3319;0;1876;335;295;473;;309;27;5;0;2
BE-O;w;1993 - 1999;SPD;3207;33;344;1781;642;176;;115;3;114;0;0
BE-O;w;1993 - 1999;DIE LINKE;4548;0;106;187;3308;644;;130;0;173;0;0
BE-O;w;1993 - 1999;GRÜNE;3498;0;183;443;717;1898;;0;0;256;0;0
BE-O;w;1993 - 1999;FDP;1104;0;113;163;154;102;;541;32;0;0;0
BE-O;w;1993 - 1999;AfD;1129;0;82;21;83;0;;32;808;102;0;0
BE-O;w;1993 - 1999;Sonstige;3837;0;213;314;1046;894;;119;240;1011;0;110
BE-O;w;1993 - 1999;dar. FREIE WÄHLER;94;0;3;0;41;0;;0;0;50;0;50
BE-W;Summe;Summe;Summe;1099504;16786;310509;275001;123767;150870;;74171;103424;44976;341;362
BE-W;Summe;Summe;Ungültig;14095;11333;1445;647;110;242;;40;200;77;0;0
BE-W;Summe;Summe;CDU;273033;1175;226441;17766;2447;11734;;10115;1756;1599;0;0
BE-W;Summe;Summe;SPD;216012;877;11685;172600;8191;17076;;2104;1490;1989;0;39
BE-W;Summe;Summe;DIE LINKE;146770;362;3378;23974;91395;18598;;920;1682;6460;0;55
BE-W;Summe;Summe;GRÜNE;153137;252;10288;38688;9100;90332;;1175;303;3000;0;0
BE-W;Summe;Summe;FDP;117129;631;44202;9355;1298;4010;;54149;2276;1209;0;0
BE-W;Summe;Summe;AfD;109148;249;7107;4207;1466;534;;2553;92011;1021;213;0
BE-W;Summe;Summe;Sonstige;70180;1907;5965;7763;9761;8343;;3115;3707;29621;128;268
BE-W;Summe;Summe;dar. FREIE WÄHLER;2418;32;777;282;190;129;;224;285;498;0;76
BE-W;Summe;1947 und früher;Summe;236563;4281;106940;65593;9458;8780;;20407;19261;1844;0;80
BE-W;Summe;1947 und früher;Ungültig;4268;2728;962;358;0;86;;21;79;33;0;0
BE-W;Summe;1947 und früher;CDU;92639;645;85166;3250;87;627;;2590;237;36;0;0
BE-W;Summe;1947 und früher;SPD;58216;397;3459;50912;822;1762;;487;293;84;0;0
BE-W;Summe;1947 und früher;DIE LINKE;12947;103;508;3124;7815;732;;188;297;180;0;0
BE-W;Summe;1947 und früher;GRÜNE;11026;5;1232;4199;258;5036;;158;72;66;0;0
BE-W;Summe;1947 und früher;FDP;33176;227;13339;2474;75;297;;16196;567;0;0;0
BE-W;Summe;1947 und früher;AfD;20496;61;1587;709;85;38;;549;17463;5;0;0
BE-W;Summe;1947 und früher;Sonstige;3795;115;687;567;317;201;;218;252;1440;0;80
BE-W;Summe;1947 und früher;dar. FREIE WÄHLER;105;0;27;27;0;0;;24;0;27;0;27
BE-W;Summe;1948 - 1957;Summe;162211;2974;46375;44966;17019;17374;;11946;18271;3287;174;23
BE-W;Summe;1948 - 1957;Ungültig;2432;1886;260;132;66;15;;19;54;0;0;0
BE-W;Summe;1948 - 1957;CDU;40280;224;33956;2327;308;1400;;1550;381;135;0;0
BE-W;Summe;1948 - 1957;SPD;37475;191;2651;29901;1572;2202;;392;252;315;0;0
BE-W;Summe;1948 - 1957;DIE LINKE;21316;77;645;4425;12825;2233;;204;393;513;0;0
BE-W;Summe;1948 - 1957;GRÜNE;18570;42;1077;5373;1041;10742;;133;2;160;0;0
BE-W;Summe;1948 - 1957;FDP;17678;99;6250;1523;193;389;;8865;243;116;0;0
BE-W;Summe;1948 - 1957;AfD;19121;144;896;498;365;27;;370;16632;189;87;0
BE-W;Summe;1948 - 1957;Sonstige;5339;312;639;788;648;366;;413;314;1858;87;23
BE-W;Summe;1948 - 1957;dar. FREIE WÄHLER;323;29;25;91;54;0;;54;0;71;0;23
BE-W;Summe;1958 - 1972;Summe;308001;4666;76970;73047;32439;49722;;20272;39489;11395;146;178
BE-W;Summe;1958 - 1972;Ungültig;3712;3265;179;156;44;0;;0;68;0;0;0
BE-W;Summe;1958 - 1972;CDU;68563;146;55899;4353;765;3883;;2388;676;453;0;0
BE-W;Summe;1958 - 1972;SPD;56052;150;1661;44749;2453;5656;;595;522;267;0;39
BE-W;Summe;1958 - 1972;DIE LINKE;38875;156;1158;5769;24541;5315;;237;663;1036;0;0
BE-W;Summe;1958 - 1972;GRÜNE;49541;125;3307;11828;1983;31131;;371;58;737;0;0
BE-W;Summe;1958 - 1972;FDP;31681;110;11257;2256;360;1401;;15066;846;385;0;0
BE-W;Summe;1958 - 1972;AfD;40511;44;2090;1424;519;251;;730;35155;298;126;0
BE-W;Summe;1958 - 1972;Sonstige;19066;670;1419;2512;1774;2086;;885;1501;8220;20;139
BE-W;Summe;1958 - 1972;dar. FREIE WÄHLER;733;3;279;101;33;34;;52;36;195;0;0
BE-W;Summe;1973 - 1982;Summe;151349;1739;34907;35643;19900;28539;;8582;12158;9881;0;27
BE-W;Summe;1973 - 1982;Ungültig;1375;1210;24;0;0;140;;0;0;0;0;0
BE-W;Summe;1973 - 1982;CDU;32891;64;24218;3314;382;2533;;1771;204;405;0;0
BE-W;Summe;1973 - 1982;SPD;25041;105;1248;18985;1102;2850;;266;81;404;0;0
BE-W;Summe;1973 - 1982;DIE LINKE;23562;21;431;2974;14692;3355;;70;242;1777;0;0
BE-W;Summe;1973 - 1982;GRÜNE;28302;39;1491;7132;1391;17309;;206;68;666;0;0
BE-W;Summe;1973 - 1982;FDP;13381;100;5591;1222;115;566;;5342;250;194;0;0
BE-W;Summe;1973 - 1982;AfD;13364;0;1087;657;345;64;;244;10735;232;0;0
BE-W;Summe;1973 - 1982;Sonstige;13434;200;817;1360;1873;1722;;682;578;6202;0;27
BE-W;Summe;1973 - 1982;dar. FREIE WÄHLER;429;0;58;0;33;40;;47;133;118;0;27
BE-W;Summe;1983 - 1992;Summe;169267;2128;31367;38630;32457;32920;;8413;10593;12760;20;55
BE-W;Summe;1983 - 1992;Ungültig;1592;1528;20;0;0;0;;0;0;44;0;0
BE-W;Summe;1983 - 1992;CDU;27819;54;20050;2969;714;2155;;1262;231;384;0;0
BE-W;Summe;1983 - 1992;SPD;26947;34;1413;19474;1499;3356;;253;180;738;0;0
BE-W;Summe;1983 - 1992;DIE LINKE;36434;5;437;5765;23090;4733;;126;69;2209;0;55
BE-W;Summe;1983 - 1992;GRÜNE;31850;0;1803;7120;2819;18865;;193;82;969;0;0
BE-W;Summe;1983 - 1992;FDP;13745;70;5053;1092;431;1055;;5530;222;293;0;0
BE-W;Summe;1983 - 1992;AfD;11389;0;882;634;132;97;;426;9078;141;0;0
BE-W;Summe;1983 - 1992;Sonstige;19491;437;1708;1576;3772;2660;;624;732;7983;20;0
BE-W;Summe;1983 - 1992;dar. FREIE WÄHLER;476;0;247;27;36;0;;0;79;88;0;0
BE-W;Summe;1993 - 1999;Summe;72113;998;13950;17122;12495;13534;;4552;3653;5809;0;0
BE-W;Summe;1993 - 1999;Ungültig;716;716;0;0;0;0;;0;0;0;0;0
BE-W;Summe;1993 - 1999;CDU;10841;43;7150;1554;191;1136;;554;27;187;0;0
BE-W;Summe;1993 - 1999;SPD;12280;0;1252;8580;742;1249;;112;162;182;0;0
BE-W;Summe;1993 - 1999;DIE LINKE;13637;0;200;1917;8431;2231;;94;19;745;0;0
BE-W;Summe;1993 - 1999;GRÜNE;13849;41;1377;3036;1609;7250;;114;20;402;0;0
BE-W;Summe;1993 - 1999;FDP;7469;26;2712;788;124;302;;3150;147;220;0;0
BE-W;Summe;1993 - 1999;AfD;4267;0;565;286;21;58;;234;2948;156;0;0
BE-W;Summe;1993 - 1999;Sonstige;9055;173;695;960;1377;1309;;293;331;3918;0;0
BE-W;Summe;1993 - 1999;dar. FREIE WÄHLER;351;0;141;36;34;56;;47;37;0;0;0
BE-W;m;Summe;Summe;526660;8470;137319;131749;61950;63686;;35129;63966;24392;213;177
BE-W;m;Summe;Ungültig;6368;5721;283;209;19;68;;40;0;29;0;0
BE-W;m;Summe;CDU;115222;544;97406;6736;957;3896;;4070;840;772;0;0
BE-W;m;Summe;SPD;104266;458;4829;84008;4292;7568;;1003;787;1322;0;39
BE-W;m;Summe;DIE LINKE;74530;202;1534;12628;46406;8331;;356;1052;4020;0;55
BE-W;m;Summe;GRÜNE;66577;126;3426;17957;3928;38793;;740;76;1531;0;0
BE-W;m;Summe;FDP;59901;422;23596;4560;738;1782;;26702;1214;887;0;0
BE-W;m;Summe;AfD;67958;89;4417;2243;915;206;;1198;58353;536;106;0
BE-W;m;Summe;Sonstige;31837;908;1827;3408;4694;3042;;1021;1643;15294;107;83
BE-W;m;Summe;dar. FREIE WÄHLER;1420;32;385;140;102;5;;145;260;352;0;49
BE-W;m;1947 und früher;Summe;100590;1803;41928;28128;4816;3328;;8539;11195;852;0;0
BE-W;m;1947 und früher;Ungültig;1393;1097;201;45;0;0;;21;0;29;0;0
BE-W;m;1947 und früher;CDU;34933;331;32328;918;34;83;;1125;115;0;0;0
BE-W;m;1947 und früher;SPD;24971;187;1158;22302;406;589;;142;103;84;0;0
BE-W;m;1947 und früher;DIE LINKE;6723;34;249;1561;4079;365;;72;228;135;0;0
BE-W;m;1947 und früher;GRÜNE;4786;0;375;1924;144;2247;;50;0;46;0;0
BE-W;m;1947 und früher;FDP;14614;86;6480;904;31;40;;6722;351;0;0;0
BE-W;m;1947 und früher;AfD;12124;24;1031;344;20;0;;373;10328;5;0;0
BE-W;m;1947 und früher;Sonstige;1046;44;108;131;103;5;;33;70;552;0;0
BE-W;m;1947 und früher;dar. FREIE WÄHLER;14;0;0;0;0;0;;14;0;0;0;0
BE-W;m;1948 - 1957;Summe;76269;1496;19643;21017;8546;6953;;5594;11198;1822;174;23
BE-W;m;1948 - 1957;Ungültig;1017;844;79;75;0;0;;19;0;0;0;0
BE-W;m;1948 - 1957;CDU;16362;70;13937;946;86;390;;648;201;85;0;0
BE-W;m;1948 - 1957;SPD;17576;125;1095;14259;885;765;;101;173;174;0;0
BE-W;m;1948 - 1957;DIE LINKE;10747;68;335;2121;6460;1206;;96;225;237;0;0
BE-W;m;1948 - 1957;GRÜNE;8064;42;416;2492;546;4362;;94;2;110;0;0
BE-W;m;1948 - 1957;FDP;8457;84;3099;518;107;129;;4292;111;116;0;0
BE-W;m;1948 - 1957;AfD;11909;65;584;341;174;27;;205;10380;133;87;0
BE-W;m;1948 - 1957;Sonstige;2137;199;96;265;288;76;;139;106;967;87;23
BE-W;m;1948 - 1957;dar. FREIE WÄHLER;167;29;0;37;0;0;;54;0;47;0;23
BE-W;m;1958 - 1972;Summe;156291;2292;37548;37090;16777;22022;;9659;25188;5715;19;73
BE-W;m;1958 - 1972;Ungültig;1792;1681;3;89;19;0;;0;0;0;0;0
BE-W;m;1958 - 1972;CDU;32095;36;27138;1799;395;1392;;741;350;244;0;0
BE-W;m;1958 - 1972;SPD;28792;70;960;23150;1059;2701;;392;219;240;0;39
BE-W;m;1958 - 1972;DIE LINKE;20112;76;558;2997;13289;2218;;100;342;531;0;0
BE-W;m;1958 - 1972;GRÜNE;22424;45;1159;5618;799;14112;;223;31;437;0;0
BE-W;m;1958 - 1972;FDP;16814;56;6117;1336;192;724;;7657;468;265;0;0
BE-W;m;1958 - 1972;AfD;26258;0;1320;861;347;92;;244;23248;145;19;0
BE-W;m;1958 - 1972;Sonstige;8004;328;292;1239;676;783;;303;530;3853;0;34
BE-W;m;1958 - 1972;dar. FREIE WÄHLER;469;3;120;75;33;5;;30;36;166;0;0
BE-W;m;1973 - 1982;Summe;75139;1080;16670;17705;10327;11869;;3949;7747;5791;0;27
BE-W;m;1973 - 1982;Ungültig;762;694;0;0;0;68;;0;0;0;0;0
BE-W;m;1973 - 1982;CDU;14458;64;11169;1248;179;807;;679;45;266;0;0
BE-W;m;1973 - 1982;SPD;12721;76;530;9812;578;1261;;166;37;262;0;0
BE-W;m;1973 - 1982;DIE LINKE;13074;21;213;1841;7907;1677;;35;204;1177;0;0
BE-W;m;1973 - 1982;GRÜNE;11977;39;476;3238;608;7068;;136;0;413;0;0
BE-W;m;1973 - 1982;FDP;7467;100;3312;734;21;336;;2693;91;180;0;0
BE-W;m;1973 - 1982;AfD;8385;0;686;339;222;9;;78;6949;102;0;0
BE-W;m;1973 - 1982;Sonstige;6295;86;284;493;812;644;;164;419;3391;0;27
BE-W;m;1973 - 1982;dar. FREIE WÄHLER;301;0;58;0;33;0;;0;133;76;0;27
BE-W;m;1983 - 1992;Summe;82731;1121;15059;18801;15565;13883;;4657;6480;7165;20;55
BE-W;m;1983 - 1992;Ungültig;922;922;0;0;0;0;;0;0;0;0;0
BE-W;m;1983 - 1992;CDU;12385;0;9521;1151;263;732;;541;102;75;0;0
BE-W;m;1983 - 1992;SPD;13331;0;762;9542;770;1508;;178;93;477;0;0
BE-W;m;1983 - 1992;DIE LINKE;17850;5;179;3075;10832;2073;;11;34;1640;0;55
BE-W;m;1983 - 1992;GRÜNE;13461;0;618;3369;1069;7822;;139;42;401;0;0
BE-W;m;1983 - 1992;FDP;7862;70;2831;568;319;453;;3372;114;135;0;0
BE-W;m;1983 - 1992;AfD;7003;0;496;257;132;54;;203;5786;76;0;0
BE-W;m;1983 - 1992;Sonstige;9916;123;651;839;2179;1240;;214;308;4361;20;0
BE-W;m;1983 - 1992;dar. FREIE WÄHLER;298;0;119;27;36;0;;0;54;62;0;0
BE-W;m;1993 - 1999;Summe;35641;678;6471;9008;5919;5631;;2731;2157;3046;0;0
BE-W;m;1993 - 1999;Ungültig;482;482;0;0;0;0;;0;0;0;0;0
BE-W;m;1993 - 1999;CDU;4989;43;3313;674;0;493;;337;27;102;0;0
BE-W;m;1993 - 1999;SPD;6875;0;324;4943;593;744;;24;162;85;0;0
BE-W;m;1993 - 1999;DIE LINKE;6024;0;0;1032;3839;792;;42;19;299;0;0
BE-W;m;1993 - 1999;GRÜNE;5864;0;382;1316;763;3182;;98;0;124;0;0
BE-W;m;1993 - 1999;FDP;4687;26;1758;500;68;100;;1966;78;192;0;0
BE-W;m;1993 - 1999;AfD;2279;0;299;101;21;25;;96;1662;75;0;0
BE-W;m;1993 - 1999;Sonstige;4440;127;396;441;636;294;;168;209;2169;0;0
BE-W;m;1993 - 1999;dar. FREIE WÄHLER;171;0;87;0;0;0;;47;37;0;0;0
BE-W;w;Summe;Summe;572844;8316;173190;143252;61817;87184;;39042;39458;20584;128;185
BE-W;w;Summe;Ungültig;7727;5613;1161;439;91;174;;0;200;48;0;0
BE-W;w;Summe;CDU;157811;631;129034;11031;1489;7838;;6045;916;827;0;0
BE-W;w;Summe;SPD;111746;419;6856;88592;3899;9508;;1102;703;667;0;0
BE-W;w;Summe;DIE LINKE;72240;159;1844;11347;44989;10267;;563;630;2441;0;0
BE-W;w;Summe;GRÜNE;86560;126;6862;20731;5172;51539;;435;227;1469;0;0
BE-W;w;Summe;FDP;57228;209;20606;4795;560;2228;;27447;1062;322;0;0
BE-W;w;Summe;AfD;41190;160;2690;1964;551;328;;1355;33658;485;107;0
BE-W;w;Summe;Sonstige;38343;999;4137;4354;5066;5302;;2094;2063;14327;20;185
BE-W;w;Summe;dar. FREIE WÄHLER;997;0;392;142;88;125;;79;25;147;0;27
BE-W;w;1947 und früher;Summe;135973;2477;65012;37465;4641;5452;;11868;8066;992;0;80
BE-W;w;1947 und früher;Ungültig;2875;1631;761;314;0;86;;0;79;4;0;0
BE-W;w;1947 und früher;CDU;57706;314;52839;2332;53;544;;1465;122;36;0;0
BE-W;w;1947 und früher;SPD;33245;210;2302;28610;416;1173;;345;190;0;0;0
BE-W;w;1947 und früher;DIE LINKE;6224;69;259;1563;3736;368;;115;69;45;0;0
BE-W;w;1947 und früher;GRÜNE;6240;5;857;2275;114;2789;;108;72;20;0;0
BE-W;w;1947 und früher;FDP;18562;140;6860;1570;44;258;;9474;216;0;0;0
BE-W;w;1947 und früher;AfD;8372;37;556;365;64;38;;176;7136;0;0;0
BE-W;w;1947 und früher;Sonstige;2749;71;579;436;214;196;;184;181;887;0;80
BE-W;w;1947 und früher;dar. FREIE WÄHLER;90;0;27;27;0;0;;10;0;27;0;27
BE-W;w;1948 - 1957;Summe;85942;1479;26732;23949;8473;10420;;6352;7072;1464;0;0
BE-W;w;1948 - 1957;Ungültig;1415;1042;180;57;66;15;;0;54;0;0;0
BE-W;w;1948 - 1957;CDU;23918;154;20019;1381;222;1010;;902;180;50;0;0
BE-W;w;1948 - 1957;SPD;19899;66;1555;15642;688;1438;;291;79;141;0;0
BE-W;w;1948 - 1957;DIE LINKE;10568;10;310;2304;6365;1027;;108;168;276;0;0
BE-W;w;1948 - 1957;GRÜNE;10506;0;661;2881;495;6380;;39;0;50;0;0
BE-W;w;1948 - 1957;FDP;9221;15;3151;1005;86;260;;4572;131;0;0;0
BE-W;w;1948 - 1957;AfD;7212;79;312;157;191;0;;165;6252;56;0;0
BE-W;w;1948 - 1957;Sonstige;3202;113;544;523;360;290;;274;208;891;0;0
BE-W;w;1948 - 1957;dar. FREIE WÄHLER;156;0;25;53;54;0;;0;0;24;0;0
BE-W;w;1958 - 1972;Summe;151710;2374;39423;35958;15662;27700;;10613;14301;5680;128;105
BE-W;w;1958 - 1972;Ungültig;1921;1585;176;68;25;0;;0;68;0;0;0
BE-W;w;1958 - 1972;CDU;36468;110;28761;2554;369;2491;;1648;326;209;0;0
BE-W;w;1958 - 1972;SPD;27260;80;701;21598;1394;2955;;202;303;27;0;0
BE-W;w;1958 - 1972;DIE LINKE;18763;81;599;2772;11251;3096;;138;321;504;0;0
BE-W;w;1958 - 1972;GRÜNE;27117;80;2148;6210;1185;17019;;148;27;300;0;0
BE-W;w;1958 - 1972;FDP;14867;54;5141;920;168;677;;7408;378;120;0;0
BE-W;w;1958 - 1972;AfD;14253;44;770;563;172;159;;486;11907;152;107;0
BE-W;w;1958 - 1972;Sonstige;11062;342;1126;1273;1098;1303;;582;971;4368;20;105
BE-W;w;1958 - 1972;dar. FREIE WÄHLER;264;0;159;26;0;29;;22;0;28;0;0
BE-W;w;1973 - 1982;Summe;76210;658;18237;17939;9572;16670;;4633;4411;4090;0;0
BE-W;w;1973 - 1982;Ungültig;613;516;24;0;0;72;;0;0;0;0;0
BE-W;w;1973 - 1982;CDU;18433;0;13049;2066;203;1727;;1092;158;138;0;0
BE-W;w;1973 - 1982;SPD;12320;29;718;9173;524;1590;;100;44;142;0;0
BE-W;w;1973 - 1982;DIE LINKE;10488;0;218;1133;6785;1678;;36;37;600;0;0
BE-W;w;1973 - 1982;GRÜNE;16325;0;1016;3895;782;10241;;70;68;253;0;0
BE-W;w;1973 - 1982;FDP;5914;0;2279;488;94;229;;2650;159;14;0;0
BE-W;w;1973 - 1982;AfD;4979;0;400;318;123;55;;167;3786;130;0;0
BE-W;w;1973 - 1982;Sonstige;7139;113;533;866;1061;1078;;518;159;2811;0;0
BE-W;w;1973 - 1982;dar. FREIE WÄHLER;128;0;0;0;0;40;;47;0;42;0;0
BE-W;w;1983 - 1992;Summe;86537;1007;16308;19829;16892;19038;;3755;4113;5595;0;0
BE-W;w;1983 - 1992;Ungültig;670;606;20;0;0;0;;0;0;44;0;0
BE-W;w;1983 - 1992;CDU;15434;54;10529;1818;451;1422;;720;129;310;0;0
BE-W;w;1983 - 1992;SPD;13616;34;651;9932;729;1848;;75;87;260;0;0
BE-W;w;1983 - 1992;DIE LINKE;18584;0;258;2690;12259;2660;;115;34;569;0;0
BE-W;w;1983 - 1992;GRÜNE;18389;0;1185;3751;1749;11043;;53;40;568;0;0
BE-W;w;1983 - 1992;FDP;5883;0;2222;524;111;602;;2159;108;158;0;0
BE-W;w;1983 - 1992;AfD;4386;0;386;377;0;43;;223;3292;65;0;0
BE-W;w;1983 - 1992;Sonstige;9575;314;1057;738;1592;1420;;410;423;3622;0;0
BE-W;w;1983 - 1992;dar. FREIE WÄHLER;178;0;128;0;0;0;;0;25;25;0;0
BE-W;w;1993 - 1999;Summe;36473;320;7479;8113;6577;7904;;1821;1496;2763;0;0
BE-W;w;1993 - 1999;Ungültig;233;233;0;0;0;0;;0;0;0;0;0
BE-W;w;1993 - 1999;CDU;5853;0;3837;880;191;643;;217;0;84;0;0
BE-W;w;1993 - 1999;SPD;5405;0;928;3637;149;505;;88;0;97;0;0
BE-W;w;1993 - 1999;DIE LINKE;7613;0;200;885;4593;1438;;52;0;446;0;0
BE-W;w;1993 - 1999;GRÜNE;7984;41;994;1720;846;4068;;17;20;278;0;0
BE-W;w;1993 - 1999;FDP;2781;0;954;288;56;202;;1184;69;29;0;0
BE-W;w;1993 - 1999;AfD;1988;0;266;185;0;33;;138;1285;81;0;0
BE-W;w;1993 - 1999;Sonstige;4615;46;299;519;741;1015;;125;121;1749;0;0
BE-W;w;1993 - 1999;dar. FREIE WÄHLER;180;0;53;36;34;56;;0;0;0;0;0
BB;Summe;Summe;Summe;1512145;23743;432157;304896;256497;67253;;75734;289204;62661;745;28547
BB;Summe;Summe;Ungültig;21314;14761;2594;1684;680;112;;337;838;306;0;161
BB;Summe;Summe;CDU;397839;3072;324302;26685;11538;8606;;11902;6661;5073;23;3049
BB;Summe;Summe;SPD;261822;1671;20504;204172;17863;6757;;2396;4875;3586;0;1678
BB;Summe;Summe;DIE LINKE;255721;803;13721;26793;194055;5954;;2175;5461;6759;0;1929
BB;Summe;Summe;GRÜNE;74971;181;9476;17786;7490;36066;;1344;489;2139;0;671
BB;Summe;Summe;FDP;105485;559;35247;8655;3591;2170;;48214;4336;2713;27;1341
BB;Summe;Summe;AfD;301103;942;16171;11210;9978;1067;;5588;250587;5561;149;2759
BB;Summe;Summe;Sonstige;93890;1754;10143;7910;11303;6521;;3778;15957;36523;546;16961
BB;Summe;Summe;dar. NPD;12438;312;854;562;336;185;;488;8612;1089;495;178
BB;Summe;Summe;dar. FREIE WÄHLER;17762;161;1827;1111;702;264;;665;1042;11991;0;11140
BB;Summe;1993 - 1999;Summe;66285;1053;16244;13074;9733;7512;;4765;8768;5135;46;922
BB;Summe;1993 - 1999;Ungültig;795;696;24;0;43;0;;0;23;8;0;0
BB;Summe;1993 - 1999;CDU;13458;12;10110;1403;314;720;;474;213;213;0;109
BB;Summe;1993 - 1999;SPD;9709;45;1202;6703;527;588;;167;115;363;0;81
BB;Summe;1993 - 1999;DIE LINKE;9737;26;381;1165;6121;888;;209;94;854;0;62
BB;Summe;1993 - 1999;GRÜNE;8306;5;1125;1592;1130;3711;;204;29;511;0;65
BB;Summe;1993 - 1999;FDP;6417;35;1827;721;247;283;;2871;172;262;0;24
BB;Summe;1993 - 1999;AfD;9179;0;558;634;224;115;;276;7099;272;0;61
BB;Summe;1993 - 1999;Sonstige;8684;233;1018;857;1128;1208;;565;1023;2653;46;519
BB;Summe;1993 - 1999;dar. NPD;1001;19;114;41;0;0;;63;690;73;46;0
BB;Summe;1993 - 1999;dar. FREIE WÄHLER;587;0;132;0;0;35;;43;10;366;0;339
BB;Summe;1983 - 1992;Summe;163463;2239;38281;30591;24621;8625;;8726;39032;11349;244;3717
BB;Summe;1983 - 1992;Ungültig;1907;1756;48;33;0;0;;27;43;0;0;0
BB;Summe;1983 - 1992;CDU;34105;98;25443;3484;1291;977;;1277;867;668;0;252
BB;Summe;1983 - 1992;SPD;22733;0;1864;16831;1302;511;;475;1016;734;0;275
BB;Summe;1983 - 1992;DIE LINKE;22883;2;1499;2414;16294;889;;285;556;944;0;133
BB;Summe;1983 - 1992;GRÜNE;10143;12;1790;2468;1312;3817;;250;146;347;0;99
BB;Summe;1983 - 1992;FDP;11057;0;3128;1413;373;308;;4979;531;324;27;116
BB;Summe;1983 - 1992;AfD;38147;113;1838;2058;862;387;;528;31427;934;47;280
BB;Summe;1983 - 1992;Sonstige;22488;259;2670;1890;3187;1735;;905;4445;7397;170;2562
BB;Summe;1983 - 1992;dar. NPD;3833;39;146;201;179;42;;198;2722;306;143;27
BB;Summe;1983 - 1992;dar. FREIE WÄHLER;2447;0;383;98;70;56;;166;208;1466;0;1369
BB;Summe;1973 - 1982;Summe;206030;2440;59393;33088;25682;11661;;11541;50884;11342;69;4794
BB;Summe;1973 - 1982;Ungültig;1876;1535;25;69;0;0;;51;173;24;0;0
BB;Summe;1973 - 1982;CDU;54392;228;42751;4580;1165;1684;;1570;1412;1001;0;502
BB;Summe;1973 - 1982;SPD;26112;29;2895;18626;1958;993;;333;848;431;0;239
BB;Summe;1973 - 1982;DIE LINKE;25288;53;1337;2696;17835;1024;;276;717;1350;0;333
BB;Summe;1973 - 1982;GRÜNE;13314;65;1627;3140;1265;6543;;285;114;274;0;35
BB;Summe;1973 - 1982;FDP;16904;78;5940;1002;477;403;;7519;881;603;0;269
BB;Summe;1973 - 1982;AfD;51058;149;3297;1631;955;165;;1040;42795;1027;0;511
BB;Summe;1973 - 1982;Sonstige;17087;303;1521;1344;2026;849;;467;3944;6633;69;2904
BB;Summe;1973 - 1982;dar. NPD;3122;31;212;167;14;83;;27;2407;181;45;75
BB;Summe;1973 - 1982;dar. FREIE WÄHLER;2573;0;219;289;39;0;;0;254;1772;0;1581
BB;Summe;1958 - 1972;Summe;472832;5286;132482;84362;73459;24345;;26629;105425;20843;332;10189
BB;Summe;1958 - 1972;Ungültig;4416;3474;305;145;156;51;;49;156;80;0;49
BB;Summe;1958 - 1972;CDU;122712;385;99208;7425;4150;3310;;4351;2215;1668;23;1097
BB;Summe;1958 - 1972;SPD;69972;334;5017;53963;5141;2522;;578;1142;1276;0;623
BB;Summe;1958 - 1972;DIE LINKE;72323;109;3799;7881;54207;1709;;668;2069;1881;0;479
BB;Summe;1958 - 1972;GRÜNE;26062;32;2940;6304;1939;13792;;264;123;667;0;179
BB;Summe;1958 - 1972;FDP;37598;99;12996;3053;901;750;;17558;1273;968;0;523
BB;Summe;1958 - 1972;AfD;110962;307;5080;3410;3854;268;;1937;94026;2079;103;1060
BB;Summe;1958 - 1972;Sonstige;28787;547;3137;2181;3110;1943;;1225;4421;12224;207;6178
BB;Summe;1958 - 1972;dar. NPD;3073;162;221;98;98;39;;107;1891;456;207;63
BB;Summe;1958 - 1972;dar. FREIE WÄHLER;6244;58;512;316;309;36;;327;298;4387;0;4104
BB;Summe;1948 - 1957;Summe;277431;4067;78285;57038;57735;8988;;12657;50211;8450;0;4992
BB;Summe;1948 - 1957;Ungültig;3615;2319;458;310;80;25;;107;272;44;0;0
BB;Summe;1948 - 1957;CDU;73232;773;60034;4728;2622;1129;;2197;989;761;0;539
BB;Summe;1948 - 1957;SPD;50659;263;3525;40273;3602;1373;;329;854;440;0;233
BB;Summe;1948 - 1957;DIE LINKE;58401;264;3256;5323;45912;1041;;364;1050;1191;0;650
BB;Summe;1948 - 1957;GRÜNE;9516;0;1050;2431;1141;4551;;248;43;52;0;50
BB;Summe;1948 - 1957;FDP;17839;135;6129;1282;977;199;;7953;816;347;0;236
BB;Summe;1948 - 1957;AfD;53613;111;2954;1774;2199;118;;1092;44587;778;0;500
BB;Summe;1948 - 1957;Sonstige;10555;202;879;916;1202;553;;367;1601;4836;0;2783
BB;Summe;1948 - 1957;dar. NPD;970;31;91;27;12;22;;27;743;18;0;12
BB;Summe;1948 - 1957;dar. FREIE WÄHLER;3381;73;248;325;158;44;;98;188;2248;0;2002
BB;Summe;1947 und früher;Summe;326104;8658;107473;86743;65266;6123;;11415;34884;5542;54;3934
BB;Summe;1947 und früher;Ungültig;8706;4981;1734;1127;401;37;;104;171;151;0;111
BB;Summe;1947 und früher;CDU;99939;1576;86757;5065;1996;785;;2034;964;763;0;550
BB;Summe;1947 und früher;SPD;82636;1000;6001;67776;5332;771;;515;899;342;0;227
BB;Summe;1947 und früher;DIE LINKE;67089;350;3449;7315;53685;402;;373;976;539;0;271
BB;Summe;1947 und früher;GRÜNE;7630;67;944;1851;703;3652;;91;34;288;0;242
BB;Summe;1947 und früher;FDP;15671;212;5227;1184;615;227;;7334;664;209;0;173
BB;Summe;1947 und früher;AfD;38144;262;2443;1702;1883;15;;716;30653;471;0;345
BB;Summe;1947 und früher;Sonstige;6289;210;919;723;651;233;;250;523;2781;54;2015
BB;Summe;1947 und früher;dar. NPD;439;28;70;28;33;0;;67;160;54;54;0
BB;Summe;1947 und früher;dar. FREIE WÄHLER;2530;29;332;83;126;92;;31;84;1752;0;1745
BB;m;Summe;Summe;736718;9992;187381;144072;122459;24323;;37108;180545;30838;511;12468
BB;m;Summe;Ungültig;8490;6173;874;557;247;25;;102;317;195;0;82
BB;m;Summe;CDU;166579;1235;138691;10301;3600;2276;;4732;3685;2059;0;1195
BB;m;Summe;SPD;124105;555;8407;98796;8208;2625;;1074;2457;1983;0;792
BB;m;Summe;DIE LINKE;122070;303;4685;12894;94253;2142;;1030;2931;3832;0;748
BB;m;Summe;GRÜNE;29947;126;3210;8075;2822;13985;;490;156;1082;0;223
BB;m;Summe;FDP;54491;272;18570;3979;1667;906;;25192;2621;1284;0;567
BB;m;Summe;AfD;188879;472;9482;6297;6405;517;;2939;159652;3116;103;1459
BB;m;Summe;Sonstige;42156;856;3462;3173;5259;1847;;1549;8725;17286;408;7404
BB;m;Summe;dar. NPD;8034;159;488;340;145;88;;275;5752;786;408;110
BB;m;Summe;dar. FREIE WÄHLER;7717;59;631;537;285;91;;200;651;5263;0;5013
BB;m;1993 - 1999;Summe;33784;598;7364;6859;5015;2764;;3119;5003;3062;23;432
BB;m;1993 - 1999;Ungültig;433;359;0;0;43;0;;0;23;8;0;0
BB;m;1993 - 1999;CDU;6304;12;4808;638;127;249;;247;101;121;0;45
BB;m;1993 - 1999;SPD;5208;45;588;3652;277;239;;70;91;246;0;27
BB;m;1993 - 1999;DIE LINKE;4767;0;143;668;3044;253;;167;0;492;0;19
BB;m;1993 - 1999;GRÜNE;3152;0;216;612;568;1407;;75;0;274;0;0
BB;m;1993 - 1999;FDP;4095;35;971;389;166;157;;2040;128;208;0;0
BB;m;1993 - 1999;AfD;5486;0;343;383;148;108;;172;4169;163;0;61
BB;m;1993 - 1999;Sonstige;4340;147;295;517;642;349;;347;492;1549;23;279
BB;m;1993 - 1999;dar. NPD;560;0;27;22;0;0;;63;398;50;23;0
BB;m;1993 - 1999;dar. FREIE WÄHLER;228;0;0;0;0;0;;0;10;218;0;218
BB;m;1983 - 1992;Summe;80426;993;16978;13531;12157;3075;;4570;22973;6149;167;1707
BB;m;1983 - 1992;Ungültig;783;757;0;0;0;0;;27;0;0;0;0
BB;m;1983 - 1992;CDU;14429;0;11160;1281;419;237;;461;496;375;0;135
BB;m;1983 - 1992;SPD;10225;0;663;7771;600;131;;220;467;373;0;111
BB;m;1983 - 1992;DIE LINKE;11354;0;537;1158;8263;356;;149;245;647;0;76
BB;m;1983 - 1992;GRÜNE;3897;0;670;932;477;1575;;80;33;130;0;0
BB;m;1983 - 1992;FDP;6337;0;1841;686;255;177;;2901;270;209;0;104
BB;m;1983 - 1992;AfD;22484;65;926;978;524;158;;225;19055;553;24;186
BB;m;1983 - 1992;Sonstige;10915;171;1180;725;1620;441;;507;2408;3863;143;1094
BB;m;1983 - 1992;dar. NPD;2463;39;123;144;85;15;;124;1732;201;143;0
BB;m;1983 - 1992;dar. FREIE WÄHLER;990;0;156;0;0;7;;48;153;626;0;588
BB;m;1973 - 1982;Summe;103538;1226;26758;15442;11839;4366;;5831;32192;5884;27;2122
BB;m;1973 - 1982;Ungültig;901;783;0;33;0;0;;25;60;0;0;0
BB;m;1973 - 1982;CDU;23567;168;18842;1820;447;399;;704;797;389;0;188
BB;m;1973 - 1982;SPD;12043;0;1122;8871;936;375;;117;363;258;0;125
BB;m;1973 - 1982;DIE LINKE;11566;0;497;1178;8166;473;;105;376;771;0;134
BB;m;1973 - 1982;GRÜNE;5294;33;430;1539;425;2616;;118;17;115;0;5
BB;m;1973 - 1982;FDP;9268;78;3312;491;227;145;;4163;597;255;0;95
BB;m;1973 - 1982;AfD;32335;93;2085;858;584;83;;470;27606;556;0;263
BB;m;1973 - 1982;Sonstige;8566;71;468;652;1054;275;;130;2376;3540;27;1311
BB;m;1973 - 1982;dar. NPD;2048;0;114;125;7;52;;0;1667;83;27;34
BB;m;1973 - 1982;dar. FREIE WÄHLER;1213;0;38;167;37;0;;0;209;763;0;649
BB;m;1958 - 1972;Summe;235825;2521;61319;40657;33833;8537;;12561;66952;9446;240;4427
BB;m;1958 - 1972;Ungültig;1948;1674;51;0;112;0;;0;51;60;0;32
BB;m;1958 - 1972;CDU;54323;208;45669;2933;1199;993;;1636;1129;555;0;421
BB;m;1958 - 1972;SPD;33822;151;2290;26763;2214;956;;243;519;686;0;306
BB;m;1958 - 1972;DIE LINKE;33181;37;1053;3372;25578;601;;307;1245;988;0;114
BB;m;1958 - 1972;GRÜNE;10743;27;1185;3092;703;5184;;120;45;387;0;89
BB;m;1958 - 1972;FDP;19054;36;7018;1423;432;243;;8739;714;449;0;267
BB;m;1958 - 1972;AfD;70874;165;3039;2144;2413;125;;1095;60810;1084;79;482
BB;m;1958 - 1972;Sonstige;11880;224;1015;931;1182;435;;419;2439;5235;161;2717
BB;m;1958 - 1972;dar. NPD;2057;94;129;48;12;0;;60;1334;380;161;63
BB;m;1958 - 1972;dar. FREIE WÄHLER;2629;0;190;192;96;0;;132;152;1867;0;1776
BB;m;1948 - 1957;Summe;135437;1595;33187;27871;28190;3509;;5782;31458;3845;0;2123
BB;m;1948 - 1957;Ungültig;1434;887;216;104;39;25;;27;93;44;0;0
BB;m;1948 - 1957;CDU;29839;343;24803;1902;774;258;;836;558;365;0;231
BB;m;1948 - 1957;SPD;24711;46;1316;20135;1724;646;;135;467;242;0;102
BB;m;1948 - 1957;DIE LINKE;28595;92;1219;2710;22922;312;;133;557;650;0;279
BB;m;1948 - 1957;GRÜNE;4090;0;482;1247;375;1832;;73;41;40;0;38
BB;m;1948 - 1957;FDP;8928;33;3172;618;365;123;;3962;554;100;0;73
BB;m;1948 - 1957;AfD;33709;31;1754;949;1494;27;;553;28391;509;0;297
BB;m;1948 - 1957;Sonstige;4132;163;224;205;495;287;;64;798;1896;0;1102
BB;m;1948 - 1957;dar. NPD;646;26;72;0;12;22;;0;497;18;0;12
BB;m;1948 - 1957;dar. FREIE WÄHLER;1336;59;51;128;65;42;;0;81;910;0;910
BB;m;1947 und früher;Summe;147707;3060;41775;39712;31425;2071;;5246;21966;2451;54;1659
BB;m;1947 und früher;Ungültig;2991;1714;606;421;53;0;;23;91;83;0;50
BB;m;1947 und früher;CDU;38118;504;33408;1727;633;139;;848;605;254;0;174
BB;m;1947 und früher;SPD;38096;313;2428;31605;2457;278;;288;550;177;0;120
BB;m;1947 und früher;DIE LINKE;32607;174;1236;3808;26280;148;;169;508;284;0;126
BB;m;1947 und früher;GRÜNE;2772;67;227;653;274;1371;;25;19;136;0;91
BB;m;1947 und früher;FDP;6809;90;2255;371;222;61;;3387;359;64;0;28
BB;m;1947 und früher;AfD;23991;116;1335;985;1242;15;;424;19621;251;0;170
BB;m;1947 und früher;Sonstige;2323;81;279;142;265;60;;81;213;1202;54;900
BB;m;1947 und früher;dar. NPD;260;0;23;0;31;0;;28;124;54;54;0
BB;m;1947 und früher;dar. FREIE WÄHLER;1320;0;196;50;87;42;;20;46;879;0;873
BB;w;Summe;Summe;775427;13751;244776;160824;134038;42930;;38626;108659;31823;234;16079
BB;w;Summe;Ungültig;12824;8588;1720;1127;434;87;;235;521;112;0;79
BB;w;Summe;CDU;231260;1838;185612;16383;7937;6330;;7170;2975;3015;23;1854
BB;w;Summe;SPD;137717;1116;12096;105375;9655;4133;;1322;2417;1602;0;886
BB;w;Summe;DIE LINKE;133651;500;9035;13899;99802;3812;;1145;2530;2927;0;1181
BB;w;Summe;GRÜNE;45024;54;6265;9711;4668;22081;;854;333;1057;0;448
BB;w;Summe;FDP;50994;286;16677;4677;1924;1264;;23022;1715;1429;27;773
BB;w;Summe;AfD;112224;470;6689;4913;3573;550;;2649;90935;2445;47;1300
BB;w;Summe;Sonstige;51734;898;6681;4737;6044;4674;;2229;7233;19238;137;9557
BB;w;Summe;dar. NPD;4405;152;367;222;190;97;;213;2860;303;87;68
BB;w;Summe;dar. FREIE WÄHLER;10045;102;1195;574;417;173;;466;391;6728;0;6127
BB;w;1993 - 1999;Summe;32501;455;8880;6215;4718;4748;;1647;3765;2073;23;491
BB;w;1993 - 1999;Ungültig;362;338;24;0;0;0;;0;0;0;0;0
BB;w;1993 - 1999;CDU;7154;0;5302;765;186;470;;226;112;92;0;64
BB;w;1993 - 1999;SPD;4501;0;614;3051;250;349;;96;24;117;0;54
BB;w;1993 - 1999;DIE LINKE;4970;26;238;496;3078;634;;42;94;362;0;43
BB;w;1993 - 1999;GRÜNE;5154;5;909;980;562;2303;;130;29;236;0;65
BB;w;1993 - 1999;FDP;2322;0;856;332;80;125;;831;44;54;0;24
BB;w;1993 - 1999;AfD;3693;0;216;251;76;7;;104;2930;109;0;0
BB;w;1993 - 1999;Sonstige;4344;87;723;339;485;859;;217;531;1104;23;240
BB;w;1993 - 1999;dar. NPD;441;19;87;19;0;0;;0;293;23;23;0
BB;w;1993 - 1999;dar. FREIE WÄHLER;359;0;132;0;0;35;;43;0;148;0;121
BB;w;1983 - 1992;Summe;83038;1247;21303;17060;12464;5549;;4157;16059;5200;77;2010
BB;w;1983 - 1992;Ungültig;1123;999;48;33;0;0;;0;43;0;0;0
BB;w;1983 - 1992;CDU;19676;98;14283;2203;872;740;;817;371;293;0;117
BB;w;1983 - 1992;SPD;12509;0;1201;9060;702;380;;255;550;361;0;163
BB;w;1983 - 1992;DIE LINKE;11529;2;961;1256;8031;533;;137;311;297;0;57
BB;w;1983 - 1992;GRÜNE;6246;12;1121;1536;835;2242;;170;113;218;0;99
BB;w;1983 - 1992;FDP;4720;0;1287;728;119;132;;2078;261;116;27;12
BB;w;1983 - 1992;AfD;15663;48;912;1080;338;228;;302;12372;381;23;94
BB;w;1983 - 1992;Sonstige;11572;89;1490;1165;1567;1293;;397;2038;3534;27;1467
BB;w;1983 - 1992;dar. NPD;1370;0;24;56;94;27;;74;990;105;0;27
BB;w;1983 - 1992;dar. FREIE WÄHLER;1457;0;227;98;70;50;;118;55;840;0;781
BB;w;1973 - 1982;Summe;102492;1214;32635;17646;13842;7295;;5710;18692;5458;42;2672
BB;w;1973 - 1982;Ungültig;975;751;25;36;0;0;;26;113;24;0;0
BB;w;1973 - 1982;CDU;30825;60;23909;2760;717;1285;;866;616;612;0;314
BB;w;1973 - 1982;SPD;14069;29;1773;9754;1022;618;;216;485;172;0;113
BB;w;1973 - 1982;DIE LINKE;13722;53;840;1518;9670;552;;171;341;578;0;200
BB;w;1973 - 1982;GRÜNE;8020;32;1196;1601;840;3927;;168;97;159;0;30
BB;w;1973 - 1982;FDP;7636;0;2628;511;250;258;;3357;284;348;0;174
BB;w;1973 - 1982;AfD;18723;55;1212;774;371;82;;570;15189;471;0;248
BB;w;1973 - 1982;Sonstige;8522;232;1052;692;972;574;;338;1568;3093;42;1593
BB;w;1973 - 1982;dar. NPD;1074;31;98;41;7;31;;27;739;98;19;41
BB;w;1973 - 1982;dar. FREIE WÄHLER;1359;0;181;122;2;0;;0;45;1009;0;932
BB;w;1958 - 1972;Summe;237007;2765;71163;43705;39627;15808;;14069;38473;11397;92;5762
BB;w;1958 - 1972;Ungültig;2468;1800;254;145;44;51;;49;105;20;0;18
BB;w;1958 - 1972;CDU;68389;177;53539;4492;2951;2318;;2715;1086;1113;23;676
BB;w;1958 - 1972;SPD;36150;183;2727;27200;2927;1565;;335;622;590;0;318
BB;w;1958 - 1972;DIE LINKE;39142;72;2746;4509;28629;1108;;360;824;893;0;365
BB;w;1958 - 1972;GRÜNE;15319;5;1755;3212;1236;8609;;144;78;280;0;90
BB;w;1958 - 1972;FDP;18543;63;5978;1630;469;507;;8819;559;519;0;256
BB;w;1958 - 1972;AfD;40088;142;2042;1267;1442;143;;842;33217;995;23;579
BB;w;1958 - 1972;Sonstige;16907;323;2122;1250;1928;1508;;805;1982;6988;45;3461
BB;w;1958 - 1972;dar. NPD;1016;68;92;50;87;39;;47;557;77;45;0
BB;w;1958 - 1972;dar. FREIE WÄHLER;3614;58;322;124;214;36;;195;146;2520;0;2328
BB;w;1948 - 1957;Summe;141994;2472;45098;29167;29546;5479;;6875;18753;4604;0;2869
BB;w;1948 - 1957;Ungültig;2181;1432;242;206;41;0;;80;180;0;0;0
BB;w;1948 - 1957;CDU;43394;430;35230;2826;1848;871;;1361;431;396;0;307
BB;w;1948 - 1957;SPD;25948;217;2209;20138;1878;727;;194;387;198;0;131
BB;w;1948 - 1957;DIE LINKE;29806;172;2038;2613;22989;730;;231;493;541;0;371
BB;w;1948 - 1957;GRÜNE;5426;0;568;1184;766;2719;;176;1;13;0;13
BB;w;1948 - 1957;FDP;8911;102;2957;664;612;76;;3991;261;248;0;163
BB;w;1948 - 1957;AfD;19904;80;1200;825;705;90;;539;16196;269;0;202
BB;w;1948 - 1957;Sonstige;6423;39;655;711;706;266;;303;803;2940;0;1681
BB;w;1948 - 1957;dar. NPD;324;5;19;27;0;0;;27;246;0;0;0
BB;w;1948 - 1957;dar. FREIE WÄHLER;2045;15;198;197;92;2;;98;106;1338;0;1092
BB;w;1947 und früher;Summe;178397;5598;65698;47031;33841;4051;;6169;12917;3091;0;2275
BB;w;1947 und früher;Ungültig;5715;3268;1128;707;348;37;;80;80;68;0;61
BB;w;1947 und früher;CDU;61821;1072;53349;3338;1363;646;;1185;359;509;0;375
BB;w;1947 und früher;SPD;44540;687;3573;36171;2876;494;;226;349;165;0;106
BB;w;1947 und früher;DIE LINKE;34481;176;2213;3507;27406;254;;204;467;255;0;145
BB;w;1947 und früher;GRÜNE;4859;0;717;1198;429;2281;;67;15;152;0;152
BB;w;1947 und früher;FDP;8862;121;2972;813;394;166;;3946;305;145;0;145
BB;w;1947 und früher;AfD;14153;145;1108;717;641;0;;292;11031;219;0;176
BB;w;1947 und früher;Sonstige;3966;129;639;580;386;173;;169;311;1579;0;1115
BB;w;1947 und früher;dar. NPD;179;28;47;28;2;0;;39;36;0;0;0
BB;w;1947 und früher;dar. FREIE WÄHLER;1210;29;136;34;39;50;;12;38;873;0;873
MV;Summe;Summe;Summe;938587;11742;316662;161437;171130;33746;;43899;168456;31515;7977;13794
MV;Summe;Summe;Ungültig;11077;8136;1450;495;345;58;;173;320;100;79;20
MV;Summe;Summe;CDU;307263;1408;252141;19132;11308;5996;;9400;5089;2788;231;1894
MV;Summe;Summe;SPD;139689;457;11454;107147;11851;2730;;1395;3374;1281;233;719
MV;Summe;Summe;DIE LINKE;165368;331;12461;14026;128042;2995;;1616;3411;2486;40;1243
MV;Summe;Summe;GRÜNE;39514;85;6603;7652;5809;17743;;652;346;625;43;219
MV;Summe;Summe;FDP;57895;161;20426;4126;2339;1033;;26490;2232;1088;154;663
MV;Summe;Summe;AfD;172409;444;7684;5792;5201;381;;2631;147498;2779;1338;963
MV;Summe;Summe;Sonstige;45372;719;4443;3067;6236;2810;;1541;6186;20368;5858;8073
MV;Summe;Summe;dar. NPD;10408;159;382;172;144;27;;63;3749;5712;5690;21
MV;Summe;Summe;dar. FREIE WÄHLER;7543;61;675;288;337;133;;212;180;5656;0;5535
MV;Summe;1993 - 1999;Summe;44380;452;12568;8178;6584;4737;;3664;5489;2706;430;709
MV;Summe;1993 - 1999;Ungültig;316;273;0;0;0;0;;0;43;0;0;0
MV;Summe;1993 - 1999;CDU;10993;27;7480;1202;577;763;;531;255;157;0;57
MV;Summe;1993 - 1999;SPD;6178;15;1034;3597;699;325;;179;158;170;27;52
MV;Summe;1993 - 1999;DIE LINKE;5593;0;499;858;3326;580;;75;16;240;0;66
MV;Summe;1993 - 1999;GRÜNE;5344;0;976;1116;942;1959;;97;26;227;0;60
MV;Summe;1993 - 1999;FDP;4960;1;1750;350;93;124;;2366;163;113;0;75
MV;Summe;1993 - 1999;AfD;5057;40;132;278;34;127;;122;4261;62;42;14
MV;Summe;1993 - 1999;Sonstige;5940;96;698;778;914;859;;294;565;1735;361;385
MV;Summe;1993 - 1999;dar. NPD;855;29;0;32;0;27;;11;422;334;334;0
MV;Summe;1993 - 1999;dar. FREIE WÄHLER;186;0;15;10;0;45;;47;0;68;0;68
MV;Summe;1983 - 1992;Summe;106408;1044;29830;18401;16965;6278;;5320;21279;7291;1865;2596
MV;Summe;1983 - 1992;Ungültig;830;696;25;0;0;44;;0;66;0;0;0
MV;Summe;1983 - 1992;CDU;28044;49;20806;2740;1390;1029;;987;629;415;32;240
MV;Summe;1983 - 1992;SPD;14040;13;1595;10115;987;423;;132;541;234;55;127
MV;Summe;1983 - 1992;DIE LINKE;14876;29;938;1519;10349;627;;224;497;692;20;295
MV;Summe;1983 - 1992;GRÜNE;7761;31;1202;1563;1372;3112;;153;62;266;43;52
MV;Summe;1983 - 1992;FDP;7434;6;2857;719;338;156;;2886;174;297;87;85
MV;Summe;1983 - 1992;AfD;21444;10;1150;890;369;57;;392;17858;718;306;247
MV;Summe;1983 - 1992;Sonstige;11979;210;1256;855;2160;829;;546;1453;4669;1322;1549
MV;Summe;1983 - 1992;dar. NPD;2542;74;157;31;29;0;;0;981;1271;1271;0
MV;Summe;1983 - 1992;dar. FREIE WÄHLER;1210;0;161;0;53;50;;84;34;829;0;829
MV;Summe;1973 - 1982;Summe;115542;1161;38940;16179;15716;5709;;5868;26420;5549;1766;1872
MV;Summe;1973 - 1982;Ungültig;930;893;37;0;0;0;;0;0;0;0;0
MV;Summe;1973 - 1982;CDU;37331;73;29599;2661;1127;982;;1563;802;523;46;340
MV;Summe;1973 - 1982;SPD;12860;26;1514;9365;615;445;;232;578;86;0;74
MV;Summe;1973 - 1982;DIE LINKE;14199;0;864;1298;10795;246;;131;519;346;0;154
MV;Summe;1973 - 1982;GRÜNE;6740;0;944;1187;1120;3417;;36;27;8;0;8
MV;Summe;1973 - 1982;FDP;8442;1;3482;543;289;201;;3299;372;256;0;169
MV;Summe;1973 - 1982;AfD;26568;32;1823;707;604;55;;463;22213;672;478;49
MV;Summe;1973 - 1982;Sonstige;8472;136;677;417;1166;364;;144;1910;3659;1242;1078
MV;Summe;1973 - 1982;dar. NPD;2516;27;129;53;0;0;;0;1135;1172;1172;0
MV;Summe;1973 - 1982;dar. FREIE WÄHLER;943;0;52;1;0;0;;0;127;763;0;763
MV;Summe;1958 - 1972;Summe;274585;2724;90836;41171;46163;10023;;14884;58803;9981;2189;5576
MV;Summe;1958 - 1972;Ungültig;2466;1941;206;113;93;0;;37;0;76;76;0
MV;Summe;1958 - 1972;CDU;88089;284;72064;5326;3026;1777;;3033;1637;943;56;717
MV;Summe;1958 - 1972;SPD;34335;34;2575;26347;2876;573;;319;1114;496;64;273
MV;Summe;1958 - 1972;DIE LINKE;47048;101;4251;3854;35341;985;;479;1193;844;20;460
MV;Summe;1958 - 1972;GRÜNE;11313;9;1997;1926;1352;5673;;97;150;110;0;85
MV;Summe;1958 - 1972;FDP;18522;36;6036;967;599;341;;9582;754;209;0;189
MV;Summe;1958 - 1972;AfD;60642;114;2523;1965;1561;131;;898;52561;889;333;486
MV;Summe;1958 - 1972;Sonstige;12169;204;1184;674;1315;542;;440;1396;6414;1641;3366
MV;Summe;1958 - 1972;dar. NPD;2423;18;0;29;63;0;;51;617;1645;1624;21
MV;Summe;1958 - 1972;dar. FREIE WÄHLER;3276;61;350;151;108;35;;76;10;2486;0;2445
MV;Summe;1948 - 1957;Summe;185202;2084;62817;31931;39327;4444;;8032;32759;3807;1091;1977
MV;Summe;1948 - 1957;Ungültig;1985;1568;188;106;19;0;;17;67;20;0;20
MV;Summe;1948 - 1957;CDU;62671;138;51713;3784;2741;916;;1982;1037;360;0;346
MV;Summe;1948 - 1957;SPD;28808;68;2165;22558;2598;538;;279;447;155;39;103
MV;Summe;1948 - 1957;DIE LINKE;38959;78;3062;2964;31187;282;;496;658;232;0;176
MV;Summe;1948 - 1957;GRÜNE;4849;45;669;992;587;2397;;154;0;6;0;6
MV;Summe;1948 - 1957;FDP;9613;38;3191;679;586;150;;4477;451;41;0;41
MV;Summe;1948 - 1957;AfD;33665;115;1377;632;1187;11;;511;29466;365;116;156
MV;Summe;1948 - 1957;Sonstige;4651;33;453;215;421;151;;116;634;2628;936;1129
MV;Summe;1948 - 1957;dar. NPD;1485;12;34;27;33;0;;0;442;936;936;0
MV;Summe;1948 - 1957;dar. FREIE WÄHLER;1314;0;56;68;176;4;;0;9;1000;0;919
MV;Summe;1947 und früher;Summe;212470;4276;81672;45576;46375;2554;;6131;23706;2180;636;1065
MV;Summe;1947 und früher;Ungültig;4550;2766;994;276;232;14;;119;144;4;4;0
MV;Summe;1947 und früher;CDU;80134;837;70480;3418;2448;529;;1304;730;390;98;193
MV;Summe;1947 und früher;SPD;43468;301;2572;35165;4076;426;;254;535;140;48;91
MV;Summe;1947 und früher;DIE LINKE;44693;123;2847;3533;37045;274;;212;529;131;0;92
MV;Summe;1947 und früher;GRÜNE;3507;0;814;868;435;1184;;115;82;8;0;8
MV;Summe;1947 und früher;FDP;8924;79;3110;868;434;62;;3882;319;172;67;104
MV;Summe;1947 und früher;AfD;25034;133;679;1319;1445;0;;244;21140;73;63;10
MV;Summe;1947 und früher;Sonstige;2160;39;176;128;260;65;;1;228;1263;356;565
MV;Summe;1947 und früher;dar. NPD;586;0;63;0;18;0;;0;153;352;352;0
MV;Summe;1947 und früher;dar. FREIE WÄHLER;614;0;41;57;0;0;;5;0;511;0;511
MV;m;Summe;Summe;452737;4834;133779;74783;83759;12571;;20560;106907;15543;5110;5843
MV;m;Summe;Ungültig;4740;3608;511;122;181;0;;81;161;76;76;0
MV;m;Summe;CDU;125894;284;106732;6476;3594;1348;;3652;2716;1092;77;755
MV;m;Summe;SPD;66350;179;4464;52099;5736;1063;;585;1729;494;53;297
MV;m;Summe;DIE LINKE;79920;123;3930;6238;64682;1174;;582;2020;1172;20;549
MV;m;Summe;GRÜNE;16350;80;2072;3323;2796;7306;;215;261;296;43;56
MV;m;Summe;FDP;29132;27;10433;1959;1039;489;;13348;1369;467;77;245
MV;m;Summe;AfD;108146;203;3979;3088;2910;163;;1307;94939;1556;855;408
MV;m;Summe;Sonstige;22204;329;1657;1478;2820;1029;;789;3711;10390;3909;3533
MV;m;Summe;dar. NPD;6810;83;147;85;61;0;;42;2606;3785;3785;0
MV;m;Summe;dar. FREIE WÄHLER;3094;0;297;142;25;34;;68;106;2422;0;2338
MV;m;1993 - 1999;Summe;21700;265;5794;3883;2956;1675;;2386;3242;1499;293;355
MV;m;1993 - 1999;Ungültig;111;111;0;0;0;0;;0;0;0;0;0
MV;m;1993 - 1999;CDU;4766;26;3353;494;315;160;;250;130;38;0;1
MV;m;1993 - 1999;SPD;3085;0;472;1877;247;155;;140;65;129;0;49
MV;m;1993 - 1999;DIE LINKE;2331;0;175;342;1466;224;;41;16;68;0;0
MV;m;1993 - 1999;GRÜNE;2110;0;333;401;460;749;;34;26;107;0;9
MV;m;1993 - 1999;FDP;3334;1;1149;176;27;55;;1725;134;69;0;69
MV;m;1993 - 1999;AfD;2876;40;63;110;0;20;;57;2561;25;19;0
MV;m;1993 - 1999;Sonstige;3088;87;249;484;442;313;;138;311;1064;275;227
MV;m;1993 - 1999;dar. NPD;576;29;0;32;0;0;;11;256;248;248;0
MV;m;1993 - 1999;dar. FREIE WÄHLER;52;0;0;0;0;0;;0;0;52;0;52
MV;m;1983 - 1992;Summe;53231;552;13854;8347;8767;2366;;2661;13272;3412;1081;1061
MV;m;1983 - 1992;Ungültig;366;324;10;0;0;0;;0;32;0;0;0
MV;m;1983 - 1992;CDU;11954;8;9421;991;426;221;;301;426;161;0;96
MV;m;1983 - 1992;SPD;6810;13;914;4827;443;191;;60;292;69;17;34
MV;m;1983 - 1992;DIE LINKE;7714;29;296;747;5690;245;;121;300;287;20;116
MV;m;1983 - 1992;GRÜNE;3389;31;451;560;821;1336;;36;28;124;43;6
MV;m;1983 - 1992;FDP;4150;6;1675;311;140;75;;1744;90;109;48;17
MV;m;1983 - 1992;AfD;13116;10;567;480;204;57;;146;11389;264;135;66
MV;m;1983 - 1992;Sonstige;5731;130;520;431;1042;241;;252;717;2399;819;726
MV;m;1983 - 1992;dar. NPD;1537;37;81;11;29;0;;0;581;797;797;0
MV;m;1983 - 1992;dar. FREIE WÄHLER;568;0;69;0;0;30;;41;32;395;0;395
MV;m;1973 - 1982;Summe;58461;562;17409;7590;7926;2194;;2689;17192;2901;1205;692
MV;m;1973 - 1982;Ungültig;476;476;0;0;0;0;;0;0;0;0;0
MV;m;1973 - 1982;CDU;16459;13;13483;1026;490;184;;610;450;203;0;115
MV;m;1973 - 1982;SPD;6056;0;704;4477;314;221;;100;233;6;0;0
MV;m;1973 - 1982;DIE LINKE;6977;0;316;550;5379;105;;60;345;223;0;92
MV;m;1973 - 1982;GRÜNE;3023;0;251;626;606;1479;;27;27;8;0;8
MV;m;1973 - 1982;FDP;3975;1;1560;287;133;71;;1465;265;194;0;107
MV;m;1973 - 1982;AfD;16938;0;794;377;296;16;;343;14539;573;396;32
MV;m;1973 - 1982;Sonstige;4558;72;299;247;709;118;;84;1334;1694;809;339
MV;m;1973 - 1982;dar. NPD;1739;0;66;14;0;0;;0;921;739;739;0
MV;m;1973 - 1982;dar. FREIE WÄHLER;302;0;32;1;0;0;;0;64;204;0;204
MV;m;1958 - 1972;Summe;136156;1176;40510;18970;21518;3902;;7058;37993;5029;1424;2620
MV;m;1958 - 1972;Ungültig;1258;954;150;0;41;0;;37;0;76;76;0
MV;m;1958 - 1972;CDU;38623;97;32323;1916;1128;465;;1327;878;489;29;399
MV;m;1958 - 1972;SPD;16076;34;988;12793;1290;142;;104;502;223;36;147
MV;m;1958 - 1972;DIE LINKE;21981;13;1490;1660;17140;431;;159;711;377;0;193
MV;m;1958 - 1972;GRÜNE;4417;4;548;899;359;2392;;60;98;57;0;32
MV;m;1958 - 1972;FDP;9250;5;3065;482;270;166;;4771;441;50;0;36
MV;m;1958 - 1972;AfD;38808;32;1474;1075;785;70;;369;34458;546;252;252
MV;m;1958 - 1972;Sonstige;5742;35;473;145;505;236;;232;905;3211;1031;1560
MV;m;1958 - 1972;dar. NPD;1627;18;0;0;15;0;;31;533;1030;1030;0
MV;m;1958 - 1972;dar. FREIE WÄHLER;1405;0;148;66;25;4;;27;0;1135;0;1129
MV;m;1948 - 1957;Summe;88869;875;25911;14701;19557;1666;;3313;21055;1791;796;700
MV;m;1948 - 1957;Ungültig;859;693;95;0;19;0;;17;35;0;0;0
MV;m;1948 - 1957;CDU;25072;41;21693;1101;678;208;;681;576;93;0;84
MV;m;1948 - 1957;SPD;13471;24;620;10899;1369;159;;78;320;2;0;2
MV;m;1948 - 1957;DIE LINKE;19188;29;862;1289;16161;120;;196;420;111;0;80
MV;m;1948 - 1957;GRÜNE;2202;45;275;556;314;954;;58;0;0;0;0
MV;m;1948 - 1957;FDP;4514;0;1588;356;254;107;;1917;275;16;0;16
MV;m;1948 - 1957;AfD;21249;38;679;429;649;0;;283;19033;139;43;59
MV;m;1948 - 1957;Sonstige;2316;5;100;72;113;117;;83;396;1430;753;458
MV;m;1948 - 1957;dar. NPD;1063;0;0;27;17;0;;0;267;753;753;0
MV;m;1948 - 1957;dar. FREIE WÄHLER;515;0;27;39;0;0;;0;9;440;0;361
MV;m;1947 und früher;Summe;94318;1404;30300;21292;23035;768;;2454;14152;912;311;416
MV;m;1947 und früher;Ungültig;1669;1049;256;122;120;0;;27;95;0;0;0
MV;m;1947 und früher;CDU;29021;99;26458;948;558;109;;482;258;109;49;60
MV;m;1947 und früher;SPD;20853;109;766;17227;2073;194;;103;318;65;0;65
MV;m;1947 und früher;DIE LINKE;21729;51;791;1651;18846;50;;6;227;107;0;68
MV;m;1947 und früher;GRÜNE;1209;0;214;280;237;396;;0;82;0;0;0
MV;m;1947 und früher;FDP;3909;14;1397;348;216;16;;1726;164;29;29;0
MV;m;1947 und früher;AfD;15160;82;402;618;977;0;;110;12960;10;10;0
MV;m;1947 und früher;Sonstige;769;0;16;100;9;3;;0;49;592;223;223
MV;m;1947 und früher;dar. NPD;267;0;0;0;0;0;;0;49;219;219;0
MV;m;1947 und früher;dar. FREIE WÄHLER;252;0;20;36;0;0;;0;0;196;0;196
MV;w;Summe;Summe;485850;6908;182883;86654;87371;21175;;23339;61549;15972;2867;7951
MV;w;Summe;Ungültig;6337;4528;938;374;164;58;;92;159;24;4;20
MV;w;Summe;CDU;181369;1124;145409;12656;7714;4649;;5748;2373;1696;153;1139
MV;w;Summe;SPD;73339;278;6990;55048;6114;1667;;810;1645;787;180;422
MV;w;Summe;DIE LINKE;85448;208;8532;7788;63360;1821;;1034;1392;1313;20;693
MV;w;Summe;GRÜNE;23164;5;4530;4329;3012;10437;;436;86;329;0;163
MV;w;Summe;FDP;28763;134;9993;2167;1300;544;;13142;863;622;77;418
MV;w;Summe;AfD;64263;241;3705;2704;2291;218;;1324;52558;1223;484;555
MV;w;Summe;Sonstige;23168;390;2786;1589;3416;1782;;752;2475;9978;1950;4540
MV;w;Summe;dar. NPD;3598;76;235;88;83;27;;20;1143;1926;1905;21
MV;w;Summe;dar. FREIE WÄHLER;4449;61;378;145;312;100;;144;75;3234;0;3197
MV;w;1993 - 1999;Summe;22680;187;6775;4295;3629;3062;;1278;2247;1207;137;354
MV;w;1993 - 1999;Ungültig;205;162;0;0;0;0;;0;43;0;0;0
MV;w;1993 - 1999;CDU;6227;1;4127;708;262;603;;281;126;120;0;56
MV;w;1993 - 1999;SPD;3093;15;562;1720;452;170;;39;94;42;27;3
MV;w;1993 - 1999;DIE LINKE;3262;0;324;516;1860;356;;33;0;173;0;66
MV;w;1993 - 1999;GRÜNE;3234;0;643;715;483;1210;;63;0;120;0;51
MV;w;1993 - 1999;FDP;1625;0;602;175;66;69;;640;29;44;0;6
MV;w;1993 - 1999;AfD;2181;0;68;168;34;107;;65;1701;37;23;14
MV;w;1993 - 1999;Sonstige;2852;9;449;294;472;546;;156;254;671;86;158
MV;w;1993 - 1999;dar. NPD;279;0;0;0;0;27;;0;166;86;86;0
MV;w;1993 - 1999;dar. FREIE WÄHLER;134;0;15;10;0;45;;47;0;16;0;16
MV;w;1983 - 1992;Summe;53177;492;15975;10054;8198;3911;;2660;8006;3880;784;1534
MV;w;1983 - 1992;Ungültig;464;372;14;0;0;44;;0;34;0;0;0
MV;w;1983 - 1992;CDU;16090;41;11385;1750;964;808;;686;203;254;32;144
MV;w;1983 - 1992;SPD;7230;0;681;5288;543;232;;71;249;165;38;93
MV;w;1983 - 1992;DIE LINKE;7161;0;643;772;4659;383;;104;196;406;0;180
MV;w;1983 - 1992;GRÜNE;4372;0;751;1003;551;1776;;116;34;142;0;46
MV;w;1983 - 1992;FDP;3284;0;1183;408;198;81;;1141;84;189;39;68
MV;w;1983 - 1992;AfD;8327;0;583;409;165;0;;246;6469;454;172;181
MV;w;1983 - 1992;Sonstige;6248;80;736;425;1118;588;;295;737;2270;503;822
MV;w;1983 - 1992;dar. NPD;1006;37;75;20;0;0;;0;400;474;474;0
MV;w;1983 - 1992;dar. FREIE WÄHLER;642;0;91;0;53;20;;42;1;434;0;434
MV;w;1973 - 1982;Summe;57081;599;21531;8589;7790;3516;;3179;9229;2648;561;1180
MV;w;1973 - 1982;Ungültig;453;417;37;0;0;0;;0;0;0;0;0
MV;w;1973 - 1982;CDU;20872;61;16116;1635;637;798;;953;352;320;46;226
MV;w;1973 - 1982;SPD;6805;26;809;4889;300;224;;132;345;79;0;74
MV;w;1973 - 1982;DIE LINKE;7222;0;548;749;5416;141;;71;174;123;0;62
MV;w;1973 - 1982;GRÜNE;3717;0;693;561;515;1939;;9;0;0;0;0
MV;w;1973 - 1982;FDP;4467;0;1922;256;156;130;;1833;107;62;0;62
MV;w;1973 - 1982;AfD;9631;32;1029;330;308;39;;120;7674;99;82;17
MV;w;1973 - 1982;Sonstige;3914;64;378;170;457;245;;60;576;1965;433;739
MV;w;1973 - 1982;dar. NPD;777;27;63;39;0;0;;0;214;433;433;0
MV;w;1973 - 1982;dar. FREIE WÄHLER;641;0;20;0;0;0;;0;63;558;0;558
MV;w;1958 - 1972;Summe;138429;1548;50326;22201;24645;6121;;7826;20809;4952;765;2956
MV;w;1958 - 1972;Ungültig;1208;987;56;113;52;0;;0;0;0;0;0
MV;w;1958 - 1972;CDU;49466;187;39741;3409;1898;1312;;1706;759;455;27;318
MV;w;1958 - 1972;SPD;18259;0;1587;13554;1586;431;;216;612;273;27;125
MV;w;1958 - 1972;DIE LINKE;25066;87;2761;2194;18201;554;;320;482;467;20;267
MV;w;1958 - 1972;GRÜNE;6896;5;1449;1027;993;3281;;37;52;52;0;52
MV;w;1958 - 1972;FDP;9272;31;2970;484;329;175;;4811;312;159;0;152
MV;w;1958 - 1972;AfD;21833;81;1049;891;777;61;;529;18102;343;81;235
MV;w;1958 - 1972;Sonstige;6427;169;711;529;810;306;;208;491;3203;610;1806
MV;w;1958 - 1972;dar. NPD;796;0;0;29;48;0;;20;84;616;594;21
MV;w;1958 - 1972;dar. FREIE WÄHLER;1871;61;202;85;83;31;;49;10;1351;0;1316
MV;w;1948 - 1957;Summe;96332;1209;36906;17230;19770;2778;;4720;11704;2016;295;1277
MV;w;1948 - 1957;Ungültig;1126;875;93;106;0;0;;0;32;20;0;20
MV;w;1948 - 1957;CDU;37600;97;30020;2683;2063;708;;1301;461;267;0;262
MV;w;1948 - 1957;SPD;15337;44;1545;11660;1229;378;;201;127;153;39;100
MV;w;1948 - 1957;DIE LINKE;19771;49;2200;1675;15026;162;;300;238;121;0;95
MV;w;1948 - 1957;GRÜNE;2647;0;394;436;273;1443;;96;0;6;0;6
MV;w;1948 - 1957;FDP;5099;38;1603;323;332;42;;2560;175;25;0;25
MV;w;1948 - 1957;AfD;12416;77;698;204;538;11;;229;10433;226;73;97
MV;w;1948 - 1957;Sonstige;2335;28;353;143;308;33;;34;238;1198;184;671
MV;w;1948 - 1957;dar. NPD;422;12;34;0;17;0;;0;175;184;184;0
MV;w;1948 - 1957;dar. FREIE WÄHLER;799;0;29;29;176;4;;0;0;560;0;558
MV;w;1947 und früher;Summe;118152;2872;51371;24284;23340;1786;;3677;9554;1268;325;648
MV;w;1947 und früher;Ungültig;2881;1716;738;155;112;14;;92;50;4;4;0
MV;w;1947 und früher;CDU;51114;738;44021;2470;1890;420;;821;472;281;49;133
MV;w;1947 und früher;SPD;22615;192;1806;17938;2003;232;;151;218;75;48;26
MV;w;1947 und früher;DIE LINKE;22964;72;2056;1882;18199;224;;206;301;24;0;23
MV;w;1947 und früher;GRÜNE;2298;0;600;588;199;788;;115;0;8;0;8
MV;w;1947 und früher;FDP;5015;65;1713;520;218;46;;2156;155;142;38;104
MV;w;1947 und früher;AfD;9874;51;277;702;468;0;;134;8179;63;53;10
MV;w;1947 und früher;Sonstige;1391;39;159;29;251;62;;1;179;671;134;343
MV;w;1947 und früher;dar. NPD;319;0;63;0;18;0;;0;104;134;134;0
MV;w;1947 und früher;dar. FREIE WÄHLER;362;0;20;22;0;0;;5;0;315;0;315
SN;Summe;Summe;Summe;2509684;39951;756206;289109;432722;112300;;165449;628048;85899;3217;13761
SN;Summe;Summe;Ungültig;30280;23098;3158;1522;954;207;;259;785;296;31;13
SN;Summe;Summe;CDU;665751;3583;562983;22437;20402;12712;;23745;14643;5245;126;1085
SN;Summe;Summe;SPD;261105;1154;23618;183583;26207;9301;;4673;9777;2792;91;375
SN;Summe;Summe;DIE LINKE;398627;1251;23787;25487;310198;11806;;4741;12227;9130;41;577
SN;Summe;Summe;GRÜNE;113608;285;16905;16536;15268;58318;;2320;1296;2680;0;296
SN;Summe;Summe;FDP;203662;871;66948;11022;8068;3682;;97427;11852;3791;56;959
SN;Summe;Summe;AfD;669940;5897;39317;16951;24654;3109;;20023;541567;18422;689;1413
SN;Summe;Summe;Sonstige;166711;3811;19489;11570;26969;13166;;12262;35901;43543;2183;9041
SN;Summe;Summe;dar. NPD;29322;644;1228;798;896;227;;1094;21330;3104;1928;303
SN;Summe;Summe;dar. FREIE WÄHLER;27471;583;4882;1669;2711;1084;;3619;3662;9260;69;5864
SN;Summe;1993 - 1999;Summe;120185;1545;26563;15703;23201;11757;;10482;23273;7662;42;810
SN;Summe;1993 - 1999;Ungültig;1098;983;47;0;0;0;;39;29;0;0;0
SN;Summe;1993 - 1999;CDU;20168;172;14645;1280;1052;779;;1167;588;485;0;51
SN;Summe;1993 - 1999;SPD;12306;34;1777;7542;1397;520;;492;422;122;0;0
SN;Summe;1993 - 1999;DIE LINKE;19769;0;1059;1714;13530;1538;;313;170;1443;0;78
SN;Summe;1993 - 1999;GRÜNE;12101;0;1625;1576;1931;5888;;308;144;629;0;8
SN;Summe;1993 - 1999;FDP;11900;0;3455;851;714;332;;5445;790;311;0;0
SN;Summe;1993 - 1999;AfD;23546;147;1503;1075;694;299;;981;18209;638;21;44
SN;Summe;1993 - 1999;Sonstige;19298;210;2452;1665;3882;2400;;1736;2921;4033;21;629
SN;Summe;1993 - 1999;dar. NPD;2340;29;134;28;68;0;;85;1902;94;21;35
SN;Summe;1993 - 1999;dar. FREIE WÄHLER;1680;0;425;123;101;130;;171;223;506;0;379
SN;Summe;1983 - 1992;Summe;336676;4610;79626;39528;57521;21467;;26319;85222;22382;750;2556
SN;Summe;1983 - 1992;Ungültig;3324;3079;90;95;31;0;;0;30;0;0;0
SN;Summe;1983 - 1992;CDU;65541;133;50837;3920;2763;2379;;2675;1728;1107;59;135
SN;Summe;1983 - 1992;SPD;30715;107;3051;19417;3534;1378;;1093;1487;648;57;86
SN;Summe;1983 - 1992;DIE LINKE;49085;0;2828;2571;36483;2897;;555;721;3031;0;111
SN;Summe;1983 - 1992;GRÜNE;20442;0;2393;3124;3551;9874;;500;140;859;0;108
SN;Summe;1983 - 1992;FDP;31416;109;9867;2655;782;628;;15210;1336;830;18;170
SN;Summe;1983 - 1992;AfD;89497;482;5901;3608;1606;560;;3262;70453;3624;101;323
SN;Summe;1983 - 1992;Sonstige;46656;700;4660;4138;8770;3751;;3025;9328;12283;515;1623
SN;Summe;1983 - 1992;dar. NPD;7926;213;290;364;180;148;;353;5748;630;428;25
SN;Summe;1983 - 1992;dar. FREIE WÄHLER;4575;30;896;450;425;130;;686;622;1336;34;846
SN;Summe;1973 - 1982;Summe;370771;4493;103743;35687;53384;23444;;28437;103199;18384;699;2787
SN;Summe;1973 - 1982;Ungültig;3197;2865;134;104;37;0;;33;24;0;0;0
SN;Summe;1973 - 1982;CDU;87522;166;70725;3849;3272;2688;;3876;1867;1080;67;247
SN;Summe;1973 - 1982;SPD;29449;231;2636;19173;2728;1768;;785;1588;540;0;68
SN;Summe;1973 - 1982;DIE LINKE;48010;32;3421;3065;35461;2071;;584;1365;2011;0;98
SN;Summe;1973 - 1982;GRÜNE;26840;49;4351;4128;3553;13096;;692;221;750;0;130
SN;Summe;1973 - 1982;FDP;34431;33;11816;1312;1310;825;;16515;1604;1014;0;230
SN;Summe;1973 - 1982;AfD;110166;681;7247;2224;2769;514;;3637;89034;4062;167;421
SN;Summe;1973 - 1982;Sonstige;31157;436;3414;1833;4255;2483;;2314;7495;8927;465;1593
SN;Summe;1973 - 1982;dar. NPD;6437;0;247;97;308;33;;188;4817;748;449;124
SN;Summe;1973 - 1982;dar. FREIE WÄHLER;4637;74;701;241;133;144;;817;676;1851;17;1044
SN;Summe;1958 - 1972;Summe;696397;8697;192087;67441;109917;33501;;50584;212036;22135;1080;4109
SN;Summe;1958 - 1972;Ungültig;5638;4416;321;261;179;53;;85;282;41;0;0
SN;Summe;1958 - 1972;CDU;168734;728;139416;6026;5121;4130;;7994;4171;1149;0;293
SN;Summe;1958 - 1972;SPD;59620;167;5518;41318;5914;2768;;955;2200;780;34;118
SN;Summe;1958 - 1972;DIE LINKE;98632;340;5517;5832;77603;2611;;1145;3926;1658;41;182
SN;Summe;1958 - 1972;GRÜNE;33231;24;4725;4412;3993;18873;;467;408;330;0;0
SN;Summe;1958 - 1972;FDP;61094;278;18734;3371;2177;1318;;29577;4587;1052;38;367
SN;Summe;1958 - 1972;AfD;226475;1786;12349;3896;8599;941;;7120;185697;6087;198;334
SN;Summe;1958 - 1972;Sonstige;42974;958;5507;2325;6331;2807;;3242;10765;11039;768;2815
SN;Summe;1958 - 1972;dar. NPD;8343;59;371;150;180;0;;305;6120;1158;683;84
SN;Summe;1958 - 1972;dar. FREIE WÄHLER;8350;86;1629;353;1109;167;;1159;926;2921;18;1799
SN;Summe;1948 - 1957;Summe;433233;7178;136232;47639;82962;11232;;24995;112886;10109;436;2256
SN;Summe;1948 - 1957;Ungültig;4926;3974;287;186;249;0;;0;91;139;0;13
SN;Summe;1948 - 1957;CDU;123637;622;106759;2887;4158;1364;;3772;3173;902;0;240
SN;Summe;1948 - 1957;SPD;45635;107;3622;32992;5039;1098;;435;2047;295;0;21
SN;Summe;1948 - 1957;DIE LINKE;78369;413;4867;4835;62550;1204;;1209;2707;583;0;31
SN;Summe;1948 - 1957;GRÜNE;10985;0;1885;1775;1236;5608;;248;163;71;0;50
SN;Summe;1948 - 1957;FDP;31706;166;10618;1417;1588;319;;15256;1941;401;0;139
SN;Summe;1948 - 1957;AfD;121000;1216;6141;2757;5809;401;;2841;99050;2787;121;263
SN;Summe;1948 - 1957;Sonstige;16975;679;2053;790;2334;1239;;1233;3714;4933;315;1500
SN;Summe;1948 - 1957;dar. NPD;2853;104;50;0;127;46;;112;2065;348;250;35
SN;Summe;1948 - 1957;dar. FREIE WÄHLER;5033;185;865;296;553;309;;462;584;1778;0;1073
SN;Summe;1947 und früher;Summe;552421;13428;217955;83112;105737;10899;;24634;91431;5226;210;1242
SN;Summe;1947 und früher;Ungültig;12097;7782;2280;876;458;154;;102;330;116;31;0
SN;Summe;1947 und früher;CDU;200149;1763;180602;4475;4036;1372;;4260;3117;522;0;120
SN;Summe;1947 und früher;SPD;83380;508;7014;63141;7596;1768;;914;2033;406;0;81
SN;Summe;1947 und früher;DIE LINKE;104762;465;6094;7470;84572;1485;;934;3337;404;0;77
SN;Summe;1947 und früher;GRÜNE;10010;212;1926;1522;1004;4978;;106;219;42;0;0
SN;Summe;1947 und früher;FDP;33116;285;12458;1416;1497;261;;15423;1593;183;0;53
SN;Summe;1947 und früher;AfD;99256;1584;6176;3393;5178;394;;2183;79124;1225;80;29
SN;Summe;1947 und früher;Sonstige;9651;829;1403;819;1397;486;;712;1678;2329;98;882
SN;Summe;1947 und früher;dar. NPD;1422;239;135;160;33;0;;51;678;126;98;0
SN;Summe;1947 und früher;dar. FREIE WÄHLER;3196;209;366;206;391;204;;323;631;867;0;724
SN;m;Summe;Summe;1228316;18350;320844;137539;209847;44205;;78770;374587;44173;1685;5551
SN;m;Summe;Ungültig;13542;10918;940;622;548;71;;33;306;104;0;13
SN;m;Summe;CDU;270427;819;230225;8712;7408;3824;;9695;7283;2461;81;479
SN;m;Summe;SPD;127983;555;10882;90900;12791;4301;;2194;4952;1408;18;115
SN;m;Summe;DIE LINKE;190650;544;8115;11044;152921;4711;;1849;6230;5236;41;152
SN;m;Summe;GRÜNE;46658;106;5907;7457;6426;23947;;1013;388;1414;0;50
SN;m;Summe;FDP;101057;371;35014;5295;3538;1590;;47091;6164;1994;35;253
SN;m;Summe;AfD;402435;3298;21979;8541;13753;1363;;11689;330792;11019;362;814
SN;m;Summe;Sonstige;75565;1740;7781;4968;12462;4398;;5206;18472;20538;1149;3676
SN;m;Summe;dar. NPD;17915;454;693;396;474;96;;607;13308;1887;1092;189
SN;m;Summe;dar. FREIE WÄHLER;10978;210;2060;833;1220;277;;1354;1319;3705;17;2395
SN;m;1993 - 1999;Summe;60323;867;12432;7860;11921;4053;;6047;13146;3998;21;348
SN;m;1993 - 1999;Ungültig;570;523;47;0;0;0;;0;0;0;0;0
SN;m;1993 - 1999;CDU;9741;121;7289;586;404;218;;679;208;236;0;0
SN;m;1993 - 1999;SPD;6103;0;684;4090;565;164;;316;284;0;0;0
SN;m;1993 - 1999;DIE LINKE;10185;0;267;960;7199;654;;201;30;874;0;39
SN;m;1993 - 1999;GRÜNE;4231;0;257;645;800;1967;;149;111;302;0;0
SN;m;1993 - 1999;FDP;6848;0;1913;295;534;133;;3319;378;276;0;0
SN;m;1993 - 1999;AfD;13256;100;756;426;323;69;;587;10685;311;0;8
SN;m;1993 - 1999;Sonstige;9390;123;1220;858;2096;848;;797;1449;1999;21;301
SN;m;1993 - 1999;dar. NPD;1398;29;106;28;37;0;;46;1114;37;21;0
SN;m;1993 - 1999;dar. FREIE WÄHLER;822;0;206;98;70;50;;108;28;263;0;263
SN;m;1983 - 1992;Summe;168720;2254;36678;17990;28097;8161;;13343;50068;12129;282;1097
SN;m;1983 - 1992;Ungültig;1719;1572;90;28;0;0;;0;30;0;0;0
SN;m;1983 - 1992;CDU;28359;60;22356;1281;1102;934;;1046;875;705;42;106
SN;m;1983 - 1992;SPD;13855;40;1340;9039;1753;307;;521;599;255;0;0
SN;m;1983 - 1992;DIE LINKE;23818;0;998;682;18524;1386;;142;326;1760;0;27
SN;m;1983 - 1992;GRÜNE;8097;0;997;1479;1257;3695;;242;43;383;0;50
SN;m;1983 - 1992;FDP;17058;35;5715;1752;239;224;;8032;533;529;18;8
SN;m;1983 - 1992;AfD;53352;200;3165;1638;947;402;;2060;42735;2205;50;159
SN;m;1983 - 1992;Sonstige;22462;346;2016;2091;4274;1214;;1300;4928;6292;172;748
SN;m;1983 - 1992;dar. NPD;4454;137;108;211;78;83;;146;3390;300;172;25
SN;m;1983 - 1992;dar. FREIE WÄHLER;1952;30;471;204;120;0;;274;336;517;0;402
SN;m;1973 - 1982;Summe;195130;2102;47824;17224;28101;9799;;14593;64904;10583;422;1092
SN;m;1973 - 1982;Ungültig;1532;1369;39;30;37;0;;33;24;0;0;0
SN;m;1973 - 1982;CDU;37670;55;30559;1686;1354;675;;1863;1013;466;39;88
SN;m;1973 - 1982;SPD;15224;46;1403;9699;1688;931;;136;989;331;0;28
SN;m;1973 - 1982;DIE LINKE;24813;32;1368;1358;18890;852;;214;633;1466;0;0
SN;m;1973 - 1982;GRÜNE;12009;49;1790;1996;1663;5686;;344;46;436;0;0
SN;m;1973 - 1982;FDP;18504;33;6666;548;604;484;;8722;983;464;0;44
SN;m;1973 - 1982;AfD;69641;304;4531;1109;1730;237;;2101;57000;2629;77;306
SN;m;1973 - 1982;Sonstige;15737;213;1469;797;2134;934;;1181;4216;4792;306;626
SN;m;1973 - 1982;dar. NPD;4133;0;116;77;196;0;;132;3096;516;289;102
SN;m;1973 - 1982;dar. FREIE WÄHLER;2215;74;382;150;34;31;;298;317;929;17;476
SN;m;1958 - 1972;Summe;351075;4765;86434;33096;52197;13762;;23058;126766;10998;582;1665
SN;m;1958 - 1972;Ungültig;2823;2358;97;168;126;0;;0;74;0;0;0
SN;m;1958 - 1972;CDU;72987;301;61295;2865;1951;1218;;2917;1825;615;0;198
SN;m;1958 - 1972;SPD;29382;60;2257;20937;2726;1501;;542;869;489;18;44
SN;m;1958 - 1972;DIE LINKE;46451;160;2213;2477;37901;863;;385;1850;602;41;24
SN;m;1958 - 1972;GRÜNE;15002;24;1917;2286;1878;8396;;155;74;272;0;0
SN;m;1958 - 1972;FDP;29524;137;10271;1482;906;463;;13411;2438;415;17;151
SN;m;1958 - 1972;AfD;136691;1268;6478;2138;4287;399;;4240;114251;3630;108;156
SN;m;1958 - 1972;Sonstige;18216;457;1905;741;2421;922;;1407;5386;4976;397;1091
SN;m;1958 - 1972;dar. NPD;5235;32;248;39;80;0;;219;3887;730;386;27
SN;m;1958 - 1972;dar. FREIE WÄHLER;3135;33;564;173;549;104;;379;263;1071;0;650
SN;m;1948 - 1957;Summe;208950;2816;57328;22037;38589;4496;;11068;68178;4438;235;937
SN;m;1948 - 1957;Ungültig;1989;1561;71;99;150;0;;0;55;52;0;13
SN;m;1948 - 1957;CDU;50628;61;44002;809;1359;497;;1531;2059;312;0;35
SN;m;1948 - 1957;SPD;22572;58;1986;16018;2586;473;;204;1090;156;0;0
SN;m;1948 - 1957;DIE LINKE;35628;142;1488;2050;29213;414;;441;1633;248;0;31
SN;m;1948 - 1957;GRÜNE;4162;0;530;611;460;2387;;90;63;21;0;0
SN;m;1948 - 1957;FDP;14847;166;4924;531;752;160;;6987;1043;285;0;50
SN;m;1948 - 1957;AfD;72575;597;3642;1529;3126;196;;1413;60424;1648;64;183
SN;m;1948 - 1957;Sonstige;6550;232;685;390;943;369;;402;1811;1717;172;624
SN;m;1948 - 1957;dar. NPD;1772;56;12;0;49;13;;64;1383;195;144;35
SN;m;1948 - 1957;dar. FREIE WÄHLER;1873;40;308;208;270;37;;177;193;640;0;357
SN;m;1947 und früher;Summe;244117;5547;80148;39333;50943;3934;;10661;51525;2025;142;412
SN;m;1947 und früher;Ungültig;4909;3534;597;298;234;71;;0;123;53;0;0
SN;m;1947 und früher;CDU;71042;222;64725;1485;1238;282;;1659;1303;128;0;52
SN;m;1947 und früher;SPD;40848;351;3212;31117;3472;925;;475;1121;176;0;43
SN;m;1947 und früher;DIE LINKE;49755;210;1782;3517;41194;543;;467;1757;286;0;31
SN;m;1947 und früher;GRÜNE;3156;33;417;438;368;1817;;33;51;0;0;0
SN;m;1947 und früher;FDP;14277;0;5524;688;504;126;;6620;789;25;0;0
SN;m;1947 und früher;AfD;56920;829;3407;1700;3340;60;;1289;45698;596;62;0
SN;m;1947 und früher;Sonstige;3211;369;485;90;594;110;;118;683;762;80;286
SN;m;1947 und früher;dar. NPD;923;200;103;41;33;0;;0;438;108;80;0
SN;m;1947 und früher;dar. FREIE WÄHLER;981;34;128;0;177;54;;118;183;285;0;247
SN;w;Summe;Summe;1281368;21601;435362;151570;222875;68095;;86679;253461;41726;1533;8210
SN;w;Summe;Ungültig;16738;12181;2218;900;406;137;;226;479;191;31;0
SN;w;Summe;CDU;395324;2764;332758;13725;12994;8887;;14050;7361;2784;45;606
SN;w;Summe;SPD;133122;599;12736;92683;13417;5000;;2479;4825;1384;73;260
SN;w;Summe;DIE LINKE;207977;707;15672;14443;157277;7095;;2892;5997;3894;0;425
SN;w;Summe;GRÜNE;66950;179;10998;9079;8842;34371;;1307;908;1266;0;247
SN;w;Summe;FDP;102605;500;31935;5728;4530;2091;;50336;5688;1798;21;707
SN;w;Summe;AfD;267505;2599;17338;8410;10901;1746;;8334;210775;7403;327;600
SN;w;Summe;Sonstige;91146;2072;11708;6602;14507;8768;;7055;17429;23005;1034;5365
SN;w;Summe;dar. NPD;11406;189;535;402;422;131;;487;8022;1217;836;114
SN;w;Summe;dar. FREIE WÄHLER;16493;373;2823;836;1491;807;;2265;2343;5555;52;3469
SN;w;1993 - 1999;Summe;59862;678;14131;7843;11280;7704;;4434;10128;3664;21;462
SN;w;1993 - 1999;Ungültig;527;460;0;0;0;0;;39;29;0;0;0
SN;w;1993 - 1999;CDU;10427;52;7357;694;648;561;;488;380;249;0;51
SN;w;1993 - 1999;SPD;6204;34;1093;3452;831;356;;177;139;122;0;0
SN;w;1993 - 1999;DIE LINKE;9584;0;792;754;6331;884;;112;140;570;0;40
SN;w;1993 - 1999;GRÜNE;7870;0;1368;931;1132;3921;;159;32;327;0;8
SN;w;1993 - 1999;FDP;5052;0;1542;557;181;199;;2126;412;36;0;0
SN;w;1993 - 1999;AfD;10289;47;747;649;371;230;;394;7525;327;21;35
SN;w;1993 - 1999;Sonstige;9908;87;1232;807;1786;1552;;939;1471;2034;0;328
SN;w;1993 - 1999;dar. NPD;942;0;28;0;31;0;;39;788;57;0;35
SN;w;1993 - 1999;dar. FREIE WÄHLER;857;0;219;25;31;81;;64;195;243;0;115
SN;w;1983 - 1992;Summe;167956;2357;42948;21538;29424;13306;;12976;35154;10253;468;1459
SN;w;1983 - 1992;Ungültig;1605;1507;0;67;31;0;;0;0;0;0;0
SN;w;1983 - 1992;CDU;37182;73;28481;2639;1660;1445;;1629;853;402;18;29
SN;w;1983 - 1992;SPD;16860;67;1711;10378;1781;1071;;572;888;393;57;86
SN;w;1983 - 1992;DIE LINKE;25267;0;1830;1888;17959;1511;;413;394;1271;0;84
SN;w;1983 - 1992;GRÜNE;12345;0;1396;1645;2294;6179;;257;97;476;0;59
SN;w;1983 - 1992;FDP;14358;74;4152;903;544;404;;7178;803;301;0;162
SN;w;1983 - 1992;AfD;36145;282;2736;1971;659;159;;1202;27718;1419;51;164
SN;w;1983 - 1992;Sonstige;24194;354;2644;2047;4496;2537;;1725;4401;5990;343;875
SN;w;1983 - 1992;dar. NPD;3473;76;182;153;102;65;;207;2357;331;256;0
SN;w;1983 - 1992;dar. FREIE WÄHLER;2623;0;425;246;305;130;;412;286;820;34;444
SN;w;1973 - 1982;Summe;175641;2391;55919;18463;25283;13645;;13843;38295;7801;277;1695
SN;w;1973 - 1982;Ungültig;1665;1496;95;74;0;0;;0;0;0;0;0
SN;w;1973 - 1982;CDU;49852;111;40166;2162;1919;2013;;2012;854;615;28;159
SN;w;1973 - 1982;SPD;14225;184;1233;9474;1040;836;;650;599;209;0;40
SN;w;1973 - 1982;DIE LINKE;23197;0;2053;1707;16571;1218;;370;732;545;0;98
SN;w;1973 - 1982;GRÜNE;14830;0;2561;2131;1889;7411;;349;175;314;0;130
SN;w;1973 - 1982;FDP;15926;0;5150;764;705;342;;7793;621;550;0;186
SN;w;1973 - 1982;AfD;40525;377;2717;1114;1038;276;;1536;32034;1433;90;115
SN;w;1973 - 1982;Sonstige;15421;223;1944;1036;2121;1549;;1133;3279;4135;160;967
SN;w;1973 - 1982;dar. NPD;2304;0;131;19;112;33;;56;1721;232;160;21
SN;w;1973 - 1982;dar. FREIE WÄHLER;2422;0;319;92;99;113;;519;359;922;0;568
SN;w;1958 - 1972;Summe;345322;3932;105652;34345;57720;19739;;27526;85270;11137;498;2444
SN;w;1958 - 1972;Ungültig;2815;2057;224;93;53;53;;85;208;41;0;0
SN;w;1958 - 1972;CDU;95747;427;78120;3161;3170;2912;;5077;2346;534;0;95
SN;w;1958 - 1972;SPD;30237;107;3260;20381;3188;1267;;412;1331;291;16;74
SN;w;1958 - 1972;DIE LINKE;52181;181;3304;3355;39702;1748;;760;2075;1056;0;158
SN;w;1958 - 1972;GRÜNE;18229;0;2809;2125;2114;10477;;312;334;58;0;0
SN;w;1958 - 1972;FDP;31571;141;8462;1889;1271;854;;16166;2150;637;21;216
SN;w;1958 - 1972;AfD;89784;518;5871;1757;4312;542;;2880;71447;2457;90;177
SN;w;1958 - 1972;Sonstige;24758;501;3602;1584;3910;1885;;1835;5379;6063;371;1724
SN;w;1958 - 1972;dar. NPD;3107;27;123;111;100;0;;85;2233;427;297;57
SN;w;1958 - 1972;dar. FREIE WÄHLER;5215;53;1065;181;560;62;;780;663;1850;18;1149
SN;w;1948 - 1957;Summe;224284;4362;78905;25602;44373;6736;;13926;44709;5671;201;1319
SN;w;1948 - 1957;Ungültig;2937;2413;216;87;98;0;;0;35;87;0;0
SN;w;1948 - 1957;CDU;73009;561;62757;2078;2799;867;;2241;1115;590;0;204
SN;w;1948 - 1957;SPD;23063;50;1636;16973;2453;625;;230;957;139;0;21
SN;w;1948 - 1957;DIE LINKE;42741;271;3379;2786;33337;790;;768;1074;335;0;0
SN;w;1948 - 1957;GRÜNE;6823;0;1355;1163;776;3221;;157;101;50;0;50
SN;w;1948 - 1957;FDP;16859;0;5694;886;836;159;;8270;898;116;0;89
SN;w;1948 - 1957;AfD;48425;620;2499;1227;2683;205;;1428;38626;1138;58;79
SN;w;1948 - 1957;Sonstige;10426;447;1368;400;1391;869;;831;1903;3216;143;875
SN;w;1948 - 1957;dar. NPD;1081;48;39;0;78;33;;48;682;153;106;0
SN;w;1948 - 1957;dar. FREIE WÄHLER;3160;145;557;88;282;272;;286;392;1138;0;716
SN;w;1947 und früher;Summe;308304;7881;137807;43779;54793;6964;;13972;39906;3201;67;830
SN;w;1947 und früher;Ungültig;7188;4248;1683;578;223;83;;102;207;63;31;0
SN;w;1947 und früher;CDU;129106;1541;115877;2990;2799;1090;;2601;1813;394;0;68
SN;w;1947 und früher;SPD;42533;158;3802;32025;4124;843;;439;912;230;0;39
SN;w;1947 und früher;DIE LINKE;55007;255;4313;3953;43378;943;;468;1580;118;0;46
SN;w;1947 und früher;GRÜNE;6854;179;1510;1084;636;3161;;73;169;42;0;0
SN;w;1947 und früher;FDP;18839;285;6935;728;993;134;;8803;804;157;0;53
SN;w;1947 und früher;AfD;42337;755;2769;1692;1838;334;;894;33426;629;18;29
SN;w;1947 und früher;Sonstige;6440;460;918;728;803;375;;593;995;1568;18;596
SN;w;1947 und früher;dar. NPD;500;39;32;119;0;0;;51;240;18;18;0
SN;w;1947 und früher;dar. FREIE WÄHLER;2215;175;238;206;213;150;;205;448;582;0;477
ST;Summe;Summe;Summe;1263474;22949;401454;213058;238047;38938;;81211;210127;57690;15351;24817
ST;Summe;Summe;Ungültig;18494;14252;1552;1170;449;75;;264;401;330;134;97
ST;Summe;Summe;CDU;377411;2016;317158;18658;12892;5326;;12513;4369;4480;266;2515
ST;Summe;Summe;SPD;188980;998;14752;144171;15637;3812;;3318;3972;2319;167;922
ST;Summe;Summe;DIE LINKE;220858;541;12166;17248;177714;4081;;2648;3406;3053;139;1401
ST;Summe;Summe;GRÜNE;46243;71;6225;9592;7438;20214;;1169;471;1064;56;322
ST;Summe;Summe;FDP;96555;431;28939;6893;3373;1073;;50321;3515;2009;141;1013
ST;Summe;Summe;AfD;244401;3139;12870;8705;9725;634;;7561;186229;15538;9143;5364
ST;Summe;Summe;Sonstige;70532;1501;7791;6621;10819;3722;;3417;7765;28897;5306;13183
ST;Summe;Summe;dar. NPD;9413;72;328;368;78;6;;185;3428;4948;4764;144
ST;Summe;Summe;dar. FREIE WÄHLER;13036;176;1374;1162;759;221;;490;635;8219;68;7744
ST;Summe;1993 - 1999;Summe;59532;1153;16114;10919;11072;5199;;5399;6560;3115;491;1411
ST;Summe;1993 - 1999;Ungültig;1093;883;50;73;6;0;;40;41;0;0;0
ST;Summe;1993 - 1999;CDU;12962;47;9881;1113;498;568;;579;63;211;39;130
ST;Summe;1993 - 1999;SPD;8353;52;1310;5167;693;454;;359;170;147;0;113
ST;Summe;1993 - 1999;DIE LINKE;10123;58;491;1193;6924;850;;263;38;307;0;115
ST;Summe;1993 - 1999;GRÜNE;6353;0;1206;1198;1375;2394;;103;32;44;0;2
ST;Summe;1993 - 1999;FDP;6689;21;1745;840;178;61;;3319;218;308;0;249
ST;Summe;1993 - 1999;AfD;6897;0;411;404;160;27;;182;5205;507;285;211
ST;Summe;1993 - 1999;Sonstige;7062;91;1020;931;1237;844;;554;792;1591;167;591
ST;Summe;1993 - 1999;dar. NPD;523;0;0;0;11;6;;31;323;153;129;24
ST;Summe;1993 - 1999;dar. FREIE WÄHLER;613;0;171;65;67;0;;91;0;220;0;219
ST;Summe;1983 - 1992;Summe;152685;2351;40532;25051;24777;8526;;10707;28376;12365;3321;4317
ST;Summe;1983 - 1992;Ungültig;1890;1681;15;97;0;31;;0;27;40;0;40
ST;Summe;1983 - 1992;CDU;35172;72;27843;2374;1136;951;;1582;696;517;8;228
ST;Summe;1983 - 1992;SPD;20792;75;2305;14125;1502;926;;549;793;516;30;200
ST;Summe;1983 - 1992;DIE LINKE;20944;6;1387;1827;15693;762;;410;270;589;0;158
ST;Summe;1983 - 1992;GRÜNE;9599;0;798;2186;1592;4484;;205;93;240;24;78
ST;Summe;1983 - 1992;FDP;12120;0;4016;979;372;204;;5830;469;251;19;68
ST;Summe;1983 - 1992;AfD;34096;278;2280;1586;973;56;;1339;24126;3459;2108;1182
ST;Summe;1983 - 1992;Sonstige;18072;239;1890;1876;3508;1111;;793;1903;6752;1131;2363
ST;Summe;1983 - 1992;dar. NPD;2464;0;165;62;0;0;;50;1097;1088;978;71
ST;Summe;1983 - 1992;dar. FREIE WÄHLER;2067;25;208;259;33;45;;84;100;1314;0;1139
ST;Summe;1973 - 1982;Summe;157878;2392;46458;21784;24270;6635;;12719;32637;10982;3435;4586
ST;Summe;1973 - 1982;Ungültig;1710;1462;96;11;23;0;;11;35;72;45;0
ST;Summe;1973 - 1982;CDU;43216;96;34159;2864;1742;1109;;1754;684;810;124;408
ST;Summe;1973 - 1982;SPD;17934;83;1625;12667;1647;637;;353;686;236;0;114
ST;Summe;1973 - 1982;DIE LINKE;20161;70;1284;1510;15812;451;;374;436;224;21;79
ST;Summe;1973 - 1982;GRÜNE;7521;11;1106;1293;1122;3439;;140;67;343;0;51
ST;Summe;1973 - 1982;FDP;15762;81;4444;1044;613;204;;8315;549;513;19;263
ST;Summe;1973 - 1982;AfD;38575;240;2405;1229;1482;81;;1223;28462;3453;2107;1070
ST;Summe;1973 - 1982;Sonstige;12998;350;1340;1166;1829;714;;549;1719;5332;1119;2601
ST;Summe;1973 - 1982;dar. NPD;1881;0;11;101;0;0;;19;696;1054;1032;22
ST;Summe;1973 - 1982;dar. FREIE WÄHLER;2468;29;282;274;75;62;;18;158;1570;0;1514
ST;Summe;1958 - 1972;Summe;367888;5768;109183;54892;68832;10689;;25779;74639;18106;5014;8634
ST;Summe;1958 - 1972;Ungültig;4210;3566;108;211;82;0;;41;93;110;39;34
ST;Summe;1958 - 1972;CDU;103358;343;84828;5376;3911;1785;;4129;1523;1463;69;880
ST;Summe;1958 - 1972;SPD;47342;111;3477;35749;4411;716;;950;1220;708;50;233
ST;Summe;1958 - 1972;DIE LINKE;63680;143;3875;4630;50749;1194;;798;1333;958;55;490
ST;Summe;1958 - 1972;GRÜNE;13228;6;1633;2847;2150;5712;;432;140;308;0;146
ST;Summe;1958 - 1972;FDP;30236;182;9083;1930;1168;340;;15603;1155;775;102;305
ST;Summe;1958 - 1972;AfD;86341;889;4362;2463;3713;245;;2682;66860;5127;2892;1908
ST;Summe;1958 - 1972;Sonstige;19492;528;1817;1687;2649;696;;1144;2316;8656;1806;4639
ST;Summe;1958 - 1972;dar. NPD;3035;28;114;73;67;0;;85;989;1678;1651;27
ST;Summe;1958 - 1972;dar. FREIE WÄHLER;4595;60;357;255;370;47;;237;294;2975;19;2881
ST;Summe;1948 - 1957;Summe;240072;3786;79921;39085;51703;4241;;14192;38981;8162;2280;3555
ST;Summe;1948 - 1957;Ungültig;3248;2201;410;238;90;0;;110;90;109;50;23
ST;Summe;1948 - 1957;CDU;76741;227;65919;2941;3037;563;;2493;794;766;0;434
ST;Summe;1948 - 1957;SPD;35551;69;2591;27927;3101;530;;532;469;332;19;81
ST;Summe;1948 - 1957;DIE LINKE;49968;65;2574;3685;41310;552;;413;676;694;30;461
ST;Summe;1948 - 1957;GRÜNE;4901;50;677;961;730;2212;;77;110;83;32;0
ST;Summe;1948 - 1957;FDP;16392;67;4765;1041;549;156;;8909;787;119;0;108
ST;Summe;1948 - 1957;AfD;45683;1016;2055;1572;1985;60;;1370;35365;2261;1394;675
ST;Summe;1948 - 1957;Sonstige;7587;92;930;721;901;169;;288;689;3797;755;1771
ST;Summe;1948 - 1957;dar. NPD;1194;0;38;132;0;0;;0;302;722;722;0
ST;Summe;1948 - 1957;dar. FREIE WÄHLER;1837;0;111;232;79;0;;46;71;1297;27;1208
ST;Summe;1947 und früher;Summe;285420;7498;109245;61326;57394;3648;;12414;28934;4960;811;2314
ST;Summe;1947 und früher;Ungültig;6342;4460;873;540;248;44;;62;115;0;0;0
ST;Summe;1947 und früher;CDU;105961;1230;94528;3988;2567;349;;1977;609;713;25;435
ST;Summe;1947 und früher;SPD;59008;608;3445;48536;4282;548;;575;634;380;68;181
ST;Summe;1947 und früher;DIE LINKE;55982;199;2555;4404;47227;273;;390;654;281;34;98
ST;Summe;1947 und früher;GRÜNE;4642;4;806;1106;468;1972;;212;29;45;0;45
ST;Summe;1947 und früher;FDP;15355;81;4887;1059;494;108;;8346;338;42;0;20
ST;Summe;1947 und früher;AfD;32809;716;1358;1452;1412;166;;765;26210;731;356;317
ST;Summe;1947 und früher;Sonstige;5321;201;794;240;695;188;;88;345;2769;328;1218
ST;Summe;1947 und früher;dar. NPD;316;44;0;0;0;0;;0;20;253;253;0
ST;Summe;1947 und früher;dar. FREIE WÄHLER;1455;62;245;77;136;67;;14;12;842;22;783
ST;m;Summe;Summe;611445;10583;170083;102026;114778;15009;;39356;130270;29339;10051;11973
ST;m;Summe;Ungültig;8307;6467;587;601;141;16;;155;171;167;95;35
ST;m;Summe;CDU;153913;566;131329;6736;4832;1576;;5013;2175;1688;157;1133
ST;m;Summe;SPD;92045;420;6292;71331;7760;1478;;1341;2260;1164;100;531
ST;m;Summe;DIE LINKE;105698;216;4198;8333;86756;1375;;1228;2094;1498;82;750
ST;m;Summe;GRÜNE;19018;11;1791;4414;3573;8182;;476;243;328;0;86
ST;m;Summe;FDP;48569;272;15112;3105;1188;589;;25272;1972;1060;99;498
ST;m;Summe;AfD;152340;1905;7926;5012;5522;381;;4631;117187;9775;6009;3231
ST;m;Summe;Sonstige;31554;726;2848;2494;5007;1412;;1241;4168;13660;3508;5709
ST;m;Summe;dar. NPD;6092;45;169;143;49;6;;87;2284;3308;3253;54
ST;m;Summe;dar. FREIE WÄHLER;5155;79;588;193;323;61;;152;367;3392;46;3259
ST;m;1993 - 1999;Summe;29103;507;7080;5241;5419;1630;;3256;4282;1688;312;821
ST;m;1993 - 1999;Ungültig;489;416;0;73;0;0;;0;0;0;0;0
ST;m;1993 - 1999;CDU;5634;1;4219;603;209;159;;224;48;172;39;92
ST;m;1993 - 1999;SPD;3887;52;597;2370;395;75;;134;170;94;0;83
ST;m;1993 - 1999;DIE LINKE;4722;0;203;542;3406;262;;174;7;129;0;60
ST;m;1993 - 1999;GRÜNE;2162;0;360;432;560;760;;3;32;14;0;2
ST;m;1993 - 1999;FDP;4220;21;1022;411;50;43;;2330;157;186;0;127
ST;m;1993 - 1999;AfD;4492;0;272;265;77;0;;111;3429;338;164;162
ST;m;1993 - 1999;Sonstige;3497;17;407;544;722;332;;281;439;756;109;294
ST;m;1993 - 1999;dar. NPD;330;0;0;0;0;6;;0;191;133;109;24
ST;m;1993 - 1999;dar. FREIE WÄHLER;211;0;46;0;67;0;;24;0;74;0;73
ST;m;1983 - 1992;Summe;77024;1134;18538;12610;12361;3470;;6015;16759;6136;1832;2128
ST;m;1983 - 1992;Ungültig;883;829;0;0;0;16;;0;27;12;0;12
ST;m;1983 - 1992;CDU;15214;0;12257;893;566;283;;693;293;230;8;132
ST;m;1983 - 1992;SPD;10540;11;944;7485;850;346;;278;479;147;0;74
ST;m;1983 - 1992;DIE LINKE;10164;1;518;852;7835;273;;296;47;342;0;98
ST;m;1983 - 1992;GRÜNE;4428;0;283;1144;811;1897;;73;56;165;0;67
ST;m;1983 - 1992;FDP;6884;0;2282;471;148;158;;3422;277;127;0;11
ST;m;1983 - 1992;AfD;20104;187;1403;933;325;29;;824;14479;1925;1204;652
ST;m;1983 - 1992;Sonstige;8807;106;851;832;1828;468;;430;1103;3189;620;1082
ST;m;1983 - 1992;dar. NPD;1458;0;59;17;0;0;;50;746;585;576;8
ST;m;1983 - 1992;dar. FREIE WÄHLER;981;25;131;113;27;0;;56;29;602;0;527
ST;m;1973 - 1982;Summe;81432;1342;22310;10718;11664;2986;;6243;20544;5626;2347;1906
ST;m;1973 - 1982;Ungültig;918;850;0;0;23;0;;0;0;45;45;0
ST;m;1973 - 1982;CDU;20099;67;16000;1346;792;371;;731;442;349;67;138
ST;m;1973 - 1982;SPD;8572;21;703;6106;739;325;;169;383;126;0;60
ST;m;1973 - 1982;DIE LINKE;9772;19;501;926;7645;217;;111;303;50;0;23
ST;m;1973 - 1982;GRÜNE;3568;0;361;685;703;1596;;49;30;143;0;16
ST;m;1973 - 1982;FDP;8243;80;2577;520;283;163;;4103;247;269;19;121
ST;m;1973 - 1982;AfD;24361;115;1549;697;845;55;;876;18231;1993;1451;441
ST;m;1973 - 1982;Sonstige;5899;190;617;438;633;258;;204;908;2651;765;1107
ST;m;1973 - 1982;dar. NPD;1206;0;11;22;0;0;;0;409;764;742;22
ST;m;1973 - 1982;dar. FREIE WÄHLER;982;29;165;61;0;31;;17;58;620;0;610
ST;m;1958 - 1972;Summe;182871;3029;48718;25899;32726;3959;;12093;47089;9359;3533;4038
ST;m;1958 - 1972;Ungültig;1974;1761;23;128;0;0;;2;24;37;0;0
ST;m;1958 - 1972;CDU;43646;100;36999;1820;1282;575;;1608;752;509;18;456
ST;m;1958 - 1972;SPD;23176;35;1607;17586;2433;254;;387;503;371;50;158
ST;m;1958 - 1972;DIE LINKE;30170;85;1382;2313;24314;310;;339;925;503;45;255
ST;m;1958 - 1972;GRÜNE;5081;6;411;1310;879;2285;;146;46;0;0;0
ST;m;1958 - 1972;FDP;15137;138;4904;819;452;158;;7645;649;371;80;142
ST;m;1958 - 1972;AfD;55277;632;2778;1477;2233;140;;1664;42971;3383;2001;1153
ST;m;1958 - 1972;Sonstige;8408;271;615;446;1134;237;;302;1219;4184;1339;1875
ST;m;1958 - 1972;dar. NPD;2239;28;99;34;49;0;;37;754;1237;1237;0
ST;m;1958 - 1972;dar. FREIE WÄHLER;1786;25;146;0;159;0;;36;205;1215;19;1195
ST;m;1948 - 1957;Summe;114752;1696;32349;18876;25197;1610;;6640;23981;4404;1497;2156
ST;m;1948 - 1957;Ungültig;1496;854;197;128;90;0;;91;62;74;50;23
ST;m;1948 - 1957;CDU;30224;54;26439;951;920;161;;961;488;249;0;207
ST;m;1948 - 1957;SPD;17754;59;1027;14094;1577;275;;250;298;173;0;46
ST;m;1948 - 1957;DIE LINKE;24382;25;861;1813;20457;266;;195;363;401;30;299
ST;m;1948 - 1957;GRÜNE;1954;5;137;386;475;805;;67;72;6;0;0
ST;m;1948 - 1957;FDP;7635;15;2242;440;149;35;;4261;413;80;0;79
ST;m;1948 - 1957;AfD;28229;602;1235;896;1157;33;;791;21874;1642;945;602
ST;m;1948 - 1957;Sonstige;3080;81;211;167;370;36;;24;410;1780;472;900
ST;m;1948 - 1957;dar. NPD;692;0;0;70;0;0;;0;183;439;439;0
ST;m;1948 - 1957;dar. FREIE WÄHLER;800;0;0;19;32;0;;19;71;658;27;631
ST;m;1947 und früher;Summe;126261;2876;41088;28683;27411;1354;;5109;17615;2125;531;924
ST;m;1947 und früher;Ungültig;2545;1757;368;272;28;0;;62;59;0;0;0
ST;m;1947 und früher;CDU;39096;343;35415;1122;1063;27;;795;152;179;25;109
ST;m;1947 und früher;SPD;28117;242;1413;23689;1767;203;;124;426;252;50;109
ST;m;1947 und früher;DIE LINKE;26488;85;733;1887;23099;47;;114;450;72;7;15
ST;m;1947 und früher;GRÜNE;1825;0;239;458;145;840;;138;6;0;0;0
ST;m;1947 und früher;FDP;6451;18;2085;443;106;32;;3510;230;27;0;19
ST;m;1947 und früher;AfD;19876;370;689;745;885;124;;366;16204;494;245;221
ST;m;1947 und früher;Sonstige;1863;61;146;66;318;81;;0;89;1101;203;451
ST;m;1947 und früher;dar. NPD;167;17;0;0;0;0;;0;0;150;150;0
ST;m;1947 und früher;dar. FREIE WÄHLER;395;0;101;0;38;31;;0;4;222;0;222
ST;w;Summe;Summe;652029;12366;231371;111032;123269;23929;;41855;79857;28351;5300;12844
ST;w;Summe;Ungültig;10187;7785;965;569;308;59;;109;230;163;39;62
ST;w;Summe;CDU;223498;1450;185829;11922;8060;3750;;7501;2194;2792;108;1382
ST;w;Summe;SPD;96935;579;8460;72840;7876;2334;;1977;1712;1156;66;392
ST;w;Summe;DIE LINKE;115160;325;7967;8916;90959;2706;;1420;1312;1555;57;651
ST;w;Summe;GRÜNE;27225;59;4434;5178;3865;12032;;693;228;735;56;237
ST;w;Summe;FDP;47986;159;13827;3788;2186;484;;25049;1543;950;42;515
ST;w;Summe;AfD;92061;1234;4944;3693;4203;253;;2929;69042;5763;3134;2132
ST;w;Summe;Sonstige;38978;775;4944;4127;5812;2310;;2176;3597;15237;1798;7475
ST;w;Summe;dar. NPD;3320;27;159;225;28;0;;98;1144;1639;1512;89
ST;w;Summe;dar. FREIE WÄHLER;7881;97;785;969;436;160;;339;269;4827;22;4486
ST;w;1993 - 1999;Summe;30428;646;9034;5678;5653;3568;;2143;2278;1427;179;591
ST;w;1993 - 1999;Ungültig;604;467;50;0;6;0;;40;41;0;0;0
ST;w;1993 - 1999;CDU;7328;46;5662;510;290;410;;355;16;39;0;38
ST;w;1993 - 1999;SPD;4466;0;712;2797;298;380;;225;0;54;0;31
ST;w;1993 - 1999;DIE LINKE;5401;58;288;651;3518;588;;89;31;178;0;55
ST;w;1993 - 1999;GRÜNE;4191;0;846;766;815;1634;;100;0;30;0;0
ST;w;1993 - 1999;FDP;2469;0;722;428;127;18;;989;61;123;0;122
ST;w;1993 - 1999;AfD;2404;0;139;138;83;27;;71;1776;169;121;49
ST;w;1993 - 1999;Sonstige;3565;75;613;388;515;513;;274;353;835;58;297
ST;w;1993 - 1999;dar. NPD;193;0;0;0;11;0;;31;132;20;20;0
ST;w;1993 - 1999;dar. FREIE WÄHLER;403;0;125;65;0;0;;67;0;146;0;146
ST;w;1983 - 1992;Summe;75661;1218;21995;12440;12415;5056;;4692;11617;6228;1489;2188
ST;w;1983 - 1992;Ungültig;1007;852;15;97;0;16;;0;0;28;0;28
ST;w;1983 - 1992;CDU;19958;72;15586;1481;571;669;;889;403;287;0;96
ST;w;1983 - 1992;SPD;10252;64;1360;6641;653;580;;271;314;369;30;126
ST;w;1983 - 1992;DIE LINKE;10780;5;868;975;7858;488;;114;223;248;0;60
ST;w;1983 - 1992;GRÜNE;5171;0;515;1043;782;2588;;131;37;76;24;11
ST;w;1983 - 1992;FDP;5236;0;1734;507;224;46;;2408;192;124;19;57
ST;w;1983 - 1992;AfD;13992;91;877;653;648;27;;515;9647;1534;904;530
ST;w;1983 - 1992;Sonstige;9265;133;1039;1044;1680;643;;363;800;3564;512;1281
ST;w;1983 - 1992;dar. NPD;1006;0;106;45;0;0;;0;351;503;402;63
ST;w;1983 - 1992;dar. FREIE WÄHLER;1086;0;77;147;6;45;;28;71;713;0;612
ST;w;1973 - 1982;Summe;76445;1050;24148;11066;12606;3650;;6476;12093;5355;1088;2680
ST;w;1973 - 1982;Ungültig;792;612;96;11;0;0;;11;35;27;0;0
ST;w;1973 - 1982;CDU;23117;29;18158;1518;950;738;;1023;242;460;57;269
ST;w;1973 - 1982;SPD;9362;63;922;6560;908;312;;184;303;110;0;54
ST;w;1973 - 1982;DIE LINKE;10389;50;783;584;8167;234;;264;133;173;21;56
ST;w;1973 - 1982;GRÜNE;3953;11;745;608;420;1843;;91;37;199;0;35
ST;w;1973 - 1982;FDP;7520;1;1867;524;330;41;;4211;302;244;0;142
ST;w;1973 - 1982;AfD;14214;126;855;532;637;25;;347;10231;1460;656;629
ST;w;1973 - 1982;Sonstige;7098;160;723;728;1195;456;;345;811;2681;354;1494
ST;w;1973 - 1982;dar. NPD;674;0;0;78;0;0;;19;287;290;290;0
ST;w;1973 - 1982;dar. FREIE WÄHLER;1486;0;117;212;75;31;;1;101;949;0;904
ST;w;1958 - 1972;Summe;185017;2739;60465;28993;36105;6730;;13686;27550;8748;1481;4596
ST;w;1958 - 1972;Ungültig;2236;1806;85;83;82;0;;38;69;73;39;34
ST;w;1958 - 1972;CDU;59712;242;47830;3556;2629;1210;;2521;770;954;51;425
ST;w;1958 - 1972;SPD;24165;76;1870;18162;1978;462;;564;716;337;0;74
ST;w;1958 - 1972;DIE LINKE;33509;58;2493;2317;26434;884;;459;408;455;9;235
ST;w;1958 - 1972;GRÜNE;8147;0;1222;1537;1271;3428;;287;94;308;0;146
ST;w;1958 - 1972;FDP;15099;44;4179;1110;716;182;;7958;505;404;23;163
ST;w;1958 - 1972;AfD;31065;257;1583;986;1480;106;;1018;23890;1744;892;755
ST;w;1958 - 1972;Sonstige;11084;256;1202;1241;1515;459;;842;1097;4472;467;2765
ST;w;1958 - 1972;dar. NPD;796;0;14;40;18;0;;48;235;441;414;27
ST;w;1958 - 1972;dar. FREIE WÄHLER;2810;35;211;255;211;47;;201;89;1761;0;1685
ST;w;1948 - 1957;Summe;125320;2091;47572;20210;26506;2631;;7552;15000;3757;783;1399
ST;w;1948 - 1957;Ungültig;1752;1347;214;110;0;0;;19;28;35;0;0
ST;w;1948 - 1957;CDU;46518;173;39480;1990;2117;402;;1531;306;518;0;227
ST;w;1948 - 1957;SPD;17797;9;1564;13832;1524;256;;282;171;158;19;35
ST;w;1948 - 1957;DIE LINKE;25587;40;1712;1871;20853;286;;218;313;293;0;162
ST;w;1948 - 1957;GRÜNE;2947;45;540;575;255;1407;;11;38;77;32;0
ST;w;1948 - 1957;FDP;8758;52;2523;602;399;121;;4647;374;40;0;30
ST;w;1948 - 1957;AfD;17454;414;820;676;827;27;;579;13491;619;449;74
ST;w;1948 - 1957;Sonstige;4507;11;719;553;531;133;;264;279;2017;283;871
ST;w;1948 - 1957;dar. NPD;502;0;38;62;0;0;;0;119;283;283;0
ST;w;1948 - 1957;dar. FREIE WÄHLER;1037;0;111;213;46;0;;28;0;639;0;577
ST;w;1947 und früher;Summe;159159;4622;68157;32644;29983;2294;;7305;11319;2835;280;1391
ST;w;1947 und früher;Ungültig;3797;2703;505;268;220;44;;0;57;0;0;0
ST;w;1947 und früher;CDU;66865;887;59112;2866;1504;322;;1182;457;534;0;326
ST;w;1947 und früher;SPD;30891;366;2032;24847;2515;345;;451;207;128;18;72
ST;w;1947 und früher;DIE LINKE;29494;114;1822;2517;24128;226;;275;204;208;27;83
ST;w;1947 und früher;GRÜNE;2816;4;567;649;323;1133;;74;22;45;0;45
ST;w;1947 und früher;FDP;8904;63;2802;616;388;76;;4836;109;15;0;1
ST;w;1947 und früher;AfD;12933;346;669;707;527;42;;399;10006;237;111;96
ST;w;1947 und früher;Sonstige;3458;140;648;174;377;107;;88;257;1668;124;767
ST;w;1947 und früher;dar. NPD;149;27;0;0;0;0;;0;20;103;103;0
ST;w;1947 und früher;dar. FREIE WÄHLER;1060;62;144;77;98;37;;14;8;620;22;561
TH;Summe;Summe;Summe;1312052;19385;408513;188802;227194;46919;;71579;291466;58194;3193;33707
TH;Summe;Summe;Ungültig;17604;13727;1308;804;435;161;;180;583;404;9;115
TH;Summe;Summe;CDU;372258;1900;318643;14150;10274;5821;;10143;5491;5836;107;3073
TH;Summe;Summe;SPD;171032;756;13489;127758;15077;3894;;2494;4231;3333;133;2100
TH;Summe;Summe;DIE LINKE;218212;695;12343;16902;172770;4631;;1574;4477;4820;34;2022
TH;Summe;Summe;GRÜNE;53340;166;7942;9393;6644;25757;;1150;699;1589;4;545
TH;Summe;Summe;FDP;101129;256;34305;5801;3599;1492;;47474;5514;2686;0;1604
TH;Summe;Summe;AfD;294069;694;13623;7843;6890;707;;4812;253754;5746;762;2948
TH;Summe;Summe;Sonstige;84408;1190;6860;6151;11504;4455;;3752;16716;33780;2144;21299
TH;Summe;Summe;dar. NPD;16622;238;723;861;432;198;;465;10675;3030;1938;632
TH;Summe;Summe;dar. FREIE WÄHLER;21365;91;1954;1108;869;427;;841;1215;14861;20;14210
TH;Summe;1993 - 1999;Summe;59866;839;13794;10199;11099;5056;;4329;10698;3852;165;1770
TH;Summe;1993 - 1999;Ungültig;607;547;2;0;0;0;;0;16;42;0;0
TH;Summe;1993 - 1999;CDU;11561;57;8765;837;495;458;;478;275;195;0;106
TH;Summe;1993 - 1999;SPD;7692;38;1076;4915;716;375;;209;248;116;0;62
TH;Summe;1993 - 1999;DIE LINKE;8563;0;398;750;6351;568;;118;37;342;0;117
TH;Summe;1993 - 1999;GRÜNE;5981;35;477;1419;1026;2521;;109;112;283;4;2
TH;Summe;1993 - 1999;FDP;5979;24;1655;599;274;225;;2556;331;315;0;212
TH;Summe;1993 - 1999;AfD;9963;30;412;571;252;2;;401;8190;106;52;7
TH;Summe;1993 - 1999;Sonstige;9520;108;1010;1108;1986;907;;458;1489;2455;109;1265
TH;Summe;1993 - 1999;dar. NPD;1400;9;87;195;0;0;;55;902;153;109;2
TH;Summe;1993 - 1999;dar. FREIE WÄHLER;924;0;82;46;38;66;;0;79;613;0;579
TH;Summe;1983 - 1992;Summe;156678;1942;39577;22359;24293;8021;;9071;40709;10706;834;5305
TH;Summe;1983 - 1992;Ungültig;1560;1433;32;30;0;30;;0;34;0;0;0
TH;Summe;1983 - 1992;CDU;35056;29;27455;2027;1261;1183;;1294;857;950;0;568
TH;Summe;1983 - 1992;SPD;18831;65;2024;12935;1809;446;;364;737;452;48;270
TH;Summe;1983 - 1992;DIE LINKE;20970;42;1065;1574;15923;987;;182;455;741;0;223
TH;Summe;1983 - 1992;GRÜNE;8427;0;1423;1222;1488;3576;;141;256;321;0;93
TH;Summe;1983 - 1992;FDP;12342;31;4116;1193;399;327;;5310;646;321;0;243
TH;Summe;1983 - 1992;AfD;38951;72;2154;1613;353;210;;758;32814;977;260;410
TH;Summe;1983 - 1992;Sonstige;20541;270;1308;1765;3060;1261;;1023;4910;6944;526;3500
TH;Summe;1983 - 1992;dar. NPD;4736;21;138;270;75;91;;117;3344;679;455;120
TH;Summe;1983 - 1992;dar. FREIE WÄHLER;2889;0;284;253;77;65;;132;190;1890;0;1758
TH;Summe;1973 - 1982;Summe;178384;2122;52314;20099;23363;8241;;11355;50308;10582;679;6024
TH;Summe;1973 - 1982;Ungültig;1505;1387;57;0;0;24;;0;0;38;0;38
TH;Summe;1973 - 1982;CDU;45725;237;37708;1861;1313;1202;;1617;779;1009;24;631
TH;Summe;1973 - 1982;SPD;17523;0;1816;12152;1385;706;;382;591;491;24;258
TH;Summe;1973 - 1982;DIE LINKE;20944;91;1686;1577;15484;706;;193;736;472;0;123
TH;Summe;1973 - 1982;GRÜNE;9167;8;1557;1524;1130;4505;;130;5;307;0;81
TH;Summe;1973 - 1982;FDP;16425;36;5972;908;604;173;;7115;1000;617;0;362
TH;Summe;1973 - 1982;AfD;50970;76;2479;960;1436;61;;1046;43668;1243;148;716
TH;Summe;1973 - 1982;Sonstige;16125;288;1039;1116;2011;865;;872;3530;6405;483;3816
TH;Summe;1973 - 1982;dar. NPD;4133;84;284;180;58;42;;142;2449;892;459;259
TH;Summe;1973 - 1982;dar. FREIE WÄHLER;3281;27;303;206;76;58;;197;173;2242;0;2123
TH;Summe;1958 - 1972;Summe;376659;3530;111043;45224;59502;14903;;22534;101263;18660;1153;11416
TH;Summe;1958 - 1972;Ungültig;3336;2595;77;175;52;26;;34;227;151;9;17
TH;Summe;1958 - 1972;CDU;100686;251;85014;3593;2866;1852;;3269;1953;1888;0;1052
TH;Summe;1958 - 1972;SPD;40847;104;3081;29790;3755;1003;;522;1442;1151;41;731
TH;Summe;1958 - 1972;DIE LINKE;58462;159;3496;4366;45263;1444;;496;1538;1700;2;764
TH;Summe;1958 - 1972;GRÜNE;16222;24;2011;2769;1534;8956;;300;209;419;0;155
TH;Summe;1958 - 1972;FDP;31989;50;10934;1552;882;271;;15633;1892;777;0;404
TH;Summe;1958 - 1972;AfD;101923;98;4348;1837;2113;333;;1504;89496;2194;286;1028
TH;Summe;1958 - 1972;Sonstige;23195;250;2084;1142;3038;1018;;777;4505;10381;815;7265
TH;Summe;1958 - 1972;dar. NPD;4294;87;95;181;176;31;;54;2739;930;703;126
TH;Summe;1958 - 1972;dar. FREIE WÄHLER;8135;35;717;319;428;179;;173;511;5774;20;5551
TH;Summe;1948 - 1957;Summe;252641;3324;80613;37371;51437;6202;;12568;52471;8654;148;5536
TH;Summe;1948 - 1957;Ungültig;3365;2488;178;168;223;28;;31;114;136;0;24
TH;Summe;1948 - 1957;CDU;74147;230;64524;2584;2133;658;;1867;1015;1137;0;478
TH;Summe;1948 - 1957;SPD;35202;135;2515;26896;3085;842;;405;604;720;20;468
TH;Summe;1948 - 1957;DIE LINKE;51093;125;2441;3820;42161;473;;292;930;850;0;459
TH;Summe;1948 - 1957;GRÜNE;7512;45;1183;1269;874;3617;;299;65;159;0;115
TH;Summe;1948 - 1957;FDP;18282;69;6507;780;722;222;;8622;1004;357;0;191
TH;Summe;1948 - 1957;AfD;53694;136;2535;1293;1363;68;;602;47044;653;0;283
TH;Summe;1948 - 1957;Sonstige;9346;96;731;561;876;292;;451;1695;4642;128;3518
TH;Summe;1948 - 1957;dar. NPD;1390;0;34;0;73;14;;95;921;253;128;86
TH;Summe;1948 - 1957;dar. FREIE WÄHLER;3734;0;345;109;112;17;;232;219;2701;0;2583
TH;Summe;1947 und früher;Summe;287824;7628;111172;53550;57499;4497;;11721;36017;5740;214;3655
TH;Summe;1947 und früher;Ungültig;7231;5277;962;432;161;53;;115;192;38;0;36
TH;Summe;1947 und früher;CDU;105084;1096;95178;3248;2206;467;;1619;612;658;82;239
TH;Summe;1947 und früher;SPD;50937;415;2978;41070;4327;522;;613;610;402;0;313
TH;Summe;1947 und früher;DIE LINKE;58181;278;3256;4816;47589;453;;294;781;715;32;337
TH;Summe;1947 und früher;GRÜNE;6031;53;1292;1189;592;2582;;170;52;100;0;99
TH;Summe;1947 und früher;FDP;16112;47;5122;769;719;275;;8238;642;300;0;192
TH;Summe;1947 und früher;AfD;38568;283;1695;1569;1373;32;;501;32542;573;16;504
TH;Summe;1947 und früher;Sonstige;5681;178;688;458;533;113;;171;586;2953;84;1935
TH;Summe;1947 und früher;dar. NPD;669;37;84;34;50;20;;2;320;122;84;39
TH;Summe;1947 und früher;dar. FREIE WÄHLER;2401;29;223;176;139;43;;106;43;1642;0;1615
TH;m;Summe;Summe;639781;8025;173428;88593;111928;18487;;35065;178191;26063;1955;14577
TH;m;Summe;Ungültig;6623;5392;324;272;137;73;;29;243;153;9;32
TH;m;Summe;CDU;153449;729;133061;5094;3549;1561;;4315;2675;2465;65;1464
TH;m;Summe;SPD;81394;322;5520;61729;7166;1716;;1078;2222;1641;68;1054
TH;m;Summe;DIE LINKE;106513;340;4506;7617;86791;1878;;784;2400;2198;32;945
TH;m;Summe;GRÜNE;21142;24;2685;4099;2584;10573;;259;282;637;4;177
TH;m;Summe;FDP;49741;177;16779;2883;1528;629;;24211;2717;816;0;474
TH;m;Summe;AfD;180553;437;7861;4141;4106;401;;2472;157894;3240;541;1488
TH;m;Summe;Sonstige;40367;605;2692;2758;6067;1655;;1917;9758;14914;1237;8942
TH;m;Summe;dar. NPD;9865;181;298;356;157;145;;294;6764;1668;1159;321
TH;m;Summe;dar. FREIE WÄHLER;8607;0;706;330;300;164;;386;674;6047;0;5886
TH;m;1993 - 1999;Summe;30951;351;6280;5732;5846;1824;;2624;6481;1813;112;697
TH;m;1993 - 1999;Ungültig;269;225;2;0;0;0;;0;0;42;0;0
TH;m;1993 - 1999;CDU;4952;49;3694;386;263;133;;256;111;60;0;36
TH;m;1993 - 1999;SPD;4253;0;535;3035;238;162;;141;84;57;0;51
TH;m;1993 - 1999;DIE LINKE;4655;0;184;370;3473;307;;80;23;219;0;55
TH;m;1993 - 1999;GRÜNE;2031;0;126;521;342;838;;31;40;133;4;0
TH;m;1993 - 1999;FDP;3668;0;1060;377;171;126;;1584;239;111;0;75
TH;m;1993 - 1999;AfD;6217;0;217;360;231;2;;136;5195;77;44;4
TH;m;1993 - 1999;Sonstige;4906;77;463;684;1128;255;;396;789;1114;65;476
TH;m;1993 - 1999;dar. NPD;768;9;0;93;0;0;;55;505;107;65;0
TH;m;1993 - 1999;dar. FREIE WÄHLER;319;0;0;0;0;36;;0;58;225;0;221
TH;m;1983 - 1992;Summe;80380;1130;18358;10643;12683;3064;;4899;24314;5289;454;2494
TH;m;1983 - 1992;Ungültig;889;832;24;0;0;0;;0;34;0;0;0
TH;m;1983 - 1992;CDU;15828;0;12654;799;505;310;;672;345;541;0;354
TH;m;1983 - 1992;SPD;8861;32;850;6146;888;218;;216;324;186;24;138
TH;m;1983 - 1992;DIE LINKE;10457;16;475;776;8223;340;;136;186;306;0;100
TH;m;1983 - 1992;GRÜNE;3521;0;452;490;714;1433;;77;166;189;0;63
TH;m;1983 - 1992;FDP;6255;31;1875;729;204;161;;2908;278;68;0;39
TH;m;1983 - 1992;AfD;23789;41;1293;798;255;61;;338;20443;560;113;255
TH;m;1983 - 1992;Sonstige;10781;178;736;905;1894;541;;550;2538;3438;318;1545
TH;m;1983 - 1992;dar. NPD;2464;21;117;126;0;45;;40;1790;324;288;36
TH;m;1983 - 1992;dar. FREIE WÄHLER;1276;0;199;119;20;18;;60;107;753;0;712
TH;m;1973 - 1982;Summe;91912;862;24574;8840;11407;3178;;5897;31788;5367;477;3068
TH;m;1973 - 1982;Ungültig;521;469;27;0;0;24;;0;0;0;0;0
TH;m;1973 - 1982;CDU;20123;108;17106;516;516;335;;706;354;481;24;305
TH;m;1973 - 1982;SPD;8279;0;850;5555;704;258;;197;372;344;24;160
TH;m;1973 - 1982;DIE LINKE;10231;35;676;783;7476;361;;151;483;265;0;86
TH;m;1973 - 1982;GRÜNE;3510;4;618;623;401;1756;;29;0;78;0;0
TH;m;1973 - 1982;FDP;8642;36;3390;306;274;37;;3893;474;233;0;173
TH;m;1973 - 1982;AfD;32095;76;1497;484;905;40;;502;27809;782;124;458
TH;m;1973 - 1982;Sonstige;8511;134;408;574;1131;368;;418;2296;3183;304;1886
TH;m;1973 - 1982;dar. NPD;2564;75;88;61;4;42;;103;1657;533;280;167
TH;m;1973 - 1982;dar. FREIE WÄHLER;1436;0;187;68;32;2;;100;141;906;0;898
TH;m;1958 - 1972;Summe;189542;1547;49066;21634;28516;6024;;11059;63718;7981;691;4932
TH;m;1958 - 1972;Ungültig;1314;1055;45;104;0;0;;29;72;9;9;0
TH;m;1958 - 1972;CDU;43254;129;37143;1253;1046;552;;1282;1183;666;0;418
TH;m;1958 - 1972;SPD;19621;29;1200;14559;1805;453;;191;818;565;0;343
TH;m;1958 - 1972;DIE LINKE;27742;100;1255;1933;22309;527;;180;809;630;0;335
TH;m;1958 - 1972;GRÜNE;7042;20;860;1494;556;3823;;51;54;182;0;76
TH;m;1958 - 1972;FDP;16109;37;5272;877;392;81;;8258;983;209;0;56
TH;m;1958 - 1972;AfD;64018;57;2593;986;1071;233;;749;57034;1296;260;482
TH;m;1958 - 1972;Sonstige;10443;121;697;427;1337;356;;318;2764;4424;423;3222
TH;m;1958 - 1972;dar. NPD;2805;76;34;77;104;29;;10;1983;492;399;64
TH;m;1958 - 1972;dar. FREIE WÄHLER;3512;0;218;85;135;55;;92;220;2708;0;2648
TH;m;1948 - 1957;Summe;123356;1424;34665;17708;25770;2442;;5757;32148;3443;104;2067
TH;m;1948 - 1957;Ungültig;1345;1030;66;60;82;28;;0;11;69;0;0
TH;m;1948 - 1957;CDU;31385;105;27784;1132;592;100;;803;468;402;0;181
TH;m;1948 - 1957;SPD;16731;96;946;12953;1599;420;;116;286;316;20;235
TH;m;1948 - 1957;DIE LINKE;25627;35;833;1939;21698;131;;119;434;438;0;228
TH;m;1948 - 1957;GRÜNE;2995;0;349;580;361;1584;;47;22;52;0;39
TH;m;1948 - 1957;FDP;8342;45;3127;277;165;97;;4153;383;95;0;84
TH;m;1948 - 1957;AfD;33268;88;1462;637;922;34;;328;29448;351;0;116
TH;m;1948 - 1957;Sonstige;3663;26;98;130;352;48;;191;1097;1720;83;1186
TH;m;1948 - 1957;dar. NPD;942;0;0;0;24;9;;86;656;168;83;54
TH;m;1948 - 1957;dar. FREIE WÄHLER;1284;0;59;18;27;10;;105;118;947;0;912
TH;m;1947 und früher;Summe;123639;2711;40485;24038;27704;1955;;4831;19744;2171;117;1318
TH;m;1947 und früher;Ungültig;2284;1782;159;108;56;21;;0;126;32;0;32
TH;m;1947 und früher;CDU;37907;337;34680;1008;628;132;;594;214;314;41;171
TH;m;1947 und früher;SPD;23650;165;1139;19482;1932;205;;217;339;172;0;127
TH;m;1947 und früher;DIE LINKE;27801;155;1083;1816;23612;212;;118;464;340;32;140
TH;m;1947 und früher;GRÜNE;2044;0;279;391;209;1139;;24;0;2;0;0
TH;m;1947 und früher;FDP;6725;29;2055;318;320;128;;3415;360;100;0;47
TH;m;1947 und früher;AfD;21164;176;800;876;723;32;;418;17966;175;0;175
TH;m;1947 und früher;Sonstige;2063;68;291;40;225;87;;43;274;1036;43;626
TH;m;1947 und früher;dar. NPD;322;0;59;0;26;20;;0;174;43;43;0
TH;m;1947 und früher;dar. FREIE WÄHLER;779;0;42;40;86;43;;30;29;509;0;495
TH;w;Summe;Summe;672271;11360;235085;100209;115266;28432;;36514;113275;32131;1238;19130
TH;w;Summe;Ungültig;10981;8336;985;532;298;88;;151;340;252;0;83
TH;w;Summe;CDU;218809;1171;185582;9056;6725;4260;;5828;2816;3371;41;1609
TH;w;Summe;SPD;89638;435;7969;66028;7912;2178;;1416;2009;1692;65;1046
TH;w;Summe;DIE LINKE;111699;354;7837;9286;85979;2754;;790;2076;2622;2;1077
TH;w;Summe;GRÜNE;32198;141;5258;5294;4061;15185;;890;417;952;0;368
TH;w;Summe;FDP;51388;80;17526;2918;2071;863;;23263;2798;1870;0;1130
TH;w;Summe;AfD;113516;258;5761;3702;2784;305;;2340;95861;2506;222;1459
TH;w;Summe;Sonstige;44041;585;4167;3393;5437;2800;;1836;6958;18866;908;12357
TH;w;Summe;dar. NPD;6757;57;425;504;275;52;;171;3911;1362;779;311
TH;w;Summe;dar. FREIE WÄHLER;12758;91;1248;778;569;262;;455;541;8814;20;8324
TH;w;1993 - 1999;Summe;28915;488;7513;4467;5253;3232;;1705;4217;2039;53;1073
TH;w;1993 - 1999;Ungültig;338;322;0;0;0;0;;0;16;0;0;0
TH;w;1993 - 1999;CDU;6609;8;5071;452;232;325;;221;164;135;0;70
TH;w;1993 - 1999;SPD;3439;38;540;1880;478;212;;67;164;59;0;11
TH;w;1993 - 1999;DIE LINKE;3907;0;214;380;2878;261;;38;14;123;0;61
TH;w;1993 - 1999;GRÜNE;3950;35;351;899;683;1683;;79;72;149;0;2
TH;w;1993 - 1999;FDP;2310;24;594;222;102;99;;972;93;204;0;137
TH;w;1993 - 1999;AfD;3746;30;195;211;21;0;;265;2995;29;9;4
TH;w;1993 - 1999;Sonstige;4614;31;547;424;858;651;;62;700;1341;44;789
TH;w;1993 - 1999;dar. NPD;632;0;87;102;0;0;;0;397;46;44;2
TH;w;1993 - 1999;dar. FREIE WÄHLER;605;0;82;46;38;29;;0;21;388;0;358
TH;w;1983 - 1992;Summe;76298;812;21219;11716;11609;4957;;4173;16395;5417;379;2811
TH;w;1983 - 1992;Ungültig;671;602;8;30;0;30;;0;0;0;0;0
TH;w;1983 - 1992;CDU;19228;29;14800;1228;756;873;;621;512;408;0;214
TH;w;1983 - 1992;SPD;9971;32;1174;6789;921;228;;148;413;266;24;131
TH;w;1983 - 1992;DIE LINKE;10513;26;591;798;7700;648;;45;269;436;0;123
TH;w;1983 - 1992;GRÜNE;4907;0;971;732;775;2143;;64;90;132;0;30
TH;w;1983 - 1992;FDP;6088;0;2241;463;194;166;;2402;368;253;0;204
TH;w;1983 - 1992;AfD;15162;31;860;815;98;149;;419;12372;417;147;155
TH;w;1983 - 1992;Sonstige;9760;91;572;860;1165;719;;473;2372;3506;208;1955
TH;w;1983 - 1992;dar. NPD;2272;0;21;144;75;45;;77;1554;355;167;83
TH;w;1983 - 1992;dar. FREIE WÄHLER;1613;0;85;134;56;47;;72;83;1137;0;1046
TH;w;1973 - 1982;Summe;86471;1260;27740;11259;11956;5063;;5458;18520;5215;203;2956
TH;w;1973 - 1982;Ungültig;984;917;30;0;0;0;;0;0;38;0;38
TH;w;1973 - 1982;CDU;25602;128;20601;1345;797;867;;910;425;527;0;326
TH;w;1973 - 1982;SPD;9245;0;966;6598;682;448;;185;220;147;0;98
TH;w;1973 - 1982;DIE LINKE;10713;56;1010;794;8008;345;;41;253;207;0;37
TH;w;1973 - 1982;GRÜNE;5656;4;939;900;729;2749;;101;5;229;0;81
TH;w;1973 - 1982;FDP;7782;0;2582;603;330;136;;3222;526;384;0;189
TH;w;1973 - 1982;AfD;18875;0;982;477;531;22;;544;15859;461;24;258
TH;w;1973 - 1982;Sonstige;7614;154;631;543;880;497;;454;1234;3222;179;1930
TH;w;1973 - 1982;dar. NPD;1569;9;196;119;54;0;;39;793;359;179;92
TH;w;1973 - 1982;dar. FREIE WÄHLER;1844;27;115;137;44;56;;98;31;1335;0;1225
TH;w;1958 - 1972;Summe;187117;1983;61978;23591;30986;8879;;11476;37545;10679;461;6484
TH;w;1958 - 1972;Ungültig;2022;1540;32;70;52;26;;6;155;142;0;17
TH;w;1958 - 1972;CDU;57432;122;47871;2340;1820;1300;;1987;770;1222;0;634
TH;w;1958 - 1972;SPD;21226;75;1880;15231;1950;550;;330;623;586;41;388
TH;w;1958 - 1972;DIE LINKE;30720;59;2241;2433;22954;917;;317;729;1070;2;429
TH;w;1958 - 1972;GRÜNE;9180;4;1150;1276;978;5133;;249;155;236;0;79
TH;w;1958 - 1972;FDP;15881;14;5661;675;489;190;;7375;909;568;0;349
TH;w;1958 - 1972;AfD;37905;41;1756;851;1042;100;;754;32463;898;26;547
TH;w;1958 - 1972;Sonstige;12751;129;1387;715;1701;662;;458;1741;5957;392;4043
TH;w;1958 - 1972;dar. NPD;1488;11;61;105;72;2;;44;756;438;305;62
TH;w;1958 - 1972;dar. FREIE WÄHLER;4623;35;499;233;293;124;;82;292;3066;20;2903
TH;w;1948 - 1957;Summe;129284;1900;45948;19663;25667;3760;;6812;20324;5211;44;3469
TH;w;1948 - 1957;Ungültig;2020;1459;112;107;141;0;;31;104;66;0;24
TH;w;1948 - 1957;CDU;42762;124;36740;1452;1541;559;;1064;547;734;0;298
TH;w;1948 - 1957;SPD;18471;39;1569;13943;1486;422;;289;318;405;0;233
TH;w;1948 - 1957;DIE LINKE;25465;90;1608;1881;20463;342;;173;496;412;0;231
TH;w;1948 - 1957;GRÜNE;4517;45;833;688;513;2034;;252;43;108;0;77
TH;w;1948 - 1957;FDP;9941;24;3379;504;556;125;;4470;621;262;0;108
TH;w;1948 - 1957;AfD;20425;48;1073;655;442;34;;274;17597;302;0;167
TH;w;1948 - 1957;Sonstige;5683;70;633;432;524;244;;260;599;2922;44;2332
TH;w;1948 - 1957;dar. NPD;447;0;34;0;49;5;;9;265;85;44;32
TH;w;1948 - 1957;dar. FREIE WÄHLER;2450;0;286;91;85;7;;126;101;1754;0;1672
TH;w;1947 und früher;Summe;164185;4917;70687;29512;29796;2542;;6890;16273;3568;97;2337
TH;w;1947 und früher;Ungültig;4946;3496;803;324;105;32;;115;65;6;0;4
TH;w;1947 und früher;CDU;67177;759;60498;2240;1578;336;;1025;398;344;41;68
TH;w;1947 und früher;SPD;27287;251;1839;21588;2395;317;;396;271;230;0;186
TH;w;1947 und früher;DIE LINKE;30380;123;2173;3000;23977;241;;175;316;374;0;197
TH;w;1947 und früher;GRÜNE;3987;53;1013;798;383;1443;;146;52;99;0;99
TH;w;1947 und früher;FDP;9386;18;3067;451;399;147;;4823;282;200;0;145
TH;w;1947 und früher;AfD;17404;107;896;693;650;0;;83;14576;399;16;330
TH;w;1947 und früher;Sonstige;3618;110;397;419;308;26;;128;312;1917;40;1309
TH;w;1947 und früher;dar. NPD;347;37;26;34;24;0;;2;146;79;40;39
TH;w;1947 und früher;dar. FREIE WÄHLER;1623;29;181;137;53;0;;77;13;1133;0;1120
