(c) Die Bundeswahlleiterin, Wiesbaden 2025;;;;;;;;;;;;;;;;;;;;;;;;;;;;;;;;;;;;;;;;;;;;;;;;;;;;;;;;;;;;;;;;;;;;;;;;;;;;;;;;;;;;;;;;;;;;;;;;;;;;;;;;;;;;;;;;;;;;;;;;;;;;;;;;;;;;;;;;;;
Datenlizenz Deutschland – Namensnennung – Version 2.0 (https://www.govdata.de/dl-de/by-2-0);;;;;;;;;;;;;;;;;;;;;;;;;;;;;;;;;;;;;;;;;;;;;;;;;;;;;;;;;;;;;;;;;;;;;;;;;;;;;;;;;;;;;;;;;;;;;;;;;;;;;;;;;;;;;;;;;;;;;;;;;;;;;;;;;;;;;;;;;;
;;;;;;;;;;;;;;;;;;;;;;;;;;;;;;;;;;;;;;;;;;;;;;;;;;;;;;;;;;;;;;;;;;;;;;;;;;;;;;;;;;;;;;;;;;;;;;;;;;;;;;;;;;;;;;;;;;;;;;;;;;;;;;;;;;;;;;;;;;
Bundestagswahl 2025;;;;;;;;;;;;;;;;;;;;;;;;;;;;;;;;;;;;;;;;;;;;;;;;;;;;;;;;;;;;;;;;;;;;;;;;;;;;;;;;;;;;;;;;;;;;;;;;;;;;;;;;;;;;;;;;;;;;;;;;;;;;;;;;;;;;;;;;;;
Amtliches Endergebnis;;;;;;;;;;;;;;;;;;;;;;;;;;;;;;;;;;;;;;;;;;;;;;;;;;;;;;;;;;;;;;;;;;;;;;;;;;;;;;;;;;;;;;;;;;;;;;;;;;;;;;;;;;;;;;;;;;;;;;;;;;;;;;;;;;;;;;;;;;
Nr;Gebiet;gehört zu;Wahlberechtigte;;;;Wählende;;;;Ungültige Stimmen;;;;Gültige Stimmen;;;;Sozialdemokratische Partei Deutschlands;;;;Christlich Demokratische Union Deutschlands;;;;BÜNDNIS 90/DIE GRÜNEN;;;;Freie Demokratische Partei;;;;Alternative für Deutschland;;;;Christlich-Soziale Union in Bayern e.V.;;;;Die Linke;;;;FREIE WÄHLER;;;;PARTEI MENSCH UMWELT TIERSCHUTZ;;;;Basisdemokratische Partei Deutschland;;;;Partei für Arbeit, Rechtsstaat, Tierschutz, Elitenförderung und basisdemokratische Initiative;;;;Die Gerechtigkeitspartei – Team Todenhöfer;;;;Piratenpartei Deutschland;;;;Volt Deutschland;;;;Ökologisch-Demokratische Partei - Die Naturschutzpartei;;;;Südschleswigscher Wählerverband;;;;Partei für Verjüngungsforschung;;;;Partei der Humanisten - Fakten, Freiheit, Fortschritt;;;;Bündnis C - Christen für Deutschland;;;;Bayernpartei;;;;Marxistisch-Leninistische Partei Deutschlands;;;;Menschliche Welt - für das Wohl und Glücklichsein aller;;;;Partei des Fortschritts;;;;Sozialistische Gleichheitspartei, Vierte Internationale;;;;Bürgerrechtsbewegung Solidarität;;;;BÜNDNIS DEUTSCHLAND;;;;Bündnis Sahra Wagenknecht - Vernunft und Gerechtigkeit;;;;MERA25 - Gemeinsam für Europäische Unabhängigkeit;;;;WerteUnion;;;;Übrige;;;
;;;Erststimmen;;Zweitstimmen;;Erststimmen;;Zweitstimmen;;Erststimmen;;Zweitstimmen;;Erststimmen;;Zweitstimmen;;Erststimmen;;Zweitstimmen;;Erststimmen;;Zweitstimmen;;Erststimmen;;Zweitstimmen;;Erststimmen;;Zweitstimmen;;Erststimmen;;Zweitstimmen;;Erststimmen;;Zweitstimmen;;Erststimmen;;Zweitstimmen;;Erststimmen;;Zweitstimmen;;Erststimmen;;Zweitstimmen;;Erststimmen;;Zweitstimmen;;Erststimmen;;Zweitstimmen;;Erststimmen;;Zweitstimmen;;Erststimmen;;Zweitstimmen;;Erststimmen;;Zweitstimmen;;Erststimmen;;Zweitstimmen;;Erststimmen;;Zweitstimmen;;Erststimmen;;Zweitstimmen;;Erststimmen;;Zweitstimmen;;Erststimmen;;Zweitstimmen;;Erststimmen;;Zweitstimmen;;Erststimmen;;Zweitstimmen;;Erststimmen;;Zweitstimmen;;Erststimmen;;Zweitstimmen;;Erststimmen;;Zweitstimmen;;Erststimmen;;Zweitstimmen;;Erststimmen;;Zweitstimmen;;Erststimmen;;Zweitstimmen;;Erststimmen;;Zweitstimmen;;Erststimmen;;Zweitstimmen;;Erststimmen;;Zweitstimmen;
;;;Endgültig;Vorperiode;Endgültig;Vorperiode;Endgültig;Vorperiode;Endgültig;Vorperiode;Endgültig;Vorperiode;Endgültig;Vorperiode;Endgültig;Vorperiode;Endgültig;Vorperiode;Endgültig;Vorperiode;Endgültig;Vorperiode;Endgültig;Vorperiode;Endgültig;Vorperiode;Endgültig;Vorperiode;Endgültig;Vorperiode;Endgültig;Vorperiode;Endgültig;Vorperiode;Endgültig;Vorperiode;Endgültig;Vorperiode;Endgültig;Vorperiode;Endgültig;Vorperiode;Endgültig;Vorperiode;Endgültig;Vorperiode;Endgültig;Vorperiode;Endgültig;Vorperiode;Endgültig;Vorperiode;Endgültig;Vorperiode;Endgültig;Vorperiode;Endgültig;Vorperiode;Endgültig;Vorperiode;Endgültig;Vorperiode;Endgültig;Vorperiode;Endgültig;Vorperiode;Endgültig;Vorperiode;Endgültig;Vorperiode;Endgültig;Vorperiode;Endgültig;Vorperiode;Endgültig;Vorperiode;Endgültig;Vorperiode;Endgültig;Vorperiode;Endgültig;Vorperiode;Endgültig;Vorperiode;Endgültig;Vorperiode;Endgültig;Vorperiode;Endgültig;Vorperiode;Endgültig;Vorperiode;Endgültig;Vorperiode;Endgültig;Vorperiode;Endgültig;Vorperiode;Endgültig;Vorperiode;Endgültig;Vorperiode;Endgültig;Vorperiode;Endgültig;Vorperiode;Endgültig;Vorperiode;Endgültig;Vorperiode;Endgültig;Vorperiode;Endgültig;Vorperiode;Endgültig;Vorperiode;Endgültig;Vorperiode;Endgültig;Vorperiode;Endgültig;Vorperiode;Endgültig;Vorperiode;Endgültig;Vorperiode;Endgültig;Vorperiode;Endgültig;Vorperiode;Endgültig;Vorperiode;Endgültig;Vorperiode;Endgültig;Vorperiode;Endgültig;Vorperiode
1;Flensburg – Schleswig;901;232131;231536;232131;231536;192882;180112;192882;180112;1097;1537;988;1487;191785;178575;191894;178625;28376;38927;30558;45508;50838;41721;47686;36421;43298;50231;30595;33300;4487;12299;7067;19189;28827;9768;29272;10317;;;;;10375;6544;15912;7475;1547;2324;1137;1715;;;;1990;;3357;;2866;;;1212;1844;;;;318;;;;;1452;;1449;403;;;;132;21468;13020;20575;16415;;;;;;;;157;;;;;;;;;;;53;12;;;;;;;;;;;;;;;;;646;;328;;;;6050;;;;;;;;;;471;384;;563
2;Nordfriesland – Dithmarschen Nord;901;186019;188267;186019;188267;153755;145387;153755;145387;1038;1337;840;1242;152717;144050;152915;144145;31169;40026;26639;37926;49866;43745;45302;35511;16628;20611;18764;22588;5750;13958;7618;18350;24474;8274;24564;8798;;;;;7920;4060;9442;4437;1484;1510;1099;1081;;;;1604;;2254;;1836;;;1067;1322;;;;239;;;;;1172;;1023;237;;;;121;14254;9410;12264;9516;;;;;;;;130;;;;;;;;;;;48;26;;;;;;;;;;;;;;;;;;;178;;;;4907;;;;;;;;;;;202;;423
3;Steinburg – Dithmarschen Süd;901;175948;176899;175948;176899;146393;136299;146393;136299;1146;1319;801;1190;145247;134980;145592;135109;30702;39379;25602;37468;50887;39431;42561;32842;14449;16686;16071;19237;5625;19315;7435;18492;29674;10429;29653;11303;;;;;8665;4339;9656;4524;3111;2566;1542;1713;;;;1719;;2040;;1712;;;1213;1346;;;;283;;;;;2134;;1229;226;;;;105;;;4992;3366;;;;;;;;118;;;;;;;;;;;45;25;;;;;;;;;;;;;;;;;;;236;;;;5357;;;;;;;;;;;795;;630
4;Rendsburg-Eckernförde;901;202649;202226;202649;202226;172504;162060;172504;162060;1137;1410;858;1105;171367;160650;171646;160955;36266;49474;30418;43148;56163;47688;50231;38517;20473;23832;25226;28828;8170;12903;7956;19322;26417;10200;27498;10564;;;;;8675;4416;10890;5163;1367;1651;992;1174;;;;1728;;2502;;2375;;2150;1161;1618;;;;244;;;;;1327;;974;253;;;;122;11075;5834;10497;7304;;;;;;;;136;;;;;;;;;;;42;33;;;;;;;;;;;;;;;;;632;;298;;;;5463;;;;;;;;;;802;0;;426
5;Kiel;901;201508;202482;201508;202482;167176;155986;167176;155986;980;1170;867;918;166196;154816;166309;155068;36690;45709;32088;40338;34944;28416;32842;23920;43281;43532;38148;44089;4828;11445;6567;16110;17811;7147;17884;7654;;;;;15953;7275;22781;9430;777;1144;575;954;;;;1676;;2009;;1924;2021;2944;1457;2185;;;;747;;;;;2526;666;1927;556;;;;116;7365;4141;6343;4486;;;;;;;;299;;;;;;;;;;76;61;39;;;;;;;;;;;;;;;;;;;185;;;;5451;;;;;;;;;;;312;;545
6;Plön – Neumünster;901;173740;174908;173740;174908;143576;133721;143576;133721;1863;1759;921;1194;141713;131962;142655;132527;33977;41497;27342;38670;46370;36870;40815;30290;18852;20740;19957;23051;4693;12420;6150;15901;25249;9404;25683;9741;;;;;7623;3718;9657;4232;3022;2386;1160;1275;;;;1446;;2508;;2007;;2196;992;1300;;;;415;;;;;1927;;1117;230;;;;94;;;4523;3203;;;;;;;;111;;;;;;;;;;;40;23;;;;;;;;;;;;;;;;;;;177;;;;5042;;;;;;;;;;;223;;538
7;Pinneberg;901;236767;238388;236767;238388;200304;191512;200304;191512;1202;1443;985;1242;199102;190069;199319;190270;49714;59298;40326;55693;63232;49710;57531;42057;25395;32109;28967;34291;7675;20737;10087;25663;30417;12141;31098;13080;;;;;12683;5659;15091;6363;2190;2380;1313;1731;;;;2320;;2895;;2389;;2352;1360;1805;;;;799;;;;;2423;;2016;457;;;;202;4617;2622;3976;2527;;;;;;;;182;;;;;;;;;;;47;21;;;;;;;;;;;;;;;;;756;;385;;;;7122;;;;;;;;;;;166;;690
8;Segeberg – Stormarn-Mitte;901;249219;249202;249219;249202;211551;199618;211551;199618;1504;1700;1042;1353;210047;197918;210509;198265;51437;63369;40174;56658;67880;55265;61180;44285;24800;27109;28808;33361;9417;20575;10974;27675;36071;14040;36208;14527;;;;;12636;6202;14888;6468;3261;4670;1722;2297;;;;2663;;3389;;2839;;3299;1692;2226;;;;586;;;;;3352;;2166;509;;;;194;;;4409;3108;;;;;;;;186;;;;;;;;;;;51;30;;;;;;;;;;;;;;;;;1193;;465;;;;7772;;;;;;;;;;;0;;653
9;Ostholstein – Stormarn-Nord;901;181112;183138;181112;183138;150786;143092;150786;143092;1114;1301;791;1126;149672;141791;149995;141966;38070;47714;29511;42520;52024;42991;46722;35564;15636;19025;19093;22314;5423;13289;7656;17986;25929;9647;26495;10073;;;;;8232;4122;8935;4036;2636;2582;1355;1603;;;;1729;;2032;;1691;;;1064;1104;;;;182;;;;;1722;;1091;289;;;;102;;;3167;2241;;;;;;;;88;;;;;;;;;;;42;13;;;;;;;;;;;;;;;;;;;222;;;;4642;;;;;;;;;;;389;;431
10;Herzogtum Lauenburg – Stormarn-Süd;901;245473;246277;245473;246277;208042;196903;208042;196903;1411;1576;1041;1316;206631;195327;207001;195587;48275;60593;39862;56422;67642;51872;61517;45364;29009;33949;28850;32475;7445;20550;11090;27725;35418;14053;35556;14682;;;;;12161;5168;14255;6325;3784;3517;1774;2204;;;;2283;;2544;;2237;;2956;1364;1791;;;;829;;;;;2897;;1975;447;;;;217;;;2728;1746;;;;;;;;160;;;;;;;;;;;57;29;;;;;;;;;;;;;;;;;;;309;;;;7664;;;;;;;;;;;125;;651
11;Lübeck;901;178245;179394;178245;179394;142999;131455;142999;131455;1247;1580;829;1218;141752;129875;142170;130237;39809;44315;30026;39704;33695;28266;32037;23628;27477;27809;25444;29229;4028;9700;5547;13626;21972;8538;22254;8827;;;;;10175;4020;14921;5785;1960;1788;1006;1296;;;;1495;;1594;;1531;;2193;1147;1329;;;;663;;;;;2350;765;1529;550;;;;134;;;2664;1666;;;;;;;;196;;;;;;;;;286;189;90;71;;;;;;;;;;;;;;;;;;;198;;;;5307;;;;;;;;;;;698;;507
901;Schleswig-Holstein;999;2262811;2272717;2262811;2272717;1889968;1776145;1889968;1776145;13739;16132;9963;13391;1876229;1760013;1880005;1762754;424485;530301;352546;494055;573541;465975;518424;388399;279298;315633;279923;322763;67541;167191;88147;220039;302259;113641;306165;119566;;;;;115098;55523;146428;64238;25139;26518;13675;17043;;;;20653;;27124;;23407;2021;18090;13729;17870;;;;5305;;;;;23282;1431;16496;4157;;;;1539;58779;35027;76138;55578;;;;;;;;1763;;;;;;;;;286;265;576;322;;;;;;;;;;;;;;;;;3227;;2981;;;;64777;;;;;;;;;;1273;3294;;6057
;;;;;;;;;;;;;;;;;;;;;;;;;;;;;;;;;;;;;;;;;;;;;;;;;;;;;;;;;;;;;;;;;;;;;;;;;;;;;;;;;;;;;;;;;;;;;;;;;;;;;;;;;;;;;;;;;;;;;;;;;;;;;;;;;;;;;;;;;;
12;Schwerin – Ludwigslust-Parchim I – Nordwestmecklenburg I;913;212978;214853;212978;214853;171841;156565;171841;156565;2083;2957;1417;2402;169758;153608;170424;154163;34100;45189;24693;49271;35455;31754;32209;26383;5532;12061;9495;12419;4870;11769;5613;13242;60865;25393;54975;24185;;;;;21570;17906;19560;16604;4753;3552;1977;2476;;;2310;2645;;2417;;2207;;1910;;1252;;;;399;;1414;;1023;;;1050;381;;;;151;;;;;;;;;;;;175;;;;;;;;;661;243;183;117;;;;;;;;;;;;;;;;;1952;;706;;;;17653;;;;;;;;;;;0;;1233
13;Ludwigslust-Parchim II – Nordwestmecklenburg II – Landkreis Rostock I;913;202532;205042;202532;205042;162855;146362;162855;146362;1624;2316;1131;2258;161231;144046;161724;144104;34657;50736;23010;46846;32832;26208;29804;24621;5748;8163;7744;10147;4422;10322;4921;11638;59419;24760;56238;24673;;;;;18099;14949;17342;14979;6054;3531;1880;2384;;;2233;2562;;2796;;2610;;;;1019;;;;332;;;;624;;;997;254;;;;195;;;;;;;;;;;;157;;;;;;;;;;;95;65;;;;;;;;;;;;;;;;;;;385;;;;17075;;;;;;;;;;;2581;;998
14;Rostock – Landkreis Rostock II;913;221164;222705;221164;222705;179109;165329;179109;165329;1541;2319;1089;2352;177568;163010;178020;162977;30034;43932;25368;47280;34403;27672;29910;23103;9400;16556;15929;20941;5037;12242;6057;14852;47597;19882;45612;20658;;;;;45518;29715;30743;21491;3431;2131;1502;1871;;4476;2784;3935;;4744;;3488;;;;2036;;;;408;;1304;;854;;;1702;501;;;;274;;;;;;;;;;;;290;;;;;;;;;623;356;240;152;;;;;;;;;;;;;;;;;1525;;549;;;;17624;;;;;;;;;;;0;;843
15;Vorpommern-Rügen – Vorpommern-Greifswald I;913;237125;241066;237125;241066;186435;168922;186435;168922;1771;2769;1350;3143;184664;166153;185085;165779;26885;40429;19150;41583;39237;33903;32674;30910;9066;12199;11467;14654;4814;11005;6205;13776;68848;33025;65651;31303;;;;;24633;22767;23214;18857;4982;1835;2130;1975;6199;5083;3844;5169;;2805;;2904;;1782;;1576;;;;392;;1094;;797;;;1372;354;;;;201;;;;;;;;;;;;295;;;;;;;;;;226;134;123;;;;;;;;;;;;;;;;;;;471;;;;18773;;;;;;;;;;;0;;910
16;Mecklenburgische Seenplatte I – Vorpommern-Greifswald II;913;215874;221421;215874;221421;168212;154240;168212;154240;2136;3572;1382;3202;166076;150668;166830;151038;22871;37392;16305;40339;33049;31182;28879;28684;3782;6112;4721;6616;5883;11165;5251;11438;75078;36597;71488;35102;;;;;18009;16202;15823;15370;4768;2468;1695;2183;;4765;2511;3803;;3257;;2822;;;;1033;;;;348;;;;518;;;645;204;;;;123;;;;;;;;;;;;220;;;;;;;;;;;94;89;;;;;;;;;;;;;;;;;;;410;;;;19008;;;;;;;;;;2636;1528;;2146
17;Mecklenburgische Seenplatte II – Landkreis Rostock III;913;205056;209348;205056;209348;160586;143622;160586;143622;2160;3021;1427;2824;158426;140601;159159;140798;31000;43730;18161;42049;30810;29950;28480;26402;3370;7573;5363;7179;4313;9825;4631;10609;65039;30320;63397;29421;;;;;16949;14494;16377;14434;3583;4264;1630;2455;;;1974;2468;;;;2305;;;;984;;;;267;;;;443;;;584;210;;;;245;;;;;;;;;;;;140;;;;;;;;;;445;96;163;;;;;;;;;;;;;;;;;3362;;727;;;;17739;;;;;;;;;;;0;;1024
913;Mecklenburg-Vorpommern;999;1294729;1314435;1294729;1314435;1029038;935040;1029038;935040;11315;16954;7796;16181;1017723;918086;1021242;918859;179547;261408;126687;267368;205786;180669;181956;160103;36898;62664;54719;71956;29339;66328;32678;75555;376846;169977;357361;165342;;;;;144778;116033;123059;101735;27571;17781;10814;13344;6199;14324;15656;20582;;16019;;16336;;3692;;7900;;;;2146;;3812;;4259;;;6350;1904;;;;1189;;;;;;;;;;;;1277;;;;;;;;;1284;1270;842;709;;;;;;;;;;;;;;;;;6839;;3248;;;;107872;;;;;;;;;;2636;4109;;7154
;;;;;;;;;;;;;;;;;;;;;;;;;;;;;;;;;;;;;;;;;;;;;;;;;;;;;;;;;;;;;;;;;;;;;;;;;;;;;;;;;;;;;;;;;;;;;;;;;;;;;;;;;;;;;;;;;;;;;;;;;;;;;;;;;;;;;;;;;;
18;Hamburg-Mitte;902;243955;242078;243955;242078;189443;179637;189443;179637;1649;1439;1087;1082;187794;178198;188356;178555;51554;59229;41788;51170;31834;23231;29570;19982;40350;46326;38160;49791;6541;14424;7756;18723;19903;8664;19821;9100;;;;;31019;16195;35781;15593;1468;1340;655;974;;;1839;2486;;2940;;2396;;4251;1066;2494;;;;2019;;;;905;4689;;3020;1137;;704;;370;;;;;;;;;;;;275;;;;;;;;;436;194;128;70;;;;;;;;;;;;;;;;;;;243;;;;8529;;;;;;;;;;;700;;1070
19;Hamburg-Altona;902;188984;187705;188984;187705;158855;152720;158855;152720;1211;837;669;625;157644;151883;158186;152095;36941;43427;32518;38865;33415;25441;30874;22478;43372;45063;37470;46162;5283;12380;7381;16543;11911;5191;11602;5036;;;;;25285;14716;28476;13667;1029;756;362;524;;;1135;1405;;2619;;2237;;;603;1593;;;;1054;;1351;;571;;;2263;886;;571;;246;;;;;;;;;;;;129;;;;;;;;;408;209;102;84;;;;;;;;;;;;;;;;;;;155;;;;5245;;;;;;;;;;;159;;615
20;Hamburg-Eimsbüttel;902;194730;193823;194730;193823;165712;160970;165712;160970;1120;931;649;605;164592;160039;165063;160365;42765;47375;36923;44911;34521;27462;33383;23843;45674;47734;39401;47983;6578;12957;8103;18190;12752;5450;12524;5662;;;;;20739;11351;23968;10847;1563;998;476;761;;;1322;1682;;2400;;1895;;2334;630;1358;;;;850;;;;500;;1391;2705;906;;450;;235;;;;;;;;;;;;149;;;;;;;;;;137;66;47;;;;;;;;;;;;;;;;;;;167;;;;5395;;;;;;;;;;;0;;546
21;Hamburg-Nord;902;222169;219909;222169;219909;190250;185457;190250;185457;1133;1234;678;766;189117;184223;189572;184691;50363;56594;42706;51575;53108;43870;49442;34387;42875;47375;39946;46531;7028;15786;11096;26247;15271;6259;15780;6811;;;;;14921;9095;19320;8741;1376;1540;589;939;;;1502;1893;;3258;;2535;;;624;1443;;;;875;;;;606;4175;;2635;948;;;;292;;;;;;;;;;;;182;;;;;;;;;;174;47;48;;;;;;;;;;;;;;;;;;;179;;;;5706;;;;;;;;;;;272;;638
22;Hamburg-Wandsbek;902;230501;233483;230501;233483;179963;174014;179963;174014;1678;1678;998;1193;178285;172336;178965;172821;57629;66616;44511;59298;43981;33085;39959;29103;23211;26599;25967;32134;5707;15755;7341;19225;25894;11490;25279;11290;;;;;18956;10629;20522;8852;2458;;930;1084;;;2163;2561;;3054;;2481;;;827;1615;;;;1871;;2068;;1048;;1834;2649;812;;880;;427;;;;;;;;;;;;235;;;;;;;;;449;117;80;49;;;;;;;;;;;;;;;;;;;253;;;;8484;;;;;;;;;;;209;;736
23;Hamburg-Bergedorf – Harburg;902;218950;221794;218950;221794;166582;158246;166582;158246;1716;1601;1104;1229;164866;156645;165478;157017;53073;61590;39294;52523;35208;26483;33707;25427;19139;24231;20769;27931;4162;13301;5438;15674;28983;12774;28602;12638;;;;;19075;10521;23048;9878;1820;2109;854;1319;;;1774;2298;;2988;;2417;;;768;1644;;;;2283;;;;747;3057;1251;2277;740;;1061;;446;;;;;;;;;;;;233;;;;;;;;;349;131;105;50;;;;;;;;;;;;;;;;;;;282;;;;8560;;;;;;;;;;;205;;769
902;Hamburg;999;1299289;1298792;1299289;1298792;1050805;1011044;1050805;1011044;8507;7720;5185;5500;1042298;1003324;1045620;1005544;292325;334831;237740;298342;232067;179572;216935;155220;214621;237328;201713;250532;35299;84603;47115;114602;114714;49828;113608;50537;;;;;129995;72507;151115;67578;9714;6743;3866;5601;;;9735;12325;;17259;;13961;;6585;4518;10147;;;;8952;;3419;;4377;11921;4476;15549;5429;;3666;;2016;;;;;;;;;;;;1203;;;;;;;;;1642;962;528;348;;;;;;;;;;;;;;;;;;;1279;;;;41919;;;;;;;;;;;1545;;4374
;;;;;;;;;;;;;;;;;;;;;;;;;;;;;;;;;;;;;;;;;;;;;;;;;;;;;;;;;;;;;;;;;;;;;;;;;;;;;;;;;;;;;;;;;;;;;;;;;;;;;;;;;;;;;;;;;;;;;;;;;;;;;;;;;;;;;;;;;;
24;Aurich – Emden;903;189800;191846;189800;191846;155699;137847;155699;137847;1275;2286;1016;1653;154424;135561;154683;136194;63557;71596;44278;59038;34070;24019;36007;24066;7790;12652;12748;17668;3581;11798;5052;12113;31160;;32547;11173;;;;;8939;4861;11652;4671;;4205;1317;1769;4303;4162;2502;2220;;2156;384;1027;;;641;1130;;;;149;;;248;430;;;594;198;;;;82;;;;;;;;;;;70;86;;;;;;;;;;;34;18;;;;;;;;;;;;;;;;;;;161;;;;6448;;;;;;;;;;1024;112;;356
25;Unterems;903;237527;238506;237527;238506;198273;175826;198273;175826;1429;2079;1050;1550;196844;173747;197223;174276;44288;49440;42893;59229;79775;77143;64643;52067;13738;16434;14267;18576;4981;10763;7717;17671;40010;13584;41176;14248;;;;;10839;4358;12955;4650;3213;;1433;856;;;2075;2044;;1866;540;1619;;;863;1649;;;;211;;;271;534;;;677;334;;;;58;;;;;;;;;;;102;103;;;;;;;;;;;27;18;;;;;;;;;;;;;;;;;;;228;;;;7356;;;;;;;;;;;159;;409
26;Friesland – Wilhelmshaven – Wittmund;903;185864;189047;185864;189047;150806;134164;150806;134164;1157;1188;888;1234;149649;132976;149918;132930;52918;60392;38213;50448;40095;29286;39620;28535;8630;13504;12573;17020;3974;9502;5962;13874;29533;10227;30283;10951;;;;;8246;3460;10897;4122;2535;2611;1233;1512;;;2283;2201;1189;1275;550;1155;1508;2651;827;1539;;;;298;;;235;419;1021;;756;266;;;;62;;;;;;;;;;;114;115;;;;;;;;;;68;51;50;;;;;;;;;;;;;;;;;;;199;;;;6122;;;;;;;;;;;0;;363
27;Oldenburg – Ammerland;903;229344;228705;229344;228705;193988;173725;193988;173725;1273;1397;801;1175;192715;172328;193187;172550;66280;65757;46023;55231;46172;34294;46076;32100;28728;35119;31857;40919;5996;12859;8555;17674;25046;8572;24922;8903;;;;;15672;10183;21700;8344;2071;1416;945;1041;;;2028;2009;;1907;337;1729;;;966;1481;;;;428;;1524;269;795;2750;;1722;1006;;471;;247;;;;;;;;;;;173;176;;;;;;;;;;89;55;29;;;;;;;;;;;;;;;;;;;200;;;;7359;;;;;;;;;;;137;;438
28;Delmenhorst – Wesermarsch – Oldenburg-Land;903;225017;226827;225017;226827;185056;163753;185056;163753;1512;1781;966;1595;183544;161972;184090;162158;48627;59377;43836;55621;53762;40410;48103;36649;18021;21202;18435;23973;10208;17278;9048;18571;35331;11999;35955;12987;;;;;12645;4931;13615;5046;3925;2165;1917;1555;;;2396;2310;;1905;403;1698;;2600;862;1545;;;;590;;;289;598;;;1062;347;;;;87;;;;;;;;;;;130;134;;;;;;;;;;;30;23;;;;;;;;;;;;;;;;;1025;;354;;;;7655;;;;;;;;;;;105;;424
29;Cuxhaven – Stade II;903;187074;188602;187074;188602;155165;140739;155165;140739;1133;1067;776;1023;154032;139672;154389;139716;46915;51417;37040;48858;50395;42085;45963;36586;11029;15389;13656;17553;4167;9622;5824;14052;30471;10227;30931;11000;;;;;7968;2694;9281;3672;3087;2102;1232;1535;;2954;2095;2405;;1416;530;1418;;1766;635;1145;;;;231;;;226;433;;;967;225;;;;87;;;;;;;;;;;65;90;;;;;;;;;;;24;16;;;;;;;;;;;;;;;;;;;190;;;;5730;;;;;;;;;;;0;;410
30;Stade I – Rotenburg II;903;197893;198576;197893;198576;167138;151821;167138;151821;1218;1188;765;935;165920;150633;166373;150886;42400;47763;36580;48301;60307;52069;51058;39969;16205;19923;18204;22091;4665;12019;6693;16720;29891;10735;30502;11002;;;;;10351;4340;11789;4301;;;1111;1620;;;1765;1881;;2029;444;1485;;;823;1388;;;;373;;1755;288;691;2101;;1250;378;;;;118;;;;;;;;;;;113;119;;;;;;;;;;;28;17;;;;;;;;;;;;;;;;;;;212;;;;5513;;;;;;;;;;;0;;432
31;Mittelems;903;233785;233253;233785;233253;199529;180543;199529;180543;1215;1330;919;1104;198314;179213;198610;179439;48325;52309;42166;55461;86995;72523;78007;60733;14462;22562;17256;22515;6904;17466;8921;21101;27995;8993;28484;9235;;;;;10169;3996;12611;3969;2832;;1271;723;;;1618;1592;;1364;330;1070;;;764;1521;;;;291;;;219;423;;;731;243;;;;97;;;;;;;;;;;103;132;;;;;;;;;;;28;17;;;;;;;;;;;;;;;;;632;;287;;;;5814;;;;;;;;;;;0;;316
32;Cloppenburg – Vechta;903;225099;223948;225099;223948;187176;164507;187176;164507;1199;1321;1000;1155;185977;163186;186176;163352;32516;33825;29053;40212;85241;80134;73616;62837;11281;17366;13277;18093;6135;14397;8432;19747;38364;12674;38354;12772;;;;;9485;3542;11518;3549;2955;;1704;792;;;1533;1579;;1248;366;1088;;;638;1093;;;;268;;;256;474;;;851;323;;;;80;;;;;;;;;;;104;104;;;;;;;;;;;22;12;;;;;;;;;;;;;;;;;;;231;;;;6221;;;;;;;;;;;0;;329
33;Diepholz – Nienburg I;903;194011;194371;194011;194371;162094;146954;162094;146954;1119;1460;754;982;160975;145494;161340;145972;44317;46455;36829;48196;56921;49116;49088;36915;13005;19702;16558;21139;5318;13671;7375;17628;27351;9683;28344;10372;;;;;9614;4029;10981;3920;4449;;1947;1322;;;1807;1774;;2111;415;1722;;;695;1294;;;;395;;;234;465;;;809;228;;;;113;;;;;;;;;;;93;118;;;;;;;;;;;29;21;;;;;;;;;;;;;;;;;;;212;;;;5924;;;;;;;;;;;727;;350
34;Osterholz – Verden;903;196082;197490;196082;197490;166168;151308;166168;151308;1079;1927;748;1089;165089;149381;165420;150219;40965;48574;38015;49430;59337;50274;46328;36183;18452;21933;20452;24183;4952;13764;6943;15653;28057;;29183;11329;;;;;11072;6375;12057;5253;;4578;953;1494;;;2007;1986;;3883;438;1661;;;701;1134;;;;440;;;248;443;2254;;1177;343;;;;105;;;;;;;;;;;114;131;;;;;;;;;;;36;34;;;;;;;;;;;;;;;;;;;237;;;;6531;;;;;;;;;;;0;;417
35;Rotenburg I – Heidekreis;903;168109;168927;168109;168927;139371;125100;139371;125100;1113;934;772;896;138258;124166;138599;124204;58183;59131;34350;43196;37774;32720;38939;31119;7411;10035;12794;16857;3260;7354;5118;12526;26671;9182;27470;9945;;;;;;3010;9774;3536;2923;2734;1335;1433;;;1693;1754;;;295;1192;;;591;1057;;;;180;;;202;444;2036;;996;341;;;;107;;;;;;;;;;;88;94;;;;;;;;;;;20;14;;;;;;;;;;;;;;;;;;;169;;;;4765;;;;;;;;;;;0;;409
36;Harburg;903;202671;201740;202671;201740;175135;161635;175135;161635;1180;1122;706;893;173955;160513;174429;160742;45738;49773;35733;46765;57718;46711;53030;39850;18423;24120;22501;26777;6047;14395;8478;20426;28905;11007;29323;11671;;;;;10310;4230;12298;4682;3142;3515;1599;2404;;3561;1992;2360;;2850;491;2452;;;704;1193;;;;433;;;261;568;2625;;1461;347;;;;141;;;;;;;;;;;105;130;;;;;;;;;;;31;23;;;;;;;;;;;;;;;;;;;204;;;;6218;;;;;;;;;;1047;351;;520
37;Lüchow-Dannenberg – Lüneburg;903;182679;182673;182679;182673;155019;139183;155019;139183;943;1546;676;1077;154076;137637;154343;138106;42910;38784;32389;41262;40563;34287;37140;29032;25297;34606;25647;30585;3894;9513;5632;13241;23895;8603;25059;9145;;;;;10937;5378;15998;6328;3710;1561;1878;1161;;;1766;1681;1532;2542;566;2399;;2187;802;1489;;;;189;;;258;453;1338;;977;368;;;;147;;;;;;;;;;;88;119;;;;;;;;;;;35;25;;;;;;;;;;;;;;;;;;;146;;;;5962;;;;;;;;;;;176;;482
38;Osnabrück-Land;903;199476;199960;199476;199960;167747;151837;167747;151837;1137;1251;841;1379;166610;150586;166906;150458;40394;44709;37108;48352;60952;54535;53512;42864;16758;22011;16444;22160;4914;13006;7190;16653;29985;9418;30209;10069;;;;;9516;3596;10900;3870;2850;1262;1483;824;;;1508;1397;;2049;481;1760;;;631;1090;;;;300;;;246;403;1241;;703;207;;;;88;;;;;;;;;;;99;89;;;;;;;;;;;35;12;;;;;;;;;;;;;;;;;;;200;;;;6157;;;;;;;;;;;0;;320
39;Stadt Osnabrück;903;192267;195467;192267;195467;161535;149541;161535;149541;1016;1335;666;1031;160519;148206;160869;148510;45259;44876;39355;44919;47727;43316;42264;34462;21954;34140;25671;34546;4178;10090;6650;14627;18266;6695;18542;6903;;;;;18862;6977;17803;6224;1843;;847;543;;;1325;1284;;1918;425;1482;;;693;1341;;;;598;;;223;437;1962;;1259;543;;;;125;;;;;;;;;;;108;153;;;;;;;;;;;51;11;;;;;;;;;;;;;;;;;;;141;;;;5512;;;;;;;;;;468;194;;312
40;Nienburg II – Schaumburg;903;191029;193863;191029;193863;157513;142895;157513;142895;1089;1248;821;1103;156424;141647;156692;141792;49658;50017;38093;49553;44793;43817;42911;33968;11725;18094;15550;19968;4384;8804;5936;14213;31470;11695;32252;12434;;;;;8669;3070;10235;3842;2635;1746;1583;1335;;2800;1985;2078;;1382;317;1457;1651;;763;1211;;;;352;;;248;552;1015;;724;250;;;;72;;;;;;;;;;;131;108;;;;;;;;;;;30;16;;;;;;;;;;;;;;;;;;;189;;;;5745;;;;;;;;;;424;222;;383
41;Stadt Hannover I;903;175419;176770;175419;176770;143749;128894;143749;128894;1066;1217;796;1308;142683;127677;142953;127586;48667;44538;33839;39511;32819;27303;30596;23410;22397;27851;25753;30360;3994;9550;6177;13282;18719;7549;18413;7677;;;;;12047;4662;17020;5768;1081;847;526;691;;1528;1417;1400;;1265;249;1192;;1586;659;1161;;;;1073;727;746;326;681;1908;;1202;674;;138;;103;;;;;;;;;;;125;180;;;;;;;;;324;114;82;55;;;;;;;;;;;;;;;;;;;147;;;;6422;;;;;;;;;;;0;;368
42;Stadt Hannover II;903;189782;190336;189782;190336;159053;143712;159053;143712;987;1184;782;1262;158066;142528;158271;142450;57217;46929;34908;40116;28168;26196;29688;22537;30166;37779;33650;41976;3769;9538;6136;13288;16190;6476;16411;6753;;;;;18042;7390;26103;8831;863;875;529;698;;1937;1446;1479;;1568;220;1440;1382;2428;859;1705;;;;1070;491;979;345;769;1529;;1460;931;;;;122;;;;;;;;;;287;140;199;;;;;;;;;249;146;82;70;;;;;;;;;;;;;;;;;;;149;;;;6145;;;;;;;;;;;0;;466
43;Hannover-Land I;903;227327;231250;227327;231250;192232;174581;192232;174581;1262;1464;981;1879;190970;173117;191251;172702;52313;58297;43419;55464;66485;55185;56899;44529;18120;22490;21751;26219;5102;12557;8731;19550;33139;12942;33246;13295;;;;;10431;3981;13212;4504;2523;;1277;1077;;3080;2331;2637;;1727;418;1564;;1662;722;1355;;;;802;;988;301;692;1846;;988;328;;;;113;;;;;;;;;;;117;141;;;;;;;;;;;50;36;;;;;;;;;;;;;;;;;1011;;339;;;;7450;;;;;;;;;;;208;;396
44;Celle – Uelzen;903;212447;214482;212447;214482;174872;158022;174872;158022;1221;1388;908;1192;173651;156634;173964;156830;40066;50635;36325;48332;61127;51504;51640;40993;16099;18773;17790;21882;5920;13412;7504;17990;34968;14498;35378;14423;;;;;10278;4357;12193;4680;3442;3399;1691;1578;;;2263;2169;;;497;1592;;;803;1454;;;;225;;;282;566;1751;;965;266;;;;128;;;;;;;;;;;101;99;;;;;;;;;;;28;16;;;;;;;;;;;;;;;;;;;189;;;;6315;;;;;;;;;;;56;;437
45;Gifhorn – Peine;903;216950;219966;216950;219966;183851;166592;183851;166592;1205;1568;919;1762;182646;165024;182932;164830;61983;72113;43665;58846;50990;40279;50234;37839;11761;15762;17421;21960;4716;10738;6809;16238;38897;15346;38992;16048;;;;;9066;3619;11876;4147;2664;2084;1404;1627;;2820;2327;2256;;2016;543;1942;;;804;1429;;;;582;;;280;642;1656;;1047;415;;;;184;;;;;;;;;;;139;133;;;;;;;;;;;42;28;;;;;;;;;;;;;;;;;913;;363;;;;6986;;;;;;;;;;;247;;514
46;Hameln-Pyrmont – Holzminden;903;179071;184471;179071;184471;145350;132893;145350;132893;1213;1345;888;1284;144137;131548;144462;131609;47556;56893;35552;48438;41181;33575;39012;29809;10314;13259;13596;17274;4628;9102;5683;13624;30078;11208;30612;11590;;;;;7757;3676;9618;3734;2623;1979;1059;1122;;;1826;1845;;1856;400;1546;;;562;963;;;;416;;;218;463;;;615;211;;;;72;;;;;;;;;;;87;113;;;;;;;;;;;27;10;;;;;;;;;;;;;;;;;;;158;;;;5437;;;;;;;;;;;0;;379
47;Hannover-Land II;903;234055;238323;234055;238323;197778;181202;197778;181202;1282;1654;1064;2110;196496;179548;196714;179092;62406;73088;47504;62024;59010;45721;53988;40612;17552;22283;24000;29201;4926;11883;7843;18320;33774;13377;34337;13850;;;;;10888;4095;14606;4994;2208;1978;1383;1672;3346;2618;2427;2535;;1635;415;1650;;1701;771;1432;;;;752;933;1119;447;867;1453;;1030;421;;;;113;;;;;;;;;;;158;158;;;;;;;;;;;49;35;;;;;;;;;;;;;;;;;;;205;;;;7551;;;;;;;;;;;50;;456
48;Hildesheim;903;211156;215131;211156;215131;176681;161685;176681;161685;1304;1676;919;1907;175377;160009;175762;159778;53926;61857;42610;55439;51421;41230;47276;36504;16511;22973;20303;26565;4369;11507;6534;15397;31963;11387;31742;12161;;;;;12021;5481;14749;5308;2120;1420;991;1054;;;2245;2030;;2153;399;1628;;;810;1432;;;;416;;1506;259;793;1416;;898;309;;264;;143;;;;;;;;;;;100;99;;;;;;;;;;;33;32;;;;;;;;;;;;;;;;;;;233;;;;6580;;;;;;;;;;1630;231;;468
49;Salzgitter – Wolfenbüttel;903;195221;200922;195221;200922;159593;147218;159593;147218;1311;1794;992;1496;158282;145424;158601;145722;48410;56157;38651;53411;44809;39541;42084;33453;10911;15353;13825;18105;3934;9544;5618;13463;33787;14331;33838;14415;;;;;11137;5675;12355;4478;2294;1651;1131;1317;;;2025;2156;1405;1599;538;1362;;;731;1274;;;;743;;1220;268;598;1595;;814;260;;;;86;;;;;;;;;;;105;94;;;;;;;;;;;31;23;;;;;;;;;;;;;;;;;;;179;;;;6408;;;;;;;;;;;353;;484
50;Braunschweig;903;186358;187721;186358;187721;155402;140807;155402;140807;1130;1254;832;1513;154272;139553;154570;139294;51553;51220;34994;42377;38158;31276;34958;25929;21984;28214;27788;33401;4462;9816;6151;14046;20472;8045;20624;8238;;;;;12660;5352;17978;6355;1671;1194;799;844;;;1661;1567;;1640;375;1444;;;871;1652;;;;675;;;286;785;2447;;1729;1012;;352;;180;;;;;;;;;;;145;189;;;;;;;;;250;101;87;52;;;;;;;;;;;;;;;;;;;158;;;;5966;;;;;;;;;;615;2343;;548
51;Helmstedt – Wolfsburg;903;176276;180147;176276;180147;144199;130671;144199;130671;1262;1623;842;1467;142937;129048;143357;129204;40859;54349;33303;45414;44217;34367;39740;31827;9909;11305;12224;15481;4621;9766;5424;13073;31590;12339;31215;12241;;;;;8826;3575;9600;3496;;2113;749;1128;;;1951;1749;;;442;1520;;;694;1192;;;;381;;;290;529;1892;;938;362;;486;;204;;;;;;;;;;;98;118;;;;;;;;;219;;57;26;;;;;;;;;;;;;;;;;;;185;;;;6447;;;;;;;;;;804;748;;463
52;Goslar – Northeim – Göttingen II;903;191421;197519;191421;197519;155587;143611;155587;143611;1419;1544;970;1296;154168;142067;154617;142315;46875;52129;38453;53876;46699;47196;43210;33614;11922;14954;13464;17118;4000;8827;6116;14239;30494;11240;30930;11819;;;;;9187;3835;10716;4251;2556;2031;1170;1228;;;1945;1840;;1797;358;1505;;;720;1184;;;;325;;;246;439;1684;;884;249;;;;84;;;;;;;;;;;100;118;;;;;;;;;;;24;23;;;;;;;;;;;;;;;;;751;;246;;;;6035;;;;;;;;;;;58;;403
53;Göttingen I;903;210202;214542;210202;214542;175553;161876;175553;161876;1348;2399;918;1571;174205;159477;174635;160305;44623;51385;38346;51180;50736;42958;44788;34588;26771;37060;27390;32448;6321;15261;6911;15638;24753;;25266;9785;;;;;15935;8057;19429;8132;2217;;1131;1259;;;1865;1713;;3428;300;1570;;;755;1625;;;;379;;;260;569;2557;;1202;512;;;;136;;;;;;;;;;;127;164;;;;;;;;;292;232;84;46;;;;;;;;;;;;;;;;;;;179;;;;6602;;;;;;;;;;;1096;;561
903;Niedersachsen;999;6043412;6105381;6043412;6105381;5041312;4563142;5041312;4563142;36097;44570;25976;39921;5005215;4518572;5015336;4523221;1469704;1603785;1153523;1498500;1558417;1323070;1410418;1093579;487326;646848;576845;726613;148320;347802;205163;474638;881225;292032;894540;336434;;;;;321569;142785;405519;148657;68432;47466;37628;37214;7649;25460;58107;57931;4126;52585;12466;46369;4541;16581;22360;40158;;;;13565;2151;9837;8029;16955;40077;;30488;11897;;1711;;3484;;;;;;;;;;287;3342;3806;;;;;;;;;1334;750;1242;808;;;;;;;;;;;;;;;;;4332;;6290;;;;189376;;;;;;;;;;6012;7573;;12613
;;;;;;;;;;;;;;;;;;;;;;;;;;;;;;;;;;;;;;;;;;;;;;;;;;;;;;;;;;;;;;;;;;;;;;;;;;;;;;;;;;;;;;;;;;;;;;;;;;;;;;;;;;;;;;;;;;;;;;;;;;;;;;;;;;;;;;;;;;
54;Bremen I;904;239863;245384;239863;245384;194761;186308;194761;186308;1634;1337;980;1071;193127;184971;193781;185237;48663;55934;42457;53425;46309;39440;41189;32375;36571;39721;35812;44414;5594;13929;7420;18396;22752;9099;22793;9835;;;;;25810;15306;30832;15739;;1853;588;1473;;2440;;2145;;2237;;2008;2227;2835;1341;1977;;;;1455;;;;;3400;1182;2203;843;;322;;212;;;;;;;147;;;526;;325;;;;;;;;;282;147;82;84;;;305;181;;;;;;;;;;;;;800;;444;;;;8007;;;;161;;;;;;719;0;;350
55;Bremen II – Bremerhaven;904;210701;214365;210701;214365;155605;144123;155605;144123;1652;2037;1130;1320;153953;142086;154475;142803;46604;52498;38147;49799;32364;28552;30384;24124;16716;20769;18468;24013;4070;8469;4875;12085;29886;12466;29703;12740;;;;;18598;10617;20629;9613;1758;1799;1030;1438;;;;2372;;1770;;1453;;2629;1241;1932;;;;1559;;908;;;2336;;1633;479;;391;;195;;;;;;;156;;;490;;264;;;;;;;;;454;119;125;76;;;389;205;;;;;;;;;;;;;1167;;489;;;;7107;;;;99;;;;;;;609;;456
904;Bremen;999;450564;459749;450564;459749;350366;330431;350366;330431;3286;3374;2110;2391;347080;327057;348256;328040;95267;108432;80604;103224;78673;67992;71573;56499;53287;60490;54280;68427;9664;22398;12295;30481;52638;21565;52496;22575;;;;;44408;25923;51461;25352;1758;3652;1618;2911;;2440;;4517;;4007;;3461;2227;5464;2582;3909;;;;3014;;908;;;5736;1182;3836;1322;;713;;407;;;;;;;303;;;1016;;589;;;;;;;;;736;266;207;160;;;694;386;;;;;;;;;;;;;1967;;933;;;;15114;;;;260;;;;;;719;609;;806
;;;;;;;;;;;;;;;;;;;;;;;;;;;;;;;;;;;;;;;;;;;;;;;;;;;;;;;;;;;;;;;;;;;;;;;;;;;;;;;;;;;;;;;;;;;;;;;;;;;;;;;;;;;;;;;;;;;;;;;;;;;;;;;;;;;;;;;;;;
56;Prignitz – Ostprignitz-Ruppin – Havelland I;912;169648;172726;169648;172726;133142;122512;133142;122512;1418;1675;1032;1504;131724;120837;132110;121008;29296;39853;21026;41163;25868;23433;22935;19414;4033;5623;5789;7677;2847;7355;3356;9070;51213;23799;48294;23221;;;;;13871;10845;12913;9754;4596;4549;1915;3060;;;;2557;;1771;;1580;;2180;914;1373;;;;151;;636;;479;;;519;194;;;;111;;;;;;;;;;;;112;;;;;;;;;;;74;86;;;;;;;;;;;;;;;;;;;292;;;;14083;;;;;;;;;;;793;;1006
57;Uckermark – Barnim I;912;180128;182836;180128;182836;142115;130965;142115;130965;1532;1815;1025;1719;140583;129150;141090;129246;27211;38247;19510;40543;25664;22991;22698;19818;5459;7528;6831;9095;3322;10964;3745;10422;53912;26163;50766;25748;;;;;17198;12316;15479;11617;5177;3811;2207;3131;;;;2830;;2090;;1911;2640;2071;1302;1517;;;;241;;786;;516;;;696;196;;412;;233;;;;;;;;;;;;131;;;;;;;;;;;83;60;;;;;;;;;;;;;;;;;;;274;;;;17499;;;;;;;;;;;1771;;1237
58;Oberhavel – Havelland II;912;251733;249331;251733;249331;211139;195208;211139;195208;1823;2470;1296;2120;209316;192738;209843;193088;41825;50697;32268;55193;52000;39996;45593;33377;13889;19026;17620;20663;6039;17322;7579;19802;64557;30863;61546;30793;;;;;19832;15501;19602;12665;6805;8282;2968;5142;;;;6154;;3502;;2732;4369;4330;2316;2360;;;;472;;2267;;1076;;;1444;504;;952;;373;;;;;;;;;;;;244;;;;;;;;;;;138;77;;;;;;;;;;;;;;;;;;;406;;;;18363;;;;;;;;;;;0;;1461
59;Märkisch-Oderland – Barnim II;912;231598;230391;231598;230391;193015;177065;193015;177065;1890;2856;1186;2567;191125;174209;191829;174498;35789;43117;25136;48712;34599;40804;32399;26254;7625;11742;11133;13954;4692;12270;5551;14939;69020;31929;64891;31820;;;;;25447;21700;21637;18004;6648;;3330;6101;;;;5360;;3750;;2865;3047;4425;1842;2393;;;;378;;;;695;2066;;1466;500;;737;;345;;;;;;;;;;;;232;;;;;;;;;;;136;78;;;;;;;;;;;;;;;;;2192;;673;;;;23635;;;;;;;;;;;3735;;1868
60;Brandenburg an der Havel – Potsdam-Mittelmark I – Havelland III – Teltow-Fläming I;912;201899;202955;201899;202955;161157;147618;161157;147618;1806;2239;1250;2039;159351;145379;159907;145579;41062;46642;27517;48423;30938;29236;29339;22274;5956;9474;9602;12211;3717;9266;4627;11934;53611;23931;50225;23845;;;;;17349;12672;17229;12019;4803;5521;2319;3853;;;;3599;;2305;;2173;;2525;1224;1716;;;;290;;840;;626;1915;;1122;419;;401;;270;;;;;;;;;;;;184;;;;;;;;;;;102;82;;;;;;;;;;;;;;;;;;;351;;;;16250;;;;;;;;;;;2566;;1661
61;Potsdam – Potsdam-Mittelmark II – Teltow-Fläming II;912;234264;232797;234264;232797;200726;190547;200726;190547;1615;1702;1090;1662;199111;188845;199636;188885;43332;64271;34038;50965;40956;26050;38291;26287;31629;35452;29116;35865;7959;16872;8600;20210;37796;17302;36922;18658;;;;;27522;14701;29407;19110;3905;3439;1852;3115;;;;4562;;3019;;2977;;3367;1605;2795;;;;469;;;;705;3404;1004;2403;1022;;804;;575;;;;;;;;;;458;;368;;;;;;;;;;;123;79;;;;;;;;;;;;;;;;;1372;;621;;;;16658;;;;;;;;;;1236;2106;;1123
62;Dahme-Spreewald – Teltow-Fläming III;912;241186;239844;241186;239844;200748;184949;200748;184949;1957;2784;1398;2573;198791;182165;199350;182376;35055;47696;29308;51505;47405;36318;39081;29844;10248;13197;12431;15707;4967;14395;6970;18103;66815;31811;63993;32493;;;;;22422;16617;20400;14218;5510;7725;2852;5627;;6492;;5874;;2816;;2645;3126;;1902;1987;;;;594;;1266;;879;2151;;1413;494;;434;;317;;;;;;;;;;;;242;;;;;;;;;;;135;95;;;;;;;;;;;;;;;;;;;467;;;;20398;;;;;;;;;;1092;3398;;1752
63;Frankfurt (Oder) – Oder-Spree;912;187968;191387;187968;191387;149773;142414;149773;142414;1569;1973;1092;1824;148204;140441;148681;140590;30831;39350;20169;41414;27858;22876;24741;19890;4463;8865;7068;9992;3528;9975;4677;12439;56620;30182;52665;28338;;;;;16788;15690;15772;13436;5726;5115;2154;3749;;;;3608;;2915;;2420;;3343;1321;1989;;;;306;;;;495;;;827;373;;751;;347;;;;;;;;;;;;158;;;;;;;;;;304;151;156;;;;;;;;;;;;;;;;;;;403;;;;18733;;;;;;;;;;2390;1075;;1480
64;Cottbus – Spree-Neiße;912;165945;171267;165945;171267;132378;128323;132378;128323;1468;1960;972;1768;130910;126363;131406;126555;30552;34882;18349;36098;22712;21072;20932;17502;;4662;5275;6939;3558;11400;4249;13603;54980;32530;51313;30729;;;;;12818;11156;12144;9670;2882;3375;1615;2818;;;;2516;;2779;;2212;2257;2943;1235;1593;;;;276;;;;392;1151;;742;347;;;;123;;;;;;;;;;;;128;;;;;;;;;;;92;69;;;;;;;;;;;;;;;;;;;326;;;;15134;;;;;;;;;;;1564;;1540
65;Elbe-Elster – Oberspreewald-Lausitz;912;169170;175310;169170;175310;134488;129863;134488;129863;1410;2232;1002;2045;133078;127631;133486;127818;22087;32998;16689;36557;24331;20892;22039;19231;2704;4436;3733;5369;3822;11275;4113;11904;57194;31468;54660;31767;;;;;15935;11430;11641;9269;7005;5212;2757;3913;;243;;2763;;1819;;1547;;2245;1045;1476;;;;176;;53;;477;;;738;244;;8;;141;;;;;;;;;;;;93;;;;;;;;;;;85;60;;;;;;;;;;;;;;;;;;;334;;;;15652;;;;;;;;;;;5552;;2831
912;Brandenburg;999;2033539;2048844;2033539;2048844;1658681;1549464;1658681;1549464;16488;21706;11343;19821;1642193;1527758;1647338;1529643;337040;437753;244010;450573;332331;283668;298048;233891;86006;120005;108598;137472;44451;121094;53467;142426;565718;279978;535275;277412;;;;;189182;142628;176224;129762;53057;47029;23969;40509;;6735;;39823;;26766;;23062;15439;27429;14706;19199;;;;3353;;5848;;6340;10687;1004;11370;4293;;4499;;2835;;;;;;;;;;458;;1892;;;;;;;;;;304;1119;842;;;;;;;;;;;;;;;;;3564;;4147;;;;176405;;;;;;;;;;4718;22560;;15959
;;;;;;;;;;;;;;;;;;;;;;;;;;;;;;;;;;;;;;;;;;;;;;;;;;;;;;;;;;;;;;;;;;;;;;;;;;;;;;;;;;;;;;;;;;;;;;;;;;;;;;;;;;;;;;;;;;;;;;;;;;;;;;;;;;;;;;;;;;
66;Altmark – Jerichower Land;915;227996;234872;227996;234872;178476;159806;178476;159806;2270;1943;1310;1705;176206;157863;177166;158101;28276;43047;20660;43232;38820;36724;34164;33916;4852;6803;5917;8476;6047;12748;5369;13876;69054;30498;66175;30225;;;;;22147;15676;18648;14807;7010;6728;2844;4151;;791;;1824;;2904;;2764;;;1294;1133;;;;;;;;456;;;909;233;;;;80;;;;;;;;;;;;146;;;;;;;;;;;142;112;;;;;;;;;;;;;;;;;;;459;;;;20585;;;;;;;;;;;1944;;2670
67;Börde – Salzlandkreis;915;217023;223295;217023;223295;170433;149905;170433;149905;2228;1935;1471;1694;168205;147970;168962;148211;22895;34994;17573;37489;37609;36089;32353;32560;3745;5625;4462;6516;4608;12252;4942;14017;72651;32738;70160;32075;;;;;17753;16675;15342;13615;4738;3971;2199;2714;;1178;;1938;;2176;;2020;;;1148;1038;;;;;;;;429;;;809;189;;;;84;;;;;;;;;;;;152;;;;;;;;;;;118;108;;;;;;;;;;;;;;;;;2365;;796;;;;19060;;;;;;;;;;1841;2272;;3267
68;Harz;915;200219;207942;200219;207942;154033;138572;154033;138572;2012;1728;1211;1522;152021;136844;152822;137050;21243;34812;17598;37330;35708;37884;29904;30508;4958;6320;5858;7495;3405;10064;4178;12532;59302;24947;56490;24790;;;;;18076;14413;15487;12700;4379;4972;2179;2840;;;;1736;;3160;;2621;2332;;1528;934;;;;;;;;435;;;721;178;;;;78;;;;;;;;;;;;129;;;;;;;;;;;98;91;;;;;;;;;;;;;;;;;2618;;821;;;;17960;;;;;;;;;;;272;;2653
69;Magdeburg;915;222983;229198;222983;229198;174468;156789;174468;156789;2420;1497;1241;1405;172048;155292;173227;155384;29617;39233;21865;41022;39726;34177;32205;28700;10305;14381;12271;16352;4647;12139;5231;14673;55457;23398;52629;23446;;;;;25560;15137;23224;16449;3984;2430;1793;2060;;;;1464;;2247;;2021;;2081;1769;1737;;;;;;;;654;;;1901;578;;302;;192;;;;;;;;;;;;282;;;;;;;;;843;221;240;173;;;;;;;;;;;;;;;;;1909;;639;;;;19460;;;;;;;;;;;9546;;5581
70;Anhalt – Dessau – Wittenberg;915;227853;236539;227853;236539;176302;158740;176302;158740;1984;1974;1280;1742;174318;156766;175022;156998;18255;31881;18383;40710;51474;48366;37580;35648;8426;9203;6829;8410;3715;10937;5113;14285;67245;32723;65551;31264;;;;;17745;14580;16654;13730;7458;5195;3270;3608;;;;1905;;2696;;2246;;;1296;1152;;;;;;;;553;;;861;202;;;;64;;;;;;;;;;;;146;;;;;;;;;;;128;122;;;;;;;;;;;;;;;;;;;406;;;;18951;;;;;;;;;;;1185;;2953
71;Halle;915;224552;229809;224552;229809;173599;162935;173599;162935;2109;1726;1321;1552;171490;161209;172278;161383;30798;45274;20794;37952;38174;33934;31132;29727;9366;12989;15182;20459;5045;13021;6059;16508;52546;25956;49347;25077;;;;;27804;20708;26440;18275;2866;4015;1616;2795;;;;2048;;2449;;2199;2806;2335;1753;1689;;;;;;;;713;;;1660;385;;;;200;;;;;;;;;;;;295;;;;;;;;;496;399;192;205;;;;;;;;;;;;;;;;;1589;;557;;;;17546;;;;;;;;;;;129;;2856
72;Burgenland – Saalekreis;915;203597;210378;203597;210378;157343;142699;157343;142699;1753;1785;1126;1456;155590;140914;156217;141243;15653;31258;14170;32444;37721;36495;29391;29898;3752;4945;4584;5885;4612;13161;5128;14415;69074;36270;66137;34824;;;;;17034;14027;13524;12098;6315;502;2381;1891;;;;1764;;4256;;3035;;;1262;1135;;;;;;;;453;;;1010;195;;;;92;;;;;;;;;;;;144;;;;;;;;;;;109;118;;;;;;;;;;;;;;;;;;;418;;;;18103;;;;;;;;;;1429;0;;2852
73;Mansfeld;915;210496;217742;210496;217742;163183;145315;163183;145315;2517;1995;1528;1745;160666;143320;161655;143570;17214;32698;15492;34906;34087;35694;29809;31329;3195;4060;3974;5108;5524;11762;5231;13718;70305;35535;69621;33791;;;;;19699;16360;14488;13656;5613;4339;2167;2450;;;;1804;;2666;;2307;;;988;945;;;;;;;;374;;;613;137;;;;56;;;;;;;;;;;;121;;;;;;;;;;;105;113;;;;;;;;;;;;;;;;;;;421;;;;18746;;;;;;;;;;5029;206;;2755
915;Sachsen-Anhalt;999;1734719;1789775;1734719;1789775;1347837;1214761;1347837;1214761;17293;14583;10488;12821;1330544;1200178;1337349;1201940;183951;293197;146535;305085;313319;299363;256538;252286;48599;64326;59077;78701;37603;96084;41251;114024;515634;242065;496110;235492;;;;;165818;127576;143807;115330;42363;32152;18449;22509;;1969;;14483;;22554;;19213;5138;4416;11038;9763;;;;;;;;4067;;;8484;2097;;302;;846;;;;;;;;;;;;1415;;;;;;;;;1339;620;1132;1042;;;;;;;;;;;;;;;;;8481;;4517;;;;150411;;;;;;;;;;8299;15554;;25587
;;;;;;;;;;;;;;;;;;;;;;;;;;;;;;;;;;;;;;;;;;;;;;;;;;;;;;;;;;;;;;;;;;;;;;;;;;;;;;;;;;;;;;;;;;;;;;;;;;;;;;;;;;;;;;;;;;;;;;;;;;;;;;;;;;;;;;;;;;
74;Berlin-Mitte;911;207445;207010;207445;207010;161865;140655;161865;140655;1043;2061;879;1856;160822;138594;160986;138799;26816;30611;24189;28881;22933;19216;21678;16526;40672;42443;34920;42486;4586;8448;6422;11040;13706;7632;14291;7810;;;;;38521;19764;43614;19610;471;;297;746;1808;2700;1558;2473;;1809;;;1485;2785;973;2271;749;;526;2746;;809;;579;;1290;1786;1216;;199;;203;;;;;;;;209;;396;;333;;;;;;;;;131;193;85;88;;;;;;;218;;73;;55;42;;;23;36;201;;168;;8012;;9794;;658;;389;;;;;;;299;;1504
75;Berlin-Pankow;911;235392;233069;235392;233069;199072;135593;199072;135593;2259;1459;932;1251;196813;134134;198140;134342;26106;21387;26046;20245;31918;23439;28628;22455;50854;35919;38819;34836;5407;4069;6555;4932;33179;19023;31087;19426;;;;;45010;19048;43180;19157;2357;1132;762;1087;;4125;2779;3866;;;;;;3411;1573;2947;;;224;533;;852;;622;;754;2235;983;;322;;241;;;;;;407;;290;;;;260;;;;;;;;;;;83;50;;;;;;;371;;;;54;46;812;;123;44;1170;;294;;;;15126;;;;201;;;;;;;246;;2322
76;Berlin-Reinickendorf;911;172428;175195;172428;175195;134126;114070;134126;114070;1776;2361;1056;2118;132350;111709;133070;111952;28956;26901;22997;25740;40867;32972;35169;29580;17136;15523;17074;17477;4737;8333;5986;10331;23866;12583;23124;12731;;;;;15584;5194;15729;5067;;2154;455;1569;;3374;2538;3276;;888;;;;1555;743;1329;;;421;1216;;;;348;;;1013;445;;270;;146;;;;;;;;232;;;;179;;;;;;;;;;;40;22;;;;;;;247;;;;29;22;;;40;21;1204;;270;;;;7083;;;;112;;;;;;;1962;;2221
77;Berlin-Spandau – Charlottenburg Nord;911;176536;179896;176536;179896;133309;122863;133309;122863;1789;3048;1139;2908;131520;119815;132170;119955;36200;39062;24296;32853;34305;28647;31440;26158;12217;14004;14625;17193;4283;9954;5208;11798;25931;12440;25305;12780;;;;;15044;6484;17071;6074;;;409;1077;;4358;2765;4228;;1579;;;3128;2392;1063;1882;;;433;1849;;;;480;;;902;548;;281;;232;;;;;;;;365;;;;217;;;;;;;;;412;97;96;48;;;;;;;255;;;;34;30;;;49;52;;;160;;;;7913;;;;146;;;;;;;517;;2091
78;Berlin-Steglitz-Zehlendorf;911;214757;217506;214757;217506;181883;171803;181883;171803;1694;2261;819;2223;180189;169542;181064;169580;40355;41371;32989;40677;55398;48530;48500;39905;39843;37751;35848;38460;7382;14929;10750;20813;18539;9277;18678;10036;;;;;15823;7196;20722;8076;1905;1398;656;1335;;3787;2207;3326;;1749;;;;1995;816;1669;;;334;1010;;666;;556;;;1719;1089;;361;;288;;;;;;398;;328;;;;262;;;;;;;;;;;26;13;;;;;;;303;;;;26;28;;;38;48;944;;257;;;;7070;;;;125;;;;;;;134;;1661
79;Berlin-Charlottenburg-Wilmersdorf;911;195504;195586;195504;195586;162287;133235;162287;133235;1300;1419;729;1436;160987;131816;161558;131799;38187;33723;28929;28894;42273;33023;37332;29035;38681;33119;35122;35201;7063;10222;10335;13934;13870;7062;14329;7950;;;;;17861;7417;23469;8638;;1109;260;788;;2222;1462;2101;;1100;;;2477;1668;778;1476;;;280;893;;504;;398;;;1697;921;;170;;157;;;;;;;;105;;253;;243;;;;;;;;;;;25;20;;;;;;;171;;;;14;17;;;23;35;575;;186;;;;6995;;;;151;;;;;;;224;;993
80;Berlin-Tempelhof-Schöneberg;911;229238;231477;229238;231477;186838;172069;186838;172069;1820;2613;1155;2731;185018;169456;185683;169338;37934;45220;32850;41215;45573;37902;38864;31751;45639;42680;36909;42791;4986;12041;7145;15633;20626;10013;20986;10921;;;;;22399;10177;32120;12706;;1567;458;1449;4467;4061;2615;3736;;1808;;;;2313;1011;2009;1810;;609;2350;;849;;644;;;1613;1094;;406;;310;;;;;;;;325;;;;233;;;;;;;;;;;61;41;;301;;;;;289;;;;42;36;233;;93;66;532;;251;;;;9521;;;;246;;;;;;819;118;;2028
81;Berlin-Neukölln;911;192506;196593;192506;196593;146236;134004;146236;134004;1399;2926;1067;2480;144837;131078;145169;131524;27266;33880;22853;31498;28487;25173;26183;22400;16136;25790;22260;29474;2791;8240;4033;9325;18893;10047;18874;10089;;;;;43413;16943;36686;15616;831;;425;961;2654;3841;2207;3226;;1236;;;1335;2600;861;1973;2135;2326;704;3234;;;;451;;;976;645;;;;169;;;;;;;;275;;;;197;;;;;;;;;262;171;110;87;;;;;;;177;;;;32;34;;;36;61;506;;241;;;;8186;;;;325;;;;;;128;831;;1809
82;Berlin-Friedrichshain-Kreuzberg – Prenzlauer Berg Ost;911;218729;218824;218729;218824;180869;151276;180869;151276;1812;1644;735;1507;179057;149632;180134;149769;23519;24416;24138;26326;17940;12706;16722;11990;54771;56602;46620;55147;4277;6784;5010;7834;13854;6999;12986;7379;;;;;62049;27024;57057;27862;;;286;650;;2902;1771;2754;;1640;;;;7859;1489;3672;;;324;1801;;851;;670;;;2055;1214;;225;;201;;;;;;;;198;;448;;337;;;;;;;;;;170;98;99;;;;;;;241;;;;26;42;;;33;36;934;;245;;;;10643;;;;390;;;;;;1713;1006;;1557
83;Berlin-Treptow-Köpenick;911;206841;206999;206841;206999;169802;156625;169802;156625;1122;2450;1019;2754;168680;154175;168783;153871;14472;23684;21403;35690;23747;21016;25858;20562;8081;15806;20226;24686;2961;8950;4949;12190;34646;17978;36410;19322;;;;;70572;54548;36609;24609;892;2331;761;2133;3235;4565;3017;4799;;1785;;;;2518;1294;2957;;;260;726;;;;596;;;1546;782;;447;;314;;;;;;;;549;;;;351;;;;;;;;;113;153;86;92;;;;;;;367;;;;27;34;100;;72;90;367;;299;;9494;;15471;;;;128;;;;;;;394;;3389
84;Berlin-Marzahn-Hellersdorf;911;195867;198002;195867;198002;149493;133719;149493;133719;1288;2658;1050;2870;148205;131061;148443;130849;12926;18901;16161;29991;43262;38914;24495;21887;6093;8064;8913;11207;1871;5859;3806;9372;43729;20980;46285;22665;;;;;24895;28572;24761;20755;1834;;1038;1301;;5375;3365;4990;;1408;;;;2665;1037;2108;;;196;509;;;;531;;;1143;606;;;;140;;;;;;;;709;;;;284;;;;;;;;;326;143;115;84;;;;;;;395;;;;47;48;;;63;97;515;;300;;12754;;16236;;;;87;;;;;;;180;;3565
85;Berlin-Lichtenberg;911;196799;200461;196799;200461;155397;143826;155397;143826;1237;2719;1064;2659;154160;141107;154333;141167;13926;27413;18331;32403;27190;17696;21230;16891;8108;19179;16699;21777;2231;8463;3877;9796;33707;17415;34635;17916;;;;;52378;36409;36204;25840;851;2443;595;1857;3576;5821;3100;4823;;1768;;;;3818;1243;2906;;;221;620;;;;705;;;1546;928;;284;;212;;;;;;;;712;;;;339;;;;;;;;;;195;100;106;;;;;;;389;;;;39;49;150;;83;79;516;;289;;11527;;15613;;;;139;;;;;;;203;;3208
911;Berlin;999;2442042;2460618;2442042;2460618;1961177;1709738;1961177;1709738;18539;27619;11644;26793;1942638;1682119;1949533;1682945;326663;366569;295182;374413;413893;339234;356099;289140;338231;346880;328035;370735;52575;106292;74076;136998;294546;151449;296990;159025;;;;;423549;238776;387222;194010;9141;12134;6402;14953;15740;47131;29384;43598;;16770;;;8425;35579;12881;27199;4694;2326;4532;17487;;4531;;6580;;2044;18231;10471;;2965;;2613;;;;;;805;;4297;;1097;;3235;;;;;;;;;1244;1122;925;750;;301;;;;;3423;;73;;425;428;1295;;676;665;7464;;2960;;41787;;129651;;658;;2439;;;;;;2660;6114;;26348
;;;;;;;;;;;;;;;;;;;;;;;;;;;;;;;;;;;;;;;;;;;;;;;;;;;;;;;;;;;;;;;;;;;;;;;;;;;;;;;;;;;;;;;;;;;;;;;;;;;;;;;;;;;;;;;;;;;;;;;;;;;;;;;;;;;;;;;;;;
86;Aachen I;905;172442;176306;172442;176306;143853;140020;143853;140020;2901;1107;871;727;140952;138913;142982;139293;27722;33087;25206;30588;45548;35562;34179;31772;39377;41942;34769;40421;5916;10906;6869;15032;;5314;13889;5427;;;;;13162;6161;18399;7453;3338;849;403;531;;;970;1151;;1502;187;1342;;3058;743;1632;;;196;871;;;;542;3211;;1522;1389;;;;224;;;;;;;;72;;;;268;;;;53;;;;;;;36;30;;;;;;;241;33;;;;22;;;;;2678;;183;;;;5058;;;;93;;;;39;;;532;;440
87;Aachen II;905;224835;226420;224835;226420;182361;170670;182361;170670;6363;1883;1376;1583;175998;168787;180985;169087;53747;58189;37900;53408;70541;54808;57089;49838;13269;19976;17002;19918;8191;12055;7599;17892;;12632;34595;12409;;;;;13330;4496;12306;5259;12919;2034;1284;1131;;;2531;2525;;1704;378;1587;;2893;882;1584;;;349;1012;;;;613;4001;;1026;471;;;;187;;;;;;;;188;;;;113;;;;43;;;;;;;27;23;;;;;;;275;52;;;;17;;;;;;;177;;;;7376;;;;80;;;;109;;;0;;817
88;Heinsberg;905;192359;192346;192359;192346;157150;145368;157150;145368;1595;1649;1118;1397;155555;143719;156032;143971;29813;37249;26663;38822;64624;57095;54971;46466;11797;15368;13623;16858;4679;10691;6516;16023;30784;10965;31408;11359;;;;;8959;3608;9856;4529;2804;2288;1208;1375;;;2443;2334;;1554;449;1602;;4901;854;1929;;;250;438;;;;532;2095;;1076;382;;;;87;;;;;;;;210;;;;75;;;;53;;;;;;;22;18;;;;;;;285;47;;;;14;;;;;;;178;;;;6077;;;;48;;;;105;;;0;;818
89;Düren;905;199301;199656;199301;199656;164552;153645;164552;153645;1452;1707;1133;1516;163100;151938;163419;152129;35854;46734;30306;44058;64996;55719;54483;46217;12153;14174;13843;16951;4591;11237;7006;17104;33137;12947;33517;13171;;;;;9105;3449;10498;4570;3264;2196;1179;1296;;;2549;2465;;1565;395;1545;;2298;834;1387;;;249;641;;1146;;730;;;916;514;;;;88;;;;;;;;222;;;;87;;;;162;;;;;;;31;12;;;;;;;323;54;;;;10;;;;;;;208;;;;6931;;;;43;;;;108;;;473;;845
90;Rhein-Erft-Kreis I;905;247391;249035;247391;249035;207151;194862;207151;194862;1795;1909;1164;1461;205356;192953;205987;193401;53545;58858;40603;54714;71833;63635;65147;55068;20977;25409;23850;27566;7550;17542;10284;24227;34348;13537;34398;13417;;;;;13218;5889;14817;5682;2567;2132;1091;1439;;;2798;2767;;2218;443;1762;;;930;1446;;;460;1627;;2860;;1237;;;1393;708;;;;100;;;;;;;;215;;;;147;;;;65;;;;;;;29;27;;;;;;;373;70;;;;20;;;;;1318;;370;;;;8790;;;;82;;;;129;;;873;;1097
91;Euskirchen – Rhein-Erft-Kreis II;905;248663;249198;248663;249198;207572;192814;207572;192814;2052;2031;1198;1540;205520;190783;206374;191274;42466;50892;36497;50949;78883;65981;69740;58081;19549;25005;22512;26161;8498;19805;9905;23314;37837;14999;37881;14894;;;;;11457;4993;12960;5730;2885;2724;1433;1628;;;2813;2828;;2505;595;2187;;2690;1028;1631;;;334;740;;1189;;825;2860;;1414;584;;;;133;;;;;;;;271;;;;138;;;;95;;;;;;;36;22;;;;;;;371;72;;;;19;;;;;1085;;443;;;;8216;;;;61;;;;135;;;0;;972
92;Köln I;905;190951;190630;190951;190630;153110;140901;153110;140901;1515;1097;876;821;151595;139804;152234;140080;37717;38985;29775;36933;37261;31636;33934;27695;30496;33405;27274;33501;4672;11490;6407;15040;20022;8789;18853;8363;;;;;16894;7213;22716;8267;1488;1108;580;753;;;1600;1704;;1615;297;1327;;2768;851;1607;;;344;1768;;;;548;2698;2353;1671;1340;;;;88;;;;;;;;127;;;;152;;;;72;;;;;347;181;96;64;;;;;;;310;67;;;;15;;;;;;;181;;;;7170;;;;125;;;;50;;;261;;649
93;Köln II;905;243912;242483;243912;242483;214600;204955;214600;204955;1213;972;679;622;213387;203983;213921;204333;35124;40103;37916;43193;59925;50918;53426;41834;72858;70658;55085;65240;8061;16950;12933;26470;12775;5587;13444;5891;;;;;18454;8771;28762;10399;881;1369;432;792;;;1448;1646;;2005;237;1773;;3312;986;1898;;;215;1049;;;;558;4534;4111;2330;2323;;;;159;;;;;;;;127;;;;182;;;;83;;;;;;117;31;31;;;;;;;334;64;;;;12;;;;;567;;181;;;;6017;;;;90;;;;54;;208;82;;609
94;Köln III;905;206670;204539;206670;204539;169136;155242;169136;155242;1314;1107;782;840;167822;154135;168354;154402;43307;46149;33495;39901;32639;28674;32523;27485;43697;43600;36769;44407;4773;10708;5715;13845;19459;8015;18861;7876;;;;;18806;8435;27502;9903;1322;1100;503;684;;;1745;1846;;1831;311;1605;;3143;958;1784;;;415;1937;;;;466;3074;2108;1632;1424;;;;121;;;;;;;;139;;;;135;;;;52;;;;;;113;59;72;;;;;745;;338;48;;;;11;;;;;;;153;;;;7190;;;;137;;;;48;;;259;;661
95;Bonn;905;228194;230215;228194;230215;193699;185557;193699;185557;1647;1447;976;1113;192052;184110;192723;184444;41577;46251;34078;41641;63973;44872;50413;41551;46819;46467;44136;50174;4737;23198;9995;21902;15681;7448;17186;7750;;;;;14776;6675;23994;10026;935;1183;419;897;;;1252;1371;;2101;338;1823;;2700;877;1661;;;270;1817;;;;611;3017;2919;2147;1955;;;;162;;;;;;;;113;;;;196;;;;106;;;;;;138;59;57;;;;;537;;287;53;;;;12;;;;;;;128;;;;6911;;;;141;;;;92;;;158;;566
96;Rhein-Sieg-Kreis I;905;238140;238627;238140;238627;199347;188217;199347;188217;1751;1751;1068;1393;197596;186466;198279;186824;44274;53213;35483;49529;70350;60776;63303;51474;22219;26270;24783;29305;8438;16604;9908;23122;34564;13045;34453;13604;;;;;11331;6242;13446;6353;3319;1929;1256;1392;;;2609;3021;;2951;511;2583;;3828;1098;2067;;;350;921;;;;804;3101;1006;1705;921;;;;156;;;;;;;;223;;;;153;;;;220;;;;;;;36;19;;;;;;;368;52;;;;23;;;;;;;254;;;;8503;;;;67;;;;146;;;602;;882
97;Rhein-Sieg-Kreis II;905;214269;216063;214269;216063;183163;176637;183163;176637;1428;1317;882;1216;181735;175320;182281;175421;32287;41004;30333;41753;79639;70144;63717;51795;23157;26956;26800;31027;5879;13914;10261;23435;25832;10385;26036;10551;;;;;9768;4607;11888;5687;2139;1697;900;1303;;;1853;2215;;2285;434;2111;;2537;821;1530;;;269;855;;;;599;3034;1140;1651;1022;;;;166;;;;;;;;196;;;;135;;;;169;;;;;;;24;20;;;;;;;278;61;;;;10;;;;;;;205;;;;6636;;;;45;;;;130;;;651;;781
98;Oberbergischer Kreis;905;204353;206640;204353;206640;169819;160146;169819;160146;1559;1639;1210;1472;168260;158507;168609;158674;34869;42461;29960;42413;62100;53757;53407;44018;14813;19015;16035;19959;5476;15636;7771;19796;36265;15071;35722;15211;;;;;10064;4587;10598;5153;2914;2246;1189;1434;;;2369;2426;;2847;589;2809;;2887;1010;1622;;;253;635;;;;652;1759;;1032;403;;;;183;;;;;;;;221;;;;104;;;;699;;;;;;;47;25;;;;;;;347;110;;;;18;;;;;;;295;;;;7768;;;;37;;;;180;;;0;;783
99;Rheinisch-Bergischer Kreis;905;214554;217193;214554;217193;184312;176933;184312;176933;1155;1349;862;1037;183157;175584;183450;175896;34424;39827;33928;44429;77301;52714;61975;48224;25245;31626;27583;32285;9054;29576;10199;24373;22758;9518;24339;10051;;;;;9309;4845;11972;5222;1692;3632;999;1697;;;2151;2199;;2455;424;2247;;;855;1419;;;218;662;;;;554;2529;1391;1694;1144;;;;115;;;;;;;;208;;;;127;;;;132;;;;;;;58;27;;;;;;;305;41;;;;9;;;;;845;;280;;;;6305;;;;54;;;;111;;;0;;731
100;Leverkusen – Köln IV;905;206279;209102;206279;209102;165366;154163;165366;154163;1595;1403;1032;1163;163771;152760;164334;153000;53574;69662;34871;44586;41855;31197;40450;33246;18081;17290;23355;29329;5102;11050;6418;15931;25439;10797;25392;10966;;;;;14848;5657;19137;7318;1984;1479;695;918;;;2106;2081;;2222;364;1715;;2782;1100;2076;;;409;1669;;;;664;2558;;1475;996;;;;112;;;;;;;;216;;;;124;;;;100;;;;;330;212;117;96;;;;;;;287;57;;;;24;;;;;;;169;;;;7786;;;;100;;;;103;;;412;;776
101;Wuppertal I;905;196546;202528;196546;202528;153114;146699;153114;146699;1442;1741;963;1300;151672;144958;152151;145399;50907;54065;30704;42421;36841;31960;35829;30527;13033;18932;19165;25388;4563;13756;6286;15970;27707;11995;27299;12090;;;;;13852;6742;18608;8055;1805;1544;670;964;;;1923;2159;;2068;354;1733;;2665;890;1674;;;326;1713;;;;533;1913;1028;1169;732;;;;97;;;;;;;;152;;;;123;;;;115;;;;;;203;93;122;;;;;;;249;49;;;;30;;;;;;;149;;;;8248;;;;98;;;;91;;1051;0;;752
102;Solingen – Remscheid – Wuppertal II;905;216618;220204;216618;220204;173656;163495;173656;163495;1511;1526;1082;1277;172145;161969;172574;162218;47237;52852;34679;48196;55860;44778;49129;39413;14997;20967;19322;24296;5555;17406;8171;20256;31911;12335;31539;12506;;;;;12886;5099;14540;6076;;1662;668;1086;;;2328;2521;;2233;404;1913;;3398;1140;2044;;;418;1312;;;;624;2646;;1331;470;;;;99;;;;;;;;194;;;;174;;;;83;;;;;429;169;110;80;;;;;;;305;70;;;;13;;;;;;;215;;;;8115;;;;81;;;;79;;624;1070;;792
103;Mettmann I;905;200860;203030;200860;203030;167587;159457;167587;159457;1365;1561;883;1149;166222;157896;166704;158308;37459;39326;31482;42385;60813;47326;53516;43354;20705;36095;21284;25430;7482;14873;9419;21083;26187;10704;25921;10658;;;;;10713;4252;11506;4956;;1818;680;1117;;;2259;2260;;1845;340;1632;;;825;1474;;;338;1321;;;;652;2863;;1401;571;;;;104;;;;;;;;208;;;;94;;;;98;;;;;;;38;22;;;;;;;350;77;;;;14;;;;;;;188;;;;6983;;;;57;;;;117;;;1657;;798
104;Mettmann II;905;156872;160175;156872;160175;129847;123769;129847;123769;1221;1172;752;877;128626;122597;129095;122892;32169;37635;25094;34409;46152;38429;41357;33254;14237;17730;14517;18112;5007;11158;6817;16235;22097;8894;21731;9104;;;;;8542;3395;9159;3887;;1166;500;759;;;1767;1656;;1366;225;1210;;2258;728;1293;;;241;851;;;;613;;;837;312;;;;79;;;;;;;;183;;;;85;;221;;154;;;;;422;99;76;59;;;;;;;249;34;;;;15;;;;;;;129;;;;5533;;;;55;;;;80;;;246;;588
105;Düsseldorf I;905;224445;220827;224445;220827;187057;175110;187057;175110;1392;1162;763;807;185665;173948;186294;174303;39356;38955;32067;38195;67108;54158;56461;44892;32269;36926;34053;39452;9883;24242;14546;27743;18227;7002;18536;7495;;;;;13321;5094;17731;6741;1026;1089;469;851;;;1561;1635;;1802;270;1535;;2531;817;1561;;;274;1315;;;;516;3344;1546;1839;1108;;;;110;;;;;;;;143;;;;165;;;;42;;;;;292;104;92;49;;;;;;;324;52;;;;12;;;;;839;;249;;;;6791;;;;108;;;;106;;;499;;691
106;Düsseldorf II;905;188875;190102;188875;190102;151908;142287;151908;142287;1303;1153;756;855;150605;141134;151152;141432;34739;41169;28535;35671;43282;34801;38006;31639;27347;30201;25780;31524;6250;14143;8236;17335;19574;8214;19606;8503;;;;;14024;5418;17800;6931;934;1307;484;859;;;1671;1831;;1549;234;1280;;2967;771;1572;;;314;1674;;;;517;2641;1189;1570;873;;;;90;;;;;;;;147;;;;141;;;;49;;;;;366;176;77;66;;;;;;;232;55;;;;16;;;;;729;;230;;;;7246;;;;123;;719;;237;;;0;;659
107;Neuss I;905;210819;213250;210819;213250;173161;162167;173161;162167;1601;1605;980;1201;171560;160562;172181;160966;46410;51391;32057;43760;62250;57445;56600;48166;14559;18051;18439;21951;7267;12932;9019;20333;29039;10801;29147;11298;;;;;12035;4153;12781;4771;;;706;861;;;2418;2367;;2052;499;1748;;3617;919;1774;;;418;1393;;;;607;;;1023;480;;;;108;;;;;;;;231;;;;125;;;;61;;;;;;;49;29;;;;;;;329;50;;;;25;;;;;;;176;;;;7389;;;;87;;;;125;;;120;;828
108;Mönchengladbach;905;181209;185185;181209;185185;140063;129646;140063;129646;1616;1707;947;1241;138447;127939;139116;128405;36259;37548;26041;34877;50331;45550;42525;36555;13648;17302;13844;18166;4555;10957;6324;15459;25280;9915;25125;9641;;;;;;;13206;4927;1478;1422;657;850;;;2016;2013;;1821;313;1343;3453;3105;860;1562;;;228;907;;;;467;2167;;851;310;;;;111;;;;;;;;166;;;;109;;;;33;;;;;;;32;24;;;;;;;205;49;;;;12;;;;;917;;270;;;;6399;;;;75;;359;;145;;;319;;824
109;Krefeld I – Neuss II;905;196586;200048;196586;200048;164150;155726;164150;155726;1470;1520;906;1132;162680;154206;163244;154594;36512;39253;29572;39407;61543;51500;55630;45635;17840;24383;20007;24014;8910;18781;10107;22069;23769;9150;23886;9342;;;;;10838;4319;11477;4680;3268;1980;1033;981;;;2103;2111;;1759;372;1528;;2918;827;1610;;;330;975;;;;580;;;913;379;;;;117;;;;;;;;155;;;;103;;;;94;;;;;;163;48;44;;;;;;;301;36;;;;16;;;;;;;190;;;;6285;;;;66;;;;97;;;0;;718
110;Viersen;905;223739;227166;223739;227166;185834;175085;185834;175085;1682;1740;1112;1333;184152;173345;184722;173752;38071;47806;33644;46375;73676;62123;64228;52896;19438;24394;21085;25673;7317;15140;10039;22281;29425;10312;29312;10357;;;;;11337;5558;11875;5203;2510;2253;1170;1327;;;2675;2618;;1940;439;1808;;3819;1137;2140;;;287;582;;;;632;2378;;1147;377;;;;183;;;;;;;;197;;;;133;;;;93;;;;;;;26;31;;;;;;;349;54;;;;12;;;;;;;255;;;;6873;;;;55;;;;126;;;0;;780
111;Kleve;905;223650;225463;223650;225463;182375;171093;182375;171093;1351;1628;1060;1326;181024;169465;181315;169767;39191;48142;34003;47837;74631;63701;66214;54793;16447;23477;18986;23587;6098;14821;8100;19542;28974;9788;29096;9632;;;;;10755;4235;11625;4728;2429;3409;1338;1488;;;2421;2386;;1892;443;1628;;;891;1438;;;252;297;;;;605;2499;;1146;396;;;;115;;;;;;;;224;;;;121;;;;60;;;;;;;32;28;;;;;;;328;60;;;;15;;;;;;;213;;;;6094;;;;43;;;;90;;;0;;787
112;Wesel I;905;204087;206270;204087;206270;170433;160625;170433;160625;1398;1460;941;1128;169035;159165;169492;159497;47432;54488;39287;53277;58854;47448;53361;42544;13786;19928;16091;20629;6123;14452;7205;17302;29375;10842;29406;10994;;;;;10275;4598;11150;5103;2154;1376;934;966;;;2534;2468;;1999;316;1444;;3907;1091;2079;;;261;629;;;;515;;;739;209;;;;92;;;;;;;;205;;;;84;;;;92;;;;;;127;63;65;;;;;;;278;52;;;;16;;;;;1036;;346;;;;6304;;;;36;;;;90;;;0;;732
113;Krefeld II – Wesel II;905;173314;175852;173314;175852;140222;131664;140222;131664;1253;1378;831;1048;138969;130286;139391;130616;41999;45852;31212;41476;44412;37033;40194;32316;12133;17398;15368;19539;4841;10954;6629;14899;23421;9077;23203;9189;;;;;8552;4100;11210;4703;1829;1186;729;818;;;1927;1915;;1698;278;1362;;2863;856;1507;;;259;969;;;;506;1782;;805;232;;;;70;;;;;;;;143;;;;113;;;;88;;;;;;125;65;78;;;;;;;221;41;;;;16;;;;;;;155;;;;6128;;;;71;;;;81;;;0;;636
114;Duisburg I;905;159961;163394;159961;163394;127170;118600;127170;118600;1297;1320;862;1006;125873;117280;126308;117594;49116;47314;32468;41308;27748;24299;28994;23166;9830;16777;13470;17912;3081;8203;4228;10593;22224;11101;21867;9802;;;;;10805;5500;13149;5580;1378;1470;582;780;;;2083;2135;;1395;267;1081;;;882;1482;;;455;1603;;;;487;1389;;755;308;;;;79;;;;;;;;156;;;;128;;;;75;;;;;302;489;118;148;;;;;;;260;35;;;;22;;;;;;;153;;;;6412;;;;102;;;;63;;;732;;714
115;Duisburg II;905;152391;155265;152391;155265;111847;98339;111847;98339;1417;1530;1095;1173;110430;96809;110752;97166;36731;38162;28032;35842;21791;19404;21520;18168;7599;10518;7268;10287;2394;6901;2948;7913;29445;13361;27428;11834;;;;;9976;4889;12272;4508;1575;1263;539;674;;;1920;2022;;1007;201;755;;;650;1235;;;504;1980;;;;379;;;396;200;;;;56;;;;;;;;164;;;;81;;;;73;;;;;359;313;122;172;;;;;;;166;38;;;;15;;;;;;;155;;;;6472;;;;98;;;;61;;560;991;;770
116;Oberhausen – Wesel III;905;193877;199156;193877;199156;155814;145232;155814;145232;1507;1478;1005;1216;154307;143754;154809;144016;48434;55790;38967;53034;41519;32277;38607;30770;12638;17171;13759;17945;4456;10132;5245;13573;32461;13601;31565;13099;;;;;12062;4908;12770;5613;;1378;561;847;;;2566;2473;;1434;273;1064;;6464;1082;2199;2096;;564;1113;;;;515;;;734;357;;;;100;;;;;;;;201;;;;87;;;;74;;;;;641;145;99;71;;;;;;;304;45;;;;20;;;;;;;230;;;;7331;;;;73;;;;79;;;454;;816
117;Mülheim – Essen I;905;177448;182895;177448;182895;145633;139658;145633;139658;1277;1503;760;1069;144356;138155;144873;138589;47047;50168;34203;46084;41707;33090;40689;32698;13280;19547;15927;20232;4958;11884;6189;15188;25140;11704;24695;11135;;;;;9854;3663;11360;4494;2370;1105;730;677;;;2090;2126;;1584;249;1224;;2870;882;1613;;;289;1080;;;;450;;;770;338;;;;81;;;;;;;;186;;;;98;;;;87;;;;;;158;81;72;;;;;;;219;34;;;;21;;;;;;;148;;;;6214;;;;58;;;;80;;;2382;;671
118;Essen II;905;152295;156298;152295;156298;114166;105472;114166;105472;1243;1274;846;1063;112923;104198;113320;104409;34227;39410;26237;35363;27842;23735;25277;21039;9316;12647;10174;13971;2683;6976;3360;9531;26058;12015;24911;11521;;;;;10655;4325;12072;4525;1681;1202;529;639;;;1871;1924;;1108;161;840;;2414;817;1421;;;329;1718;;;;349;;;707;300;;;;57;;;;;;;;155;;;;95;;;;64;;;;;461;197;158;142;;;;;;;181;35;;;;16;;;;;;;137;;;;6290;;;;66;;;;43;;;169;;704
119;Essen III;905;186492;190335;186492;190335;157566;152860;157566;152860;1400;1013;673;797;156166;151847;156893;152063;38546;45612;33184;42629;55807;46635;46387;37053;24617;28745;25317;30764;4835;10871;7710;17995;18563;8225;19029;8398;;;;;11667;5030;14179;6117;1751;1685;516;845;;;1841;2005;;1695;219;1521;;2931;989;1718;;;208;852;;;;443;;;1284;504;;;;89;;;;;;;;129;;;;137;;;;78;;;;;380;109;105;64;;;;;;;265;40;;;;15;;;;;;;125;;;;5416;;;;60;;;;59;;;309;;667
120;Recklinghausen I;905;161611;165193;161611;165193;129034;121640;129034;121640;991;1121;723;903;128043;120519;128311;120737;42356;49437;29886;42552;36875;30845;35131;27988;8686;12833;12446;15180;3278;8481;4581;11989;25912;11087;25875;10927;;;;;7544;3605;9622;4239;1096;;559;594;;;1945;1961;;1282;260;966;2074;2722;875;1526;;;275;913;;;;473;;;617;242;;;;60;;;;;;;;164;;;;72;;;;69;;;;;222;128;80;87;;;;;;;208;42;;;;16;;;;;;;170;;;;5656;;;;55;;;;70;;;99;;677
121;Recklinghausen II;905;182424;186413;182424;186413;147462;137841;147462;137841;1306;1467;895;1103;146156;136374;146567;136738;42454;51050;34273;48563;46217;38325;42173;33610;10574;14836;12821;15627;3419;11283;5171;13571;30367;13108;30724;12522;;;;;8501;3881;9721;4084;1891;;790;634;;;2277;2368;;;261;1093;;3509;742;1555;;;315;1094;;;;548;;;645;202;;;;72;;;;;;;;217;;;;79;;;;62;;;;;357;215;100;81;;;;;;;244;44;;;;10;;;;;644;;266;;;;5908;;;;57;;;;79;;1732;167;;702
122;Gelsenkirchen;905;164673;168496;164673;168496;122676;112317;122676;112317;1223;1233;900;1033;121453;111084;121776;111284;38118;44965;29342;41326;28051;21954;27665;22091;7379;11286;7944;11170;4038;9014;3682;9721;31302;15555;30032;14204;;;;;10246;3559;11485;3853;1720;1054;626;723;;;2359;2572;;1118;191;775;;1904;685;1245;;;442;1753;;;;394;;;444;186;;;;51;;;;;;;;176;;;;69;;;;55;;;;;599;356;239;222;;;;;;;167;22;;;;13;;;;;;;142;;;;6174;;;;100;;;;57;;;319;;663
123;Steinfurt I – Borken I;905;201685;202388;201685;202388;168635;156894;168635;156894;1062;1176;883;975;167573;155718;167752;155919;38037;44047;31174;44788;70066;62322;65100;52625;15800;18743;17571;20525;5775;14515;7070;17783;25233;8482;24879;8385;;;;;10029;3699;10636;4469;2633;1473;1122;937;;;1809;1510;;;324;1050;;2437;836;1354;;;206;432;;;;521;;;949;492;;;;84;;;;;;;;137;;;;95;;;;60;;;;;;;25;19;;;;;;;327;53;;;;15;;;;;;;167;;;;5420;;;;74;;;;63;;;0;;585
124;Bottrop – Recklinghausen III;905;195336;199344;195336;199344;157959;148734;157959;148734;1340;1378;982;1111;156619;147356;156977;147623;46276;57560;36280;51637;49625;39834;45953;36814;10249;15144;13164;16434;4185;11352;5422;14647;32869;14075;32770;13899;;;;;8927;3887;10512;4484;1810;;862;661;;;2471;2536;;1373;238;1048;2426;3283;955;1757;;;313;1246;;;;526;;;661;257;;;;200;;;;;;;;200;;;;85;;;;31;;;;;252;108;98;78;;;;;;;246;50;;;;17;;;;;;;196;;;;6710;;;;49;;;;77;;;740;;1016
125;Borken II;905;200973;201103;200973;201103;172498;162159;172498;162159;1175;1260;819;883;171323;160899;171679;161276;33511;40851;29836;42303;82000;70334;72745;59102;16486;20028;18303;21738;5043;13404;7571;19081;22179;7909;22829;7724;;;;;8742;3928;9358;3914;3362;1650;1352;1056;;;1684;1517;;;312;1219;;2795;780;1324;;;195;396;;;;486;;;972;311;;;;116;;;;;;;;163;;;;78;;;;68;;;;;;;36;22;;;;;;;346;45;;;;9;;;;;;;171;;;;5065;;;;44;;;;80;;;0;;604
126;Coesfeld – Steinfurt II;905;194072;194695;194072;194695;169671;161064;169671;161064;1142;1118;748;882;168529;159946;168923;160182;34152;40145;30231;42647;76819;65402;67891;55230;21571;27069;22841;25506;5338;12409;7159;17927;20615;7241;21368;7339;;;;;7708;4242;9221;4093;;1858;766;998;;;1664;1595;;1580;271;1184;;;777;1348;;;177;262;;;;580;2326;;1143;408;;;;101;;;;;;;;179;;;;83;;;;51;;;;;;;18;8;;;;;;;346;42;;;;5;;;;;;;164;;;;4776;;;;27;;;;83;;;0;;596
127;Steinfurt III;905;194178;195513;194178;195513;165562;155635;165562;155635;1094;1292;873;1103;164468;154343;164689;154532;41397;48068;36478;50555;62253;52445;54549;42528;19383;23978;19906;23996;4874;11394;6572;16113;25484;8785;24959;9253;;;;;9868;4611;10612;4723;;986;798;813;;;1783;1504;;1281;328;1241;;2062;860;1446;;;284;460;;;;482;;;997;401;;;;97;;;;;;;;128;;;;94;;;;69;;;;;;;22;29;;;;;;;267;39;;;;15;;;;;;;174;;;;5969;;;;45;;;;86;;1209;733;;546
128;Münster;905;237654;233953;237654;233953;207991;196276;207991;196276;1176;981;768;820;206815;195295;207223;195456;42553;47047;37437;45844;58996;51096;53313;43790;64528;63160;55144;60036;6779;13038;9629;20786;13426;5234;14210;5603;;;;;14083;7078;25927;9746;;966;408;691;;;1361;1326;;1582;207;1409;2642;2283;1051;1684;;;160;774;;;;479;3808;2505;2242;1812;;897;;422;;;;;;;;116;;;;205;;;;42;;;;;;;26;12;;;;;;;303;52;;;;22;;;;;;;128;;;;5525;;;;93;;;;59;;;409;;605
129;Warendorf;905;207690;208754;207690;208754;175926;165808;175926;165808;1399;1443;998;1186;174527;164365;174928;164622;36247;50685;32533;47648;72720;59631;64092;51722;18940;21245;19715;23309;5119;12768;7133;18193;27935;10211;27955;10533;;;;;9798;4074;10946;4525;3768;;1357;1014;;;1793;1729;;1773;360;1518;;2772;823;1553;;;251;635;;;;535;;;990;351;;497;;200;;;;;;;;179;;;;108;;;;113;;;;;;;28;13;;;;;;;307;54;;;;13;;;;;;;198;;;;6315;;;;44;;;;88;;;709;;677
130;Gütersloh I;905;232757;234177;232757;234177;192669;179726;192669;179726;1767;1604;1297;1378;190902;178122;191372;178348;40229;45878;34664;47371;79373;71185;63902;52421;17268;22851;22189;28308;5942;13507;8477;21211;32673;12812;35112;13299;;;;;10489;4284;12239;5173;2489;2083;1124;1441;;;1908;1896;;2067;425;2010;;3149;956;1851;;;323;750;;;;613;1966;;1229;378;;;;147;;;;;;;;219;;;;97;;;;272;;;;;;;30;21;;;;;;;318;50;;;;8;;;;;;;230;;;;8065;;;;54;;;;127;;473;306;;812
131;Bielefeld – Gütersloh II;905;240475;243059;240475;243059;196973;185345;196973;185345;1579;1481;1089;1182;195394;183864;195884;184163;53130;55234;39839;50009;50742;40928;45714;37355;31274;40015;32374;40161;5930;17793;8168;20658;27995;12294;28143;12448;;;;;19802;9905;25810;11462;;;517;697;;;1914;1872;;2655;411;2274;3091;3966;1364;2324;1548;;597;1591;;;;683;1882;921;1296;720;;;;197;;;;;;;;219;;;;156;;;;336;;;;;;153;60;88;;;;;;;327;77;;;;25;;;;;;;210;;;;8918;;;;98;;;;124;;;0;;811
132;Herford – Minden-Lübbecke II;905;223060;226894;223060;226894;181750;170464;181750;170464;1655;1646;1216;1408;180095;168818;180534;169056;52576;61554;38801;53359;54253;45138;50128;39769;12899;18090;17508;22732;5867;14021;7449;19884;38341;15855;38433;16144;;;;;10740;5332;12853;6038;2222;1967;1124;1352;;;2100;2181;;2187;447;2226;2762;3440;1134;2003;;;276;760;;;;565;;;769;304;;;;72;;;;;;;;149;;;;117;;;;501;;;;;;;38;37;;;;;;;299;53;;;;15;;;;;;;248;;;;8711;;;;29;;435;;187;;;1234;;795
133;Minden-Lübbecke I;905;199147;201888;199147;201888;163423;152935;163423;152935;1731;1419;1204;1363;161692;151516;162219;151572;39931;58168;35926;49351;51975;39679;44594;35814;15008;15886;15379;19762;5432;12494;6784;17486;35399;13445;35284;13892;;;;;9061;3940;10761;4857;2975;2098;1312;1378;;;1772;1838;;1974;457;2050;;2648;977;1743;;;229;394;;;;542;1246;;636;226;;;;102;;;;;;;;171;;;;132;;1184;;1050;;;;;;;25;23;;;;;;;302;45;;;;13;;;;;;;226;;;;7259;;;;36;;665;;260;;;0;;703
134;Lippe I;905;221604;224415;221604;224415;182679;172402;182679;172402;1922;1897;1324;1531;180757;170505;181355;170871;42552;52359;37926;53130;56640;44650;49204;39001;21911;26932;19245;23276;5474;16648;7713;20221;39427;16221;39517;16789;;;;;10896;5283;12324;6414;3857;2171;1440;1348;;;2255;2216;;2936;575;2559;;3070;1059;1781;;;312;520;;;;637;;;825;289;;;;154;;;;;;;;190;;;;136;;;;1244;;;;;;;33;25;;;;;;;324;59;;;;14;;;;;;;244;;;;8069;;;;51;;;;239;;;235;;868
135;Höxter – Gütersloh III – Lippe II;905;169491;172435;169491;172435;141885;134346;141885;134346;1448;1416;1106;1258;140437;132930;140779;133088;26226;37210;23881;36253;60581;53294;51320;43265;10482;12685;11757;14717;4391;9462;6076;15488;28854;11244;29045;11533;;;;;7421;3345;7905;3762;2482;1529;1067;1024;;;1669;1553;;1732;399;1636;;2429;702;1367;;;218;335;;;;566;;;520;183;;;;186;;;;;;;;172;;;;91;;;;300;;;;;;;17;10;;;;;;;242;40;;;;6;;;;;;;209;;;;5563;;;;29;;;;160;;;0;;601
136;Paderborn;905;231585;231534;231585;231534;192337;178377;192337;178377;1467;1540;1072;1395;190870;176837;191265;176982;29097;33513;26308;39089;86833;84669;71373;58419;20143;22926;21998;26981;4528;9845;8049;21877;34928;13152;36233;14360;;;;;11949;5532;13550;5858;;1443;667;1137;;;1867;1863;;2298;510;2195;3392;3459;1171;1925;;;284;523;;;;600;;;979;495;;;;134;;;;;;;;191;;;;148;;;;310;;;;;;;27;28;;;;;;;280;62;;;;22;;;;;;;226;;;;7567;;;;41;;;;135;;;0;;765
137;Hagen – Ennepe-Ruhr-Kreis I;905;195958;201594;195958;201594;154267;144751;154267;144751;1395;1651;972;1142;152872;143100;153295;143609;39188;47581;32775;47400;44170;37718;43479;34210;12584;17954;13493;17237;5216;13531;5910;16179;32643;14419;32094;13760;;;;;9095;4552;11904;4857;1784;2122;779;1031;;;2368;2392;;1399;304;1200;;2830;806;1591;1445;;641;1448;;;;573;;;674;235;;;;99;;;;;;;;194;;;;110;;;;169;;;;;232;185;91;76;;;;;;;233;56;;;;9;;;;;;;187;;6515;;7399;;;;53;;;;105;;;809;;783
138;Ennepe-Ruhr-Kreis II;905;170960;175283;170960;175283;142858;136706;142858;136706;1173;1252;817;1006;141685;135454;142041;135700;42576;47993;33730;45664;43775;33357;38804;29855;14587;21734;17813;21941;4265;11530;5787;14432;23488;9731;23813;9654;;;;;8617;3715;10660;5029;1408;1466;672;843;;;2080;2085;;1750;311;1485;2127;2558;949;1623;;;230;660;;1434;;804;;;785;278;;;;143;;;;;;;;186;;;;96;;;;104;;;;;257;186;120;105;;;;;;;250;37;;;;11;;;;;585;;243;;;;5687;;;;41;;;;66;;;0;;665
139;Bochum I;905;200128;202393;200128;202393;163505;154691;163505;154691;1377;2624;874;1103;162128;152067;162631;153588;53007;58235;39364;50162;39925;32962;38257;29811;22181;28288;24221;30795;4680;13657;5941;14583;22797;;22483;10232;;;;;15273;9361;19653;8225;;;477;636;;;2158;2079;;3846;251;1222;2795;4700;1078;1914;;;339;1303;;;;531;;;1172;519;;;;135;;;;;;;;195;;488;;189;;;;90;;;;;420;530;132;100;;;;;;;269;39;;;;12;;;;;1050;;322;;;;6374;;;;71;;;;69;;;0;;816
140;Herne – Bochum II;905;170434;173939;170434;173939;132167;123045;132167;123045;1486;1535;1003;1204;130681;121510;131164;121841;43832;52792;33909;46578;31032;24027;29840;23164;11111;14262;11719;15383;2948;8455;3893;10623;28088;11863;27453;11882;;;;;10878;4667;12576;5029;;1423;484;818;;;2327;2357;;1251;229;927;;2550;792;1467;;;292;1395;;;;582;1267;;708;273;;;;76;;;;;;;;169;;;;109;;;;68;;;;;366;220;148;124;;;;;;;245;49;;;;11;;;;;1159;;300;;;;6110;;;;61;;;;78;;;0;;757
141;Dortmund I;905;203655;206727;203655;206727;165438;155814;165438;155814;1351;1098;943;940;164087;154716;164495;154874;50260;51037;37861;50117;38929;30051;36346;27797;22994;26308;25180;31867;4857;10416;5913;14550;26057;10577;25852;10746;;;;;15048;5908;19460;7566;;935;476;758;;3097;2425;2661;;1226;292;1206;3053;13361;1376;3451;;;346;1445;;;;680;1889;660;1135;557;;;;111;;;;;;;;180;;;;144;;;;57;;;;;401;151;122;84;;;;;;;258;38;;;;36;;;;;;;183;;;;7091;;;;92;;;;87;;599;989;;823
142;Dortmund II;905;195508;199317;195508;199317;154308;143855;154308;143855;1538;1298;978;1065;152770;142557;153330;142790;49553;55695;37511;51080;37891;28897;36025;27650;15742;21028;17291;21714;4047;10270;5406;13629;28240;11816;27597;11290;;;;;13794;5823;15616;6361;;1318;491;839;;3589;2642;2943;;;330;1079;3503;3446;1247;2426;;;368;1516;;;;626;;425;852;354;;;;79;;;;;;;;191;;;;85;;;;65;;;;;;139;80;60;;;;;;;226;37;;;;21;;;;;;;176;;;;7330;;;;78;;;;64;;;111;;745
143;Unna I;905;190464;194493;190464;194493;157467;148083;157467;148083;1408;1322;972;1147;156059;146761;156495;146936;49685;59869;38638;53490;46509;36810;42845;31995;14059;20340;16276;20022;3974;9137;5437;15286;29070;11736;29405;11428;;;;;9491;4731;11269;5154;;1967;716;1088;;;2489;2562;;1451;289;1151;;;923;1740;;;245;823;;;;534;1948;;948;331;;;;72;;;;;;;;193;;;;107;;;;89;;;;;;185;54;64;;;;;;;229;45;;;;11;;;;;1323;;328;;;;6286;;;;45;;;;73;;;535;;751
144;Hamm – Unna II;905;227760;231226;227760;231226;181924;168760;181924;168760;1686;1708;1145;1332;180238;167052;180779;167428;58097;67774;41849;59227;54186;44266;51259;40444;11476;16958;14777;19149;4786;12058;6098;16764;38828;15562;38093;15497;;;;;12865;6285;13545;5694;;2610;740;1242;;;2768;2680;;1539;324;1164;;;944;1574;;;509;1406;;;;640;;;871;372;;;;99;;;;;;;;264;;;;113;;;;110;;;;;;;45;23;;;;;;;299;58;;;;12;;;;;;;214;;;;8266;;;;96;;;;82;;;0;;896
145;Soest;905;229384;231811;229384;231811;190466;179003;190466;179003;1445;1554;996;1174;189021;177449;189470;177829;42544;54614;34834;51061;70487;58791;66361;51697;18133;22154;19038;24089;7449;17826;7681;21005;36727;13992;35823;14206;;;;;11144;5548;11577;5520;2537;2017;1007;1176;;;2269;2260;;2507;523;2038;;;1013;1724;;;270;495;;;;666;;;908;327;;;;118;;;;;;;;246;;;;121;;;;159;;;;;;;35;12;;;;;;;351;73;;;;13;;;;;;;232;;;;7406;;;;45;;;;97;;;0;;823
146;Hochsauerlandkreis;905;196716;200496;196716;200496;165006;156518;165006;156518;1008;1101;822;1024;163998;155417;164184;155494;35080;50056;26875;44640;78259;62810;71614;52017;10024;12478;12025;15473;4120;10806;6237;18712;26087;10068;27453;11532;;;;;7655;2685;8773;3989;2773;2224;1144;1583;;;1958;1943;;1381;336;1346;;2909;908;1983;;;225;380;;;;462;;;785;332;;;;99;;;;;;;;181;;;;80;;;;69;;;;;;;27;14;;;;;;;213;37;;;;8;;;;;;;183;;;;5314;;;;28;;;;86;;;0;;614
147;Siegen-Wittgenstein;905;202346;207672;202346;207672;168074;162162;168074;162162;1282;1336;862;1164;166792;160826;167212;160998;40824;48897;33315;50327;56827;54042;52767;42161;12486;16624;14338;17842;5300;13586;6630;18597;34138;14424;33907;14709;;;;;10735;4900;12099;5726;2344;1868;1297;1340;;;1910;2099;;2215;417;2107;2179;3385;1004;2043;;;244;886;;;;485;1288;836;925;679;;;;358;;;;;;;;182;;;;156;;;;467;;;;;;;27;24;;;;;;;223;51;;;;7;;;;;;;209;;;;7526;;;;43;;671;;331;;;49;;752
148;Olpe – Märkischer Kreis I;905;198932;203350;198932;203350;163294;154830;163294;154830;1362;1446;987;1159;161932;153384;162307;153671;33640;45366;26688;42362;68241;56879;63117;50364;10191;13645;11716;15243;5650;15944;6416;19227;32358;13104;33289;13100;;;;;8231;3935;8901;4150;2102;2269;1001;1251;;;1895;1899;;2021;411;1676;;;708;1213;;;252;691;;;;511;;;591;278;;;;265;;;;;;;;190;;;;87;;;;326;;;;;;;33;26;;;;;;;250;46;;;;12;;;;;;;218;;;;6642;;;;46;;;;133;;1519;221;;754
149;Märkischer Kreis II;905;191152;195816;191152;195816;153042;143689;153042;143689;1242;1229;894;1081;151800;142460;152148;142608;34522;43346;27788;42230;58968;47937;51785;40368;9878;12866;11434;14880;4578;12749;6027;17125;31658;12933;32473;13082;;;;;9917;4668;10287;4804;;2004;650;1228;;4382;2349;2994;;1575;417;1496;;;701;1300;;;327;925;;;;540;;;546;215;;;;85;;;;;;;;245;;;;111;;;;105;;;;;;;37;52;;;;;;;229;46;;;;13;;;;;1318;;387;;;;6553;;;;55;;;;103;;961;0;;764
905;Nordrhein-Westfalen;999;12884209;13040267;12884209;13040267;10587740;9960984;10587740;9960984;97311;92465;61606;72954;10490429;9868519;10526134;9888030;2633792;3068628;2108434;2880226;3566853;2973458;3170627;2566719;1230253;1500696;1300901;1587067;349157;851337;462446;1130154;1720896;705020;1770379;717510;;;;;714177;317869;877123;366947;113892;97782;52891;64990;;11068;133480;136195;;111606;22219;99217;33497;170191;59077;108504;5089;;20021;65137;;6629;;36789;79713;24138;68915;36039;;1394;;8052;;;;;;;;11673;;488;;7685;;1405;;10128;;;;;7435;5894;4045;3476;;;;;1282;;17965;3228;;;;971;;;;;16093;;13669;;6515;;432911;;;;4295;;2849;;6736;;8936;20916;;47323
;;;;;;;;;;;;;;;;;;;;;;;;;;;;;;;;;;;;;;;;;;;;;;;;;;;;;;;;;;;;;;;;;;;;;;;;;;;;;;;;;;;;;;;;;;;;;;;;;;;;;;;;;;;;;;;;;;;;;;;;;;;;;;;;;;;;;;;;;;
150;Nordsachsen;914;158475;161279;158475;161279;126905;119206;126905;119206;1179;1541;851;1449;125726;117665;126054;117757;12554;22257;10560;24732;31398;26883;26171;23000;3090;5883;4308;5462;2684;10251;4012;12476;55024;32702;53911;32066;;;;;10502;9446;10081;8868;7092;4707;2753;3346;;;1484;2311;;1716;;1363;1523;2069;667;1333;;;;196;;;173;404;906;;483;170;;416;;240;;;;;;;;598;;;104;137;;;;88;;;;;;;52;76;;;;;;;;;;;;;;;;;953;;350;;;;10945;;;;;;;;;;;1335;;891
151;Leipzig I;914;225020;224100;225020;224100;183932;167696;183932;167696;970;1569;932;1277;182962;166127;183000;166419;21472;33588;18456;34748;39286;34107;31901;24953;13796;19778;19747;25848;3828;13397;5826;17660;45730;26450;46288;25891;;;;;39377;25436;38513;20884;2186;3296;1675;2645;;;2431;3800;;2275;;2204;2279;4242;1415;3021;;;;656;;;341;833;1809;;1550;660;;497;;306;;;;;;;;693;;896;200;427;;;;160;;;;;290;283;141;153;;;;;;;;;;;;;;;;;382;;309;;11727;;14207;;;;;;;;;;800;1882;;877
152;Leipzig II;914;232750;231178;232750;231178;195980;180880;195980;180880;817;1421;737;1043;195163;179459;195243;179837;16615;29731;21933;37634;31270;29538;30753;23561;19954;32995;31717;38264;3987;13271;6130;17439;36549;20667;36425;20213;;;;;71811;40938;46694;26472;2005;2591;1482;2188;;;1990;3489;;2786;;2564;2058;4374;1465;3307;;;;589;;923;296;881;;;1847;717;;635;;383;;;;;;;;438;407;573;256;402;;;;192;;;;;;273;96;197;;;;;;;;;;;;;;;;;394;;336;;10113;;13823;;;;;;;;;;;164;;907
153;Leipzig-Land;914;210845;212853;210845;212853;172244;162283;172244;162283;1220;2042;1064;1836;171024;160241;171180;160447;18676;31989;15098;34104;42046;39066;38113;32711;6053;8056;7869;9381;4395;15698;5854;18322;65318;39348;65867;38458;;;;;14944;12672;15004;12362;8207;6081;4369;3973;;;1973;3099;;3145;;2403;;3187;696;1743;;;;373;;;218;496;;;826;379;;480;;278;;;;;;;;897;486;;206;175;;;;186;;;;;;;72;87;;;;;;;;;;;;;;;;;;;307;;10899;;14708;;;;;;;;;;;519;;1020
154;Meißen;914;193052;197004;193052;197004;157184;149341;157184;149341;1486;1904;948;1747;155698;147437;156236;147594;11413;22771;11025;26045;37049;32924;31183;25912;6529;7590;7129;8872;8223;13727;5919;17212;70572;45705;68151;43940;;;;;14695;10344;12236;10725;5610;7271;2328;4312;;;1824;2634;;2769;;2341;;3149;674;1754;;;;321;;;249;581;;;820;340;;943;;405;;;;;;;;713;;;111;187;;;;188;;;;;;;57;77;;;;;;;;;;;;;;;;;1607;;664;;;;13866;;;;;;;;;;;244;;1035
155;Bautzen I;914;200639;206895;200639;206895;161774;159233;161774;159233;1558;2098;1147;2145;160216;157135;160627;157088;11384;21006;10373;26674;38643;40929;32190;29213;3484;4090;4692;6247;4199;12634;5002;17187;77339;52492;73912;50050;;;;;15654;14134;12468;12272;8050;5341;3058;4157;;;1923;2951;;2644;;2296;;3398;801;2104;;;;330;;;235;542;;;472;320;;;;251;;;;;;;;957;;;112;171;;;;256;;;;;;;53;69;;;;;;;;;;;;;;;;;1463;;642;;;;14694;;;;;;;;;;;467;;1041
156;Görlitz;914;196873;204105;196873;204105;155057;153057;155057;153057;1280;2234;1117;2064;153777;150823;153940;150993;9626;18928;9815;25441;37197;39299;30407;27630;4659;6182;5160;7358;2952;11222;4484;15039;75147;53970;71855;49123;;;;;9795;11835;11900;11327;3588;4588;2354;3645;;;1960;3259;;4115;;2583;;;678;1428;;;;331;;;247;540;;;440;338;;;;177;;;;;;;;1045;;;136;185;;;;456;;;;;;;62;106;;;;;;;;;;;;;;;;;981;;618;;9832;;13824;;;;;;;;;;;684;;982
157;Sächsische Schweiz-Osterzgebirge;914;196612;199703;196612;199703;160372;154159;160372;154159;1630;2120;955;2005;158742;152039;159417;152154;12766;17505;9505;23545;35961;29176;30820;26028;4751;6830;6318;8023;4478;12920;5170;17814;77901;50203;74174;48580;;;;;14523;15215;11716;11653;7008;8450;2852;5039;;;1775;2864;;3161;;2945;;;617;1276;;;;373;;;229;618;;;822;450;;848;;396;;;;;;;;929;;;128;247;;;;223;;;;;;;48;66;;;;;;;;;;;;;;;;;1354;;600;;;;14643;;;;;;;;;;;7731;;1085
158;Dresden I;914;225103;228643;225103;228643;184922;181120;184922;181120;1857;1577;846;1394;183065;179543;184076;179726;21457;26271;18241;34125;50040;37811;36585;27710;19899;17137;22545;27369;6229;18588;7082;21989;53853;33780;50386;32122;;;;;26085;33872;25445;18910;;;1508;2967;;;1960;3014;;2527;;2645;;3684;1130;2568;;;;769;;2011;451;1313;3482;;2269;928;;1164;;760;;;;;;;;815;;763;234;495;;477;;359;;;;;;227;87;130;;;;;;;;;;;;;;;;;2020;;679;;;;15474;;;;;;;;;;;1231;;738
159;Dresden II – Bautzen II;914;233483;234432;233483;234432;196333;189409;196333;189409;1555;1649;877;1404;194778;187760;195456;188005;18245;28700;16601;30620;47107;35014;35306;26037;22140;25527;25517;31265;5130;20711;6947;22884;58238;34979;55900;36003;;;;;31961;22160;31001;20913;3253;3309;1883;3464;;;2046;3271;;3726;;3661;3145;4292;1412;3252;;;;607;;2694;514;1709;3724;;2142;900;;1054;;641;;;;;;1366;;1099;;;222;424;;;;256;;;;;337;298;102;150;;;;;;;;;;;;;;210;;;1498;;614;;;;15249;;;;;;;;;;;3720;;849
160;Mittelsachsen;914;188107;193828;188107;193828;148354;147733;148354;147733;1326;2005;867;1741;147028;145728;147487;145992;13321;25727;11145;27000;39665;34638;30403;25603;3680;5398;5172;6822;4284;14420;4676;16897;66688;48725;64094;43821;;;;;13234;12164;11800;11687;6156;;2966;3206;;;1525;2860;;3397;;2446;;;561;1366;;;;292;;;182;514;;;575;336;;1259;;549;;;;;;;;774;;;146;246;;;;281;;;;;;;43;86;;;;;;;;;;;;;;;;;;;275;;;;13924;;;;;;;;;;;0;;1206
161;Chemnitz;914;183295;188691;183295;188691;144921;140700;144921;140700;774;1371;692;1121;144147;139329;144229;139579;24128;34958;15988;32616;30868;25801;28001;20713;6554;9934;9579;12680;3314;13934;4524;15781;46401;30502;47112;30089;;;;;14349;15229;17648;15008;2066;;1404;1997;;;1817;2620;;2492;;2097;1511;3997;909;2280;;;;311;;;206;440;845;;803;346;;679;;359;;;;;;;;609;365;;213;296;;;;378;;;;;;;73;90;;;;;;;;;;;;;;;;;556;;441;;13190;;15511;;;;;;;;;;;1803;;869
162;Chemnitzer Umland – Erzgebirgskreis II;914;172020;177211;172020;177211;140055;137423;140055;137423;1873;1664;850;1441;138182;135759;139205;135982;16139;23181;11899;27518;38304;32111;29538;24662;3828;5617;4523;6138;4655;11872;4416;15117;61027;39264;57239;37181;;;;;14229;11330;10864;11166;;6642;2813;4477;;;1606;2527;;2213;;1816;;2724;581;1664;;;;266;;;179;362;;;450;160;;805;;381;;;;;;;;581;;;126;171;;;;708;;;;;;;32;52;;;;;;;;;;;;;;;;;;;392;;;;14547;;;;;;;;;;;0;;1035
163;Erzgebirgskreis I;914;202990;210941;202990;210941;164320;161756;164320;161756;1683;2261;1503;2121;162637;159495;162817;159635;10741;23650;10740;28848;40716;40550;33584;31340;2597;4001;3646;5194;3579;11914;4798;16210;75876;50571;75153;48794;;;;;11121;12787;11360;12078;5544;8210;3780;5079;;;1897;2966;;2313;;1958;;2422;574;1650;;;;323;;;177;397;;;392;248;;;;256;;;;;;;;673;;;102;150;;2069;;1940;;;;;;;53;58;;;;;;;;;;;;;;;;;;;530;;10288;;16031;;;;;;;;;;2175;1008;;1473
164;Zwickau;914;189565;197831;189565;197831;150838;147142;150838;147142;1198;1854;960;1596;149640;145288;149878;145546;14837;24094;13377;30718;35506;30798;31886;27024;3485;5988;4910;7134;4279;13991;4500;15431;59725;37135;60795;36601;;;;;11214;22583;12797;13629;4712;6105;2568;4004;;;1762;3093;;3975;;2720;1772;;832;1483;;;;244;;;159;463;;;498;191;;474;;310;;;;;;;;579;;;88;133;;;;679;;;;;145;;81;92;;;;;;;;;;;;;;;;;458;;369;;13507;;15256;;;;;;;;;;;145;;1018
165;Vogtlandkreis;914;177951;184973;177951;184973;141586;137816;141586;137816;1596;2065;859;1673;139990;135751;140727;136143;13975;26413;12388;30436;37770;37637;30406;26782;4526;6378;4437;6263;3413;11512;4096;13708;60672;36388;57139;34112;;;;;13336;12655;10935;12058;6298;;2346;2155;;;1770;3181;;2339;;2048;;;680;1676;;;;248;;;162;340;;;352;191;;970;;364;;;;;;;;652;;;88;157;;;;779;;;;;;;64;73;;;;;;;;;;;;;;;;;;;309;;;;15555;;;;;;;;;;;1459;;920
914;Sachsen;999;3186780;3253667;3186780;3253667;2584777;2488954;2584777;2488954;22002;29375;15205;26057;2562775;2459579;2569572;2462897;247349;410769;217144;474804;612826;546282;507247;422879;129025;171384;167269;212320;69629;220062;83436;271166;986060;632881;958401;607044;;;;;326830;282800;290462;230012;71775;66591;40139;56654;;;29743;47939;;45593;;38090;12288;37538;13692;31905;;;;6229;;5628;4018;10433;10766;;14741;6674;;10224;;6056;;;;;;1366;;12052;1258;2232;2472;4003;;2546;;7129;;;;;772;1081;1116;1562;;;;;;;;;;;;;;210;;;11666;;7435;;79556;;232257;;;;;;;;;;2975;22392;;15946
;;;;;;;;;;;;;;;;;;;;;;;;;;;;;;;;;;;;;;;;;;;;;;;;;;;;;;;;;;;;;;;;;;;;;;;;;;;;;;;;;;;;;;;;;;;;;;;;;;;;;;;;;;;;;;;;;;;;;;;;;;;;;;;;;;;;;;;;;;
166;Waldeck;906;180475;184073;180475;184073;150082;138130;150082;138130;1642;2140;1370;2087;148440;135990;148712;136043;41883;51613;33995;49064;46166;35734;42777;30392;10559;13581;12718;14775;4863;12062;5921;15288;31701;12536;31360;12899;;;;;8462;4208;9116;4441;4806;3763;2494;2791;;;2154;1946;;1626;;1528;;;657;964;;;;374;;;;452;;;624;223;;;;106;;;;;;;;218;;;119;87;;;;114;;;;;;;38;40;;;;;;;;;;;;;;;;;;;234;;;;6505;;;;;;;;;;;867;;341
167;Kassel;906;214132;218474;214132;218474;175165;162809;175165;162809;2070;2213;1571;1980;173095;160596;173594;160829;47900;57919;38766;51812;42004;32765;38989;28183;24338;27744;25226;30348;4735;12966;6238;16448;28126;11348;27359;12141;;;;;20203;9357;21330;10518;2934;2563;1518;1824;;;2364;2346;;2012;;1854;;2876;856;1673;;;;1159;;;;694;2489;;1276;442;;;;175;;;;;;;;215;;;118;180;;299;;217;;;;;366;244;126;133;;;;;;;;;;;;;;;;;;;236;;;;9192;;;;;;;;;;;503;;467
168;Werra-Meißner – Hersfeld-Rotenburg;906;167770;171886;167770;171886;138607;130905;138607;130905;1639;1865;1419;1879;136968;129040;137188;129026;38010;56383;30447;48579;44173;34527;38984;27867;7357;8032;9948;11595;3326;7135;5252;12807;30926;14204;31857;14899;;;;;7246;3890;8570;4524;3961;3160;2779;2734;;;1744;1776;;1430;;1344;;;593;988;;;;198;;;;343;1367;;959;313;;;;121;;;;;;;;210;;;78;81;;;;204;;;;;;;27;35;;;;;;;;;;;;;;;;;;;208;;;;5742;;;;;;;;;;602;279;;408
169;Schwalm-Eder;906;182420;185944;182420;185944;153589;141494;153589;141494;1871;2240;1548;2323;151718;139254;152041;139171;42943;54792;34063;50100;45647;33443;41679;29913;8705;12360;11875;14089;4329;12234;6171;15422;36357;14380;36110;15047;;;;;7974;3761;8625;4411;5763;4112;3073;3440;;;2271;1996;;1451;;1396;;2024;725;1209;;;;270;;;;504;;;609;215;;;;126;;;;;;;;251;;;92;92;;262;;233;;;;;;;26;15;;;;;;;;;;;;;;;;;;;200;;;;6522;;;;;;;;;;;435;;442
170;Marburg;906;179872;181588;179872;181588;152353;141581;152353;141581;1186;1503;967;1312;151167;140078;151386;140269;45774;51630;31104;42098;44014;36528;39799;31042;13738;18709;19599;22347;3481;9334;5910;14789;27633;12591;27521;12558;;;;;11452;6588;16006;8089;2642;2178;1877;1767;;;1689;1863;;2146;;1828;;;651;1178;;;;497;;;;453;1496;;946;434;;;;291;;;;;;;;177;;;116;133;;;;275;;;;;;;32;23;;;;;;;;;;;;;;;;;;;213;;;;5923;;;;;;;;;;937;374;;427
171;Lahn-Dill;906;203567;206532;203567;206532;166049;153384;166049;153384;1655;2339;1373;1984;164394;151045;164676;151400;39533;49923;31084;44546;56424;45441;49667;37725;11201;13754;14467;16957;4544;12060;6700;17327;37998;15816;37485;17513;;;;;8677;4756;10932;5102;3807;4579;2415;3051;;;2252;2240;;2040;;1946;;2417;1023;1636;;;;720;;;;449;2210;;1179;399;;;;238;;;;;;;;239;;;97;119;;;;524;;;;;;;38;17;;;;;;;;;;;;;;;;;;;273;;;;7064;;;;;;;;;;;259;;652
172;Gießen;906;215142;217514;215142;217514;178656;161919;178656;161919;1718;2144;1408;2217;176938;159775;177248;159702;49204;48514;33234;44046;53851;47283;47076;36201;15276;21249;21926;26109;4906;12109;7410;17106;33541;14496;33917;14836;;;;;12444;6339;17359;8028;5122;4595;3043;3697;;;2194;2301;;1954;;1892;;3003;1080;1818;;;;632;;;;555;2594;;1551;898;;;;251;;;;;;;;216;;;210;211;;;;251;;;;;;;51;34;;;;;;;;;;;;;;;;;;;284;;;;7913;;;;;;;;;;;233;;620
173;Fulda;906;206544;208542;206544;208542;174948;163560;174948;163560;1451;1895;1270;1856;173497;161665;173678;161704;23675;35168;22300;36343;75039;61573;65243;50312;11460;13833;13195;16324;5969;13894;8517;20528;39790;24508;40951;21443;;;;;7262;4648;9093;4447;6093;4442;3943;3136;;;1648;2007;;2619;;2458;1607;;790;1326;;;;399;;;;442;1902;;1263;961;;;;189;;;;;;;;231;;;115;130;;460;;468;;;;;;;22;20;;;;;;;;;;;;;;;;;700;;355;;;;6243;;;;;;;;;;;520;;540
174;Main-Kinzig – Wetterau II – Schotten;906;175443;178307;175443;178307;146914;137070;146914;137070;1610;2186;1287;2033;145304;134884;145627;135037;29795;41160;23747;36943;49611;37118;44471;32685;10738;12691;12824;15009;4755;15098;6775;17046;36231;17586;36171;17079;;;;;7064;4078;8357;4308;4511;4939;2769;3435;;;2200;2579;;2214;;1873;;;793;1255;;;;356;;;;584;1722;;979;452;;;;137;;;;;;;;263;;;101;124;;;;146;;;;;;;37;25;;;;;;;;;;;;;;;;;877;;345;;;;6058;;;;;;;;;;;0;;738
175;Hochtaunus;906;178433;179842;178433;179842;152705;144012;152705;144012;1346;1556;1001;1330;151359;142456;151704;142682;29458;38424;25251;35171;57261;44549;50934;37331;18418;21769;19814;22486;7275;16132;9963;21996;25045;10709;24855;11156;;;;;8108;3772;9353;4441;3299;3369;1828;2246;;;1773;2026;;2347;;1880;;;629;1053;;;;533;;1385;;739;2495;;1292;594;;;;127;;;;;;;;200;;;120;148;;;;113;;;;;;;31;12;;;;;;;;;;;;;;;;;;;216;;;;5645;;;;;;;;;;;0;;430
176;Wetterau I;906;176870;176897;176870;176897;149796;138935;149796;138935;1441;2010;1163;1678;148355;136925;148633;137257;38192;40618;26144;35909;49929;38807;45704;32419;14407;18996;19686;21917;5766;15000;7963;19043;25930;11318;25828;11680;;;;;7726;3904;10598;4905;3830;4238;2377;2812;;;1990;2255;;2411;;1915;;;824;1153;;;;637;;1633;;771;2575;;1425;559;;;;145;;;;;;;;230;;;130;139;;;;114;;;;;;;29;22;;;;;;;;;;;;;;;;;;;221;;;;5714;;;;;;;;;;;0;;632
177;Rheingau-Taunus – Limburg;906;217091;220466;217091;220466;182782;172247;182782;172247;1718;2267;1201;1765;181064;169980;181581;170482;40101;48441;30840;43708;66648;51318;60697;44413;19472;24418;22141;25328;7660;18126;10177;23745;31379;13547;31947;14523;;;;;9026;4563;11453;5395;3890;6103;2174;3466;;;2363;2772;;2671;;2386;;;915;1357;;;;546;;;;661;2888;;1647;830;;;;159;;;;;;;;245;;;147;186;;332;;220;;;;;;;36;24;;;;;;;;;;;;;;;;;;;313;;;;6731;;;;;;;;;;;461;;518
178;Wiesbaden;906;186038;186735;186038;186735;148215;136214;148215;136214;1453;1607;1006;1348;146762;134607;147209;134866;32697;34750;25711;33546;44997;35375;39190;28523;21876;25811;23494;26818;5944;13995;8234;18947;20406;9192;20737;9588;;;;;15408;6652;16939;7128;2317;1602;1244;1411;;;1504;1651;;2327;;1911;;1559;694;1049;;;;1367;;742;;525;3117;1904;1775;1324;;;;139;;;;;;;;152;;472;173;252;;;;112;;;;;;;61;34;;;;;;;;;;;;;;123;;;;;203;;;;7250;;;;;;;;;;;103;;389
179;Hanau;906;175243;176271;175243;176271;143429;131412;143429;131412;1530;2036;1169;1760;141899;129376;142260;129652;35906;40291;26049;35739;45346;36019;40878;29223;12134;15995;15482;18258;5177;13106;7024;17158;27150;13364;27409;13257;;;;;10745;4462;12169;4948;3340;3308;1715;2180;;;2071;2504;;1998;;1549;;;733;1186;;;;1349;;;;555;2101;;1211;535;;;;150;;;;;;;;254;;;116;177;;;;85;;;;;;;45;32;;;;;;;;;;;;;;;;;;;236;;;;7122;;;;;;;;;;;833;;513
180;Main-Taunus;906;193390;195514;193390;195514;165885;157718;165885;157718;1321;1782;1028;1437;164564;155936;164857;156281;29238;35493;25838;34468;65495;51985;57897;42260;23001;26373;23889;26771;8847;20295;12190;26335;21541;10588;21894;10427;;;;;9860;4272;10901;4708;2962;4179;1661;2471;;;1655;2042;;;;1871;;2751;699;1253;;;;1143;;;;510;2691;;1598;1012;;;;163;;;;;;;;209;;;132;154;;;;93;;;;;;;52;31;;;;;;;;;;;;;;;;;929;;418;;;;6033;;;;;;;;;;;0;;360
181;Frankfurt am Main I;906;202372;201216;202372;201216;160179;145010;160179;145010;1547;1507;1159;1247;158632;143503;159020;143763;40832;41604;27189;32499;41232;31163;37384;25915;25756;26922;28697;33821;7418;16369;10541;21361;17067;7909;17092;7846;;;;;20329;12562;24476;10384;1465;2094;856;1184;;;1370;1716;;2052;;1597;1693;;801;1389;;;;2496;;;;645;2517;2685;1892;1734;;;;118;;;;;;;;179;;;156;210;;;;133;;;;;323;143;101;72;;;;;;;;;;;;;;;;;;;192;;;;8273;;;;;;;;;;;0;;464
182;Frankfurt am Main II;906;230870;227207;230870;227207;191532;175004;191532;175004;1467;1752;1100;1353;190065;173252;190432;173651;35101;40431;32751;38777;52010;38995;47445;31660;50207;50230;39455;44370;8773;19766;12531;25530;17449;7990;17794;8188;;;;;18780;10629;25761;11901;1500;2478;963;1512;;;1408;1754;;2547;;1923;1849;;977;1565;;;;1965;;;;686;3201;;2346;2674;;;;128;;;;;;;;190;;;170;190;;;;134;;;;;225;186;67;48;;;;;;;;;;;;;;;;;534;;279;;;;8485;;;;;;;;;;436;0;;456
183;Groß-Gerau;906;172314;174082;172314;174082;140680;129261;140680;129261;1682;1925;1253;1677;138998;127336;139427;127584;40121;42598;27976;37973;42181;35334;37900;27301;11195;14890;15831;18928;4667;10726;6267;14999;22816;10880;23608;11246;;;;;12390;5047;13876;5394;3442;3470;1815;2478;;;1938;2163;;1834;;1462;;2430;812;1387;;;;1998;;;;545;1896;;1076;469;;;;137;;;;;;;;214;;;146;175;;;;157;;;;;290;127;85;81;;;;;;;;;;;;;;;;;;;209;;;;7888;;;;;;;;;;;0;;477
184;Offenbach;906;218352;219511;218352;219511;174373;158052;174373;158052;1846;2331;1408;2238;172527;155721;172965;155814;38384;41035;30178;38799;53821;43347;47974;35754;25416;26229;22646;27062;6606;14828;9360;20625;26300;11851;26232;12098;;;;;17841;7497;19893;7787;4159;3733;1839;2336;;;2220;2242;;2481;;2178;;2029;858;1380;;;;2429;;1157;;849;;1534;1539;1178;;;;128;;;;;;;;225;;;147;163;;;;96;;;;;;;67;26;;;;;;;;;;;;;;;;;;;243;;;;9769;;;;;;;;;;;0;;459
185;Darmstadt;906;239490;240763;239490;240763;202987;188916;202987;188916;1726;2462;1252;1888;201261;186454;201735;187028;42398;51046;37368;49273;53802;42351;48720;34472;43629;44364;38495;41948;6626;17192;9664;22256;27391;11210;27443;12194;;;;;15384;9332;22541;10764;2038;3237;1388;2139;2772;;2246;2626;;3129;;2679;1855;3680;1142;1984;;;;1450;;;;846;5122;;3115;2583;;;;302;;;;;;;;226;;;249;292;;;;351;;;;;244;269;86;107;;;;;;;;;;;;;;;;;;;287;;;;8991;;;;;;;;;;;644;;536
186;Odenwald;906;230672;233901;230672;233901;194831;179830;194831;179830;2207;3020;1617;2704;192624;176810;193214;177126;47730;57172;35036;49518;65470;49367;59338;42857;17327;21630;21756;24694;6825;17110;9540;22433;35564;14963;36237;15983;;;;;11704;5991;13739;6333;5264;5003;2736;3322;;;2982;3213;;3699;;3171;;;1022;1545;;;;846;;;;727;2740;1602;1738;948;;;;202;;;;;;;;289;;;144;155;;;;196;;;;;;;66;57;;;;;;;;;;;;;;;;;;;302;;;;8578;;;;;;;;;;;273;;637
187;Bergstraße;906;195419;197782;195419;197782;164877;153176;164877;153176;1676;1926;1230;1733;163201;151250;163647;151443;34219;41124;28439;41124;59209;46125;51096;37064;14917;20955;18346;21457;6289;16175;8475;20432;33328;14351;32971;14377;;;;;8822;4149;9971;4629;3650;4287;2060;2723;;;2480;3029;;2748;;2465;;;837;1221;;;;533;;;;617;2767;;1502;491;;;;151;;;;;;;;258;;;138;153;;;;176;;;;;;;47;18;;;;;;;;;;;;;;;;;;;273;;;;7012;;;;;;;;;;;1336;;525
906;Hessen;999;4341919;4383047;4341919;4383047;3608634;3340639;3608634;3340639;35802;44706;27800;39829;3572832;3295933;3580834;3300810;843094;1000129;657510;910035;1154330;909147;1033842;753512;411127;480535;451510;521411;128781;315712;180823;421621;633669;285337;636778;290978;;;;;256907;130457;311058;142585;80795;81432;46567;56155;2772;;44516;49047;;47736;;43106;7004;22769;18111;29569;;;;21897;;4917;;13152;47890;7725;31542;19268;;;;3683;;;;;;;;4891;;472;3014;3551;;1353;;4412;;;;;1448;969;1170;906;;;;;;;;;;;;;;123;;;3040;;5740;;;;158653;;;;;;;;;;1975;7120;;11031
;;;;;;;;;;;;;;;;;;;;;;;;;;;;;;;;;;;;;;;;;;;;;;;;;;;;;;;;;;;;;;;;;;;;;;;;;;;;;;;;;;;;;;;;;;;;;;;;;;;;;;;;;;;;;;;;;;;;;;;;;;;;;;;;;;;;;;;;;;
188;Eichsfeld – Nordhausen – Kyffhäuserkreis;916;206544;213593;206544;213593;165873;158017;165873;158017;1355;2041;1160;1852;164518;155976;164713;156165;14361;34589;14094;37879;45728;41974;38445;34804;3000;6019;4429;7334;3815;10622;4885;14099;65033;35349;64146;35028;;;;;19527;16784;21894;15357;;4112;1702;2936;;;;2070;;2173;;2025;;3113;;1696;;;;214;;;;492;;;485;280;;871;;495;;;;;;;;;;;;121;;;;;;;;;342;370;174;257;;;;366;;;;;;;;;;;;;;;374;;12712;;14085;;;;;;;;;;;0;;712
189;Eisenach – Wartburgkreis – Unstrut-Hainich-Kreis;916;201183;207877;201183;207877;159955;152584;159955;152584;1306;2062;1247;1850;158649;150522;158708;150734;18892;36150;14826;37766;35936;34040;31218;27107;3882;5329;4733;7311;2345;8595;4053;12854;61095;37462;64061;37005;;;;;16030;17018;20763;15681;3765;5398;2912;3772;;;;2205;;2963;;2513;;2465;;1621;;;;223;;;;549;;;675;337;;545;;290;;;;;;;;;;;;125;;;;;;;;;338;427;235;296;;;;370;;;;;;;;;;;;;;;379;;12824;;14853;;;;;;;;;;3542;130;;709
190;Jena – Sömmerda – Weimarer Land I;916;194202;198697;194202;198697;161207;154163;161207;154163;1119;1912;926;1588;160088;152251;160281;152575;18734;30673;14496;34195;29661;28170;27799;23869;9587;14656;12157;16709;3655;10686;4921;14070;52003;29578;52020;30263;;;;;31247;25741;29918;19505;3415;6018;2238;3712;;;;2108;;2364;;2349;;3816;;2143;;;;342;;;;859;;;1422;723;;;;217;;;;;;;;;;;;238;;;;;;;;;333;341;239;271;;;;318;;;;;;;;;;;;;;;367;;11453;;14704;;;;;;;;;;;208;;684
191;Gotha – Ilm-Kreis;916;184279;190519;184279;190519;147985;142566;147985;142566;1353;1982;1157;1918;146632;140584;146828;140648;14681;33085;12958;33437;29345;25918;25908;21820;4403;6498;5151;8100;2998;9494;3904;12126;60354;37249;59557;36522;;;;;18753;15579;21965;15454;3236;5622;2449;3810;;;;2168;;2435;;2351;;2783;;1791;;;;297;;;;759;;;698;468;;;;162;;;;;;;;;;;;173;;;;;;;;;;411;178;235;;;;405;;;;;;;;;;;;;;;464;;11660;;13596;;;;;;;;;;1202;1510;;570
192;Erfurt – Weimar – Weimarer Land II;916;214387;217944;214387;217944;175940;166604;175940;166604;1073;1942;1095;1606;174867;164662;174845;164998;13900;40185;18407;39378;28587;28639;30714;23580;5458;19483;15313;21831;3350;12309;5035;15504;46612;27235;46999;26803;;;;;64390;26972;38667;23055;1918;;1760;2162;;;;2777;;4258;;3048;;4932;;2650;;;;465;;;;1203;;;1593;737;;;;298;;;;;;;;;;;;236;;;;;;;;;353;649;276;345;;;;438;;;;;;;;;;;;;;;395;;10299;;15686;;;;;;;;;;;0;;488
193;Gera – Greiz – Altenburger Land;916;220281;229588;220281;229588;173700;168147;173700;168147;1422;2517;1339;2104;172278;165630;172361;166043;18698;36760;13622;36326;34406;33067;30630;27303;3323;6293;4924;7331;3918;14273;5136;16212;77161;48034;74761;46659;;;;;20441;19421;22450;18666;3416;;2276;2433;;;;2903;;2887;;2727;;;;1970;;;;355;;;;706;;;721;369;;;;154;;;;;;;;;;;;176;;;;;;;;;;772;209;475;;;;594;;;;;;;;;;;;;;;567;;10915;;17065;;;;;;;;;;;4123;;684
194;Saalfeld-Rudolstadt – Saale-Holzland-Kreis – Saale-Orla-Kreis;916;211519;219437;211519;219437;172602;166531;172602;166531;1268;2037;1161;1908;171334;164494;171441;164623;14261;30791;12907;35019;35224;34489;30756;27008;4340;6292;5056;7383;3835;12343;4811;15428;76204;48177;73577;46381;;;;;21114;19968;23079;18489;3941;5143;2824;4079;;;;2510;;2852;;2668;;3526;;2283;;;;374;;;;645;;;772;388;;451;;293;;;;;;;;;;;;152;;;;;;;;;;462;176;338;;;;493;;;;;;;;;;;;;;;470;;12415;;17013;;;;;;;;;;;0;;692
195;Suhl – Schmalkalden-Meiningen – Hildburghausen – Sonneberg;916;220067;230071;220067;230071;176212;171108;176212;171108;1352;2146;1229;1983;174860;168962;174983;169125;18315;56791;14605;42446;33940;37729;30595;27923;2829;3615;4334;7221;4205;10686;4547;13990;73608;35887;75406;44572;;;;;18445;14135;21952;18486;6140;4897;4460;4247;;;;2232;;;;2508;;2247;;1859;;;;231;;1313;;1078;;;632;264;;848;;547;;;;;;;;;;;;136;;;;;;;;;312;443;256;353;;;;416;;;;;;;;;;;;;;;438;;14697;;17758;;;;;;;;;;2369;371;;616
916;Thüringen;999;1652462;1707726;1652462;1707726;1333474;1279720;1333474;1279720;10248;16639;9314;14809;1323226;1263081;1324160;1264911;131842;299024;115915;296446;272827;264026;246065;213414;36822;68185;56097;83220;28121;89008;37292;114283;512070;298971;510527;303233;;;;;209947;155618;200688;144693;25831;31190;20621;27151;;;;18973;;19932;;20189;;22882;;16013;;;;2501;;1313;;6291;;;6998;3566;;2715;;2456;;;;;;;;;;;;1357;;;;;;;;;1678;3875;1743;2570;;;;3400;;;;;;;;;;;;;;;3454;;96975;;124760;;;;;;;;;;7113;6342;;5155
;;;;;;;;;;;;;;;;;;;;;;;;;;;;;;;;;;;;;;;;;;;;;;;;;;;;;;;;;;;;;;;;;;;;;;;;;;;;;;;;;;;;;;;;;;;;;;;;;;;;;;;;;;;;;;;;;;;;;;;;;;;;;;;;;;;;;;;;;;
196;Neuwied;907;236097;238118;236097;238118;194324;181837;194324;181837;1931;2058;1220;1544;192393;179779;193104;180293;42314;54320;35679;54018;68501;57430;62296;48338;11921;16559;15674;18930;6858;15931;8488;20751;40365;16810;41999;17504;;;;;9689;5005;11695;5417;4345;8032;3234;5860;;;2374;2546;;2177;;2286;;2776;899;1746;;;;692;;;;701;1955;;1178;540;;;239;245;;;;;;;;;;;;153;;;;;;;;;;;52;31;;;;;;;;;;;;;;;;;;;280;;6445;;9017;;;;;;;;;;;739;;535
197;Ahrweiler;907;191196;195109;191196;195109;159650;148466;159650;148466;1701;1861;962;1379;157949;146605;158688;147087;30537;44325;28429;42303;62011;50281;55289;41942;14413;15553;15725;17685;5283;12124;7563;17484;28335;10823;29074;11322;;;;;8220;3537;9070;3851;5584;6942;3170;4908;;;1769;2021;;1878;;1613;;;685;1208;;;;609;;;;673;2015;;1106;557;831;686;332;331;;;;;;;;;;;;116;;;;;;;;;;;33;26;;;;;;;;;;;;;;;;;720;;306;;;;6137;;;;;;;;;;;456;;438
198;Koblenz;907;189667;193035;189667;193035;155931;147127;155931;147127;1639;1815;980;1224;154292;145312;154951;145903;37659;43416;30233;42817;55097;46073;48758;37958;15001;17980;18026;21007;4703;11179;7405;16371;24836;9753;25417;10426;;;;;9028;4054;11900;4804;5858;7028;2959;4928;;;1673;1818;;1758;;1497;;2354;803;1401;;;;598;;;;725;2110;694;1121;642;;614;208;319;;;;;;;;;;;;137;;;;;;;;;;;62;26;;;;;;;;;;;;;;;;;;;189;;;;6197;;;;;;;;;;;409;;429
199;Mosel/Rhein-Hunsrück;907;168705;171102;168705;171102;142248;134717;142248;134717;2063;2348;1025;1455;140185;132369;141223;133262;27079;35570;25144;38015;53505;45364;49310;38664;10039;12833;10918;12230;7588;15664;7521;16664;27060;10646;27721;11061;;;;;6494;;7408;3725;6009;7609;3669;5820;;;1710;1845;;2334;;1770;;;685;1099;;;;237;;;;506;1282;1124;854;751;1129;976;414;374;;;;;;;;;;;;95;;;;;;;;;;;21;19;;;;;;;;;;;;;;;;;;;254;;;;5594;;;;;;;;;;;249;;387
200;Kreuznach;907;179523;182380;179523;182380;146442;138109;146442;138109;1506;2008;988;1451;144936;136101;145454;136658;38082;44976;29492;44259;46768;39589;44076;33433;7765;9958;11570;12903;4714;9753;6425;15704;30688;12972;32452;13510;;;;;6352;4294;8584;4454;4404;7648;2712;4616;;;1816;2054;;1997;;1930;;1837;621;1182;;;;339;;;;497;1441;771;999;608;;1718;202;537;;;;;;;;;;;;115;;;;;;;;;;;33;30;;;;;;;;;;;;;;;;;;;181;;4722;;6291;;;;;;;;;;;588;;487
201;Bitburg;907;161542;163493;161542;163493;134533;124449;134533;124449;1558;1852;917;1395;132975;122597;133616;123054;27098;33632;22635;34343;53459;46340;48897;37086;7362;8512;10070;11411;4155;9011;6041;13997;22265;7947;23936;8794;;;;;4893;2875;6626;3265;11825;10566;7030;8460;;;1479;1473;;1436;;1434;;1619;580;1038;;;;234;;;;364;1918;;870;409;;659;262;356;;;;;;;;;;;;80;;;;;;;;;;;16;12;;;;;;;;;;;;;;;;;;;191;;;;4983;;;;;;;;;;;0;;298
202;Trier;907;187569;190530;187569;190530;156721;147171;156721;147171;1422;1738;912;1540;155299;145433;155809;145631;46951;47942;31092;44123;47826;40299;47830;34578;12843;18939;19020;22708;6148;10135;7256;16206;22088;8230;24079;9001;;;;;7791;5126;11983;5712;4125;7521;3192;5379;;;1714;2003;;1730;;1678;;2174;821;1507;;;;343;;;;538;1558;967;1434;859;618;657;311;363;;;;;;;;;;;;179;;;;;;;;;;;37;30;;;;;;;;;;;;;;;;;;;199;;5351;;6841;;;;;;;;;;;1713;;424
203;Montabaur;907;209443;210816;209443;210816;174499;164165;174499;164165;2175;2172;1383;1454;172324;161993;173116;162711;40294;50975;31397;49346;61574;48607;56239;43125;10832;14176;14652;16832;5462;15101;7971;19021;35321;14090;36380;14565;;;;;8709;4483;10346;4690;5923;8954;3777;6432;4209;;2477;2424;;2384;;2100;;2887;824;1657;;;;539;;;;588;;;1144;504;;;210;223;;;;;;;;;;;;138;;;;;;;;;;;29;24;;;;;;;;;;;;;;;;;;;303;;;;7367;;;;;;;;;;;336;;503
204;Mainz;907;251074;249630;251074;249630;214618;202670;214618;202670;1926;2669;1385;1382;212692;200001;213233;201288;50411;49878;39496;53889;57966;47153;56648;42659;40617;37319;44047;46183;8024;14408;10914;23178;21665;10360;23043;10833;;;;;19474;24863;23601;9418;3013;4751;2046;3605;;;1772;2025;;2093;;1979;1440;1841;974;1600;;;;1255;;1118;;970;4086;2133;2769;1741;1033;1444;648;1029;;;;;;;;;;486;;320;;;;;;;;;;;50;38;;;;;;;;;;;;;;;;;;;181;;4963;;7044;;;;;;;;;;;2154;;566
205;Worms;907;211986;212943;211986;212943;178184;166636;178184;166636;1929;2491;1482;1814;176255;164145;176702;164822;39042;49748;33740;49656;62290;52827;50920;37548;13996;15949;18870;20799;5171;12966;8242;20095;35866;16043;38744;17033;;;;;8638;5070;11218;5068;3857;5762;2888;4749;;;2282;2612;;3134;;2302;;;789;1214;;;;627;;;;890;2392;1367;1524;926;;726;253;456;;;;;;;;;;;;186;;;;;;;;;;;37;35;;;;;;;;;;;;;;;;;;;249;;4401;;6946;;;;;;;;;;602;553;;626
206;Ludwigshafen/Frankenthal;907;205998;210969;205998;210969;163099;154911;163099;154911;2068;2122;1433;1653;161031;152789;161666;153258;42213;50108;31398;45895;43627;38193;44479;33726;12367;17061;14379;18128;5737;13688;7098;18421;37117;17740;37871;18075;;;;;7794;4648;11037;4651;4621;7411;2871;4789;;;2198;2771;;1947;;1689;;;790;1308;;;;1275;;;;658;1481;;1029;747;;;180;226;;;;;;;;;;;;160;;;;;;;;;;157;45;68;;;;;;;;;;;;;;;;;629;;412;;5445;;7879;;;;;;;;;;;1836;;671
207;Neustadt – Speyer;907;216200;219416;216200;219416;182125;173828;182125;173828;1703;2178;1242;1506;180422;171650;180883;172322;39569;48158;32786;47121;62590;51770;54912;41322;16914;20869;21357;23949;5582;14624;8798;21823;35237;17204;36876;17499;;;;;7122;4535;10079;4880;4894;9698;3500;6380;;;2259;2576;;2722;;2413;;;713;1232;;;;512;;;;577;2511;1268;1655;937;;;221;324;;;;;;;;;;;;178;;;;;;;;;;;28;26;;;;;;;;;;;;;;;;;507;;338;;5496;;7361;;;;;;;;;;;802;;573
208;Kaiserslautern;907;219842;224701;219842;224701;179205;169206;179205;169206;2320;2409;1558;1742;176885;166797;177647;167464;49464;56523;36503;54460;42591;35803;44232;33226;10099;14589;14623;17611;5138;11870;6975;17242;45160;20002;45951;20702;;;;;7396;6753;10771;6383;7385;12225;4699;8042;;3197;2646;3168;;2159;;2055;;2154;795;1641;;;;432;;;;695;1576;801;992;685;;;233;253;;;;;;;;;;;;171;;;;;;;;;;;56;36;;;;;;;;;;;;;;;;;448;;321;;7628;;8850;;;;;;;;;;;721;;662
209;Pirmasens;907;169645;174093;169645;174093;139067;132470;139067;132470;1840;2004;1380;1747;137227;130466;137687;130723;28474;39711;23976;38261;45682;39236;41658;33507;6112;7891;8138;9877;4078;9895;5666;14374;34424;16512;37286;17178;;;;;4924;3678;6594;4207;4632;5990;2903;4935;3840;3271;2888;3325;;1654;;1584;;1999;636;1496;;;;221;;;;489;;466;607;425;;;150;154;;;;;;;;;;;;105;;;;;;;;;;;31;30;;;;;;;;;;;;;;;;;234;;249;;4827;;6905;;;;;;;;;;;163;;555
210;Südpfalz;907;215995;217000;215995;217000;179902;171259;179902;171259;1716;1627;1323;1583;178186;169632;178579;169676;34274;47901;30705;47028;68124;47860;55079;39421;13799;19058;19800;22882;4686;17011;7684;21120;35587;16658;37866;17702;;;;;7114;5222;10955;5598;4097;6388;3363;5493;3060;3019;2485;3098;;2388;;2389;;1923;839;1515;;;;665;;;;659;2084;829;1564;779;;582;276;471;;;;;;;;;;;;151;;;;;;;;;;;41;38;;;;;;;;;;;;;;;;;;;231;;5361;;7691;;;;;;;;;;;793;;667
907;Rheinland-Pfalz;999;3014482;3053335;3014482;3053335;2500548;2357021;2500548;2357021;27497;31352;18190;22869;2473051;2325669;2482358;2334152;573461;697183;462705;685534;831611;686825;760623;576533;204080;247246;256869;293135;83327;193360;114047;272451;476014;205790;498695;215205;;;;;123638;84143;161867;76123;80572;116525;52013;84396;11109;9487;31542;35759;;31791;;28719;1440;21564;11454;20844;;;;8578;;1118;;9530;26409;10420;18846;11110;3611;8062;4139;5661;;;;;;;;;;486;;2284;;;;;;;;;;157;571;469;;;;;;;;;;;;;;;;;2538;;3884;;54639;;105103;;;;;;;;;;602;11512;;7821
;;;;;;;;;;;;;;;;;;;;;;;;;;;;;;;;;;;;;;;;;;;;;;;;;;;;;;;;;;;;;;;;;;;;;;;;;;;;;;;;;;;;;;;;;;;;;;;;;;;;;;;;;;;;;;;;;;;;;;;;;;;;;;;;;;;;;;;;;;
211;Altötting;909;168462;168656;168462;168656;137701;129441;137701;129441;734;880;451;681;136967;128561;137250;128760;11870;14620;11493;18309;;;;;10399;11145;10712;12248;3994;9245;4887;13298;32269;14220;33186;13940;60164;55693;54392;44060;5867;3155;6212;2769;8637;13049;7504;14857;;;1053;1396;1580;3509;800;3003;;;501;872;;;;334;;;;389;;;550;196;2187;2509;843;1302;;;;;;;;165;;;88;94;;;;55;;1416;339;881;;;28;19;;;;;;;;;;;;;;;;;;;101;;;;4561;;;;;;;;;;;0;;573
212;Erding – Ebersberg;909;201029;200569;201029;200569;175164;168337;175164;168337;721;1132;433;734;174443;167205;174731;167603;17609;24205;17632;25693;;;;;23383;24840;22730;24620;6324;13226;8821;20228;27275;11448;28847;12228;80087;70656;70010;55992;6856;3355;8826;3648;7059;12157;7524;13865;;;1416;1900;;2958;600;2857;;;695;1279;;;;481;;;;534;2012;;1220;412;2472;2306;1029;1342;;;;;;;;173;;;128;151;;;;92;;2054;371;1350;;;31;22;;;;;;;;;;;;;;;;;;;142;;;;4709;;;;;;;;;;1366;0;;736
213;Freising;909;238829;237250;238829;237250;204980;194002;204980;194002;913;1237;551;883;204067;192765;204429;193119;23356;25950;20233;29085;;;;;25718;24058;23750;26055;5803;14687;8903;21738;36965;18042;38983;17515;88025;69689;78622;62930;8630;3898;10652;4456;13208;23223;11034;18779;;;1655;1881;2362;4795;951;3388;;2165;868;1385;;;;781;;;;554;;631;1194;543;;3039;1030;1449;;;;;;;;218;;;177;185;;;;86;;1678;369;1068;;;37;19;;;;;;;;;;;;;;;;;;;135;;;;5836;;;;;;;;;;;910;;1004
214;Fürstenfeldbruck;909;230710;231905;230710;231905;199398;192779;199398;192779;799;1489;501;927;198599;191290;198897;191852;29795;36831;23133;31141;;;;;23886;25363;27778;30537;8748;16029;10015;23046;27997;13056;29818;13209;84651;72721;78930;63944;7313;3216;10605;4192;8829;13085;6925;12325;2869;;1638;2388;;5075;649;4102;;2384;783;1274;;;;631;;;;683;2541;1408;1706;863;1970;2122;926;1359;;;;;;;;230;;;148;178;;;;90;;;328;795;;;24;16;;;;;;;;;;;;;;;;;;;150;;;;5341;;;;;;;;;;;0;;849
215;Ingolstadt;909;237848;238384;237848;238384;195987;187395;195987;187395;900;1167;646;856;195087;186228;195341;186539;21556;25954;19813;31592;;;;;14531;18182;18026;20833;3711;10877;7349;19797;39220;17806;41843;18694;91839;83663;78649;64577;7731;4648;9258;4450;9909;15515;9145;15580;2003;;1410;1652;;2969;652;2890;1386;2315;869;1295;;;;643;;;;533;1574;;1034;362;1627;2438;824;1231;;;;;;;;216;;;114;142;;;;98;;1861;302;1111;;;30;31;;;;;;;;;;;;;;;;;;;131;;;;5892;;;;;;;;;;;0;;812
216;München-Nord;909;223701;223683;223701;223683;185631;175551;185631;175551;976;880;484;649;184655;174671;185147;174902;36495;38172;28469;33241;;;;;44708;42319;42291;44861;8536;19477;12394;25953;16684;7591;17688;8250;59875;44854;53509;39986;12123;6216;16785;7044;2700;3969;2195;4396;;2072;1185;1504;;2540;401;2216;;1562;779;1157;;;;1603;;;;488;3010;2410;2285;1555;;1862;563;1143;;;;;;;;141;;;169;218;;;;60;;563;150;409;;60;41;35;;;;;;;;;;;;;;41;;;524;;168;;;;6075;;;;;;;;;;;963;;642
217;München-Ost;909;243744;242591;243744;242591;205040;193958;205040;193958;1037;906;547;687;204003;193052;204493;193271;31546;38243;30960;36106;;;;;49442;42367;45045;47647;8278;18104;12837;27112;18451;8066;19694;8978;74027;61159;63562;49286;12477;4907;17152;7080;3649;5041;2490;5052;;2501;1315;1762;;2432;437;2450;2052;1714;842;1248;;2526;;1724;;;;654;4081;1630;2282;1252;;1930;744;1289;;;;;;;;148;;;183;201;;152;;100;;579;208;473;;;46;35;;;;;;;;;;;;;;51;;;;;134;;;;6562;;;;;;;;;;;1650;;674
218;München-Süd;909;214947;214606;214947;214606;181255;172970;181255;172970;623;841;446;599;180632;172129;180809;172371;26461;33924;28049;33117;;;;;53775;47256;43538;45562;7171;16437;10063;21495;15876;7641;16782;7910;54859;46059;51867;40585;9825;6236;16897;7669;2364;4464;2095;4724;1646;2610;1326;1711;;2668;392;2388;1172;2060;805;1299;;;;1000;;;;608;2787;;2273;1497;;2532;654;1306;;;;;;;;145;;;173;172;;;;83;;;153;357;103;109;53;44;;;;;;;;;;;;;;133;;;;;104;;4593;;5585;;;;;;;;;;;0;;699
219;München-West/Mitte;909;246574;242252;246574;242252;210862;198272;210862;198272;2726;955;395;647;208136;197317;210467;197625;33018;39182;32311;37513;;;;;60243;53174;52707;54303;10329;19153;12553;26401;;7594;18822;8403;72200;53311;60504;45540;12683;6975;18671;8219;6366;5058;2462;5036;3681;3096;1234;1796;;3059;407;2655;2248;1804;861;1403;;;;1161;;;;614;4401;2144;2530;1571;;1557;744;1353;;;;;;;;158;;;171;196;;;;83;;;161;394;;;45;34;;;;;;;;;;;;;;72;;;1675;;162;;;;6122;;;;;;;;;;1292;1138;;792
220;München-Land;909;234884;234912;234884;234912;205548;199333;205548;199333;779;1041;439;723;204769;198292;205109;198610;27306;30237;26648;34189;;;;;40045;40475;35344;36817;8786;18180;12985;28696;22924;9816;24076;10489;88204;77523;80091;64669;8428;3685;10310;4449;6071;7791;4271;7612;3005;2555;1666;2054;;2880;520;2805;;1928;771;1254;;;;808;;;;659;;;1822;910;;2086;766;1332;;;;;;;;173;;;161;196;;;;87;;1136;240;719;;;25;29;;;;;;;;;;;;;;;;;;;147;;;;5266;;;;;;;;;;;0;;663
221;Rosenheim;909;238910;237390;238910;237390;201583;191410;201583;191410;894;1346;598;849;200689;190064;200985;190561;17916;22869;19272;27406;;;;;25196;26183;25026;25962;5724;17682;9374;23049;36813;15764;39378;16570;82023;68670;75533;59126;9152;4091;10140;4607;16037;16869;9473;18261;2711;;1712;1882;2341;9069;1246;6075;;2466;816;1385;;;;488;;;;566;1893;;1008;486;;3698;1001;1633;;;;;;;;198;350;;173;162;;;;129;;2584;481;1737;;;31;17;;;;;;;;;;;;;;119;;;533;;231;;;;6090;;;;;;;;;;;0;;822
222;Bad Tölz-Wolfratshausen – Miesbach;909;165895;166662;165895;166662;141799;136106;141799;136106;653;1765;397;750;141146;134341;141402;135356;10901;15428;12829;18276;;;;;20820;20829;17585;18138;4754;11636;7506;17048;23291;;24274;10835;65481;55501;59236;46304;4694;2643;5716;2908;7226;14146;6312;12531;;;934;1265;;5140;506;2996;;1949;541;918;;;;323;;;;398;1107;;774;308;1270;2077;597;1076;;;;;;;;129;;;62;100;;;;49;1602;4992;540;1197;;;21;26;;;;;;;;;;;;;;;;;;;103;;;;3866;;;;;;;;;;;0;;531
223;Starnberg – Landsberg am Lech;909;215624;214828;215624;214828;188310;180978;188310;180978;764;1158;547;714;187546;179820;187763;180264;24177;23985;21606;28584;;;;;31311;35809;31526;32663;6665;16585;10969;23893;24187;10715;25308;11066;80441;68617;72641;57906;6449;3701;9716;4446;6051;9035;5138;9026;2430;;1456;1775;1520;5365;771;4505;1499;2333;875;1299;;;;442;;;;600;2118;982;1262;688;;1972;762;1293;;;;;;;;199;;;131;128;;;;118;698;;431;847;;;25;12;;;;;;;;;;;;;;;;;;;115;;;;5031;;;;;;;;;;;721;;774
224;Traunstein;909;209020;208815;209020;208815;172572;163876;172572;163876;822;1282;548;817;171750;162594;172024;163059;20845;27644;16925;25190;;;;;14985;17219;17677;19985;3270;12268;5891;15747;30994;12671;34619;14027;80507;59555;66829;51421;6884;3537;7514;3943;10690;18572;11218;21369;;;1450;1619;1796;4115;979;3699;;1857;668;1121;;;;243;;;;413;;;661;265;1779;2372;1002;1417;;;;;;;;149;;;86;112;;;;135;;2160;437;1448;;;28;18;;;;;;;;;;;;;;;;;;;134;;;;5906;;;;;;;;;;;624;;738
225;Weilheim;909;168111;168473;168111;168473;143698;138039;143698;138039;782;1444;368;879;142916;136595;143330;137160;13489;19682;13888;19927;;;;;18128;16300;17099;18397;6356;8553;6760;14311;22169;9686;24239;10873;65409;57179;59686;48178;5698;2718;6870;3124;7936;10100;6334;11462;;;1012;1316;;4301;588;3717;;;663;905;;;;296;;;;375;1400;500;692;339;2331;4205;967;1737;;;;;;;;136;;;82;83;;;;85;;2405;301;1229;;;15;15;;;;;;;;;;;;;;;;;;;102;;;;4032;;;;;;;;;;;966;;655
226;Deggendorf;909;165283;166186;165283;166186;135485;127193;135485;127193;675;691;348;549;134810;126502;135137;126644;12156;19527;10913;19873;;;;;6354;6890;6856;8516;5188;6325;4283;10778;36406;17432;39530;17911;58347;47267;51953;42154;3070;1895;4178;2301;11370;19718;10575;18206;;;764;1059;;1870;284;1599;;905;278;646;;;;175;;459;;333;820;;400;100;;1144;508;750;;;;;;;;90;;;47;63;;;;48;1099;2660;474;1516;;;13;12;;;;;;;;;;;;;;;;;;;89;;;;3992;;;;;;;;;;;410;;514
227;Landshut;909;247907;246854;247907;246854;208132;195589;208132;195589;828;1639;585;823;207304;193950;207547;194766;18800;22468;19631;30931;;;;;17125;21811;18053;20087;6437;22774;7736;20204;42123;19184;46429;19973;70986;70685;75202;64383;7562;3955;9605;4186;38342;20072;19255;23747;2093;3615;1569;2257;;2796;595;2737;;;692;1060;;;;458;;;;559;1072;;830;290;1892;2888;1085;1425;;;;;;;;209;;;128;129;;;;99;872;2241;463;1237;;;33;17;;;;;;;;;;;;;;;;;;;144;;;;6097;;;;;;;;;;;1461;;778
228;Passau;909;176118;177563;176118;177563;144115;136625;144115;136625;595;1145;403;573;143520;135480;143712;136052;20121;28341;13904;23892;;;;;7425;12098;9821;12645;3072;10513;4706;12782;33776;16215;36668;16023;58538;41530;55447;44215;4161;2681;5681;3093;9198;17180;9154;16475;;;873;1233;;1567;300;1485;;1235;355;673;;;;136;;;;351;799;;490;138;2626;3876;1013;1326;;;;;;;;131;;244;71;134;;;;76;;;241;750;;;8;10;;;;;;;;;;;;;;;;;;;74;;3804;;4906;;;;;;;;;;;0;;484
229;Rottal-Inn;909;172941;173632;172941;173632;142709;133885;142709;133885;639;1438;383;639;142070;132447;142326;133246;9947;15794;10899;19108;;;;;7688;10188;7841;9495;2625;10210;4270;12904;32885;16808;37107;16384;49582;46493;54710;45687;4167;1912;4990;2487;32668;22158;14997;19910;;;821;1228;;2385;368;1764;;1106;381;675;;;;183;;;;300;897;;463;156;1611;2647;870;1157;;;;;;;;115;;;62;56;;;;47;;2746;308;1044;;;15;12;;;;;;;;;;;;;;;;;;;73;;;;4151;;;;;;;;;;;0;;534
230;Straubing;909;172522;173772;172522;173772;141540;132955;141540;132955;597;877;416;712;140943;132078;141124;132243;11132;16312;11310;19938;;;;;7241;8613;7466;8964;2715;6895;4279;11603;36673;16794;39114;17402;65291;58487;55428;46742;4394;1936;4934;2468;11139;15115;11136;17869;;;886;1214;;1503;314;1397;;1506;366;892;;570;;275;;;;250;;;355;123;1877;2467;903;1271;;;;;;;;104;;;50;70;;;;41;;1294;293;958;;;17;6;;;;;;;;;;;;;;;;;481;;130;;;;4143;;;;;;;;;;;586;;656
231;Amberg;909;214379;216071;214379;216071;181941;173297;181941;173297;808;1300;615;939;181133;171997;181326;172358;19705;27476;19339;31547;;;;;12177;13908;13966;16191;4698;10213;5971;15067;38359;17822;40014;17958;80626;69278;72672;60430;7316;4158;7980;4095;12883;20855;11333;16332;;;1330;1938;1607;2902;779;2917;;;578;991;;;;253;;;;755;1402;;805;275;1748;3247;794;1298;;;;;;;;221;;;107;121;;;;101;;;344;872;;;32;20;;;;;;;;;;;;;;;;;612;;199;;;;5083;;;;;;;;;;;2138;;976
232;Regensburg;909;250984;248192;250984;248192;212696;198937;212696;198937;729;1225;553;762;211967;197712;212143;198175;27626;32850;23607;34563;;;;;27741;30333;28337;32094;5229;13754;7427;18773;37964;16557;39770;17343;81105;69842;75683;61187;9736;6023;14801;6798;11214;17906;10447;16618;2051;;1411;1884;;2567;531;2526;;2734;731;1485;;;;335;;;;528;2172;;1654;412;1655;2927;858;1419;;;;;;;;178;;;148;196;;;;85;;1745;233;963;;;32;21;;;;;;;;;;;;;;;;;323;;205;;5151;;6268;;;;;;;;;;;474;;767
233;Schwandorf;909;220950;222424;220950;222424;185033;174957;185033;174957;883;1202;522;812;184150;173755;184511;174145;25534;39615;17110;31209;;;;;7516;7934;9173;11179;3432;7341;4927;12650;49695;23142;51973;23508;77717;60924;72445;59430;4914;3043;6052;3394;13591;27381;14478;25114;;;1061;1494;;1846;509;1538;;;423;782;;;;161;;;;368;;;485;181;1231;1747;681;1034;;;;;;;;174;;;78;98;;;;91;;;337;877;;;29;10;;;;;;;;;;;;;;;;;520;;155;;;;4595;;;;;;;;;;;782;;853
234;Weiden;909;162689;165807;162689;165807;136787;132247;136787;132247;641;823;424;891;136146;131424;136363;131356;16294;29573;15930;29461;;;;;6624;6633;7927;9170;4126;6303;4171;9601;31352;13523;33125;14898;59268;50575;55094;46451;5591;2315;5367;2830;9673;9306;8212;12067;;;900;1249;;1458;451;1574;;;345;651;;;;192;;;;345;;;409;148;787;860;419;612;;;;;;;;151;;;61;87;;;;70;;771;310;719;;;21;6;;;;;;;;;;;;;;;;;;;95;;;;3526;;;;;;;;;;2431;10107;;1074
235;Bamberg;909;181281;182586;181281;182586;155529;148660;155529;148660;661;865;471;592;154868;147795;155058;148068;22569;28123;17553;25698;;;;;20762;22728;19476;21898;4709;9821;6095;14336;28891;13279;29980;14284;61044;54726;57362;49463;7914;3625;10111;4676;6174;8708;5463;9184;;;1167;1499;;2361;500;2093;;1627;560;1111;;;;319;;;;514;1797;726;1308;575;1008;1287;460;742;;;;;;;;211;;;120;173;;;;105;;491;171;381;;179;49;50;;;;;;;;;;;;;;;;;;;117;;;;4566;;;;;;;;;;;114;;756
236;Bayreuth;909;159361;162430;159361;162430;134067;129136;134067;129136;602;806;385;606;133465;128330;133682;128530;19031;24840;16403;26584;;;;;10999;14064;13155;15647;3680;9182;4987;12020;25144;10777;26687;11636;59366;54465;51466;43768;6117;2577;7605;3294;6741;7754;5968;8857;;;1043;1306;990;2028;464;1642;;1709;442;988;;;;241;;;;368;1397;;849;321;;934;314;516;;;;;;;;166;;;95;131;;;;142;;;110;269;;;23;13;;;;;;;;;;;;;;;;;;;90;;;;3981;;;;;;;;;;;0;;621
237;Coburg;909;153429;156571;153429;156571;128769;123864;128769;123864;592;921;466;704;128177;122943;128303;123160;18425;32056;18401;31087;;;;;10943;10581;9603;11459;2490;6369;4134;10683;26822;11878;28511;12836;53725;44890;47710;39343;5019;2337;6966;3118;6944;9235;5072;7524;;;1187;1509;;2002;382;1869;;1872;489;1144;;;;256;;;;343;;;703;162;963;1418;450;673;;;;;;;;167;;;103;122;;;;109;;222;120;188;;83;33;43;;;;;;;;;;;;;;;;;;;107;;2846;;4332;;;;;;;;;;;0;;525
238;Hof;909;157915;162872;157915;162872;129424;125334;129424;125334;762;879;422;775;128662;124455;129002;124559;22966;29763;17421;30426;;;;;6391;7941;7802;9628;3160;6493;4031;10552;30614;14705;31308;14560;51926;51312;48966;41308;5789;2651;6857;3004;6181;7202;4773;7955;;;1176;1780;;1498;367;1339;;1969;443;1268;;;;399;;;;374;997;;549;115;;508;236;318;;;;;;;;164;;;81;106;;314;;255;;;130;295;;;21;16;;;;;;;;;;;;;;;;;638;;201;;;;4640;;;;;;;;;;;99;;697
239;Kulmbach;909;165464;168923;165464;168923;141525;137178;141525;137178;760;781;450;671;140765;136397;141075;136507;13210;22103;15327;27009;;;;;9233;10165;10176;11966;2838;6480;4550;11399;30698;14416;32989;15774;69446;65163;56800;49389;5361;2448;6209;2982;8742;10430;7185;10420;;;1133;1548;;1748;440;1718;;1954;539;1199;;;;214;;;;429;1237;;720;207;;871;424;605;;;;;;;;203;;;66;82;;;;126;;619;172;446;;;23;27;;;;;;;;;;;;;;;;;;;127;;;;4195;;;;;;;;;;;0;;764
240;Ansbach;909;241618;243174;241618;243174;203824;192508;203824;192508;1008;1514;636;1022;202816;190994;203188;191486;26718;33819;24616;37642;;;;;18248;21343;19216;22325;5276;13016;6785;16213;43100;18418;43752;19142;84723;73312;75749;63299;9434;3798;10145;4904;10960;16592;9499;14738;;;1679;2218;;5167;801;4052;;;716;1312;;;;408;;2180;;1048;2106;;1140;249;2251;2902;1089;1518;;;;;;;;261;;;122;145;;;;279;;;255;523;;;34;24;;;;;;;;;;;;;;;;;;;188;;;;7402;;;;;;;;;;;447;;1186
241;Erlangen;909;186938;187299;186938;187299;162264;155377;162264;155377;844;946;461;669;161420;154431;161803;154708;28003;32036;22446;30146;;;;;29337;29923;29142;31222;4761;10382;6891;16062;22637;10669;23504;10872;57971;54223;54594;44664;9115;;11552;5817;7023;7888;4129;7081;;;1161;1370;;2619;492;2084;;2578;704;1210;;;;496;;1259;;676;2573;;1380;529;;2080;556;1077;;;;;;;;153;;;170;220;;;;120;;;137;202;;188;50;31;;;;;;;;;;;;;;;;;;;99;;;;4796;;;;;;;;;;;586;;676
242;Fürth;909;248612;250730;248612;250730;208200;197939;208200;197939;1067;1438;706;996;207133;196501;207494;196943;36983;47153;29396;42329;;;;;22502;27111;25804;29778;6095;12883;8087;18765;38344;16858;39100;17692;77512;65876;71313;58976;12638;6221;14099;6946;8042;10340;5951;9669;;;1996;2463;;3750;725;3369;;3090;827;1661;;;;711;;;;826;2280;611;1418;464;2737;1685;801;1002;;;;;;;;238;;416;161;291;;;;208;;507;185;443;;;61;43;;;;;;;;;;;;;;;;;;;174;;;;7396;;;;;;;;;;;0;;1069
243;Nürnberg-Nord;909;187179;188283;187179;188283;151372;145212;151372;145212;878;1006;618;726;150494;144206;150754;144486;26738;31616;23567;30232;;;;;32432;32541;29684;34055;4976;10882;6530;14692;18093;8485;18303;8887;45424;41027;41088;34349;14697;7726;19233;8627;2963;4286;1762;3621;;;1291;1662;;2777;414;2310;1598;;748;1462;;;;887;;1849;;784;2243;856;1584;656;984;1813;488;830;;;;;;;;165;;;158;217;;;;118;;;56;125;346;149;83;56;;;;;;;;;;;;;;;;;;;137;;;;5628;;;;;;;;;;;199;;751
244;Nürnberg-Süd;909;174758;177316;174758;177316;136860;129560;136860;129560;1006;1137;716;847;135854;128423;136144;128713;24213;31098;20814;29195;;;;;14730;15566;15262;17687;3556;8777;4871;11495;27128;13123;26901;12901;48913;44192;43913;38663;10821;5184;11683;4893;3662;5897;2386;4433;;;1506;1846;;2491;422;2279;;;578;1018;;;;1066;;;;741;1865;533;910;353;966;1562;427;710;;;;;;;;189;;;104;139;;;;127;;;86;185;;;68;35;;;;;;;;;;;;;;;;;;;140;;;;6073;;;;;;;;;;;0;;758
245;Roth;909;227696;229279;227696;229279;197152;189675;197152;189675;947;1392;585;945;196205;188283;196567;188730;25561;31806;26325;38786;;;;;24181;25140;23881;26197;5525;12596;7483;16974;33199;14944;35444;16043;84151;71478;74215;60980;9951;5076;10628;4950;8872;16528;7155;12601;;;1819;2401;;4720;656;3696;;2149;754;1322;;;;541;;1696;;1056;1884;;1082;376;1397;1534;658;866;;;;;;;;264;;;110;131;;;;191;;;187;376;;;28;19;;;;;;;;;;;;;;;;;654;;264;;;;5878;;;;;;;;;;830;616;;960
246;Aschaffenburg;909;181144;182652;181144;182652;155293;146772;155293;146772;956;1234;710;1052;154337;145538;154583;145720;19006;24893;19696;30232;;;;;18230;19588;17249;20642;5169;11683;6833;16199;28438;13954;29412;13716;67597;59269;58810;45739;7334;3536;9276;4068;4314;5087;3456;5718;;;1509;1917;;2412;404;2112;;2022;641;1138;;;;608;;;;551;1650;;1181;370;1078;1580;492;805;;;;;;;;210;;;111;139;;;;74;571;516;235;413;;157;70;61;;;;;;;;;;;;;;;;;423;;200;;;;5008;;;;;;;;;;527;841;;1008
247;Bad Kissingen;909;210364;214061;210364;214061;180527;174164;180527;174164;7608;1624;697;1059;172919;172540;179830;173105;25127;32844;17374;30540;;;;;10615;16467;13320;15874;8444;12206;6462;15211;;17130;41432;18434;87357;67458;75101;65063;9957;4475;8259;4820;22323;14102;8048;12639;;;1227;1862;;3783;697;3355;;2438;670;1416;;;;206;;;;558;;;719;236;2216;1266;618;777;;;;;;;;263;;;104;113;;;;143;;;225;476;;;33;20;;;;;;;;;;;;;;;;;6880;;259;;;;5282;;;;;;;;;;;371;;1099
248;Main-Spessart;909;192185;194408;192185;194408;165463;158133;165463;158133;924;1348;577;1066;164539;156785;164886;157067;25806;33700;20553;32771;;;;;13740;15813;14691;17806;3802;9514;5867;14151;29752;12576;31844;13918;74896;60489;67784;54097;6784;4070;8072;3685;8328;15774;6239;10496;;;1424;2042;;3195;589;2895;;;601;1157;;;;528;;;;487;;;971;322;1431;1414;551;772;;;;;;;;240;;;92;98;;;;129;;;161;379;;;29;31;;;;;;;;;;;;;;;;;;;220;;;;5198;;;;;;;;;;;240;;1063
249;Schweinfurt;909;194125;196710;194125;196710;163446;157357;163446;157357;949;1554;601;1005;162497;155803;162845;156352;21834;29037;18706;30482;;;;;12894;14747;14828;17085;3992;12408;5823;15039;33832;15468;34404;15687;70455;63697;64166;54441;7606;6552;8468;4928;7823;7761;6342;9119;;;1374;1817;;2758;681;2470;;;617;1137;;;;510;;;;574;1559;;955;309;1383;1229;561;657;;;;;;;;191;;;111;123;;;;115;921;863;333;523;198;167;56;52;;;;;;;;;;;;;;;;;;;123;;;;5297;;;;;;;;;;;1116;;1093
250;Würzburg;909;222633;224907;222633;224907;192406;185659;192406;185659;990;2155;537;957;191416;183504;191869;184702;26349;33125;25841;37079;;;;;36587;36295;31495;35634;8012;19414;8366;19230;24817;;25951;12220;74917;67651;68679;55957;9766;7522;15737;7027;5704;9440;4435;6871;;;1500;2091;2083;4898;753;2310;;;715;1431;;;;433;;;;665;3181;;1932;676;;2501;618;1098;;;;;;;;233;;774;176;307;;;;125;;;155;279;;;29;27;;;;;;;;;;;;;;;;;;;158;;;;5329;;;;;;;;;;;1884;;1009
251;Augsburg-Stadt;909;186448;187164;186448;187164;148097;137597;148097;137597;798;912;542;776;147299;136685;147555;136821;20701;24843;19791;26332;;;;;30320;29348;24310;27142;4139;11579;6076;15265;25488;11739;25826;12120;45742;37239;41916;33772;10966;6716;15568;6532;5463;5420;3359;5329;;;1189;1441;1434;3033;676;2795;;2228;931;1574;;;;712;;;;516;1725;659;1021;562;1078;1515;558;856;;;;;;;;158;;;138;162;;;;102;;569;153;408;243;159;94;92;;;;;;;;;;;;;;;;;;;119;;;;5830;;;;;;;;;;;1638;;951
252;Augsburg-Land;909;232095;231978;232095;231978;199564;189816;199564;189816;948;1492;606;996;198616;188324;198958;188820;25217;28108;21263;31693;;;;;18278;23359;21839;24561;5509;14379;7946;20767;37563;18069;38629;18010;88388;75875;79060;62299;7842;3531;9555;4042;10256;17269;9327;14931;;;1446;2043;1969;4306;1001;3849;;167;792;1235;;;;562;;;;559;1477;38;777;386;2117;2850;866;1281;;;;;;;;220;;;120;144;;;;177;;76;300;856;;7;43;48;;;;;;;;;;;;;;;;;;;140;;;;5854;;;;;;;;;;;290;;1157
253;Donau-Ries;909;192393;192451;192393;192451;163283;154277;163283;154277;639;1077;524;805;162644;153200;162759;153472;19720;29501;15226;25344;;;;;9398;10833;11853;14619;3895;9724;6071;15325;34916;15499;36829;16872;73296;62953;67118;54006;5536;2990;6249;2804;9972;14443;10291;14651;;;1210;1463;1411;3802;911;3356;;;504;876;;;;262;;;;612;;;520;201;965;1399;576;859;;;;;;;;183;;;82;78;;;;118;;;222;632;;;20;14;;;;;;;;;;;;;;;;;;;109;;3535;;4968;;;;;;;;;;;2056;;1197
254;Neu-Ulm;909;215191;214619;215191;214619;178435;166513;178435;166513;1043;1321;644;1009;177392;165192;177791;165504;18762;27471;19105;29232;;;;;14869;18859;15921;18880;5121;12809;7349;19447;41999;19598;41290;19350;75359;61066;65850;51592;8006;3169;9318;4041;6162;11288;6688;11112;3014;3629;1914;2466;1422;3014;737;2778;;;695;1117;;;;880;;1567;;857;1755;859;1041;501;;1455;582;965;;;;;;;;230;263;;149;152;;;;198;;;280;592;;;38;20;;;;;;;;;;;;;;;;;660;;280;;;;6554;;;;;;;;;;;408;;1094
255;Memmingen – Unterallgäu;909;159653;158711;159653;158711;134558;126025;134558;126025;957;1007;414;637;133601;125018;134144;125388;12674;15977;12138;18633;;;;;10821;13902;11191;13216;3938;9896;5529;14106;30371;14771;31392;14492;58479;46914;52442;40140;6212;2749;5955;2787;11106;12430;7307;12124;;351;1006;1386;;4240;722;3419;;919;550;796;;;;344;;140;;422;;41;537;218;;2306;840;1457;;;;;;;;150;;;90;113;;;;234;;;235;538;;;23;11;;;;;;;;;;;;;;;;;;;126;;;;4061;;;;;;;;;;;382;;802
256;Oberallgäu;909;228068;228803;228068;228803;191695;181755;191695;181755;987;1617;714;1014;190708;180138;190981;180741;16065;28401;20116;29910;;;;;23668;27817;23601;27393;8113;23604;8217;20953;31804;14473;33443;14350;70226;53566;72526;55017;7461;4911;10015;5043;16475;16181;9774;14970;2978;;1824;1959;;5508;1225;5209;;2269;891;1371;;;;476;;;;515;2205;;1410;357;1560;2233;989;1253;;;;;;;;184;;;110;136;;;;186;;;280;519;;;45;15;;;;;;;;;;;;;;;;;;;191;;;;6324;;;;;;;;;;10153;1175;;925
257;Ostallgäu;909;161048;160260;161048;160260;136838;128337;136838;128337;913;975;421;643;135925;127362;136417;127694;13508;15108;12693;19969;;;;;14096;15677;13662;16147;3529;9240;5197;13533;26633;11676;27513;11732;61899;51276;54705;41319;6102;4767;6463;3194;10158;11537;7524;11624;;;1011;1365;;4677;754;3706;;1421;659;984;;;;444;;;;533;;;780;219;;1528;630;933;;;;;;;;130;;;95;95;;;;185;;;276;791;;;19;17;;;;;;;;;;;;;;;;;;;145;;;;4291;;;;;;;;;;;455;;774
909;Bayern;999;9481659;9517664;9481659;9517664;7996557;7608980;7996557;7608980;47357;55864;24503;37667;7949200;7553116;7972054;7571313;1016841;1316303;920675;1361242;;;;;969735;1023735;957435;1067830;246700;579804;333257;798591;1384631;634098;1515731;679915;3272064;2788048;2964028;2402827;366149;187530;456935;210838;461198;587357;345840;566880;28481;20429;61869;80911;20515;156556;28843;131988;9955;60435;30552;53876;;3096;;24629;;9150;;25865;66017;14028;50671;21434;49197;96378;33367;51124;;;;;;;;8524;613;1434;5466;6689;;466;;5574;5763;36748;12278;32790;890;1258;1652;1251;;;;;;;;;;;;;;416;;;13923;;6937;;19929;;246518;;;;;;;;;;16599;35847;;38535
;;;;;;;;;;;;;;;;;;;;;;;;;;;;;;;;;;;;;;;;;;;;;;;;;;;;;;;;;;;;;;;;;;;;;;;;;;;;;;;;;;;;;;;;;;;;;;;;;;;;;;;;;;;;;;;;;;;;;;;;;;;;;;;;;;;;;;;;;;
258;Stuttgart I;908;188918;191811;188918;191811;162105;157514;162105;157514;910;832;412;676;161195;156682;161693;156838;25231;20012;24129;31003;45662;36605;42314;31536;45667;62594;40878;44559;9327;16504;11759;26036;13843;6295;14421;6591;;;;;14203;6447;17530;8127;1981;1281;878;1088;;1528;828;1271;;1985;307;1821;1572;1684;687;1315;;;;706;;;;594;3426;877;2058;910;;;260;344;;;;;;;;69;;256;;207;;;133;169;;;;;283;125;94;88;;;;;;;;;;;;;;34;;;;;111;;;;5306;;;;;;;;;;;455;;404
259;Stuttgart II;908;174909;178958;174909;178958;139575;133588;139575;133588;1072;1124;626;892;138503;132464;138949;132696;22057;27224;22569;30198;42061;34312;37213;28403;29438;31446;24215;28221;5789;14678;8087;20273;20166;9603;19979;9541;;;;;12414;6294;15095;6739;1790;1833;975;1206;;1763;987;1368;;1778;351;1589;1657;1674;692;1216;;;;1446;;;;571;2200;732;1423;589;;;218;293;;;;;;;;97;;220;;163;;;138;153;;;;;344;189;145;142;;;;;;;;;;;;;;28;;;;;117;;;;6745;;;;;;;;;;587;690;;488
260;Böblingen;908;243100;245553;243100;245553;204946;195335;204946;195335;1364;1541;926;1221;203582;193794;204020;194114;34198;40844;29383;39955;76033;57504;67755;50675;27409;30211;28451;32594;12438;32184;14311;35082;34826;16175;35769;16810;;;;;9936;4548;12167;5141;6046;4790;2981;3306;;;1372;1767;;2856;456;2593;;1815;778;1447;;;;1267;;;;691;1826;665;1323;654;;783;328;442;;;;;;;;183;;;;197;;;421;471;;;;;280;170;109;97;;;;;;;;;;;;;;;;;;;223;;;;8193;;;;;;;;;;590;1249;;742
261;Esslingen;908;165367;166628;165367;166628;139386;131888;139386;131888;778;868;584;767;138608;131020;138802;131121;22446;28501;21535;29852;51329;41976;45133;33175;21500;24058;20809;23902;6021;16011;7967;20901;21754;9123;22298;9733;;;;;9177;3477;9942;4063;3479;2844;1877;1969;;;1124;1457;1104;2256;493;1928;;1758;571;1113;;;;943;;;;395;1798;504;1098;366;;;223;329;;;;;;;;161;;306;;186;;;153;185;;;;;;206;83;95;;;;;;;;;;;;;;;;;;;137;;;;5359;;;;;;;;;;;0;;368
262;Nürtingen;908;203455;205967;203455;205967;173192;165777;173192;165777;1057;1302;761;1207;172135;164475;172431;164570;28298;34617;24364;33995;64951;49506;58091;42826;24795;29619;23393;27702;9105;22765;11503;28807;30579;13597;31028;14327;;;;;9264;3970;9952;4357;5143;3948;2660;2704;;;1466;1898;;3417;697;2773;;2428;769;1442;;;;890;;;;576;;;1180;325;;;314;384;;;;;;;;182;;;;139;;;339;467;;;;;;95;58;55;;;;;;;;;;;;;;;;;;;171;;;;6446;;;;;;;;;;;513;;721
263;Göppingen;908;174712;177107;174712;177107;143877;135606;143877;135606;1193;1599;832;1183;142684;134007;143045;134423;24232;31824;20544;31422;52947;41558;47872;35079;13239;15932;13447;16916;5839;16481;7925;21723;32264;15818;33280;15412;;;;;6812;2958;7796;3338;4449;4394;2137;2525;;;1229;1660;1653;2839;729;2340;;2033;604;1176;;;;685;;;;504;1072;;676;336;;;256;293;;;;;;;;161;;;;85;;;169;158;;;;;177;170;68;59;;;;;;;;;;;;;;;;;;;153;;;;6160;;;;;;;;;;;0;;551
264;Waiblingen;908;219692;221775;219692;221775;184918;175841;184918;175841;1177;1434;819;1092;183741;174407;184099;174749;31595;39642;26985;37753;69225;50566;61352;44987;22702;26224;23496;27098;10519;27123;12485;30999;33168;15196;34225;15474;;;;;9726;4464;10731;5001;4714;3280;2350;2452;;;1686;1958;2092;4257;890;3477;;2381;709;1495;;;;768;;;;902;;658;1161;454;;;329;473;;;;;;;;178;;;;166;;;372;402;;;;;;156;80;77;;;;;;;;;;;;;;;;;;;215;;;;7033;;;;;;;;;;;460;;635
265;Ludwigsburg;908;212465;215312;212465;215312;179881;171843;179881;171843;1075;1300;715;1001;178806;170543;179166;170842;27111;31409;27032;37284;65326;50297;57436;42297;28680;34663;26654;31433;9149;23891;11468;27611;30176;14392;30246;14313;;;;;11154;4886;12303;5275;3175;3803;2125;2765;;;1314;1743;1467;2960;648;2514;;2114;711;1462;;;;1120;;;;615;1762;684;1317;526;806;929;360;554;;;;;;;;136;;;;183;;;228;293;;;;;;;61;82;;;;;;;;;;;;;;;;;;;167;;;;7096;;;;;;;;;;;515;;636
266;Neckar-Zaber;908;228598;230738;228598;230738;195890;186673;195890;186673;1266;1622;873;1237;194624;185051;195017;185436;29184;41708;28171;41369;76390;56249;64632;46315;22572;29015;23637;29048;7695;22792;12296;30783;37967;18478;39634;18702;;;;;9925;4357;10386;4851;5081;4218;2854;3248;;;1636;2054;2043;3655;1003;3078;;2601;806;1719;;;;809;;;;619;2775;;1471;561;992;1058;459;592;;;;;;;;223;;;;174;;;329;384;;;;;;;61;30;;;;;;;;;;;;;;;;;;;193;;;;7449;;;;;;;;;;;920;;877
267;Heilbronn;908;238592;240951;238592;240951;194676;182804;194676;182804;1675;1863;1219;1749;193001;180941;193457;181055;29914;43887;27713;40961;67516;50299;56937;43325;16637;23018;18307;23476;9852;24748;12028;29386;48360;23093;49241;23828;;;;;11484;4237;11921;5137;4328;4595;2649;3278;;;1978;2076;1915;3354;1003;2857;;2988;927;2041;;;;1145;;;;606;1997;;1241;529;;;369;527;;;;;;;;250;;497;;272;;;359;437;;;;;314;225;86;106;;;;;;;;;;;;;;;;;684;;257;;;;8441;;;;;;;;;;;0;;818
268;Schwäbisch Hall – Hohenlohe;908;224446;225874;224446;225874;186108;172687;186108;172687;1414;1561;1091;1457;184694;171126;185017;171230;27499;33568;24445;37272;67218;54894;58817;41947;18528;25825;18083;22734;8307;19941;10582;27850;44363;20579;46424;21787;;;;;8902;4090;9845;4980;4614;3460;2862;2941;;;1525;1977;2067;4923;1116;4005;1719;2425;896;1672;;;;419;;;;608;1477;;1105;453;;1239;460;716;;;;;;;;242;;;;144;;;529;650;;;;;;182;70;67;;;;;;;;;;;;;;;;;;;266;;;;7992;;;;;;;;;;;0;;766
269;Backnang – Schwäbisch Gmünd;908;175503;177062;175503;177062;146415;136436;146415;136436;1266;1435;724;1012;145149;135001;145691;135424;23870;32904;20169;29341;53064;41176;47449;34991;15499;15587;15531;18579;5844;16198;7846;21397;33940;15802;33901;15979;;;;;7486;3929;8424;3927;3174;3286;1733;2026;;;1251;1646;;3673;568;3114;2041;2308;812;1485;;;;477;;;;576;;;795;271;;;287;338;;;;;;;;178;;;;124;;;348;370;;;;;231;138;60;70;;;;;;;;;;;;;;;;;;;198;;;;6319;;;;;;;;;;;0;;535
270;Aalen – Heidenheim;908;217574;220686;217574;220686;180563;168655;180563;168655;1735;1722;999;1410;178828;166933;179564;167245;25137;36501;25289;39468;74010;61832;62272;45852;14872;20364;16827;21226;6425;15708;8746;24562;41337;16988;41367;17937;;;;;8987;3905;9696;4538;4984;4477;2930;3610;;;1362;1770;;4114;581;3375;;2313;699;1469;;;;644;;;;556;1878;542;920;417;;;334;439;;;;;;;;210;;;;141;;;219;274;;;;;;189;68;87;;;;;;;;;;;;;;;;;1198;;331;;;;7923;;;;;;;;;;;0;;670
271;Karlsruhe-Stadt;908;202812;205608;202812;205608;168556;159591;168556;159591;1126;1350;711;1123;167430;158241;167845;158468;25553;33630;26164;33828;39597;30921;37645;27998;51306;47473;40424;44011;6399;15793;8658;20615;22986;10811;22678;10774;;;;;13353;7956;18800;8910;2015;1723;993;1438;;;1393;1608;;3152;352;2863;1945;2811;1020;1851;;;;785;;;;622;4021;1547;2745;1313;;605;223;385;;;;;;;;138;;749;;463;;452;269;322;;;;;255;162;95;89;;;;;;;;;;;;;;;;;;;139;;;;6247;;;;;;;;;;;456;;455
272;Karlsruhe-Land;908;207276;209147;207276;209147;176259;167946;176259;167946;1482;1687;854;1313;174777;166259;175405;166633;26153;37948;26361;38474;68439;50581;58133;42831;22739;27755;23377;26969;7330;19066;9723;24660;32293;14963;33394;15869;;;;;8839;4040;9790;4483;4589;4358;2329;3001;;;1774;2287;;3505;458;2991;2084;2437;889;1478;;;;569;;;;525;2311;;1524;532;;562;255;330;;;;;;;;197;;496;;245;;;409;548;;;;;;;50;26;;;;;;;;;;;;;;;;;;;178;;;;6761;;;;;;;;;;;548;;618
273;Rastatt;908;200964;204890;200964;204890;163973;155331;163973;155331;1516;1736;1037;1531;162457;153595;162936;153800;24569;34847;23553;36442;63116;50988;54348;41495;18274;19962;17673;21926;5727;17764;8032;21250;36075;16455;36771;16333;;;;;7608;4212;8737;4280;5411;4477;2610;3000;;;1614;2026;1677;3557;713;3272;;;661;1099;;;;453;;;;546;;772;1021;492;;;205;199;;;;;;;;187;;;;132;;;143;101;;;;;;;35;25;;;;;;;;;;;;;;;;;;;139;;;;6681;;;;;;;;;;;561;;542
274;Heidelberg;908;218284;218431;218284;218431;186493;177868;186493;177868;1109;1231;752;1064;185384;176637;185741;176804;29464;35602;31556;40275;54060;42582;48787;36783;51423;53288;40599;45314;6767;15906;10535;23240;22182;10823;22414;10821;;;;;13225;6987;18830;8624;2566;2839;1377;2011;;;1323;1761;;2976;318;2466;2271;2151;913;1470;;;;624;;;;486;3251;1680;2100;1256;;;221;367;;;;;;;;186;;592;;379;;;171;184;;;;;175;141;52;65;;;;;;;;;;;;;;;;;;;157;;;;6388;;;;;;;;;;;1070;;492
275;Mannheim;908;195336;196863;195336;196863;153146;142132;153146;142132;1225;1350;869;1165;151921;140782;152277;140967;34137;37102;27687;35651;37566;27986;35227;25682;27493;31723;24376;29814;6391;14879;7839;18515;27170;13773;26735;12846;;;;;12117;6811;17211;7066;2626;3205;1128;1871;2759;;1762;2178;;2276;310;1845;1441;1933;820;1471;;;;1212;;;;529;;;1491;844;;500;168;241;;;;;;;;216;;;;200;;;169;146;;;;;221;184;82;81;;;;;;;;;;;;;;;;;;;122;;;;7150;;;;;;;;;;;410;;559
276;Odenwald – Tauber;908;206482;209418;206482;209418;171415;162058;171415;162058;1515;1806;1072;1564;169900;160252;170343;160494;24015;33083;22572;35578;72800;57391;61954;48866;13334;17695;14284;17748;5336;15549;8158;20943;39075;19374;40150;19208;;;;;7689;3722;8333;4084;5759;7329;3243;4701;;;1476;1911;1892;3473;698;2724;;2636;700;1563;;;;345;;;;510;;;778;388;;;437;590;;;;;;;;260;;;;127;;;235;270;;;;;;;31;23;;;;;;;;;;;;;;;;;;;196;;;;7098;;;;;;;;;;;0;;655
277;Rhein-Neckar;908;195510;196882;195510;196882;163898;154085;163898;154085;1419;1588;884;1403;162479;152497;163014;152682;33082;41205;25578;35847;55930;43487;50682;38871;17909;22696;20052;24072;7029;17769;9195;21941;33086;15296;33687;15701;;;;;8276;4006;10195;4320;4754;3979;2214;2620;;;1538;2033;;3238;422;2436;;;740;1362;;;;614;;;;546;2413;;1437;681;;;222;275;;;;;;;;234;;;;134;;;288;363;;;;;;;35;33;;;;;;;;;;;;;;;;;;;180;;;;6549;;;;;;;;;;;821;;599
278;Bruchsal – Schwetzingen;908;194216;195755;194216;195755;162421;152231;162421;152231;1622;2028;950;1455;160799;150203;161471;150776;26254;32836;23196;34434;58113;44465;51893;38866;17251;22154;17639;20858;6699;17635;8469;21978;35749;17352;36181;17462;;;;;8294;3854;9276;4125;5673;5054;2549;3258;;;2053;2726;;2878;497;2416;;2553;797;1527;;;;680;;;;457;2766;;1263;544;;;218;217;;;;;;;;257;;;;160;;;182;198;;;;;;;35;20;;;;;;;;;;;;;;;;;;;208;;;;7015;;;;;;;;;;;1422;;593
279;Pforzheim;908;212982;217126;212982;217126;174321;163982;174321;163982;2289;1441;980;1365;172032;162541;173341;162617;36222;33957;22824;34262;63762;46291;52835;39324;;20679;18237;21213;9382;20632;10769;26504;46265;22943;43959;22028;;;;;11023;3772;9320;4342;;4407;1988;2914;;3963;2042;3276;;2555;526;2428;;2270;705;1532;;;;710;;;;561;5378;;1343;617;;;263;318;;;;;;;;206;;;;177;;;589;819;;;;;;;51;62;;;;;;;;;;;;;;;;;;;229;;;;7661;;;;;;;;;;;1072;;1324
280;Calw;908;197556;199092;197556;199092;163682;152863;163682;152863;1274;1350;860;1275;162408;151513;162822;151588;20945;26111;19875;28571;63399;51208;55074;42841;13187;17712;14354;17301;6838;22685;9671;26770;39325;18668;41611;19473;;;;;6312;2998;7649;3656;5812;4202;2670;3076;2425;2749;1520;2232;;3083;536;2992;;1526;505;1155;;;;529;;;;477;1526;;898;253;;;318;451;;;;;;;;189;;;;116;2021;;1323;795;;;;;;;28;29;;;;;;;;;;;;;;;;;618;;263;;;;6527;;;;;;;;;;;571;;682
281;Freiburg;908;228338;224392;228338;224392;196067;180976;196067;180976;1304;1207;797;1103;194763;179769;195270;179873;30486;47198;29933;38183;47806;37111;43345;31296;63281;51777;51967;56861;5541;13835;8284;19145;20008;8107;20285;8854;;;;;19518;9604;27165;12429;2574;2769;1400;1821;;;1649;2092;;4115;463;3779;1842;2730;903;1719;;;;610;;;;475;3469;1043;2139;801;;;374;571;;;;;;;;145;;561;;280;;;275;281;;;;;238;134;74;74;;;;;;;;;;;;;;;;;;;156;;;;6858;;;;;;;;;;;785;;457
282;Lörrach – Müllheim;908;229946;231076;229946;231076;187809;174064;187809;174064;1440;1720;1023;1495;186369;172344;186786;172569;32290;37496;29802;41834;61900;43509;54617;38501;29239;35558;28451;32817;5810;24430;9156;24669;32848;13981;33961;14195;;;;;11325;4580;12651;5532;10174;3530;3622;2784;;;2006;2479;;4799;601;4136;;2586;919;1698;;;;676;;1009;;734;2783;;1531;454;;;351;357;;;;;;;;228;;;;146;;;508;592;;;;;;168;66;73;;;;;;;;;;;;;;;;;;;198;;;;8346;;;;;;;;;;;698;;664
283;Emmendingen – Lahr;908;218790;218872;218790;218872;182311;168004;182311;168004;1439;1349;993;1432;180872;166655;181318;166572;40204;46316;28150;39727;66984;46406;58425;41323;18328;23345;23992;28724;5695;16620;8497;22136;34282;14396;35309;14971;;;;;8504;4921;10679;5209;6875;3963;3352;3146;;3601;2073;3122;;3325;509;3147;;1980;880;1514;;;;477;;;;568;;623;1228;553;;1159;391;676;;;;;;;;181;;;;120;;;284;332;;;;;;;44;22;;;;;;;;;;;;;;;;;;;193;;;;7312;;;;;;;;;;;0;;624
284;Offenburg;908;204805;205893;204805;205893;167833;156776;167833;156776;1648;1623;1031;1576;166185;155153;166802;155200;21575;29003;22192;33043;63492;54148;56001;40210;20482;21717;18504;23083;7406;16692;8781;22799;34411;13876;36363;15320;;;;;8993;4254;9490;4423;7685;5881;3183;3729;;;1563;2290;;6955;719;5471;;2627;683;1465;;;;867;;;;580;2141;;1164;441;;;261;288;;;;;;;;221;;;;139;;;183;173;;;;;;;29;19;;;;;;;;;;;;;;;;;;;153;;;;7533;;;;;;;;;;;0;;639
285;Rottweil – Tuttlingen;908;196201;198182;196201;198182;161387;149664;161387;149664;1559;1826;1121;1851;159828;147838;160266;147813;17697;23989;17307;27523;62245;46535;55063;40818;12461;18184;12443;16036;8719;24784;9737;26768;44002;20293;43401;19747;;;;;7147;3177;7541;3320;4794;3733;2350;2726;;;1504;1965;;5058;632;4135;;;637;973;;;;644;;;;549;2763;;1265;371;;1541;522;827;;;;;;;;216;;544;;243;;;356;299;;;;;;;30;12;;;;;;;;;;;;;;;;;;;229;;;;7249;;;;;;;;;;;0;;641
286;Schwarzwald-Baar;908;160376;162800;160376;162800;131135;122862;131135;122862;1057;1370;899;1340;130078;121492;130236;121522;19396;21996;16814;25814;55044;44188;44338;32309;9979;14692;12895;16181;4524;16747;6874;19696;29143;12795;30953;13097;;;;;5295;2757;6591;3062;2933;3306;2066;2390;;;1243;1602;;4871;481;3819;;;502;843;;;;416;;;;442;1500;;929;357;;;234;276;;;;;;;;189;;;;107;;;285;292;;;;;;140;47;58;;;;;;;;;;;;;;;;;;;167;;;;5817;;;;;;;;;;2264;0;;572
287;Konstanz;908;207094;206009;207094;206009;170740;157563;170740;157563;1166;1277;789;1163;169574;156286;169951;156400;26451;31486;22599;32657;63922;53362;51163;36209;25390;28142;28615;32913;7363;17047;9820;23509;29587;13487;31136;13341;;;;;9987;5591;12660;5804;3341;2809;1929;2204;;;1349;1928;;;466;3022;;2838;872;1643;;;;401;;;;546;2911;;1691;570;;945;301;463;;;;;;;;141;;;;164;;;219;221;;;;;;;48;33;;;;;;;;;;;;;;;;;;;148;;;;6935;;;;;;;;;;622;579;;631
288;Waldshut;908;176262;177275;176262;177275;145383;136195;145383;136195;978;1318;712;1173;144405;134877;144671;135022;26958;34449;20751;30782;54467;45335;48696;35595;16809;20679;19776;23294;5169;10217;7212;18422;26710;11420;27607;11265;;;;;6839;3606;8199;3895;4321;3482;2414;2534;;;1203;1732;1372;3975;625;3634;;;540;894;;;;391;;;;471;1760;819;1184;656;;895;286;469;;;;;;;;155;;;;102;;;220;216;;;;;;;41;34;;;;;;;;;;;;;;;;;;;165;;;;5752;;;;;;;;;;;0;;481
289;Reutlingen;908;197827;199189;197827;199189;165466;153820;165466;153820;1264;1343;812;1245;164202;152477;164654;152575;22440;27236;21625;31535;63189;49631;53652;39504;20868;25399;20122;24197;9115;20411;10604;25288;32479;15356;34596;15652;;;;;9118;6169;9970;5081;4649;3139;2127;2434;;;1310;1700;;2747;443;2442;2054;2211;766;1239;;;;689;;;;552;;;994;451;;;269;329;;;;;;;;180;;;;176;;;363;445;;;;;290;178;73;79;;;;;;;;;;;;;;;;;;;195;;;;7545;;;;;;;;;;;0;;602
290;Tübingen;908;199799;198791;199799;198791;172184;160835;172184;160835;1167;1207;702;1054;171017;159628;171482;159781;22149;28982;23910;32576;54252;43024;48875;34775;42176;40978;32947;37424;6242;15059;8579;22678;26760;12484;27676;12548;;;;;10521;7526;16465;8231;3862;2789;1756;1978;;2544;1152;1777;;2940;407;2666;1667;1952;719;1292;;;;838;;;;532;1805;;1280;610;;743;332;503;;;;;;;;155;;;;208;;;278;323;;;;;;114;88;50;;;;;;;;;;;;;;;;;;;180;;;;6838;;;;;;;;;;1583;493;;617
291;Ulm;908;223539;223376;223539;223376;190020;177537;190020;177537;1240;1539;879;1372;188780;175998;189141;176165;25220;32176;25482;36418;73225;57608;64127;46805;29344;33012;25667;31238;6700;19745;9749;25389;34990;15932;36448;16046;;;;;9375;4604;12200;5377;3800;4961;2552;3808;2963;3303;1752;2491;;;530;2566;;2002;737;1529;;;;820;;1669;;914;1718;;1289;552;;;411;515;;;;;;;;252;;481;;310;;;299;353;;;;;218;136;76;87;;;;;;;;;;;;;;;;;1227;;439;;;;7383;;;;;;;;;;;369;;695
292;Biberach;908;169789;169147;169789;169147;144530;133345;144530;133345;1018;1174;784;1115;143512;132171;143746;132230;18225;24567;14951;23152;58651;46458;55026;40472;14819;17912;14064;18070;5555;13045;7298;19163;32077;13469;33316;14308;;;;;5447;2064;6496;2967;4638;4431;2696;4155;2401;2371;1258;1921;;3134;614;3207;;1471;558;1175;;;;433;;760;;559;1699;;885;332;;2489;576;1191;;;;;;;;189;;;;117;;;273;241;;;;;;;29;12;;;;;;;;;;;;;;;;;;;215;;;;5491;;;;;;;;;;;0;;566
293;Bodensee;908;173329;174430;173329;174430;145115;137838;145115;137838;1088;1083;753;990;144027;136755;144362;136848;21966;28501;18778;26989;57658;41624;50586;36571;18269;23385;19560;23635;4628;16751;8289;21611;29318;12584;27290;11916;;;;;6090;3705;8002;3905;3535;3047;2020;2526;;;1053;1433;;4045;508;3862;;2079;585;1345;;;;563;;;;490;2332;;1117;458;;931;313;555;;;;;;;;125;;;;117;;;208;202;;;;;231;;49;27;;;;;;;;;;;;;;;;;;;154;;;;5850;;;;;;;;;;;103;;518
294;Ravensburg;908;188225;187817;188225;187817;157982;147020;157982;147020;1206;1080;746;1042;156776;145940;157236;145978;17209;20128;18446;27750;60702;44597;55057;38927;23871;30743;20841;25536;8948;20934;8525;21740;29159;11727;29900;12650;;;;;9810;4365;10188;4735;4667;4441;2679;3751;;;1232;1604;;4710;718;4156;;1913;716;1373;;;;570;;;;536;2410;;1308;445;;1904;623;1091;;;;;;;;160;;;;121;;;270;238;;;;;;127;46;46;;351;;;;;;;;;;;;;;;;;169;;;;6518;;;;;;;;;;;0;;549
295;Zollernalb – Sigmaringen;908;180742;182648;180742;182648;148788;138084;148788;138084;1599;1688;857;1544;147189;136396;147931;136540;28895;24970;16344;26716;54656;41106;54044;39332;7838;23118;11151;15503;6171;18678;8082;23200;38498;15554;38796;16477;;;;;5862;2848;7258;3540;3858;3359;2053;2617;;;1306;1883;;3906;457;2980;;1887;613;1335;;;;545;;;;510;;;653;258;;758;287;429;;;;;;;;182;;;;111;;;232;258;;;;;317;212;102;114;;;;;;;;;;;;;;;;;1094;;300;;;;6253;;;;;;;;;;;0;;550
908;Baden-Württemberg;999;7653811;7711531;7653811;7711531;6382446;5997317;6382446;5997317;49732;54574;32448;47657;6332714;5942743;6349998;5949660;1002327;1247455;898778;1287934;2280707;1767316;2006866;1477612;887608;1058334;865738;1022226;271794;711697;357539;908039;1231221;561058;1256430;571336;;;;;360037;175691;429484;196874;163869;143422;86311;103611;10548;21822;55906;74702;17282;127340;21845;114919;20293;73115;28041;53597;;;;26780;;3438;;21530;69168;11146;49025;20620;1798;17041;12258;17637;;;;;;;;7059;;4702;;6775;2021;452;11768;12625;;;;;3574;3541;2379;2248;;351;;;;;;;;;;;;62;;;4821;;7411;;;;260219;;;;;;;;;;5646;14760;;23536
;;;;;;;;;;;;;;;;;;;;;;;;;;;;;;;;;;;;;;;;;;;;;;;;;;;;;;;;;;;;;;;;;;;;;;;;;;;;;;;;;;;;;;;;;;;;;;;;;;;;;;;;;;;;;;;;;;;;;;;;;;;;;;;;;;;;;;;;;;
296;Saarbrücken;910;187345;192929;187345;192929;149368;142697;149368;142697;1852;2299;1249;2223;147516;140398;148119;140474;47772;51749;32650;53537;36514;35252;33860;28797;10931;11143;14721;;5305;11647;6488;16438;30422;12569;29681;13006;;;;;12484;8711;14661;13484;3532;2604;1470;2191;;;3006;3843;;2179;;1923;;3439;;2764;;;;748;;;470;1009;;;1224;1525;;605;;698;;;;;;;;;;;;;;;;;;;;;556;201;134;141;;;;;;;;;;;;;;;;;;;376;;;;9378;;;;;;;;;;;299;;370
297;Saarlouis;910;198307;203279;198307;203279;164765;159170;164765;159170;2373;3047;1634;2891;162392;156123;163131;156279;46008;57354;34688;56920;51704;43671;46089;38085;7726;7383;10190;;5260;12777;7259;18872;35621;15111;35421;15651;;;;;10903;8405;11036;10512;5170;4352;2170;3315;;;3333;4535;;2466;;2221;;3853;;2736;;;;599;;;463;860;;;1000;954;;751;;593;;;;;;;;;;;;;;;;;;;;;;;55;76;;;;;;;;;;;;;;;;;;;384;;;;11043;;;;;;;;;;;0;;350
298;St. Wendel;910;168073;173074;168073;173074;143181;139808;143181;139808;1858;2828;1376;2776;141323;136980;141805;137032;40408;48135;31468;51229;47875;43928;42957;36248;5342;5739;8801;;5361;11354;5755;14916;29038;12346;29391;12904;;;;;8133;5783;8576;7887;5166;3562;2328;2881;;;2900;3808;;2251;;2094;;3261;;2276;;;;408;;;410;741;;;687;693;;621;;595;;;;;;;;;;;;;;;;;;;;;;;47;59;;;;;;;;;;;;;;;;;;;365;;;;8120;;;;;;;;;;;0;;293
299;Homburg;910;180479;185941;180479;185941;147979;142288;147979;142288;1968;2676;1311;2405;146011;139612;146668;139883;44557;51091;32330;52091;40910;36472;38207;32004;6478;6826;9659;;4685;11015;6223;15719;34096;16210;34801;16068;;;;;9695;7312;9807;9247;5590;4418;2508;3359;;;3024;4045;;2086;;1878;;3287;;2202;;;;526;;;410;809;;;809;847;;895;;645;;;;;;;;;;;;;;;;;;;;;;;68;81;;;;;;;;;;;;;;;;;;;362;;;;8460;;;;;;;;;;;0;;362
910;Saarland;999;734204;755223;734204;755223;605293;583963;605293;583963;8051;10850;5570;10295;597242;573113;599723;573668;178745;208329;131136;213777;177003;159323;161113;135134;30477;31091;43371;;20611;46793;25725;65945;129177;56236;129294;57629;;;;;41215;30211;44080;41130;19458;14936;8476;11746;;;12263;16231;;8982;;8116;;13840;;9978;;;;2281;;;1753;3419;;;3720;4019;;2872;;2531;;;;;;;;;;;;;;;;;;;;;556;201;304;357;;;;;;;;;;;;;;;;;;;1487;;;;37001;;;;;;;;;;;299;;1375
;;;;;;;;;;;;;;;;;;;;;;;;;;;;;;;;;;;;;;;;;;;;;;;;;;;;;;;;;;;;;;;;;;;;;;;;;;;;;;;;;;;;;;;;;;;;;;;;;;;;;;;;;;;;;;;;;;;;;;;;;;;;;;;;;;;;;;;;;;
999;Bundesgebiet;999;60510631;61172771;60510631;61172771;49928653;46707343;49928653;46707343;423264;488483;279141;408956;49505389;46218860;49649512;46298387;9936433;12184096;8149124;11901558;12604184;10445920;11196374;8774920;5443393;6435380;5762380;6814408;1622912;4019565;2148757;5291013;10177318;4699926;10328780;4809233;3272064;2788048;2964028;2402827;3933297;2286070;4356532;2255864;1254565;1332710;769279;1125667;82498;160865;482201;673669;41923;732620;85373;630153;122268;540170;242741;460431;9783;5422;24553;211854;2151;60548;13800;169587;391666;77594;355262;164300;54606;152542;49764;112129;58779;35027;76138;55578;;2171;303;48496;1871;12672;14294;47524;2021;6222;11768;39868;5763;36748;12278;32790;24218;22535;19551;17820;;652;694;3786;1282;;21388;3228;73;;425;1399;1295;811;676;665;87955;;76372;;299401;;2472947;;658;;6994;;2849;;6736;;70163;180546;;249620
;;;;;;;;;;;;;;;;;;;;;;;;;;;;;;;;;;;;;;;;;;;;;;;;;;;;;;;;;;;;;;;;;;;;;;;;;;;;;;;;;;;;;;;;;;;;;;;;;;;;;;;;;;;;;;;;;;;;;;;;;;;;;;;;;;;;;;;;;;
1000;Sitzverteilung;1000;;;;;;;;;;;;;;;;;120;;;;164;;;;85;;;;;;;;152;;;;44;;;;64;;;;;;;;;;;;;;;;;;;;;;;;;;;;;;;;;;;;;;;;;;;;;;;;;;;;;;;;;;;;;;;;;;;;;;;;;;;;;;;;;;;;;;;;;;;;;;;
1001;Teil der Koalition;1001;;;;;;;;;;;;;;;;;1;;;;1;;;;;;;;;;;;;;;;1;;;;;;;;;;;;;;;;;;;;;;;;;;;;;;;;;;;;;;;;;;;;;;;;;;;;;;;;;;;;;;;;;;;;;;;;;;;;;;;;;;;;;;;;;;;;;;;;;;;
