# (c) Der Bundeswahlleiter, Wiesbaden 2017;;;;;;;;;;;;;;;;;;;;;;;;;;;;;;;;;;;;;;;;;;;;;;;;;;;;;;;;;;;;
# ;;;;;;;;;;;;;;;;;;;;;;;;;;;;;;;;;;;;;;;;;;;;;;;;;;;;;;;;;;;;
# Stimmabgabe der Urnen- und Briefwähler/-innen bei der Bundestagswahl 2009 nach Wahlkreisen;;;;;;;;;;;;;;;;;;;;;;;;;;;;;;;;;;;;;;;;;;;;;;;;;;;;;;;;;;;;
# ;;;;;;;;;;;;;;;;;;;;;;;;;;;;;;;;;;;;;;;;;;;;;;;;;;;;;;;;;;;;
Wahlkreis-Nr.;Wahlkreisname;Land;Wahlbezirksart;Wahlberechtigte;Wähler;Ungültige;Gültige;SPD;CDU;FDP;DIE LINKE;GRÜNE;CSU;NPD;REP;FAMILIE;Die Tierschutzpartei;PBC;MLPD;BüSo;BP;Volksabstimmung;ZENTRUM;ADM;DKP;DIE VIOLETTEN;ödp;PIRATEN;RRP;Freie Union;Übrige;Ungültige;Gültige;SPD;CDU;FDP;DIE LINKE;GRÜNE;CSU;NPD;REP;FAMILIE;Die Tierschutzpartei;PBC;MLPD;BüSo;BP;PSG;Volksabstimmung;ZENTRUM;ADM;CM;DKP;DVU;DIE VIOLETTEN;FWD;ödp;PIRATEN;RRP;RENTNER
;;;;;;Erststimmen;Erststimmen;Erststimmen;Erststimmen;Erststimmen;Erststimmen;Erststimmen;Erststimmen;Erststimmen;Erststimmen;Erststimmen;Erststimmen;Erststimmen;Erststimmen;Erststimmen;Erststimmen;Erststimmen;Erststimmen;Erststimmen;Erststimmen;Erststimmen;Erststimmen;Erststimmen;Erststimmen;Erststimmen;Erststimmen;Zweitstimmen;Zweitstimmen;Zweitstimmen;Zweitstimmen;Zweitstimmen;Zweitstimmen;Zweitstimmen;Zweitstimmen;Zweitstimmen;Zweitstimmen;Zweitstimmen;Zweitstimmen;Zweitstimmen;Zweitstimmen;Zweitstimmen;Zweitstimmen;Zweitstimmen;Zweitstimmen;Zweitstimmen;Zweitstimmen;Zweitstimmen;Zweitstimmen;Zweitstimmen;Zweitstimmen;Zweitstimmen;Zweitstimmen;Zweitstimmen;Zweitstimmen;Zweitstimmen
001;Flensburg – Schleswig;SH;Urne;225216;140914;3751;137163;45770;52343;13088;10639;13804;0;1214;0;0;0;0;0;0;0;0;305;0;0;0;0;0;0;0;0;3863;137051;36884;43165;20592;11928;18600;0;1151;0;0;0;0;42;0;0;0;0;0;0;0;0;147;0;0;0;2990;0;1552
002;Nordfriesland – Dithmarschen Nord;SH;Urne;187047;115861;3061;112800;32051;48408;12866;7172;10890;0;1100;0;0;0;0;0;0;0;0;0;0;0;0;0;0;0;0;313;2955;112906;28355;40886;19180;7623;12543;0;1017;0;0;0;0;46;0;0;0;0;0;0;0;0;148;0;0;0;1990;0;1118
003;Steinburg – Dithmarschen Süd;SH;Urne;177604;112186;3099;109087;32945;43370;13786;7909;9047;0;1478;0;0;0;0;0;0;0;0;0;0;0;0;0;0;0;0;552;2823;109363;27704;37762;18973;8677;11020;0;1409;0;0;0;0;40;0;0;0;0;0;0;0;0;133;0;0;0;2265;0;1380
004;Rendsburg-Eckernförde;SH;Urne;198910;128848;3071;125777;42045;49735;11998;7652;12318;0;1233;0;0;0;0;0;0;0;0;0;0;0;0;0;0;0;0;796;2745;126103;34667;42057;19708;8488;15920;0;1130;0;0;0;0;48;0;0;0;0;0;0;0;0;131;0;0;0;2666;0;1288
005;Kiel;SH;Urne;200347;118061;3063;114998;45418;33416;9547;10087;14720;0;1227;0;0;0;0;0;0;0;0;0;0;0;0;0;0;0;0;583;2021;116040;35434;28035;15358;11408;19802;0;1144;0;0;0;0;65;0;0;0;0;0;0;0;0;118;0;0;0;3537;0;1139
006;Plön – Neumünster;SH;Urne;175132;109909;2978;106931;36537;40512;10573;6950;10364;0;1264;0;0;0;0;0;0;0;0;0;0;0;0;0;0;0;0;731;2774;107135;31211;33518;16844;7827;13419;0;1222;0;0;0;0;34;0;0;0;0;0;0;0;0;117;0;0;0;2042;0;901
007;Pinneberg;SH;Urne;232899;147657;3014;144643;47103;57981;14009;10270;13168;0;1748;0;0;0;0;0;0;0;0;0;0;0;0;0;0;0;0;364;2873;144784;38982;46651;23779;11581;17488;0;1587;0;0;0;0;50;0;0;0;0;0;0;0;0;180;0;0;0;3218;0;1268
008;Segeberg – Stormarn-Nord;SH;Urne;240010;151833;3237;148596;46345;58715;16669;10763;13525;0;1623;0;0;0;0;0;0;0;0;0;0;0;0;0;0;0;0;956;2942;148891;38091;48269;26355;12212;17543;0;1533;0;0;0;0;50;0;0;0;0;0;0;0;0;210;0;0;0;3166;0;1462
009;Ostholstein;SH;Urne;179987;111523;3681;107842;38064;40652;11938;7072;8622;0;1166;0;0;0;0;0;0;0;0;0;0;0;0;0;0;0;0;328;2809;108714;31584;34703;18884;8061;11447;0;1099;0;0;0;0;37;0;0;0;0;0;0;0;0;119;0;0;0;1811;0;969
010;Herzogtum Lauenburg – Stormarn-Süd;SH;Urne;237144;151153;3459;147694;45639;57817;15950;10578;15201;0;2091;0;0;0;0;0;0;0;0;0;0;0;418;0;0;0;0;0;2920;148233;38898;47722;25272;11826;18353;0;1910;0;0;0;0;39;0;0;0;0;0;0;0;0;184;0;0;0;2873;0;1156
011;Lübeck;SH;Urne;180424;103912;3167;100745;37791;29932;10690;9575;11304;0;1453;0;0;0;0;0;0;0;0;0;0;0;0;0;0;0;0;0;2985;100927;31161;26495;14128;10421;13671;0;1276;0;0;0;0;77;0;0;0;0;0;0;0;0;129;0;0;0;2605;0;964
012;Wismar – Nordwestmecklenburg – Parchim;MV;Urne;216789;118719;2249;116470;24114;39144;8481;35288;5282;0;3700;0;0;0;0;0;0;0;0;0;0;0;0;0;0;0;0;461;1979;116740;21884;37857;11198;33681;5819;0;3517;179;0;0;0;212;0;0;0;0;0;0;0;0;0;0;0;0;2393;0;0
013;Schwerin – Ludwigslust;MV;Urne;183166;103016;1845;101171;25711;29769;7999;28918;5098;0;3676;0;0;0;0;0;0;0;0;0;0;0;0;0;0;0;0;0;1597;101419;20995;31044;9907;28025;5479;0;3365;174;0;0;0;180;0;0;0;0;0;0;0;0;0;0;0;0;2250;0;0
014;Rostock;MV;Urne;198527;108221;1942;106279;21119;28697;6957;34937;10351;0;2922;0;0;0;0;469;0;0;0;0;0;0;0;0;0;0;0;827;1749;106472;19396;28164;10310;33702;8244;0;2749;156;0;0;0;271;0;0;0;0;0;0;0;0;0;0;0;0;3480;0;0
015;Stralsund – Nordvorpommern – Rügen;MV;Urne;199517;99691;1892;97799;11730;47843;4798;26142;2869;0;2993;0;0;0;0;0;0;0;0;0;0;0;0;0;0;0;0;1424;2093;97598;12445;35978;11153;28254;4086;0;3137;217;0;0;0;169;0;0;0;0;0;0;0;0;0;0;0;0;2159;0;0
016;Greifswald – Demmin – Ostvorpommern;MV;Urne;204944;103444;2264;101180;13132;38617;8601;29897;4186;0;5091;0;0;0;0;0;0;0;0;0;0;0;0;0;0;0;0;1656;2161;101283;12410;36906;10767;28881;4610;0;4846;269;0;0;0;168;0;0;0;0;0;0;0;0;0;0;0;0;2426;0;0
017;Bad Doberan – Güstrow – Müritz;MV;Urne;211429;114446;2385;112061;24527;38820;8121;30815;5010;0;3843;0;0;0;0;0;0;0;0;0;0;0;0;407;0;0;0;518;2145;112301;19694;37950;11393;31594;5461;0;3627;210;0;0;0;236;0;0;0;0;0;0;0;0;0;0;0;0;2136;0;0
018;Neubrandenburg – Mecklenburg-Strelitz – Uecker-Randow;MV;Urne;185926;99021;2438;96583;16670;31710;6699;31541;3484;0;5245;0;0;0;0;0;0;0;0;0;0;0;0;0;0;0;0;1234;2054;96967;15148;31869;8502;30358;3743;0;4842;206;0;0;0;203;0;0;0;0;0;0;0;0;0;0;0;0;2096;0;0
019;Hamburg-Mitte;HH;Urne;252967;123831;2118;121713;44399;30637;8667;17102;19023;0;1885;0;0;0;0;0;0;0;0;0;0;0;0;0;0;0;0;0;1651;122180;35966;26449;13574;18093;20173;0;1494;0;0;0;0;92;0;0;0;0;0;0;0;0;194;0;0;462;4938;0;745
020;Hamburg-Altona;HH;Urne;173956;90910;1155;89755;34773;24973;6434;9651;12030;0;613;0;0;0;0;129;109;0;0;0;0;0;0;484;0;0;0;559;1044;89866;24215;20973;11297;12084;17134;0;631;0;0;0;0;72;0;0;0;0;0;0;0;0;76;0;0;359;2544;0;481
021;Hamburg-Eimsbüttel;HH;Urne;186357;97535;1354;96181;25058;28035;7114;9487;24993;0;743;0;0;0;0;0;0;0;0;0;0;0;0;0;0;0;0;751;955;96580;27612;23223;12409;11198;17770;0;601;0;0;0;0;52;0;0;0;0;0;0;0;0;112;0;0;296;2737;0;570
022;Hamburg-Nord;HH;Urne;207016;111037;1228;109809;39494;39553;7849;8077;14068;0;768;0;0;0;0;0;0;0;0;0;0;0;0;0;0;0;0;0;932;110105;29727;31123;16690;10111;18413;0;617;0;0;0;0;32;0;0;0;0;0;0;0;0;128;0;0;264;2508;0;492
023;Hamburg-Wandsbek;HH;Urne;217147;107504;1605;105899;38870;36191;7659;11081;9716;0;1601;0;0;0;0;0;0;0;0;0;0;0;0;781;0;0;0;0;1331;106173;31858;29239;14344;12808;12722;0;1400;0;0;0;0;33;0;0;0;0;0;0;0;0;193;0;0;329;2511;0;736
024;Hamburg-Bergedorf – Harburg;HH;Urne;219191;109089;1875;107214;42931;34113;7671;11787;8619;0;1772;0;0;0;0;0;321;0;0;0;0;0;0;0;0;0;0;0;1635;107454;33138;29800;12627;13376;12545;0;1516;0;0;0;0;48;0;0;0;0;0;0;0;0;221;0;0;296;2912;0;975
025;Aurich – Emden;NI;Urne;189804;115423;2229;113194;51752;28171;7780;11804;11957;0;1730;0;0;0;0;0;0;0;0;0;0;0;0;0;0;0;0;0;1993;113430;45282;26946;11415;13367;11453;0;1573;0;0;890;0;29;0;0;0;0;0;0;0;0;120;0;0;107;1763;485;0
026;Unterems;NI;Urne;231076;145058;2147;142911;42559;64608;13229;10668;10164;0;1683;0;0;0;0;0;0;0;0;0;0;0;0;0;0;0;0;0;1992;143066;40293;55887;17904;12599;10355;0;1533;0;0;979;0;26;0;0;0;0;0;0;0;0;140;0;0;267;2612;471;0
027;Friesland – Wilhelmshaven;NI;Urne;190546;110316;2307;108009;43977;33861;10033;10366;8094;0;1678;0;0;0;0;0;0;0;0;0;0;0;0;0;0;0;0;0;1743;108573;34587;31008;15777;11721;9881;0;1385;0;0;1055;0;79;0;0;0;0;0;0;0;0;87;0;0;96;2085;812;0
028;Oldenburg – Ammerland;NI;Urne;215591;133750;1670;132080;42425;46363;11339;12288;17718;0;1411;0;0;0;0;0;0;0;0;0;0;0;0;0;0;536;0;0;1374;132376;36886;36487;19022;13306;19875;0;1224;0;0;1174;0;42;0;0;0;0;0;0;0;0;110;0;0;154;3428;668;0
029;Delmenhorst – Wesermarsch – Oldenburg-Land;NI;Urne;226440;139000;1749;137251;48556;47753;13603;12231;12029;0;2171;0;0;0;0;0;0;0;0;0;0;0;0;0;0;908;0;0;1678;137322;40305;41980;19701;14086;13995;0;1854;0;0;1315;0;43;0;0;0;0;0;0;0;0;153;0;0;144;2565;1181;0
030;Cuxhaven – Stade II;NI;Urne;189058;116952;1680;115272;44530;43846;8617;9084;6870;0;1656;0;0;0;0;0;0;0;0;0;0;0;0;0;0;0;0;669;1428;115524;35898;39712;14391;10456;9926;0;1437;0;0;894;0;24;0;0;0;0;0;0;0;0;211;0;0;145;1714;716;0
031;Stade I – Rotenburg II;NI;Urne;192956;120957;1450;119507;40366;52536;8237;7786;7895;0;2119;0;0;0;0;0;246;0;0;0;0;0;0;0;0;0;0;322;1268;119689;32805;43147;17014;9026;11843;0;1866;0;0;844;0;37;0;0;0;0;0;0;0;0;125;0;0;141;2178;663;0
032;Mittelems;NI;Urne;226979;149634;1623;148011;39256;80558;11546;7290;8319;0;1042;0;0;0;0;0;0;0;0;0;0;0;0;0;0;0;0;0;1463;148171;35267;69755;20677;8202;9747;0;944;0;0;760;0;19;0;0;0;0;0;0;0;0;72;0;0;138;2096;494;0
033;Cloppenburg – Vechta;NI;Urne;212449;131278;1552;129726;24867;80994;10934;6182;5593;0;1156;0;0;0;0;0;0;0;0;0;0;0;0;0;0;0;0;0;1330;129948;21793;70810;20078;6742;6630;0;1035;0;0;644;0;32;0;0;0;0;0;0;0;0;73;0;0;94;1725;292;0
034;Diepholz – Nienburg I;NI;Urne;193411;121172;1438;119734;41937;44681;13290;8448;9891;0;1487;0;0;0;0;0;0;0;0;0;0;0;0;0;0;0;0;0;1191;119981;33946;40130;18690;10163;11666;0;1307;0;0;909;0;22;0;0;0;0;0;0;0;0;177;0;0;113;2133;725;0
035;Osterholz – Verden;NI;Urne;192320;123285;1418;121867;45403;44642;8849;10759;10055;0;2159;0;0;0;0;0;0;0;0;0;0;0;0;0;0;0;0;0;1181;122104;36677;38339;14871;12171;14092;0;1786;0;0;1037;0;21;0;0;0;0;0;0;0;0;169;0;0;131;2029;781;0
036;Rotenburg I – Soltau-Fallingbostel;NI;Urne;168573;104484;1524;102960;36893;41163;8279;7311;7401;0;1913;0;0;0;0;0;0;0;0;0;0;0;0;0;0;0;0;0;1212;103272;29024;35908;14399;8537;10078;0;1645;0;0;991;0;18;0;0;0;0;0;0;0;0;149;0;0;118;1964;441;0
037;Harburg;NI;Urne;191159;121476;1715;119761;37821;48129;12372;7964;10985;0;1711;0;0;0;0;0;0;0;0;0;0;0;0;0;0;779;0;0;1371;120105;30349;39961;20078;9008;14620;0;1462;0;0;902;0;25;0;0;0;0;0;0;0;0;144;0;0;197;2540;819;0
038;Lüchow-Dannenberg – Lüneburg;NI;Urne;177098;107246;1443;105803;34002;34689;8865;10092;15462;0;1637;0;0;0;0;0;0;0;0;0;0;0;0;0;0;1056;0;0;1175;106071;27198;29636;13156;11107;18766;0;1397;0;0;790;0;30;0;0;0;0;0;0;0;0;111;0;0;152;2371;1357;0
039;Osnabrück-Land;NI;Urne;197143;122876;1514;121362;39901;53099;10917;7814;8395;0;1236;0;0;0;0;0;0;0;0;0;0;0;0;0;0;0;0;0;1241;121635;32869;46728;17719;8873;10967;0;1131;0;0;701;0;22;0;0;0;0;0;0;0;0;93;0;0;164;1995;373;0
040;Stadt Osnabrück;NI;Urne;192473;118750;1427;117323;40113;44153;11813;8584;11372;0;841;0;0;0;0;0;0;0;0;0;0;0;0;0;0;0;0;447;1248;117502;32471;38920;16174;10227;14943;0;753;0;0;732;0;13;0;0;0;0;0;0;0;0;80;0;0;169;2734;286;0
041;Nienburg II – Schaumburg;NI;Urne;198376;119921;1506;118415;49740;43341;7090;7632;8416;0;1824;0;0;0;0;0;0;0;0;0;0;0;0;0;0;0;0;372;1249;118672;39777;37431;14608;9422;11375;0;1669;0;0;897;0;34;0;0;0;0;0;0;0;0;128;0;0;150;2166;1015;0
042;Stadt Hannover I;NI;Urne;180088;104744;1313;103431;41679;32897;7250;9067;10134;0;1553;0;0;0;0;147;0;0;0;0;0;0;0;0;0;704;0;0;1215;103529;33245;26235;12881;10357;14831;0;1485;0;0;911;0;74;0;0;0;0;0;0;0;0;94;0;0;132;2558;726;0
043;Stadt Hannover II;NI;Urne;190623;111717;1408;110309;44957;33789;6561;11065;12256;0;1361;0;0;0;0;0;0;0;0;0;0;0;0;0;0;0;0;320;1226;110491;33738;25521;12238;12671;19470;0;1226;0;0;929;0;119;0;0;0;0;0;0;0;0;102;0;0;177;3655;645;0
044;Hannover-Land I;NI;Urne;232214;143306;1906;141400;55929;52590;11659;9583;9298;0;2341;0;0;0;0;0;0;0;0;0;0;0;0;0;0;0;0;0;1540;141766;44485;45813;19665;10755;13824;0;2032;0;0;1136;0;42;0;0;0;0;0;0;0;0;169;0;0;256;2742;847;0
045;Celle – Uelzen;NI;Urne;217316;131535;1778;129757;42861;56578;9319;8764;8682;0;2283;0;0;0;0;0;0;0;0;0;0;0;0;0;0;1270;0;0;1555;129980;36408;45337;18463;10174;12003;0;2087;0;0;972;0;35;0;0;0;0;0;0;0;0;158;0;0;153;2582;1608;0
046;Gifhorn – Peine;NI;Urne;216957;139032;1839;137193;56388;50101;8432;10390;7917;0;1822;0;0;0;741;0;0;0;0;0;0;0;0;0;0;1086;0;316;1695;137337;45833;45088;15190;11842;12056;0;1718;0;0;1106;0;36;0;0;0;0;0;0;0;0;137;0;0;144;2993;1194;0
047;Hameln-Pyrmont – Holzminden;NI;Urne;197394;116918;1931;114987;46614;39557;8162;10046;8635;0;1973;0;0;0;0;0;0;0;0;0;0;0;0;0;0;0;0;0;1739;115179;39390;32168;16034;10987;10787;0;1724;0;0;1034;0;43;0;0;0;0;0;0;0;0;128;0;0;102;2189;593;0
048;Hannover-Land II;NI;Urne;239450;149838;1959;147879;61003;52145;10475;10245;10116;0;2511;0;0;0;0;0;0;0;0;0;0;0;0;0;0;999;0;385;1729;148109;49479;45255;17737;11916;15450;0;2227;0;0;1267;0;40;0;0;0;0;0;0;0;0;150;0;0;206;3050;1332;0
049;Hildesheim;NI;Urne;222804;140186;1957;138229;55483;49246;8299;10041;11870;0;2309;0;0;0;0;0;0;0;0;0;0;0;0;0;0;981;0;0;1624;138562;46748;42546;15563;11798;14270;0;2175;0;0;1200;0;41;0;0;0;0;0;0;0;0;135;0;0;134;2745;1207;0
050;Salzgitter – Wolfenbüttel;NI;Urne;213208;132908;2205;130703;60033;41021;7697;11144;7404;0;2539;0;0;0;0;0;0;0;0;0;0;0;0;0;0;865;0;0;1939;130969;46075;38715;13425;13753;11394;0;2271;0;0;1137;0;30;0;0;0;0;0;0;0;0;156;0;0;111;2474;1428;0
051;Braunschweig;NI;Urne;189975;108381;1439;106942;43132;35103;5537;8992;8783;0;1119;0;0;0;0;94;0;0;0;0;0;0;0;0;3352;0;0;830;1302;107079;32045;29399;11659;11473;15214;0;1150;0;0;858;0;67;0;0;0;0;0;0;0;0;111;0;0;132;4030;941;0
052;Helmstedt – Wolfsburg;NI;Urne;187831;113495;1936;111559;39718;43060;6797;8936;8771;0;2701;0;0;0;346;0;0;0;0;0;0;0;0;0;0;1230;0;0;1586;111909;36218;37122;11501;9892;9823;0;2353;0;0;980;0;42;0;0;0;0;0;0;0;0;90;0;0;83;2621;1184;0
053;Goslar – Northeim – Osterode;NI;Urne;214330;128676;2234;126442;51134;43104;10140;12032;7696;0;2336;0;0;0;0;0;0;0;0;0;0;0;0;0;0;0;0;0;1776;126900;43200;36234;17522;12944;10569;0;2113;0;0;1022;0;24;0;0;0;0;0;0;0;0;116;0;0;104;2400;652;0
054;Göttingen;NI;Urne;224468;133840;1873;131967;50455;44538;8241;10391;15973;0;2075;0;0;0;0;0;0;0;0;0;0;0;0;0;0;0;0;294;1668;132172;40526;36735;17694;12225;18302;0;1870;0;0;960;0;47;0;0;0;0;0;0;0;0;101;0;0;146;3024;542;0
055;Bremen I;HB;Urne;256131;147207;2002;145205;51101;39843;10045;17615;23825;0;1716;0;0;0;0;289;0;0;0;0;0;0;0;0;0;0;0;771;1812;145395;42557;34316;15738;20575;24811;0;1332;214;0;0;366;113;0;0;0;0;0;0;0;0;333;0;0;0;3784;1256;0
056;Bremen II – Bremerhaven;HB;Urne;231847;130005;2225;127780;50578;32138;8751;18802;13640;0;2365;0;0;0;0;0;0;0;0;0;0;0;0;0;0;1169;0;337;2120;127885;42791;28134;12190;20358;16030;0;1846;294;0;0;349;65;0;0;0;0;0;0;0;0;602;0;0;0;3174;2052;0
057;Prignitz – Ostprignitz-Ruppin – Havelland I;BB;Urne;171705;94286;3288;90998;29406;19764;6916;28175;3647;0;3090;0;0;0;0;0;0;0;0;0;0;0;0;0;0;0;0;0;2887;91399;25858;21414;7736;26857;3740;0;2325;161;0;0;0;67;134;0;0;0;0;0;0;0;817;0;678;0;1612;0;0
058;Uckermark – Barnim I;BB;Urne;169284;91600;3167;88433;24325;22809;5466;28121;3444;0;3710;0;0;0;0;0;0;0;0;0;0;0;0;0;0;0;0;558;2896;88704;23319;21148;6817;27330;3774;0;2941;178;0;0;0;89;152;0;0;0;0;0;0;0;716;0;566;0;1674;0;0
059;Oberhavel – Havelland II;BB;Urne;249983;144877;4556;140321;41340;38607;10798;34225;9704;0;4926;0;0;0;0;0;0;0;0;0;0;0;0;0;0;0;0;721;3887;140990;36549;34433;16164;33068;10470;0;3784;429;0;0;0;141;304;0;0;0;0;0;0;0;1201;0;1068;0;3379;0;0
060;Märkisch-Oderland – Barnim II;BB;Urne;255165;146657;4300;142357;32638;33855;9280;52039;6513;0;5615;0;0;0;0;0;0;0;0;0;0;0;0;0;0;0;0;2417;4103;142554;31134;30706;12990;47358;8202;0;4038;383;0;0;0;163;271;0;0;0;0;0;0;0;2009;0;1433;0;3867;0;0
061;Brandenburg an der Havel – Potsdam-Mittelmark I – Havelland III – Teltow-Fläming I;BB;Urne;199083;111320;3337;107983;35702;26518;6239;30807;3870;0;3494;0;0;0;0;0;0;0;0;0;0;0;0;0;0;0;0;1353;3460;107860;30157;25549;8594;30892;4930;0;2785;156;0;0;0;125;168;0;0;0;0;0;0;0;1087;0;679;0;2738;0;0
062;Potsdam – Potsdam-Mittelmark II – Teltow-Fläming II;BB;Urne;239221;139386;3864;135522;39596;32410;9600;38878;12268;0;2770;0;0;0;0;0;0;0;0;0;0;0;0;0;0;0;0;0;3180;136206;36022;28727;14274;34734;14001;0;1934;226;0;0;0;170;284;0;0;0;0;0;0;0;858;0;703;0;4273;0;0
063;Dahme-Spreewald – Teltow-Fläming III – Oberspreewald-Lausitz I;BB;Urne;246651;143648;5132;138516;45314;34318;9892;36327;7131;0;5534;0;0;0;0;0;0;0;0;0;0;0;0;0;0;0;0;0;4372;139276;36485;32671;13496;37652;7883;0;4370;326;0;0;0;133;321;0;0;0;0;0;0;0;1152;0;1106;0;3681;0;0
064;Frankfurt (Oder) – Oder-Spree;BB;Urne;208525;118009;4142;113867;32569;25696;8412;36642;5996;0;4552;0;0;0;0;0;0;0;0;0;0;0;0;0;0;0;0;0;3365;114644;27895;25616;10197;35769;6018;0;3482;351;0;0;0;162;312;0;0;0;0;0;0;0;991;0;921;0;2930;0;0
065;Cottbus – Spree-Neiße;BB;Urne;196389;105988;3876;102112;28727;24755;8761;30345;4399;0;4345;0;0;0;0;0;0;0;0;0;0;0;0;0;0;0;0;780;3257;102731;24962;25073;9203;29784;4709;0;3392;308;0;0;0;133;215;0;0;0;0;0;0;0;1059;0;859;0;3034;0;0
066;Elbe-Elster – Oberspreewald-Lausitz II;BB;Urne;192709;109837;4442;105395;28492;30429;7218;29878;3116;0;5050;0;0;0;0;0;0;0;0;0;0;0;0;0;0;0;748;464;3831;106006;24469;28985;9235;29755;3476;0;3515;251;0;0;0;115;216;0;0;0;0;0;0;0;2236;0;1159;0;2594;0;0
067;Altmark;ST;Urne;182677;100320;2383;97937;19517;30455;5730;33131;3106;0;2323;0;0;0;0;0;0;0;0;0;0;0;0;0;0;0;0;3675;2558;97762;17293;29282;8574;33363;4327;0;2162;0;0;0;0;196;0;0;0;0;0;0;0;0;430;0;0;0;2135;0;0
068;Börde – Jerichower Land;ST;Urne;239481;130188;3180;127008;28207;41572;12184;36984;4199;0;3252;0;0;0;0;0;0;0;0;0;0;0;0;0;0;0;0;610;3028;127160;22687;39805;13627;39346;5126;0;2861;0;0;0;0;292;0;0;0;0;0;0;0;0;435;0;0;0;2981;0;0
069;Harz;ST;Urne;236946;124271;2857;121414;24469;40006;8725;38333;6265;0;3616;0;0;0;0;0;0;0;0;0;0;0;0;0;0;0;0;0;2495;121776;20697;37816;11504;39754;5798;0;3072;0;0;0;0;268;0;0;0;0;0;0;0;0;318;0;0;0;2549;0;0
070;Magdeburg;ST;Urne;254287;126134;2585;123549;26633;38225;7989;40626;6513;0;2380;0;0;0;0;530;0;0;0;0;0;0;0;0;0;0;0;653;2322;123812;22862;34116;11430;40894;7974;0;2069;0;0;0;0;340;0;0;0;0;0;0;0;0;267;0;0;0;3860;0;0
071;Dessau – Wittenberg;ST;Urne;197289;106222;2132;104090;19027;37229;7545;32267;4099;0;2692;0;0;0;0;482;0;0;0;0;0;0;0;0;0;0;0;749;1954;104268;17049;32572;10920;33066;4961;0;2416;0;0;0;0;268;0;0;0;0;0;0;0;0;395;0;0;0;2621;0;0
072;Anhalt;ST;Urne;248457;126258;3209;123049;26512;38373;9690;39345;4060;0;3405;0;0;0;0;793;0;0;0;0;0;0;0;0;0;0;0;871;3098;123160;20255;37142;13172;41487;4435;0;3089;0;0;0;0;419;0;0;0;0;0;0;0;0;421;0;0;0;2740;0;0
073;Halle;ST;Urne;223268;113806;2136;111670;18038;34458;9754;38242;8144;0;2219;0;0;0;0;815;0;0;0;0;0;0;0;0;0;0;0;0;1918;111888;17392;29700;13336;36133;9040;0;1993;0;0;0;0;425;0;0;0;0;0;0;0;0;290;0;0;0;3579;0;0
074;Burgenland – Saalekreis;ST;Urne;214081;110575;2316;108259;20323;35729;9511;34729;3281;0;3997;0;0;0;0;0;0;0;0;0;0;0;0;0;0;0;0;689;2287;108288;16890;34215;12126;34892;3898;0;3447;0;0;0;0;221;0;0;0;0;0;0;0;0;351;0;0;0;2248;0;0
075;Mansfeld;ST;Urne;232086;119565;2867;116698;20121;37213;9467;41425;4437;0;4035;0;0;0;0;0;0;0;0;0;0;0;0;0;0;0;0;0;2560;117005;18307;34196;12787;41237;4074;0;3473;0;0;0;0;284;0;0;0;0;0;0;0;0;376;0;0;0;2271;0;0
076;Berlin-Mitte;BE;Urne;197252;96777;2196;94581;26221;19761;5891;18536;19609;0;1686;0;0;0;0;0;710;0;0;0;0;0;0;0;0;0;0;2167;1885;94892;21162;16607;9450;18822;20562;0;1221;410;0;1154;0;84;238;0;88;0;0;0;0;119;101;399;0;176;4299;0;0
077;Berlin-Pankow;BE;Urne;232250;124573;2314;122259;33006;21287;6861;36355;19293;0;3190;0;0;0;0;0;833;0;0;0;0;0;0;0;0;0;0;1434;1941;122632;22616;20386;10222;34616;23117;0;2587;419;0;1759;0;88;327;0;147;0;0;0;0;173;212;428;0;239;5296;0;0
078;Berlin-Reinickendorf;BE;Urne;183112;98609;2458;96151;27720;36449;9493;8608;9827;0;2113;0;0;0;0;0;629;0;0;0;0;0;0;0;0;0;0;1312;2198;96411;21444;29859;15233;9808;12933;0;1663;630;0;1441;0;26;257;0;61;0;0;0;0;27;129;272;0;180;2448;0;0
079;Berlin-Spandau – Charlottenburg Nord;BE;Urne;184436;94868;2435;92433;31685;32108;7444;9466;8029;0;2054;0;0;0;0;232;896;0;0;0;0;0;0;0;0;0;0;519;2322;92546;22405;25845;13370;11227;12309;0;1637;492;0;1490;0;78;371;0;64;0;0;0;0;42;154;282;0;169;2611;0;0
080;Berlin-Steglitz – Zehlendorf;BE;Urne;217335;116820;1893;114927;32986;42354;9346;7063;18583;0;1137;0;1055;0;0;0;311;0;0;0;0;0;616;0;0;0;0;1476;1609;115211;24787;32721;19307;9219;22665;0;961;358;0;1282;0;26;188;0;60;0;0;0;0;29;94;435;0;195;2884;0;0
081;Berlin-Charlottenburg – Wilmersdorf;BE;Urne;195857;103497;1827;101670;34735;29456;9947;7627;18048;0;873;0;0;0;0;0;631;0;0;0;0;0;0;0;0;0;0;353;1456;102041;22901;24690;16435;9774;22719;0;660;209;0;1055;0;26;178;0;35;0;0;0;0;35;61;340;0;172;2751;0;0
082;Berlin-Tempelhof – Schöneberg;BE;Urne;232759;122071;2681;119390;28714;37241;8745;10916;30395;0;1916;0;0;0;0;0;940;0;0;0;0;0;0;0;0;0;0;523;2302;119769;26759;29689;16222;13179;25444;0;1489;447;0;1607;0;52;301;0;66;0;0;0;0;77;154;454;0;243;3586;0;0
083;Berlin-Neukölln;BE;Urne;197444;98459;3076;95383;27174;27864;8078;12795;13294;0;2760;0;0;0;0;164;0;0;0;0;0;218;0;0;0;0;0;3036;2649;95810;21258;22813;12230;14526;16432;0;2115;485;0;1481;0;87;153;0;99;0;0;0;0;118;131;292;0;173;3417;0;0
084;Berlin-Friedrichshain – Kreuzberg – Prenzlauer Berg Ost;BE;Urne;222647;120358;2113;118245;20458;13308;4568;21351;54419;0;1524;0;0;0;0;0;0;0;0;0;0;491;0;0;0;0;0;2126;2007;118351;24715;13362;7015;30455;31076;0;1209;230;0;1380;0;105;121;0;136;0;0;0;0;282;100;566;0;210;7389;0;0
085;Berlin-Treptow – Köpenick;BE;Urne;200391;109216;1926;107290;19851;22422;4744;47476;7633;0;3552;0;0;0;0;315;887;0;0;0;0;0;0;0;0;0;0;410;1725;107491;21256;19520;8888;35803;11424;0;3215;379;0;1655;0;125;376;0;121;0;0;0;0;147;210;285;0;214;3873;0;0
086;Berlin-Marzahn – Hellersdorf;BE;Urne;203416;102181;2103;100078;16638;19615;5478;46887;5466;0;4194;0;0;0;0;0;1246;0;0;0;0;0;0;0;0;0;0;554;1900;100281;16835;17940;7856;40271;6688;0;3416;404;0;1750;0;94;435;0;131;0;0;0;0;170;319;210;0;140;3622;0;0
087;Berlin-Lichtenberg;BE;Urne;204766;101504;1943;99561;18737;17445;3942;46288;7222;0;3908;0;0;0;0;0;1016;0;0;0;0;0;0;0;0;0;0;1003;1729;99775;17465;16180;6888;40004;8624;0;3124;380;0;1562;0;77;363;0;124;0;0;0;0;206;239;216;0;175;4148;0;0
088;Aachen;NW;Urne;176885;90132;1247;88885;28547;33108;7541;7551;11266;0;872;0;0;0;0;0;0;0;0;0;0;0;0;0;0;0;0;0;1007;89125;21204;26347;13050;8523;14313;0;641;170;308;474;0;24;24;0;5;52;42;0;0;0;44;0;0;113;3457;105;229
089;Kreis Aachen;NW;Urne;228546;121569;2274;119295;42348;46291;9871;10769;7942;0;2074;0;0;0;0;0;0;0;0;0;0;0;0;0;0;0;0;0;1987;119582;35446;38136;17756;11934;9558;0;1496;657;643;796;0;16;25;0;15;64;47;0;0;0;98;0;0;69;2231;156;439
090;Heinsberg;NW;Urne;187605;105995;2070;103925;25619;51613;9852;8220;6946;0;1675;0;0;0;0;0;0;0;0;0;0;0;0;0;0;0;0;0;1706;104289;22986;42301;17124;8874;7417;0;1338;347;673;770;0;13;18;0;13;84;48;0;0;0;62;0;0;80;1665;140;336
091;Düren;NW;Urne;199907;108146;2025;106121;33771;48195;7681;7949;6479;0;2046;0;0;0;0;0;0;0;0;0;0;0;0;0;0;0;0;0;1688;106458;27958;39099;15629;9442;8318;0;1694;205;707;739;0;18;18;0;15;101;49;0;0;0;56;0;0;47;1851;126;386
092;Erftkreis I;NW;Urne;245417;134250;2096;132154;48975;50843;13193;8739;8103;0;2095;0;0;0;0;0;0;0;0;0;0;0;0;0;0;0;0;206;1857;132393;37543;43462;21924;10424;12284;0;1594;399;600;881;0;29;33;0;19;112;58;0;0;0;80;0;0;125;2094;107;625
093;Euskirchen – Erftkreis II;NW;Urne;245382;133276;2892;130384;38888;56198;15075;9105;9011;0;1855;0;0;0;0;0;0;0;0;0;0;0;0;0;0;0;0;252;2251;131025;31586;46613;24216;10392;11438;0;1452;325;755;877;0;38;30;0;19;104;77;0;0;0;118;0;0;121;2041;215;608
094;Köln I;NW;Urne;186798;90193;1071;89122;32596;28607;7246;8235;10856;0;1426;0;0;0;0;0;0;0;0;0;0;0;0;0;0;0;0;156;919;89274;24730;22352;13418;9395;14465;0;1041;285;346;554;0;62;18;0;14;87;49;0;0;0;36;0;0;97;1925;118;282
095;Köln II;NW;Urne;224430;115153;967;114186;39702;38080;10831;6921;17674;0;793;0;0;0;0;185;0;0;0;0;0;0;0;0;0;0;0;0;751;114402;26465;29295;21380;8940;23849;0;578;158;233;464;0;22;23;0;17;57;40;0;0;0;35;0;0;180;2359;109;198
096;Köln III;NW;Urne;197023;95295;1263;94032;35627;25925;7269;8547;15389;0;1275;0;0;0;0;0;0;0;0;0;0;0;0;0;0;0;0;0;1052;94243;26949;21888;12173;10304;17973;0;904;287;348;541;0;46;27;0;22;71;36;0;0;0;39;0;0;133;2107;129;266
097;Bonn;NW;Urne;219218;123712;1600;122112;42785;36354;22936;6782;11801;0;958;0;0;0;0;0;187;0;0;0;0;0;309;0;0;0;0;0;1438;122274;28878;35912;23085;9384;19481;0;839;190;370;568;0;30;63;0;24;85;64;0;0;0;38;0;0;127;2887;48;201
098;Rhein-Sieg-Kreis I;NW;Urne;231404;128719;1839;126880;34134;55692;14132;8410;11738;0;1435;0;0;0;0;0;0;0;1061;0;0;0;0;0;0;0;0;278;1601;127118;30139;43427;24180;9390;13504;0;1201;228;559;815;0;16;14;0;14;480;67;0;0;0;80;0;0;124;2435;128;317
099;Rhein-Sieg-Kreis II;NW;Urne;211859;122993;1646;121347;31290;59788;12070;6016;10391;0;1171;0;0;0;0;0;0;0;621;0;0;0;0;0;0;0;0;0;1446;121547;26079;43480;26733;7172;12831;0;977;170;508;694;0;23;12;0;10;266;67;0;0;0;51;0;0;106;2013;112;243
100;Oberbergischer Kreis;NW;Urne;211963;121600;2157;119443;34088;57151;10197;8087;7796;0;1502;0;0;0;0;0;0;0;0;0;0;0;0;301;0;0;0;321;2017;119583;29278;44991;19893;9300;10186;0;1136;320;798;756;0;12;30;0;20;119;67;0;0;0;108;0;0;189;1781;162;437
101;Rheinisch-Bergischer Kreis;NW;Urne;215582;125541;1347;124194;34801;60482;10258;6960;10183;0;1310;0;0;0;0;0;0;0;0;0;0;0;0;0;0;0;0;200;1327;124214;29993;42204;23510;8780;14149;0;987;287;581;799;0;23;35;0;11;112;60;0;0;0;81;0;0;121;1903;183;395
102;Leverkusen – Köln IV;NW;Urne;213303;110309;1733;108576;41500;37277;8098;9375;9869;0;1892;0;0;0;0;237;0;0;0;0;0;0;0;0;0;0;0;328;1399;108910;31600;30638;15535;10948;13815;0;1473;363;587;730;0;158;32;0;24;83;64;0;0;0;69;0;0;125;2088;172;406
103;Wuppertal I;NW;Urne;216614;115100;1801;113299;41826;37093;9100;12738;10283;0;2012;0;0;0;0;247;0;0;0;0;0;0;0;0;0;0;0;0;1672;113428;31881;30440;15152;14219;14608;0;1340;934;535;807;0;105;22;0;19;102;42;0;0;0;72;0;0;94;2505;129;422
104;Solingen – Remscheid – Wuppertal II;NW;Urne;229927;129291;1831;127460;45363;47971;10609;11298;10168;0;2051;0;0;0;0;0;0;0;0;0;0;0;0;0;0;0;0;0;1569;127722;35172;38891;20382;12727;13196;0;1429;564;716;869;0;77;32;0;24;121;87;0;0;0;124;0;0;126;2486;153;546
105;Mettmann I;NW;Urne;204450;113088;1398;111690;38985;48213;8384;6822;7871;0;1415;0;0;0;0;0;0;0;0;0;0;0;0;0;0;0;0;0;1362;111726;28582;36892;20323;8436;11653;0;1026;524;643;723;0;26;34;0;18;90;56;0;0;0;60;0;0;99;1945;180;416
106;Mettmann II;NW;Urne;168402;92495;1274;91221;33898;35003;7982;6848;6256;0;1234;0;0;0;0;0;0;0;0;0;0;0;0;0;0;0;0;0;1074;91421;25623;29330;15026;7998;8764;0;887;375;497;542;0;25;19;0;17;81;59;0;0;0;69;0;0;68;1613;126;302
107;Düsseldorf I;NW;Urne;218215;114128;1305;112823;35015;46968;10242;8211;11183;0;1046;0;0;0;0;158;0;0;0;0;0;0;0;0;0;0;0;0;1034;113094;27409;34696;21756;9619;14734;0;642;570;310;646;0;55;28;0;23;68;66;0;0;0;43;0;0;70;1944;102;313
108;Düsseldorf II;NW;Urne;195910;101661;1441;100220;35041;36098;7662;10795;9197;0;1284;0;0;0;0;143;0;0;0;0;0;0;0;0;0;0;0;0;1164;100497;27500;28812;15136;10982;12599;0;735;856;433;616;0;53;19;0;15;76;66;0;0;0;51;0;0;76;1965;136;371
109;Neuss I;NW;Urne;213950;108871;1589;107282;33577;49087;8962;6852;7113;0;1691;0;0;0;0;0;0;0;0;0;0;0;0;0;0;0;0;0;1433;107438;27962;37977;18519;7771;9109;0;1205;419;630;664;0;22;17;0;17;55;327;0;0;0;64;0;0;77;2066;150;387
110;Mönchengladbach;NW;Urne;194294;101322;1490;99832;28659;44159;9274;8023;8212;0;1351;0;0;0;0;0;0;0;0;0;0;0;0;0;0;0;0;154;1229;100093;25361;33504;18045;8866;8901;0;1080;258;463;727;0;28;17;0;15;71;210;0;0;0;40;0;0;67;1864;150;426
111;Krefeld I – Neuss II;NW;Urne;204291;113760;1452;112308;34439;46517;12781;6997;8877;0;1129;0;1568;0;0;0;0;0;0;0;0;0;0;0;0;0;0;0;1285;112475;28218;38288;21625;8156;10703;0;853;268;808;696;0;36;23;0;17;73;214;0;0;0;49;0;0;76;1865;120;387
112;Viersen;NW;Urne;227805;130986;1741;129245;34596;61729;12091;9448;9802;0;1579;0;0;0;0;0;0;0;0;0;0;0;0;0;0;0;0;0;1462;129524;30325;47124;24025;10143;11472;0;1227;257;707;973;0;17;15;0;17;80;71;0;0;0;75;0;0;100;2207;125;564
113;Kleve;NW;Urne;226029;124360;1774;122586;37155;59383;10957;7229;7862;0;0;0;0;0;0;0;0;0;0;0;0;0;0;0;0;0;0;0;1483;122877;29496;50558;19861;7894;9717;0;884;237;702;724;0;21;23;0;12;70;67;0;0;0;81;0;0;114;1917;112;387
114;Wesel I;NW;Urne;207451;120771;1517;119254;47047;44584;8042;9325;7649;0;1358;0;1249;0;0;0;0;0;0;0;0;0;0;0;0;0;0;0;1369;119402;39497;37883;15206;10758;10213;0;1153;330;762;744;0;27;23;0;9;65;69;0;0;0;79;0;0;88;2039;121;336
115;Krefeld II – Wesel II;NW;Urne;182878;102738;1460;101278;41755;34025;8149;8668;7228;0;1235;0;0;0;0;218;0;0;0;0;0;0;0;0;0;0;0;0;1253;101485;33634;28897;13971;9794;10158;0;956;260;452;651;0;94;17;0;15;69;56;0;0;0;69;0;0;59;1779;131;423
116;Duisburg I;NW;Urne;185802;99498;1476;98022;42938;29360;5521;10849;7245;0;1860;0;0;0;0;0;0;0;0;0;0;0;0;0;0;0;0;249;1340;98158;36574;24302;9664;12002;9471;0;1315;498;559;798;0;146;26;0;26;72;93;0;0;0;103;0;0;76;1862;144;427
117;Duisburg II;NW;Urne;159541;77585;1421;76164;36622;19057;4047;9201;4309;0;2526;0;0;0;0;239;0;0;0;0;0;0;0;0;0;0;0;163;1234;76351;31472;16408;6322;11194;5450;0;1708;451;436;668;0;153;27;0;26;50;142;0;0;0;98;0;0;41;1249;121;335
118;Oberhausen – Wesel III;NW;Urne;212283;119297;1712;117585;53906;30775;7023;11903;11430;0;2305;0;0;0;0;243;0;0;0;0;0;0;0;0;0;0;0;0;1585;117712;47189;26961;11957;13842;10881;0;1765;415;626;880;0;103;41;0;28;86;75;0;0;0;123;0;0;88;2002;158;492
119;Mülheim – Essen I;NW;Urne;194638;108879;1371;107508;46103;33289;8447;9811;8251;0;1607;0;0;0;0;0;0;0;0;0;0;0;0;0;0;0;0;0;1185;107694;39191;27626;13884;10827;10518;0;1219;432;566;742;0;124;48;0;28;67;51;0;0;0;66;0;0;79;1690;160;376
120;Essen II;NW;Urne;171457;83217;1362;81855;38908;21222;5098;8913;5313;0;1823;0;0;0;0;184;394;0;0;0;0;0;0;0;0;0;0;0;1132;82085;32745;17857;8373;10095;7389;0;1368;807;463;612;0;113;92;0;22;73;57;0;0;0;53;0;0;51;1513;117;285
121;Essen III;NW;Urne;197729;108240;1280;106960;43413;36926;7305;7913;9755;0;1321;0;0;0;0;0;327;0;0;0;0;0;0;0;0;0;0;0;990;107250;34390;29971;14800;9511;13304;0;1039;482;408;630;0;76;96;0;29;76;49;0;0;0;48;0;0;87;1889;88;277
122;Recklinghausen I;NW;Urne;174767;97807;1546;96261;42544;28428;6832;10493;6043;0;1762;0;0;0;0;0;0;0;0;0;0;0;0;0;0;0;0;159;1230;96577;35051;25948;10382;11710;7978;0;1260;337;506;654;0;66;26;0;13;59;44;0;0;0;151;0;0;66;1825;154;347
123;Recklinghausen II;NW;Urne;194999;105986;1502;104484;45546;31832;7686;11041;6353;0;1884;0;0;0;0;142;0;0;0;0;0;0;0;0;0;0;0;0;1217;104769;39137;28769;11350;11806;7898;0;1315;397;561;738;0;77;22;0;25;69;52;0;0;0;118;0;0;62;1909;144;320
124;Gelsenkirchen;NW;Urne;187486;95938;2218;93720;51903;23070;6392;0;7210;0;3593;0;0;0;0;1552;0;0;0;0;0;0;0;0;0;0;0;0;1298;94640;40101;20245;8549;12104;6845;0;1726;926;507;647;0;388;30;0;20;69;53;0;0;0;98;0;0;38;1817;113;364
125;Steinfurt I – Borken I;NW;Urne;200304;115338;1622;113716;35012;50421;13469;6963;6783;0;1068;0;0;0;0;0;0;0;0;0;0;0;0;0;0;0;0;0;1239;114099;28684;46554;17712;7745;8736;0;878;167;550;452;0;14;15;0;16;46;75;0;0;0;56;0;0;92;1871;169;267
126;Bottrop – Recklinghausen III;NW;Urne;208655;120537;1578;118959;52083;38136;7462;11542;6582;0;2088;0;0;0;0;209;0;0;0;0;0;0;0;857;0;0;0;0;1424;119113;44867;32736;13059;13161;8451;0;1550;557;683;828;0;117;30;0;17;69;57;0;0;0;97;0;0;332;1953;119;430
127;Borken II;NW;Urne;196659;121169;1332;119837;31363;64502;9920;5455;7675;0;922;0;0;0;0;0;0;0;0;0;0;0;0;0;0;0;0;0;1124;120045;27127;54041;19887;6180;8743;0;713;149;530;480;0;15;10;0;8;53;74;0;0;0;51;0;0;74;1563;74;273
128;Coesfeld – Steinfurt II;NW;Urne;189353;111782;1092;110690;30098;55199;10512;6153;7930;0;798;0;0;0;0;0;0;0;0;0;0;0;0;0;0;0;0;0;903;110879;25120;45928;18231;6900;10439;0;621;169;580;515;0;12;12;0;15;57;64;0;0;0;58;0;0;131;1618;105;304
129;Steinfurt III;NW;Urne;192966;119655;1613;118042;49594;50422;9264;7756;0;0;1006;0;0;0;0;0;0;0;0;0;0;0;0;0;0;0;0;0;1273;118382;37162;41636;16224;7932;11004;0;830;174;617;438;0;14;19;0;11;37;43;0;0;0;64;0;0;73;1750;126;228
130;Münster;NW;Urne;210934;110694;1033;109661;38429;40774;10328;5901;13591;0;527;0;0;0;0;0;0;0;0;0;0;0;0;0;0;0;0;111;959;109735;27387;34283;15905;8230;19399;0;436;126;298;387;0;28;8;0;13;49;44;0;0;0;31;0;0;303;2557;66;185
131;Warendorf;NW;Urne;211287;122362;2232;120130;40059;58079;12260;9732;0;0;0;0;0;0;0;0;0;0;0;0;0;0;0;0;0;0;0;0;1608;120754;30168;47989;18151;8035;11560;0;859;256;570;525;0;6;11;0;8;62;80;0;0;0;65;0;0;88;1910;90;321
132;Gütersloh;NW;Urne;232944;134739;2286;132453;43408;58731;11652;8446;9390;0;0;0;0;0;0;0;0;0;0;0;0;0;0;499;0;0;0;327;1746;132993;34607;51030;19333;9247;12714;0;1040;315;682;620;0;19;19;0;20;89;68;0;0;0;98;0;0;313;2226;119;434
133;Bielefeld;NW;Urne;247085;136786;2031;134755;48665;47208;7549;11523;18108;0;1417;0;0;0;0;0;285;0;0;0;0;0;0;0;0;0;0;0;1840;134946;41793;39596;14172;14047;18755;0;1187;249;626;694;0;60;79;0;36;91;49;0;0;0;83;0;0;136;2777;126;390
134;Herford – Minden-Lübbecke II;NW;Urne;233781;127006;2120;124886;49619;45679;11220;10006;8362;0;0;0;0;0;0;0;0;0;0;0;0;0;0;0;0;0;0;0;1851;125155;42123;39220;16381;10699;10961;0;1113;494;721;680;0;29;17;0;18;106;44;0;0;0;68;0;0;104;1938;133;306
135;Minden-Lübbecke I;NW;Urne;209155;119364;1780;117584;47515;49413;7506;7359;5791;0;0;0;0;0;0;0;0;0;0;0;0;0;0;0;0;0;0;0;1608;117756;38718;41843;14109;8667;9048;0;792;660;706;530;0;16;15;0;22;51;43;0;0;0;74;0;0;85;1966;114;297
136;Lippe I;NW;Urne;174517;102018;1625;100393;41439;36517;8855;7121;6461;0;0;0;0;0;0;0;0;0;0;0;0;0;0;0;0;0;0;0;1348;100670;35579;31761;12592;7533;8083;0;904;295;669;556;0;18;31;0;8;65;51;0;0;0;79;0;0;100;1947;92;307
137;Höxter – Lippe II;NW;Urne;216917;128708;2375;126333;40839;58272;9241;7640;7483;0;1284;0;1248;0;0;0;0;0;0;0;0;0;0;326;0;0;0;0;2162;126546;37440;47393;18320;8685;9112;0;992;210;892;543;0;17;18;0;27;78;71;0;0;0;96;0;0;218;2061;96;277
138;Paderborn;NW;Urne;243442;138058;1994;136064;35017;70785;11813;7887;9079;0;1483;0;0;0;0;0;0;0;0;0;0;0;0;0;0;0;0;0;1948;136110;28508;57907;22860;8688;11338;0;1152;316;962;612;0;18;21;0;23;99;84;0;0;0;99;0;0;142;2839;113;329
139;Hagen – Ennepe-Ruhr-Kreis I;NW;Urne;217768;117060;1621;115439;50739;37013;8499;10177;6758;0;2253;0;0;0;0;0;0;0;0;0;0;0;0;0;0;0;0;0;1452;115608;38755;33261;13897;12090;10688;0;1508;747;570;958;0;76;25;0;8;85;51;0;0;0;89;0;0;62;2039;204;495
140;Ennepe-Ruhr-Kreis II;NW;Urne;183435;100566;1402;99164;41534;29111;9472;8602;8616;0;1413;0;0;0;0;229;0;0;0;0;0;0;0;0;0;0;0;187;1167;99399;35046;25193;12320;9855;11576;0;1098;249;539;770;0;123;23;0;38;80;47;0;0;0;83;0;0;91;1778;116;374
141;Bochum I;NW;Urne;214358;113865;1454;112411;50441;32567;6134;11676;9244;0;1809;0;0;0;0;216;324;0;0;0;0;0;0;0;0;0;0;0;1280;112585;41528;25794;12014;13084;13771;0;1457;288;490;807;0;115;72;0;46;60;33;0;0;0;78;0;0;79;2376;130;363
142;Herne – Bochum II;NW;Urne;188777;101890;2479;99411;52016;25642;6556;0;9662;0;2198;2372;0;0;0;965;0;0;0;0;0;0;0;0;0;0;0;0;1690;100200;40596;21431;9029;13573;8912;0;1365;1230;502;722;0;155;14;0;28;58;53;0;0;0;143;0;0;69;1739;175;406
143;Dortmund I;NW;Urne;214213;110267;1218;109049;46489;28819;8509;11195;11692;0;1835;0;0;0;0;207;303;0;0;0;0;0;0;0;0;0;0;0;1045;109222;36853;24697;12810;12864;15282;0;1189;190;407;662;0;106;67;0;18;70;46;0;0;0;698;0;0;82;2656;111;414
144;Dortmund II;NW;Urne;208840;107181;1334;105847;45933;29756;6788;11897;9099;0;1945;0;0;0;0;0;0;0;0;0;0;0;0;0;0;0;0;429;1176;106005;38255;24478;11905;12918;11920;0;1343;220;568;729;0;89;34;0;20;87;41;0;0;0;551;0;0;55;1990;172;630
145;Unna I;NW;Urne;202933;115624;1419;114205;49700;35651;7170;10125;9657;0;1902;0;0;0;0;0;0;0;0;0;0;0;0;0;0;0;0;0;1275;114349;43505;28443;13697;11398;10864;0;1437;253;630;797;0;35;18;0;14;73;39;0;0;0;181;0;0;65;2059;123;718
146;Hamm – Unna II;NW;Urne;239907;129811;2000;127811;57276;40275;10934;9842;7019;0;2465;0;0;0;0;0;0;0;0;0;0;0;0;0;0;0;0;0;1713;128098;43999;38586;15099;13291;9951;0;1776;447;669;792;0;49;16;0;22;77;46;0;0;0;184;0;0;64;2401;154;475
147;Soest;NW;Urne;232781;125283;1859;123424;37337;55585;11226;9149;8673;0;1454;0;0;0;0;0;0;0;0;0;0;0;0;0;0;0;0;0;1655;123628;32312;43688;20924;10033;10621;0;1097;302;826;637;0;10;37;0;20;85;80;0;0;0;96;0;0;80;2128;211;441
148;Hochsauerlandkreis;NW;Urne;209440;113622;1616;112006;30824;57352;9672;7262;5681;0;1215;0;0;0;0;0;0;0;0;0;0;0;0;0;0;0;0;0;1460;112162;28072;46239;17927;7852;7005;0;975;242;711;564;0;22;17;0;23;84;81;0;0;0;73;0;0;88;1606;146;435
149;Siegen-Wittgenstein;NW;Urne;218411;121474;1820;119654;47746;48945;11427;9607;0;0;1929;0;0;0;0;0;0;0;0;0;0;0;0;0;0;0;0;0;1467;120007;35488;40908;17386;10067;10285;0;1561;527;610;650;0;17;20;0;18;82;65;0;0;0;57;0;0;173;1659;118;316
150;Olpe – Märkischer Kreis I;NW;Urne;214196;108506;1541;106965;31212;49955;10670;7774;5736;0;1618;0;0;0;0;0;0;0;0;0;0;0;0;0;0;0;0;0;1465;107041;26853;41132;17811;8352;7453;0;1254;402;666;658;0;32;13;0;26;77;87;0;0;0;90;0;0;81;1482;164;408
151;Märkischer Kreis II;NW;Urne;210993;110376;1507;108869;46041;37881;8327;8493;4652;0;1894;0;0;1581;0;0;0;0;0;0;0;0;0;0;0;0;0;0;1431;108945;32509;36542;15202;10094;8042;0;1580;466;659;952;0;41;16;0;21;83;40;0;0;0;89;0;0;74;1799;217;519
152;Nordsachsen;SN;Urne;178447;94781;1658;93123;13648;37946;9184;24082;3549;0;4714;0;0;0;0;0;0;0;0;0;0;0;0;0;0;0;0;0;1576;93205;14420;32861;12032;24150;3948;0;4688;351;0;0;0;235;520;0;0;0;0;0;0;0;0;0;0;0;0;0;0
153;Leipzig I;SN;Urne;202455;105075;1517;103558;20037;34473;9575;27591;6724;0;3767;0;0;0;0;0;1391;0;0;0;0;0;0;0;0;0;0;0;1369;103706;18638;30555;13760;26716;8743;0;3782;296;0;0;0;244;972;0;0;0;0;0;0;0;0;0;0;0;0;0;0
154;Leipzig II;SN;Urne;212804;112052;1618;110434;25113;32105;8308;28482;12382;0;2705;0;0;0;0;0;1339;0;0;0;0;0;0;0;0;0;0;0;1561;110491;20048;28542;13656;28816;15215;0;2729;215;0;0;0;309;961;0;0;0;0;0;0;0;0;0;0;0;0;0;0
155;Leipzig-Land;SN;Urne;231084;126454;2049;124405;19991;51871;12486;28261;5415;0;5491;0;0;0;0;0;0;0;0;0;0;0;0;0;0;0;0;890;1906;124548;19756;45366;16647;29716;6148;0;5289;420;0;0;0;311;895;0;0;0;0;0;0;0;0;0;0;0;0;0;0
156;Meißen;SN;Urne;216629;118478;2065;116413;14583;52376;10645;24931;6532;0;6465;0;0;0;0;0;0;0;0;0;0;0;0;0;0;0;0;881;2103;116375;15079;43327;17160;26430;6385;0;6312;373;0;0;0;268;1041;0;0;0;0;0;0;0;0;0;0;0;0;0;0
157;Bautzen I;SN;Urne;237786;137247;2672;134575;14918;57020;15653;33768;5430;0;7786;0;0;0;0;0;0;0;0;0;0;0;0;0;0;0;0;0;2401;134846;16690;52202;18690;32795;5403;0;7053;488;0;0;0;400;1125;0;0;0;0;0;0;0;0;0;0;0;0;0;0
158;Görlitz;SN;Urne;238958;129177;2533;126644;14578;53676;12005;30799;5924;0;7277;0;0;0;0;0;2385;0;0;0;0;0;0;0;0;0;0;0;2421;126756;15888;47112;16693;31250;5660;0;7429;490;0;0;0;356;1878;0;0;0;0;0;0;0;0;0;0;0;0;0;0
159;Sächsische Schweiz – Osterzgebirge;SN;Urne;215674;122464;2249;120215;13959;54367;13153;24367;5093;0;7388;0;0;0;0;0;1888;0;0;0;0;0;0;0;0;0;0;0;2097;120367;14442;48238;17479;25017;5993;0;7153;384;0;0;0;232;1429;0;0;0;0;0;0;0;0;0;0;0;0;0;0
160;Dresden I;SN;Urne;230676;120292;1709;118583;19964;43400;11204;28815;9553;0;3338;0;0;0;0;0;1243;0;0;0;0;0;0;0;0;0;0;1066;1530;118762;18882;39865;16067;26629;12184;0;3451;225;0;0;0;225;1234;0;0;0;0;0;0;0;0;0;0;0;0;0;0
161;Dresden II – Bautzen II;SN;Urne;231247;123545;2042;121503;18100;44672;14520;23930;13607;0;3896;0;0;0;0;327;1331;0;0;0;0;0;0;0;0;0;0;1120;1792;121753;17205;40922;17948;25012;14756;0;3982;298;0;0;0;326;1304;0;0;0;0;0;0;0;0;0;0;0;0;0;0
162;Mittelsachsen;SN;Urne;223149;122654;2069;120585;17419;52332;12187;28096;4731;0;5820;0;0;0;0;0;0;0;0;0;0;0;0;0;0;0;0;0;1938;120716;15715;46096;17128;29717;4946;0;5703;439;0;0;0;266;706;0;0;0;0;0;0;0;0;0;0;0;0;0;0
163;Chemnitz;SN;Urne;205652;105222;1417;103805;20920;35589;9464;28837;5740;0;3255;0;0;0;0;0;0;0;0;0;0;0;0;0;0;0;0;0;1335;103887;17838;31266;13709;29641;6965;0;3142;468;0;0;0;226;632;0;0;0;0;0;0;0;0;0;0;0;0;0;0
164;Chemnitzer Umland – Erzgebirgskreis II;SN;Urne;202743;116149;1973;114176;16828;46851;12129;29100;4451;0;4817;0;0;0;0;0;0;0;0;0;0;0;0;0;0;0;0;0;1834;114315;16712;42354;14844;29440;4991;0;4580;420;0;0;0;243;731;0;0;0;0;0;0;0;0;0;0;0;0;0;0
165;Erzgebirgskreis I;SN;Urne;247624;139821;2683;137138;14998;54740;20966;32844;4806;0;7399;0;0;0;0;0;0;0;0;0;0;0;0;0;0;0;0;1385;2693;137128;16374;52300;19373;34973;4847;0;7346;573;0;0;0;321;1021;0;0;0;0;0;0;0;0;0;0;0;0;0;0
166;Zwickau;SN;Urne;229535;125586;2161;123425;18093;47567;11156;35015;5292;0;4984;0;0;0;0;0;911;0;0;0;0;0;0;0;0;0;0;407;2062;123524;18480;43667;14993;34551;5321;0;4870;472;0;0;0;271;899;0;0;0;0;0;0;0;0;0;0;0;0;0;0
167;Vogtlandkreis;SN;Urne;213732;118427;2190;116237;18217;47576;10807;29291;4768;0;4500;0;0;0;1078;0;0;0;0;0;0;0;0;0;0;0;0;0;2099;116328;17243;42425;14490;30711;5627;0;4374;524;0;0;0;212;722;0;0;0;0;0;0;0;0;0;0;0;0;0;0
168;Waldeck;HE;Urne;192360;115171;3220;111951;42771;39275;10431;8836;8874;0;1548;0;0;0;0;0;0;0;0;0;0;0;0;0;0;0;0;216;3015;112156;37278;33003;16415;9871;10925;0;1229;442;0;897;0;41;88;0;0;0;0;0;0;0;100;0;0;0;1867;0;0
169;Kassel;HE;Urne;222636;124476;3394;121082;47366;35481;8865;12935;14287;0;1388;0;0;0;0;248;0;0;0;0;0;0;0;0;0;0;0;512;3157;121319;38625;29314;14942;14651;17924;0;1100;410;0;1078;0;140;112;0;0;0;0;0;0;0;96;0;0;0;2927;0;0
170;Werra-Meißner – Hersfeld-Rotenburg;HE;Urne;184337;112287;3266;109021;44713;36989;9945;9621;5857;0;1896;0;0;0;0;0;0;0;0;0;0;0;0;0;0;0;0;0;3290;108997;38087;32256;14140;11176;8570;0;1744;365;0;786;0;30;124;0;0;0;0;0;0;0;82;0;0;0;1637;0;0
171;Schwalm-Eder;HE;Urne;194732;121162;3860;117302;47663;38928;11108;9842;7709;0;2052;0;0;0;0;0;0;0;0;0;0;0;0;0;0;0;0;0;3790;117372;40170;33271;16568;11136;10725;0;1641;503;0;1025;0;34;89;0;0;0;0;0;0;0;115;0;0;0;2095;0;0
172;Marburg;HE;Urne;185071;112446;2089;110357;43747;38810;9083;9282;7901;0;1534;0;0;0;0;0;0;0;0;0;0;0;0;0;0;0;0;0;1975;110471;32374;33878;14323;11287;13332;0;1181;759;0;949;0;22;120;0;0;0;0;0;0;0;70;0;0;0;2176;0;0
173;Lahn-Dill;HE;Urne;212611;125741;2761;122980;41535;50248;10667;8737;9163;0;2630;0;0;0;0;0;0;0;0;0;0;0;0;0;0;0;0;0;2485;123256;34940;41900;17502;10713;11351;0;2012;658;0;1209;0;34;129;0;0;0;0;0;0;0;116;0;0;0;2692;0;0
174;Gießen;HE;Urne;228413;138123;3397;134726;46875;49191;14468;9905;11278;0;2100;0;0;0;0;0;0;0;0;0;0;0;0;0;0;0;0;909;3180;134943;37473;41185;21205;12517;15269;0;1665;631;0;1282;0;39;160;0;0;0;0;0;0;0;137;0;0;0;3380;0;0
175;Fulda;HE;Urne;239786;151573;3697;147876;35655;73388;14813;10433;10318;0;3269;0;0;0;0;0;0;0;0;0;0;0;0;0;0;0;0;0;3385;148188;30061;60057;26098;11616;12172;0;2506;1232;0;1351;0;49;195;0;0;0;0;0;0;0;163;0;0;0;2688;0;0
176;Hochtaunus;HE;Urne;182246;109227;1894;107333;28520;47399;12085;6141;9940;0;932;724;0;1592;0;0;0;0;0;0;0;0;0;0;0;0;0;0;1872;107355;23935;37082;21410;7529;12350;0;920;682;0;1138;0;18;100;0;0;0;0;0;0;0;64;0;0;0;2127;0;0
177;Wetterau;HE;Urne;246697;150168;3558;146610;49521;59231;12833;9392;9897;0;3325;0;0;2159;0;0;0;0;0;0;0;0;0;0;0;0;0;252;3518;146650;37421;47900;25378;11552;15702;0;3021;600;0;1688;0;38;156;0;0;0;0;0;0;0;112;0;0;0;3082;0;0
178;Rheingau-Taunus – Limburg;HE;Urne;221226;133154;2884;130270;37316;58825;13680;7527;10316;0;1254;1352;0;0;0;0;0;0;0;0;0;0;0;0;0;0;0;0;2490;130664;29899;46846;24456;9008;13877;0;1315;970;0;1341;0;29;141;0;0;0;0;0;0;0;81;0;0;0;2701;0;0
179;Wiesbaden;HE;Urne;187479;103581;2038;101543;34468;40164;8814;7666;8336;0;1295;0;0;0;0;0;474;0;0;0;0;0;0;0;0;0;0;326;1935;101646;24845;29865;17607;9644;14348;0;904;909;0;802;0;31;210;0;0;0;0;0;0;0;114;0;0;0;2367;0;0
180;Hanau;HE;Urne;241923;147248;3516;143732;49669;55677;12484;10256;9400;0;2044;1493;0;2709;0;0;0;0;0;0;0;0;0;0;0;0;0;0;3552;143696;35193;45529;24875;12901;15915;0;2073;1438;0;2144;0;37;178;0;0;0;0;0;0;0;128;0;0;0;3285;0;0
181;Main-Taunus;HE;Urne;195505;118352;2311;116041;29372;53553;13526;6248;11951;0;1391;0;0;0;0;0;0;0;0;0;0;0;0;0;0;0;0;0;1921;116431;23454;41505;24626;7033;14264;0;951;586;0;1130;0;23;135;0;0;0;0;0;0;0;94;0;0;0;2630;0;0
182;Frankfurt am Main I;HE;Urne;190058;102753;1891;100862;32327;34061;9006;10115;11599;0;1143;741;0;1460;0;139;271;0;0;0;0;0;0;0;0;0;0;0;1834;100919;23922;26309;16660;12221;15840;0;1098;713;0;1135;0;74;159;0;0;0;0;0;0;0;70;0;0;0;2718;0;0
183;Frankfurt am Main II;HE;Urne;212140;119022;2196;116826;36428;40010;10153;9853;17197;0;1290;0;0;1560;0;0;335;0;0;0;0;0;0;0;0;0;0;0;1882;117140;26601;30884;19560;12659;21439;0;984;546;0;1183;0;54;147;0;0;0;0;0;0;0;84;0;0;0;2999;0;0
184;Groß-Gerau;HE;Urne;172278;103921;2640;101281;37177;35991;8004;8025;9550;0;2167;0;0;0;0;0;0;0;0;0;0;0;0;0;0;0;0;367;2402;101519;28842;29283;14959;9388;12717;0;1491;954;0;1182;0;48;159;0;0;0;0;0;0;0;91;0;0;0;2405;0;0
185;Offenbach;HE;Urne;221180;125966;3389;122577;36265;48087;11960;9800;12040;0;2111;0;0;2151;0;0;0;0;0;0;0;0;0;0;0;0;0;163;3717;122249;27850;37350;22065;11583;15937;0;1541;923;0;1452;0;29;155;0;0;0;0;0;0;0;132;0;0;0;3232;0;0
186;Darmstadt;HE;Urne;233622;140835;2928;137907;49340;47328;10485;9417;16357;0;1582;0;0;0;0;0;0;0;0;0;303;0;0;0;3095;0;0;0;2616;138219;35527;38678;20855;12421;23544;0;1297;674;0;1279;0;77;145;0;0;0;0;0;0;0;120;0;0;0;3602;0;0
187;Odenwald;HE;Urne;234911;141690;4556;137134;41898;54092;14341;9729;12769;0;1890;1562;0;0;0;0;0;0;0;0;0;0;0;0;0;0;0;853;4265;137425;34953;43854;23510;11146;15643;0;1661;1512;0;1347;0;65;177;0;0;0;0;0;0;0;105;0;0;0;3452;0;0
188;Bergstraße;HE;Urne;199708;119364;2713;116651;37014;50312;10365;7767;9108;0;2085;0;0;0;0;0;0;0;0;0;0;0;0;0;0;0;0;0;2363;117001;29433;38755;20221;9174;12737;0;1415;1292;0;1299;0;37;132;0;0;0;0;0;0;0;101;0;0;0;2405;0;0
189;Eichsfeld – Nordhausen – Unstrut-Hainich-Kreis I;TH;Urne;204717;115491;1502;113989;19172;48863;8412;28219;4482;0;3481;0;0;0;0;0;0;0;0;0;0;0;0;1103;0;0;0;257;1427;114064;18669;43444;12407;27815;5234;0;3327;276;0;0;0;105;0;0;0;0;0;0;0;0;0;0;0;810;1977;0;0
190;Eisenach – Wartburgkreis – Unstrut-Hainich-Kreis II;TH;Urne;201700;112699;1814;110885;24788;38453;7022;30974;4038;0;4485;0;0;0;0;0;0;0;0;0;0;0;0;0;0;0;0;1125;1788;110911;20387;35843;10254;31688;5252;0;4248;422;0;0;0;234;0;0;0;0;0;0;0;0;0;0;0;392;2191;0;0
191;Kyffhäuserkreis – Sömmerda – Weimarer Land I;TH;Urne;200901;110647;1713;108934;19585;36792;8444;34337;4769;0;4543;0;0;0;0;0;0;0;0;0;0;0;0;0;0;0;0;464;1710;108937;18563;34100;11030;32944;4971;0;4094;447;0;0;0;158;0;0;0;0;0;0;0;0;0;0;0;347;2283;0;0
192;Gotha – Ilm-Kreis;TH;Urne;214510;118995;1909;117086;31184;33876;8536;31099;5909;0;5030;0;0;0;0;0;0;0;0;0;0;0;0;0;0;0;0;1452;1838;117157;22841;35708;10581;32992;6058;0;4519;467;0;0;0;169;0;0;0;0;0;0;0;0;0;0;0;397;3425;0;0
193;Erfurt – Weimar – Weimarer Land II;TH;Urne;225708;120850;1709;119141;26381;36494;7307;35162;8803;0;3800;0;0;0;0;0;0;0;0;0;0;0;0;0;0;0;0;1194;1449;119401;21194;32849;11024;34201;11467;0;3465;400;0;0;0;236;0;0;0;0;0;0;0;0;0;0;0;468;4097;0;0
194;Gera – Jena – Saale-Holzland-Kreis;TH;Urne;245228;135695;2014;133681;28177;38589;12713;40970;8880;0;4352;0;0;0;0;0;0;0;0;0;0;0;0;0;0;0;0;0;1711;133984;22874;36895;13953;40407;10137;0;3842;513;0;0;0;154;0;0;0;0;0;0;0;0;0;0;0;516;4693;0;0
195;Greiz – Altenburger Land;TH;Urne;182336;101238;1786;99452;17365;36963;7949;29250;3538;0;4387;0;0;0;0;0;0;0;0;0;0;0;0;0;0;0;0;0;1621;99617;16292;32391;10926;28705;4085;0;3892;363;0;0;0;135;0;0;0;0;0;0;0;0;0;0;0;414;2414;0;0
196;Sonneberg – Saalfeld-Rudolstadt – Saale-Orla-Kreis;TH;Urne;231447;127371;2039;125332;23558;39590;10630;39545;4700;0;6034;0;0;0;0;524;0;0;0;0;0;0;0;0;0;0;0;751;1691;125680;21210;37727;12265;39233;5449;0;5494;560;0;0;0;346;0;0;0;0;0;0;0;0;0;0;0;454;2942;0;0
197;Suhl – Schmalkalden-Meiningen – Hildburghausen;TH;Urne;207012;111641;1687;109954;22978;33884;8651;35554;4816;0;4071;0;0;0;0;0;0;0;0;0;0;0;0;0;0;0;0;0;1489;110152;19366;32654;10308;35005;5453;0;3659;481;0;0;0;161;0;0;0;0;0;0;0;0;0;0;0;329;2736;0;0
198;Neuwied;RP;Urne;242568;126869;3004;123865;46259;47612;12430;8902;6696;0;1966;0;0;0;0;0;0;0;0;0;0;0;0;0;0;0;0;0;2236;124633;32180;43125;20668;11908;10195;0;1473;541;1206;0;832;57;0;0;0;0;0;0;0;0;97;0;0;228;2123;0;0
199;Ahrweiler;RP;Urne;195658;100826;2174;98652;25496;44004;14438;6440;7049;0;1225;0;0;0;0;0;0;0;0;0;0;0;0;0;0;0;0;0;1824;99002;21644;38298;18551;7780;8369;0;957;306;858;0;240;25;0;0;0;0;0;0;0;0;60;0;0;250;1664;0;0
200;Koblenz;RP;Urne;196560;95608;2370;93238;27490;39345;8901;7480;8866;0;1156;0;0;0;0;0;0;0;0;0;0;0;0;0;0;0;0;0;2015;93593;23250;31513;16376;8440;9523;0;920;315;811;0;164;19;0;0;0;0;0;0;0;0;73;0;0;203;1986;0;0
201;Mosel/Rhein-Hunsrück;RP;Urne;179373;102919;3578;99341;24214;47119;12142;7312;7308;0;1246;0;0;0;0;0;0;0;0;0;0;0;0;0;0;0;0;0;2299;100620;21324;39067;19066;8559;7923;0;938;393;1053;0;320;23;0;0;0;0;0;0;0;0;89;0;0;221;1644;0;0
202;Kreuznach;RP;Urne;190569;103364;2621;100743;29672;46382;6587;9437;6564;0;1504;0;0;0;0;0;0;0;0;0;0;0;0;0;0;0;0;597;2152;101212;27717;32690;15948;11577;8397;0;1311;454;937;0;186;27;0;0;0;0;0;0;0;0;133;0;0;196;1639;0;0
203;Bitburg;RP;Urne;168357;93099;2884;90215;22208;41595;12087;6329;6939;0;1057;0;0;0;0;0;0;0;0;0;0;0;0;0;0;0;0;0;2061;91038;17736;37146;17206;7633;7482;0;835;291;951;0;105;18;0;0;0;0;0;0;0;0;77;0;0;202;1356;0;0
204;Trier;RP;Urne;191691;104322;2974;101348;27310;45552;7943;9409;10030;0;1104;0;0;0;0;0;0;0;0;0;0;0;0;0;0;0;0;0;1991;102331;23827;36593;15012;10554;11943;0;938;272;879;0;122;16;0;0;0;0;0;0;0;0;61;0;0;197;1917;0;0
205;Montabaur;RP;Urne;213225;115161;2530;112631;34507;47365;11897;9244;7718;0;1900;0;0;0;0;0;0;0;0;0;0;0;0;0;0;0;0;0;2226;112935;27980;37863;20713;10226;9685;0;1544;514;1297;0;402;25;0;0;0;0;0;0;0;0;92;0;0;231;2363;0;0
206;Mainz;RP;Urne;251837;134518;2806;131712;42731;46356;14409;8341;15937;0;1594;0;0;0;0;0;218;0;0;0;0;0;597;1529;0;0;0;0;2093;132425;31821;41074;19967;10718;20909;0;904;1728;779;0;173;31;0;0;0;0;0;0;0;0;59;0;0;852;3410;0;0
207;Worms;RP;Urne;202156;108804;2495;106309;40588;37579;9882;8019;7638;0;2603;0;0;0;0;0;0;0;0;0;0;0;0;0;0;0;0;0;2228;106576;29236;33395;16417;9440;10891;0;1800;1194;1146;0;323;24;0;0;0;0;0;0;0;0;99;0;0;307;2304;0;0
208;Ludwigshafen/Frankenthal;RP;Urne;217445;110284;2388;107896;35414;40126;8925;9883;6648;0;1500;2847;0;0;0;157;0;0;0;0;0;0;0;0;2396;0;0;0;2171;108113;29103;33295;16039;11748;9448;0;1459;2821;1112;0;227;94;0;0;0;0;0;0;0;0;119;0;0;216;2432;0;0
209;Neustadt – Speyer;RP;Urne;220974;112509;2792;109717;28805;47616;9627;9278;9400;0;2047;0;2183;0;0;0;0;0;0;0;0;0;0;0;0;0;0;761;2137;110372;25371;37983;18115;9955;11568;0;1490;1472;1506;0;300;35;0;0;0;0;0;0;0;0;89;0;0;265;2223;0;0
210;Kaiserslautern;RP;Urne;235030;124804;3240;121564;42355;39674;10484;17743;7914;0;3394;0;0;0;0;0;0;0;0;0;0;0;0;0;0;0;0;0;2623;122181;34061;33804;17011;18158;10388;0;2656;1094;1611;0;308;47;0;0;0;0;0;0;0;0;91;0;0;299;2653;0;0
211;Pirmasens;RP;Urne;184220;97520;3199;94321;26228;36195;9925;12732;6302;0;2939;0;0;0;0;0;0;0;0;0;0;0;0;0;0;0;0;0;2588;94932;22133;31531;14011;13333;6257;0;2095;1344;1497;0;292;24;0;0;0;0;0;0;0;0;92;0;0;286;2037;0;0
212;Südpfalz;RP;Urne;214215;112022;2925;109097;31565;43715;13111;8239;8818;0;2465;0;0;0;0;0;0;0;0;0;0;0;0;0;0;0;0;1184;2380;109642;25651;36418;18420;9781;11293;0;1743;1444;1388;0;408;49;0;0;0;0;0;0;0;0;91;0;0;415;2541;0;0
213;Altötting;BY;Urne;166775;81849;1380;80469;12155;0;6784;4026;5940;49043;1571;0;0;0;0;0;950;0;0;0;0;0;0;0;0;0;0;0;1019;80830;10894;0;10193;4284;6295;41719;1031;852;630;445;77;13;211;909;0;0;0;0;91;0;54;174;0;1080;1467;411;0
214;Erding – Ebersberg;BY;Urne;185961;100264;1649;98615;17674;0;11282;4527;12267;48650;1407;0;0;0;0;0;0;0;0;0;0;0;0;2614;0;0;0;194;924;99340;14017;0;16083;4677;12330;42913;777;1243;750;659;66;24;37;1004;0;0;0;0;71;0;48;179;0;1683;1953;826;0
215;Freising;BY;Urne;205531;105009;1590;103419;15100;0;13241;6075;17558;48648;1950;0;0;0;0;0;0;0;0;0;0;0;0;0;0;847;0;0;924;104085;14420;0;15631;5978;12830;45417;1386;661;766;661;102;26;32;916;0;0;0;0;71;0;49;221;0;1307;2680;931;0
216;Fürstenfeldbruck;BY;Urne;249131;138256;1755;136501;26608;0;14807;5691;14282;67065;1587;0;0;0;0;0;0;2241;0;0;0;0;0;2222;0;1463;0;535;1306;136950;22225;0;22496;6871;16670;57415;1216;701;848;929;117;30;45;1399;0;0;0;0;95;0;87;273;0;1371;2824;1338;0
217;Ingolstadt;BY;Urne;252615;123759;1830;121929;19000;0;9295;7947;9529;70276;2546;0;0;0;0;0;414;0;0;0;0;0;0;2638;0;0;0;284;1310;122449;19242;0;14810;7844;9709;60553;1979;967;847;636;170;23;76;864;0;0;0;0;77;0;65;147;0;1608;2527;305;0
218;München-Nord;BY;Urne;220785;103620;1053;102567;38513;0;9462;5697;9261;36544;1099;0;0;0;0;94;159;0;0;0;0;0;0;1082;0;0;0;656;882;102738;21717;0;17790;7856;17661;30269;833;361;340;702;69;56;65;476;0;0;0;0;52;0;41;196;0;826;2881;547;0
219;München-Ost;BY;Urne;231017;112774;1063;111711;32498;0;14306;6531;13690;39774;957;0;0;0;0;0;148;991;0;0;0;0;0;1371;0;972;0;473;775;111999;23014;0;20195;8070;18156;34825;770;311;399;752;75;35;89;709;0;0;0;0;46;0;51;215;0;825;2639;823;0
220;München-Süd;BY;Urne;211617;101893;1145;100748;31190;0;10315;5974;12504;37195;933;0;0;0;0;0;304;0;0;0;0;0;0;1284;0;0;0;1049;772;101121;21271;0;16492;7721;16953;31395;776;338;371;683;110;41;101;497;0;0;0;0;66;0;40;217;0;739;2560;750;0
221;München-West/Mitte;BY;Urne;231682;113477;1109;112368;33290;0;12288;6793;15621;40355;1057;0;0;0;0;0;284;0;0;0;0;0;0;1597;0;0;0;1083;822;112655;22487;0;18873;8331;21752;33320;755;356;386;715;109;20;96;588;0;0;0;0;74;0;51;246;0;978;2846;672;0
222;München-Land;BY;Urne;233952;124052;1248;122804;25628;0;15542;5075;15633;55856;1100;0;1457;0;0;0;0;0;0;0;0;0;0;1311;0;815;387;0;867;123185;21682;0;24457;6128;15704;46984;823;573;829;702;69;16;28;646;0;0;0;0;48;0;62;194;0;967;2469;804;0
223;Rosenheim;BY;Urne;226483;116312;1646;114666;16891;0;9917;4551;13778;59294;892;2649;0;0;0;0;279;2579;0;0;0;0;0;2769;0;1067;0;0;1259;115053;15103;0;16556;5388;12840;53057;901;2307;728;670;99;24;138;1916;0;0;0;0;119;0;54;316;0;1903;1925;1009;0
224;Starnberg;BY;Urne;251039;124545;1741;122804;20343;0;16636;5067;13090;66024;1644;0;0;0;0;0;0;0;0;0;0;0;0;0;0;0;0;0;1128;123417;16670;0;23368;5490;15290;53259;1082;586;687;767;89;21;42;1295;0;0;0;0;114;0;76;340;0;1182;1952;1107;0
225;Traunstein;BY;Urne;205115;99080;1563;97517;15001;0;6768;4634;10891;53209;1598;0;0;0;0;0;439;2030;0;0;0;0;0;1678;0;797;472;0;1161;97919;12632;0;12559;5288;11118;47205;1283;1066;538;563;166;12;93;1505;0;0;0;0;171;0;46;220;0;1319;1430;705;0
226;Weilheim;BY;Urne;249153;127743;1895;125848;18761;0;12487;5690;14864;65145;1457;0;0;0;0;0;0;2375;0;0;0;0;0;3225;0;1007;0;837;1358;126385;16958;0;19866;6601;14593;56409;1154;631;964;764;169;21;40;1910;0;0;0;0;130;0;74;329;0;2334;2350;1088;0
227;Deggendorf;BY;Urne;154767;64307;1169;63138;10459;0;7213;4772;4367;33703;2117;0;0;0;0;0;0;0;0;0;0;0;0;0;0;0;507;0;844;63463;9206;0;9130;5288;4113;29366;1539;1000;485;317;73;12;16;763;0;0;0;0;70;0;33;123;0;820;844;265;0
228;Landshut;BY;Urne;246833;122961;2121;120840;18736;0;15643;7026;12133;61154;2537;0;0;0;0;0;0;0;0;0;0;0;825;2786;0;0;0;0;1351;121610;17554;0;17283;7219;10720;58055;1839;995;895;825;93;22;28;946;0;0;0;0;95;0;62;510;0;1899;2137;433;0
229;Passau;BY;Urne;186068;76963;1137;75826;11144;0;13341;6228;5741;35823;1789;0;0;0;0;0;0;0;0;0;0;0;0;1760;0;0;0;0;888;76075;12059;0;11607;6284;5808;33578;1438;569;530;392;72;9;23;541;0;0;0;0;81;0;45;140;0;1478;1143;278;0
230;Rottal-Inn;BY;Urne;162109;74818;1589;73229;12866;0;7043;3608;4023;39682;1301;1211;0;0;0;0;330;0;0;0;0;0;0;3165;0;0;0;0;1056;73762;10278;0;10268;4249;4750;36818;1321;988;526;370;36;13;78;773;0;0;0;0;109;0;43;128;0;1735;1019;260;0
231;Straubing;BY;Urne;173068;78098;1251;76847;17071;0;5900;3903;3065;42775;1888;0;0;0;0;0;0;0;0;0;0;0;0;1940;0;0;0;305;1098;77000;11082;0;10700;5217;4061;38183;1519;931;554;364;55;4;19;788;0;0;0;0;69;0;35;109;0;1925;1145;240;0
232;Amberg;BY;Urne;214616;114892;2712;112180;23845;0;13852;8234;10071;52402;3019;0;0;0;0;0;0;0;0;0;0;0;0;0;0;757;0;0;1441;113451;19813;0;14289;8310;9284;50562;2253;702;992;694;182;24;45;711;0;0;0;0;129;0;65;140;0;1563;2948;745;0
233;Regensburg;BY;Urne;243083;122513;1535;120978;26217;0;14460;8051;10404;54026;2114;0;0;0;0;0;0;0;0;0;0;0;0;2897;2113;696;0;0;1246;121267;21946;0;16160;8787;12872;50552;1749;831;834;876;111;27;50;700;0;0;0;0;90;0;75;308;0;1872;2694;733;0
234;Schwandorf;BY;Urne;216044;98382;1646;96736;23932;0;7228;6548;4324;49683;2517;0;0;0;0;0;0;0;0;0;0;0;0;1700;0;0;0;804;1589;96793;17448;0;11240;7931;5855;45211;2162;821;843;525;110;14;25;803;0;0;0;0;142;0;67;122;0;1541;1581;352;0
235;Weiden;BY;Urne;172011;86238;1488;84750;16813;0;5713;4791;4101;37998;2263;0;0;0;0;0;0;0;0;0;0;0;0;942;0;0;0;12129;1888;84350;17054;0;9832;6604;5556;37032;2331;519;810;523;76;16;24;690;0;0;0;0;148;0;42;113;0;1037;1614;329;0
236;Bamberg;BY;Urne;177197;89949;1167;88782;18493;0;8962;5634;8088;43364;1435;1596;0;0;0;0;0;1042;0;0;0;0;0;0;0;0;0;168;940;89009;14197;0;12129;6156;9374;39034;1348;1411;751;518;148;52;24;481;0;0;0;0;82;0;39;157;0;515;2193;400;0
237;Bayreuth;BY;Urne;164344;86135;1271;84864;17978;0;7192;4783;9287;42835;1358;1431;0;0;0;0;0;0;0;0;0;0;0;0;0;0;0;0;803;85332;16835;0;11479;5296;7695;37112;1275;1195;625;451;211;16;17;285;0;0;0;0;90;0;41;125;0;416;1832;336;0
238;Coburg;BY;Urne;162834;91119;1510;89609;23293;0;6571;6309;7185;42671;2406;0;0;0;0;0;0;0;0;0;0;0;0;907;0;0;0;267;1128;89991;21671;0;10289;6744;6676;37796;2075;533;617;465;193;29;19;191;0;0;0;0;56;0;48;120;0;507;1760;202;0
239;Hof;BY;Urne;180735;94526;1695;92831;25932;0;7035;8013;6852;42134;2509;0;0;0;0;0;0;0;0;0;0;0;0;0;0;0;0;356;1475;93051;22626;0;10472;8468;6436;37194;2018;727;836;698;404;25;33;369;0;0;0;0;76;0;68;121;0;336;1769;375;0
240;Kulmbach;BY;Urne;173473;92766;963;91803;13863;0;3459;5142;4387;61652;2341;0;0;0;0;0;0;0;0;0;0;0;0;959;0;0;0;0;1148;91618;16251;0;10191;6214;6342;44537;2067;908;794;550;199;16;27;379;0;0;0;0;64;0;54;130;0;766;1767;362;0
241;Ansbach;BY;Urne;243953;125993;2082;123911;27391;0;12274;7194;10109;58699;2999;0;0;0;0;0;0;0;0;0;0;0;0;2408;2368;0;0;469;1792;124201;24481;0;16972;9307;12510;49086;2389;992;1161;695;462;26;28;388;0;0;0;0;137;0;96;266;0;1816;2693;696;0
242;Erlangen;BY;Urne;177261;96125;1026;95099;23642;0;8381;6236;10040;42868;1222;0;1435;0;0;0;0;0;0;0;0;0;0;1091;0;0;0;184;888;95237;20708;0;13884;6708;12378;33672;1051;449;817;548;152;33;23;196;0;0;0;0;51;0;31;150;0;770;3063;553;0
243;Fürth;BY;Urne;249703;136340;2040;134300;34508;0;11196;10896;12736;57658;2831;0;0;0;0;0;0;0;0;0;0;0;0;0;3148;0;1327;0;1692;134648;29212;0;18691;11681;15301;46971;2154;1000;1218;962;285;49;42;358;0;0;0;0;96;0;107;270;0;1250;4020;981;0
244;Nürnberg-Nord;BY;Urne;189738;95209;1151;94058;30621;0;6894;8340;9980;33279;1793;0;0;0;0;146;0;0;0;0;0;0;0;0;3005;0;0;0;937;94272;22126;0;12333;9606;14480;26914;1414;463;476;781;126;86;32;154;0;0;0;0;55;0;66;204;0;528;3744;684;0
245;Nürnberg-Süd;BY;Urne;184672;93755;1322;92433;28649;0;7370;8526;7219;35330;2595;0;0;0;0;0;0;0;0;0;0;0;0;0;2024;720;0;0;1160;92595;23736;0;10677;9292;8866;31184;2087;596;627;688;155;46;30;195;0;0;0;0;59;0;66;187;0;536;2632;936;0
246;Roth;BY;Urne;224946;122670;1749;120921;29905;0;12587;7275;11658;53732;2536;0;0;0;0;0;0;0;0;0;0;0;0;0;2367;861;0;0;1330;121340;26853;0;16429;8433;14015;45160;1933;1128;883;806;252;21;29;323;0;0;0;0;75;0;73;236;0;769;2885;1037;0
247;Aschaffenburg;BY;Urne;183872;96906;2238;94668;18771;0;10433;6204;16011;39907;2165;0;0;0;0;0;0;0;0;0;0;0;0;1177;0;0;0;0;1876;95030;17238;0;15094;6776;10890;36620;1433;1371;830;620;70;55;36;243;0;0;0;0;76;0;44;162;0;625;2178;669;0
248;Bad Kissingen;BY;Urne;219607;114405;2081;112324;20338;0;8944;9636;10030;60467;2506;0;0;0;0;0;0;0;0;0;0;0;0;0;0;0;0;403;1570;112835;17099;0;15719;10113;8734;52357;1890;1161;1015;510;177;18;40;335;0;0;0;0;122;0;53;169;0;907;2064;352;0
249;Main-Spessart;BY;Urne;199081;100625;2213;98412;20132;0;8316;6327;9276;51040;1194;1537;0;0;590;0;0;0;0;0;0;0;0;0;0;0;0;0;1703;98922;18236;0;14122;6741;9845;41919;1177;1292;855;689;159;32;30;223;0;0;0;0;74;0;48;186;0;744;2128;422;0
250;Schweinfurt;BY;Urne;200116;107506;2400;105106;20581;0;9721;11569;10498;48527;2360;0;0;0;0;0;0;1554;0;0;0;0;0;0;0;0;0;296;1567;105939;18480;0;13810;10408;9549;44719;1438;1440;886;504;197;45;22;510;0;0;0;0;114;0;44;167;0;748;2428;430;0
251;Würzburg;BY;Urne;225807;108513;1497;107016;26018;0;9969;6365;13759;46530;1616;0;0;0;0;0;0;0;0;0;0;0;0;0;2341;0;0;418;1163;107350;20879;0;14911;7167;15692;39753;888;1726;691;656;158;28;31;253;0;0;0;0;82;0;24;150;0;920;2962;379;0
252;Augsburg-Stadt;BY;Urne;206196;106154;1535;104619;21496;0;10923;7646;14631;43967;1716;0;0;0;0;197;128;770;0;0;0;0;0;1199;0;1270;0;676;1553;104601;20395;0;13534;8616;12618;39556;1388;716;548;757;116;100;61;513;0;0;0;0;87;0;68;248;0;796;3323;1161;0
253;Augsburg-Land;BY;Urne;240672;136588;2088;134500;21508;0;14970;6612;11328;71674;2317;0;0;0;0;0;328;1954;0;0;0;0;0;2096;0;1713;0;0;1526;135062;19956;0;21244;7525;12390;61387;1778;1436;953;904;157;41;77;1226;0;0;0;0;137;0;94;265;0;1329;2752;1411;0
254;Donau-Ries;BY;Urne;189097;97396;1678;95718;15370;0;10548;5977;7077;50953;1984;0;0;0;0;0;0;1617;0;0;0;0;628;1392;0;0;0;172;1250;96146;13618;0;13869;5715;7196;46997;1490;1270;806;462;133;20;27;981;0;0;0;0;121;0;48;340;0;982;1649;422;0
255;Neu-Ulm;BY;Urne;235775;123255;2266;120989;18927;0;13337;7999;12783;61355;3645;0;0;0;0;0;0;0;0;0;0;0;0;2943;0;0;0;0;1507;121748;18197;0;19842;8016;10680;52867;2823;809;1035;746;267;28;70;757;0;0;0;0;190;0;97;234;0;1770;2762;558;0
256;Oberallgäu;BY;Urne;221708;112582;1545;111037;14208;0;11568;6053;13968;58702;1053;1653;0;0;0;0;0;1779;0;0;0;0;0;2053;0;0;0;0;1308;111274;15168;0;18015;6682;12252;49113;980;1426;914;716;178;35;37;1028;0;0;0;0;237;0;60;237;0;1582;2025;589;0
257;Ostallgäu;BY;Urne;242341;125489;2446;123043;17210;0;14497;7006;10878;63043;2288;0;0;0;0;0;0;4052;0;0;0;0;0;2661;0;0;554;854;1847;123642;15527;0;20874;7432;11314;56188;1848;801;969;692;314;29;67;2190;0;0;0;0;274;0;97;212;0;1999;2328;487;0
258;Stuttgart I;BW;Urne;184454;101291;1175;100116;19213;33888;9207;5000;30148;0;835;0;0;0;0;0;305;0;0;0;0;0;0;0;1520;0;0;0;925;100366;20252;26756;18991;7290;21900;0;541;575;0;449;185;115;101;0;0;85;0;16;0;0;49;250;0;322;2489;0;0
259;Stuttgart II;BW;Urne;181088;99204;1431;97773;27023;33223;9502;8811;15991;0;1345;0;0;0;0;282;271;0;0;0;0;0;0;0;1325;0;0;0;1342;97862;21432;27492;16450;9317;17343;0;794;1101;0;551;201;220;96;0;0;124;0;36;0;0;51;255;0;354;2045;0;0
260;Böblingen;BW;Urne;244919;150394;2381;148013;30537;66609;18491;8236;19091;0;2573;0;0;0;0;264;0;0;0;0;0;0;0;0;2212;0;0;0;2243;148151;28960;49636;30463;9489;20182;0;2012;1105;0;879;876;175;53;0;0;245;0;38;0;0;73;273;0;447;3245;0;0
261;Esslingen;BW;Urne;165210;98915;1441;97474;28574;41761;8196;5164;12036;0;1508;0;0;0;0;235;0;0;0;0;0;0;0;0;0;0;0;0;1266;97649;21005;32076;17666;6307;15176;0;932;1333;0;414;213;125;59;0;0;169;0;47;0;0;31;160;0;279;1657;0;0
262;Nürtingen;BW;Urne;204091;124618;2078;122540;30481;52889;13713;6624;16580;0;2253;0;0;0;0;0;0;0;0;0;0;0;0;0;0;0;0;0;1757;122861;23769;40523;25153;7230;18267;0;1242;2220;0;607;570;80;84;0;0;372;0;77;0;0;50;207;0;327;2083;0;0
263;Göppingen;BW;Urne;180442;107626;1986;105640;28820;44951;10704;7048;11340;0;2087;0;0;0;0;0;0;0;0;0;0;0;0;690;0;0;0;0;1838;105788;22481;34505;19798;8014;14002;0;1525;1190;0;778;398;74;46;0;0;190;0;42;0;0;60;264;0;391;2030;0;0
264;Waiblingen;BW;Urne;220220;134644;2192;132452;36399;57082;15542;7300;12388;0;2356;0;0;0;0;265;0;0;0;0;0;0;0;1120;0;0;0;0;1909;132735;26210;43736;27144;8857;18430;0;1570;1266;0;748;746;125;61;0;0;183;0;106;0;0;85;378;0;686;2404;0;0
265;Ludwigsburg;BW;Urne;206805;124464;2051;122413;28722;48418;14856;8113;18731;0;2108;0;0;0;759;0;0;0;0;0;0;0;0;706;0;0;0;0;1683;122781;25443;39175;23677;8614;18341;0;1334;1305;0;735;476;96;56;0;0;162;0;45;0;0;61;283;0;473;2505;0;0
266;Neckar-Zaber;BW;Urne;224090;140322;2359;137963;33136;58063;19771;7700;14913;0;2405;0;0;0;0;0;0;0;0;0;0;0;0;913;0;0;0;1062;2015;138307;28340;45249;28244;9086;18444;0;1675;1657;0;903;762;51;70;0;0;196;0;57;0;0;97;266;0;623;2587;0;0
267;Heilbronn;BW;Urne;241035;141727;2897;138830;35538;61287;16073;9259;11832;0;3240;0;0;0;0;319;0;0;0;0;0;0;0;1282;0;0;0;0;2481;139246;30329;48071;26221;10637;13868;0;2334;1636;0;924;758;164;60;0;0;223;0;51;0;0;135;213;0;842;2780;0;0
268;Schwäbisch Hall – Hohenlohe;BW;Urne;223234;134125;2789;131336;28598;57160;17079;9657;15049;0;3076;0;0;0;0;0;0;0;0;0;0;0;0;0;0;0;0;717;2428;131697;24456;46007;24647;10182;16670;0;2241;1310;0;908;1007;76;67;0;0;301;0;47;0;0;144;254;0;786;2594;0;0
269;Backnang – Schwäbisch Gmünd;BW;Urne;176381;104960;2253;102707;25947;45892;10427;6928;10211;0;2085;0;0;0;1015;0;0;0;0;0;0;0;0;0;0;0;0;202;2037;102923;20474;36260;18844;7451;12628;0;1379;1422;0;639;765;78;70;0;0;175;0;45;0;0;67;269;0;438;1919;0;0
270;Aalen – Heidenheim;BW;Urne;224418;134259;2901;131358;33834;59316;12778;10199;11527;0;2689;0;0;0;0;0;0;0;0;0;0;0;0;0;0;0;0;1015;2651;131608;27495;48401;21834;10622;14482;0;1653;1988;0;733;536;49;78;0;0;275;0;50;0;0;106;262;0;669;2375;0;0
271;Karlsruhe-Stadt;BW;Urne;201833;110278;1728;108550;30287;40942;8471;8133;15694;0;1278;0;0;0;0;196;0;0;0;0;0;0;0;0;3334;0;0;215;1634;108644;23312;30186;18433;9639;19652;0;1082;444;0;701;335;119;61;0;0;137;0;21;0;0;60;175;0;305;3982;0;0
272;Karlsruhe-Land;BW;Urne;208654;125673;2543;123130;32097;55458;13799;7082;12404;0;1993;0;0;0;0;0;0;0;0;0;0;0;0;0;0;0;0;297;2055;123618;25492;44103;23382;8249;14612;0;1358;1070;0;843;712;57;59;0;0;254;0;40;0;0;79;206;0;329;2773;0;0
273;Rastatt;BW;Urne;208664;119073;2846;116227;27626;55662;11157;7498;12179;0;2105;0;0;0;0;0;0;0;0;0;0;0;0;0;0;0;0;0;2405;116668;22745;45075;20342;8492;13317;0;1499;860;0;871;294;54;68;0;0;200;0;47;0;0;65;267;0;305;2167;0;0
274;Heidelberg;BW;Urne;211807;123379;1909;121470;38020;43042;13977;7178;17827;0;1426;0;0;0;0;0;0;0;0;0;0;0;0;0;0;0;0;0;1657;121722;27811;36107;21064;9480;21124;0;1114;599;0;720;200;42;49;0;0;155;0;29;0;0;54;219;0;268;2687;0;0
275;Mannheim;BW;Urne;198437;100776;1845;98931;31360;34981;8211;10065;11821;0;2041;0;0;0;0;251;0;0;0;0;0;0;0;0;0;0;0;201;1573;99203;25413;27427;14515;11992;13188;0;1476;844;0;809;184;96;46;0;0;179;0;39;0;0;64;177;0;162;2592;0;0
276;Odenwald – Tauber;BW;Urne;215910;130693;3094;127599;25867;64395;14287;8471;10810;0;2568;0;0;0;0;0;0;0;0;0;0;0;0;1201;0;0;0;0;2837;127856;24028;53685;21280;8981;11426;0;1854;1238;0;972;412;51;85;0;0;229;0;45;0;0;116;229;0;958;2267;0;0
277;Rhein-Neckar;BW;Urne;195971;118362;2524;115838;29666;48836;14079;8880;12004;0;2373;0;0;0;0;0;0;0;0;0;0;0;0;0;0;0;0;0;2022;116340;24656;40589;20976;9334;13540;0;1646;836;0;849;394;42;55;0;0;236;0;55;0;0;86;214;0;316;2516;0;0
278;Bruchsal – Schwetzingen;BW;Urne;194304;114045;2890;111155;26690;51623;12359;8258;9778;0;2447;0;0;0;0;0;0;0;0;0;0;0;0;0;0;0;0;0;2231;111814;22843;39490;21436;8919;11419;0;1535;1401;0;1030;304;55;57;0;0;236;0;40;0;0;70;189;0;301;2489;0;0
279;Pforzheim;BW;Urne;220877;126228;2763;123465;28982;50078;19154;8660;12186;0;2655;0;0;0;1750;0;0;0;0;0;0;0;0;0;0;0;0;0;2549;123679;25394;41964;24017;9445;14093;0;1712;1224;0;947;1115;66;53;0;0;287;0;50;0;0;125;252;0;335;2600;0;0
280;Calw;BW;Urne;198923;118710;2523;116187;23809;54012;14076;7735;10752;0;1690;1876;0;0;2237;0;0;0;0;0;0;0;0;0;0;0;0;0;2311;116399;20592;44234;23037;8110;11778;0;1608;1698;0;815;1439;56;53;0;0;209;0;45;0;0;62;222;0;376;2065;0;0
281;Freiburg;BW;Urne;210636;119927;2169;117758;40075;33703;9387;7741;24530;0;712;887;0;0;0;0;0;0;0;0;0;0;723;0;0;0;0;0;1781;118146;25819;31636;16424;10895;25918;0;617;821;0;887;458;70;37;0;0;286;0;47;0;0;68;479;0;329;3355;0;0
282;Lörrach – Müllheim;BW;Urne;225703;126347;2449;123898;41019;46638;13050;7684;12469;0;1836;0;0;0;1202;0;0;0;0;0;0;0;0;0;0;0;0;0;2277;124070;28215;39591;20819;8953;18766;0;1124;1164;0;846;836;45;43;0;0;311;0;42;0;0;66;244;0;342;2663;0;0
283;Emmendingen – Lahr;BW;Urne;213013;125824;3184;122640;30238;51597;11984;8662;18390;0;1769;0;0;0;0;0;0;0;0;0;0;0;0;0;0;0;0;0;3209;122615;25439;42434;20021;9445;17596;0;1130;878;0;1157;480;33;48;0;0;292;0;248;0;0;73;290;0;427;2624;0;0
284;Offenburg;BW;Urne;204619;117978;2918;115060;22695;54702;12531;8612;14037;0;1811;0;0;0;0;0;0;0;0;0;0;0;0;0;0;0;0;672;2891;115087;20527;43346;20547;9124;14845;0;1326;785;0;794;364;36;64;0;0;298;0;71;0;0;82;334;0;342;2202;0;0
285;Rottweil – Tuttlingen;BW;Urne;200726;117473;3461;114012;19031;54965;19722;6939;9232;0;2650;0;0;0;0;0;0;0;0;0;0;0;0;1473;0;0;0;0;2773;114700;19145;44296;24702;7421;10419;0;2045;972;0;843;664;40;102;0;0;363;0;121;0;0;121;243;0;1207;1996;0;0
286;Schwarzwald-Baar;BW;Urne;167458;96975;2654;94321;18235;44491;12486;6152;10429;0;2528;0;0;0;0;0;0;0;0;0;0;0;0;0;0;0;0;0;2398;94577;17081;34230;19340;6616;10784;0;1750;484;0;757;586;68;49;0;0;202;0;135;0;0;95;207;0;378;1815;0;0
287;Konstanz;BW;Urne;197671;109719;2425;107294;23714;46308;15582;7368;12898;0;1424;0;0;0;0;0;0;0;0;0;0;0;0;0;0;0;0;0;2271;107448;21001;33986;22735;7652;15146;0;1136;447;0;1046;330;56;45;0;0;325;0;93;0;0;71;363;0;363;2653;0;0
288;Waldshut;BW;Urne;177784;102242;2420;99822;29053;41487;10796;5860;10305;0;1460;0;0;0;0;0;0;0;0;0;0;0;0;606;0;0;0;255;1892;100350;19136;36636;18441;6479;13531;0;821;1035;0;677;471;33;60;0;0;240;0;45;0;0;68;273;0;480;1924;0;0
289;Reutlingen;BW;Urne;198466;118195;3018;115177;26115;49009;14265;7069;15521;0;2174;0;0;0;0;419;0;0;0;0;0;0;0;0;0;0;0;605;2341;115854;21322;38807;22979;8369;16950;0;1603;1101;0;665;468;166;65;0;0;321;0;71;0;0;87;219;0;320;2341;0;0
290;Tübingen;BW;Urne;189559;114800;1953;112847;23338;44757;10728;8148;22659;0;1821;0;0;0;0;0;0;0;0;0;0;0;0;618;0;0;0;778;1706;113094;21760;35075;19076;9277;20378;0;1266;969;0;692;437;121;56;0;0;278;0;28;0;0;62;245;0;491;2883;0;0
291;Ulm;BW;Urne;218867;133615;2889;130726;30118;56264;14503;8262;17185;0;2241;0;0;0;0;261;0;0;0;0;0;0;0;0;0;0;0;1892;2334;131281;23917;47238;23264;9080;18345;0;1585;1071;0;885;536;143;83;0;0;361;0;57;0;0;115;294;0;693;3614;0;0
292;Biberach;BW;Urne;162508;99375;2954;96421;22233;41636;14366;5234;9100;0;2145;0;0;0;0;0;0;0;0;0;0;0;0;1380;0;0;0;327;2153;97222;13357;42387;18095;5669;10197;0;1250;1155;0;733;343;34;65;0;0;271;0;52;0;0;88;231;0;1325;1970;0;0
293;Bodensee;BW;Urne;167789;98174;1833;96341;19169;43930;12579;5886;13240;0;1537;0;0;0;0;0;0;0;0;0;0;0;0;0;0;0;0;0;1575;96599;16297;35331;19403;6449;13095;0;1128;522;0;632;286;49;46;0;0;266;0;120;0;0;62;379;0;543;1991;0;0
294;Ravensburg;BW;Urne;181362;106405;2650;103755;18837;46784;14158;6650;14821;0;1754;0;0;0;0;0;0;0;0;0;0;0;0;0;0;0;0;751;1789;104616;16679;39216;19453;7102;14490;0;1104;835;0;697;399;67;76;0;0;323;0;96;0;0;68;355;0;1629;2027;0;0
295;Zollernalb – Sigmaringen;BW;Urne;185890;110448;2928;107520;18570;53286;14370;7170;9650;0;2597;0;0;0;0;0;0;0;0;0;0;0;0;0;0;0;0;1877;2413;108035;17141;42185;22815;7545;10350;0;1849;1368;0;793;506;127;52;0;0;273;0;81;0;0;107;246;0;466;2131;0;0
296;Saarbrücken;SL;Urne;207292;108367;2101;106266;33232;32152;7258;24910;6853;0;1609;0;0;0;0;252;0;0;0;0;0;0;0;0;0;0;0;0;1721;106646;26040;26127;12902;27020;9261;0;1430;0;1272;0;0;86;0;0;0;0;0;0;0;0;0;0;0;0;1992;516;0
297;Saarlouis;SL;Urne;214924;130456;3523;126933;42443;46250;9193;20562;6758;0;1727;0;0;0;0;0;0;0;0;0;0;0;0;0;0;0;0;0;3058;127398;31311;39587;16161;26071;8371;0;1617;0;1740;0;0;36;0;0;0;0;0;0;0;0;0;0;0;0;1853;651;0
298;St. Wendel;SL;Urne;184896;113031;3138;109893;34476;42970;7308;18830;4749;0;1560;0;0;0;0;0;0;0;0;0;0;0;0;0;0;0;0;0;2580;110451;28284;36556;12127;22003;6058;0;1398;0;1907;0;0;40;0;0;0;0;0;0;0;0;0;0;0;0;1599;479;0
299;Homburg;SL;Urne;201442;115092;2593;112499;35204;36193;7980;22832;5075;0;1880;0;3335;0;0;0;0;0;0;0;0;0;0;0;0;0;0;0;2242;112850;28735;30938;13490;25699;7295;0;1845;0;2489;0;0;45;0;0;0;0;0;0;0;0;0;0;0;0;1742;572;0
001;Flensburg – Schleswig;SH;Brief;0;22415;366;22049;6369;9450;2204;1279;2595;0;88;0;0;0;0;0;0;0;0;64;0;0;0;0;0;0;0;0;318;22097;4909;7903;3595;1553;3367;0;89;0;0;0;0;5;0;0;0;0;0;0;0;0;12;0;0;0;395;0;269
002;Nordfriesland – Dithmarschen Nord;SH;Brief;0;18810;321;18489;4591;8343;2318;1036;1950;0;131;0;0;0;0;0;0;0;0;0;0;0;0;0;0;0;0;120;263;18547;3884;7061;3425;1213;2384;0;109;0;0;0;0;7;0;0;0;0;0;0;0;0;46;0;0;0;243;0;175
003;Steinburg – Dithmarschen Süd;SH;Brief;0;16134;249;15885;4332;6409;2251;987;1618;0;125;0;0;0;0;0;0;0;0;0;0;0;0;0;0;0;0;163;207;15927;3578;5718;2997;1131;1879;0;103;0;0;0;0;4;0;0;0;0;0;0;0;0;9;0;0;0;284;0;224
004;Rendsburg-Eckernförde;SH;Brief;0;21170;333;20837;5565;9141;2319;1077;2472;0;111;0;0;0;0;0;0;0;0;0;0;0;0;0;0;0;0;152;281;20889;4586;7732;3734;1333;2831;0;90;0;0;0;0;7;0;0;0;0;0;0;0;0;5;0;0;0;319;0;252
005;Kiel;SH;Brief;0;27422;379;27043;8980;9317;2641;1730;3979;0;165;0;0;0;0;0;0;0;0;0;0;0;0;0;0;0;0;231;242;27180;6935;8362;3798;2022;4857;0;131;0;0;0;0;15;0;0;0;0;0;0;0;0;21;0;0;0;730;0;309
006;Plön – Neumünster;SH;Brief;0;18062;314;17748;5146;7624;1942;921;1823;0;99;0;0;0;0;0;0;0;0;0;0;0;0;0;0;0;0;193;257;17805;4346;6592;2928;1109;2282;0;93;0;0;0;0;8;0;0;0;0;0;0;0;0;14;0;0;0;239;0;194
007;Pinneberg;SH;Brief;0;28531;370;28161;7847;12477;3009;1524;2975;0;164;0;0;0;0;0;0;0;0;0;0;0;0;0;0;0;0;165;320;28211;6558;10552;4861;1831;3490;0;156;0;0;0;0;6;0;0;0;0;0;0;0;0;13;0;0;0;441;0;303
008;Segeberg – Stormarn-Nord;SH;Brief;0;28462;437;28025;7720;11575;3415;1764;3108;0;174;0;0;0;0;0;0;0;0;0;0;0;0;0;0;0;0;269;361;28101;6354;9956;5052;2068;3702;0;154;0;0;0;0;8;0;0;0;0;0;0;0;0;23;0;0;0;432;0;352
009;Ostholstein;SH;Brief;0;20394;362;20032;5701;8711;2459;1163;1789;0;104;0;0;0;0;0;0;0;0;0;0;0;0;0;0;0;0;105;285;20109;4745;7490;3817;1281;2204;0;93;0;0;0;0;6;0;0;0;0;0;0;0;0;13;0;0;0;251;0;209
010;Herzogtum Lauenburg – Stormarn-Süd;SH;Brief;0;30415;425;29990;7434;13057;3792;1773;3560;0;239;0;0;0;0;0;0;0;0;0;0;0;135;0;0;0;0;0;339;30076;6456;11353;5442;2029;3887;0;216;0;0;0;0;9;0;0;0;0;0;0;0;0;20;0;0;0;375;0;289
011;Lübeck;SH;Brief;0;20712;357;20355;6602;6813;2606;1398;2794;0;142;0;0;0;0;0;0;0;0;0;0;0;0;0;0;0;0;0;299;20413;5417;6475;3045;1581;3093;0;136;0;0;0;0;13;0;0;0;0;0;0;0;0;15;0;0;0;405;0;233
012;Wismar – Nordwestmecklenburg – Parchim;MV;Brief;0;18204;199;18005;3476;6239;1488;5131;1238;0;276;0;0;0;0;0;0;0;0;0;0;0;0;0;0;0;0;157;135;18069;3163;6483;1667;4785;1320;0;249;16;0;0;0;34;0;0;0;0;0;0;0;0;0;0;0;0;352;0;0
013;Schwerin – Ludwigslust;MV;Brief;0;17276;187;17089;4536;4864;1402;4763;1255;0;269;0;0;0;0;0;0;0;0;0;0;0;0;0;0;0;0;0;131;17145;3469;5609;1498;4598;1354;0;233;24;0;0;0;31;0;0;0;0;0;0;0;0;0;0;0;0;329;0;0
014;Rostock;MV;Brief;0;22438;215;22223;4270;5820;1560;6602;3376;0;293;0;0;0;0;85;0;0;0;0;0;0;0;0;0;0;0;217;162;22276;3827;6595;1924;6343;2528;0;250;21;0;0;0;53;0;0;0;0;0;0;0;0;0;0;0;0;735;0;0
015;Stralsund – Nordvorpommern – Rügen;MV;Brief;0;19678;171;19507;2310;10022;870;4793;866;0;269;0;0;0;0;0;0;0;0;0;0;0;0;0;0;0;0;377;176;19502;2603;7672;1934;5268;1263;0;297;19;0;0;0;41;0;0;0;0;0;0;0;0;0;0;0;0;405;0;0
016;Greifswald – Demmin – Ostvorpommern;MV;Brief;0;20380;196;20184;2863;7530;1813;5488;1550;0;461;0;0;0;0;0;0;0;0;0;0;0;0;0;0;0;0;479;163;20217;2531;7773;1919;5317;1631;0;428;32;0;0;0;44;0;0;0;0;0;0;0;0;0;0;0;0;542;0;0
017;Bad Doberan – Güstrow – Müritz;MV;Brief;0;18432;231;18201;3930;6356;1364;4786;1245;0;275;0;0;0;0;0;0;0;0;0;0;0;0;116;0;0;0;129;181;18251;3084;6704;1645;4818;1301;0;242;27;0;0;0;41;0;0;0;0;0;0;0;0;0;0;0;0;389;0;0
018;Neubrandenburg – Mecklenburg-Strelitz – Uecker-Randow;MV;Brief;0;19210;253;18957;3026;6392;1316;6310;1016;0;488;0;0;0;0;0;0;0;0;0;0;0;0;0;0;0;0;409;183;19027;2958;6877;1386;5912;1002;0;441;33;0;0;0;47;0;0;0;0;0;0;0;0;0;0;0;0;371;0;0
019;Hamburg-Mitte;HH;Brief;0;43389;609;42780;12410;12950;4151;4616;8190;0;463;0;0;0;0;0;0;0;0;0;0;0;0;0;0;0;0;0;438;42951;10453;12240;5531;4609;7692;0;328;0;0;0;0;40;0;0;0;0;0;0;0;0;49;0;0;213;1365;0;431
020;Hamburg-Altona;HH;Brief;0;39720;320;39400;11749;13996;4083;2954;5769;0;158;0;0;0;0;29;42;0;0;0;0;0;0;225;0;0;0;395;250;39470;8418;12943;5731;3586;7328;0;164;0;0;0;0;12;0;0;0;0;0;0;0;0;28;0;0;186;800;0;274
021;Hamburg-Eimsbüttel;HH;Brief;0;44488;537;43951;8306;15679;4618;3053;11525;0;226;0;0;0;0;0;0;0;0;0;0;0;0;0;0;0;0;544;343;44145;10110;14472;6442;3534;8049;0;198;0;0;0;0;18;0;0;0;0;0;0;0;0;32;0;0;132;794;0;364
022;Hamburg-Nord;HH;Brief;0;51975;593;51382;13975;22320;4917;2728;7200;0;242;0;0;0;0;0;0;0;0;0;0;0;0;0;0;0;0;0;425;51550;11182;19051;8579;3318;7893;0;177;0;0;0;0;14;0;0;0;0;0;0;0;0;24;0;0;147;781;0;384
023;Hamburg-Wandsbek;HH;Brief;0;42545;521;42024;12590;17767;3749;2940;4198;0;371;0;0;0;0;0;0;0;0;0;0;0;0;409;0;0;0;0;355;42190;10847;15531;5837;3397;4796;0;274;0;0;0;0;17;0;0;0;0;0;0;0;0;68;0;0;198;647;0;578
024;Hamburg-Bergedorf – Harburg;HH;Brief;0;34030;480;33550;12034;12190;3056;2643;3109;0;339;0;0;0;0;0;179;0;0;0;0;0;0;0;0;0;0;0;356;33674;9416;11623;4082;2982;3939;0;279;0;0;0;0;15;0;0;0;0;0;0;0;0;59;0;0;106;631;0;542
025;Aurich – Emden;NI;Brief;0;17462;210;17252;6124;5535;1534;1409;2494;0;156;0;0;0;0;0;0;0;0;0;0;0;0;0;0;0;0;0;128;17334;5400;5209;2204;1611;2188;0;139;0;0;152;0;3;0;0;0;0;0;0;0;0;3;0;0;16;252;157;0
026;Unterems;NI;Brief;0;19595;245;19350;4922;8797;2241;1394;1817;0;179;0;0;0;0;0;0;0;0;0;0;0;0;0;0;0;0;0;144;19451;4620;7658;2827;1620;1867;0;174;0;0;170;0;2;0;0;0;0;0;0;0;0;12;0;0;37;287;177;0
027;Friesland – Wilhelmshaven;NI;Brief;0;22419;323;22096;7874;8350;2250;1689;1700;0;233;0;0;0;0;0;0;0;0;0;0;0;0;0;0;0;0;0;196;22223;6023;7720;3427;1851;2128;0;185;0;0;222;0;6;0;0;0;0;0;0;0;0;19;0;0;16;367;259;0
028;Oldenburg – Ammerland;NI;Brief;0;24597;221;24376;6595;9247;2501;1792;3933;0;137;0;0;0;0;0;0;0;0;0;0;0;0;0;0;171;0;0;116;24481;5665;7603;3895;1938;4296;0;121;0;0;175;0;11;0;0;0;0;0;0;0;0;14;0;0;38;572;153;0
029;Delmenhorst – Wesermarsch – Oldenburg-Land;NI;Brief;0;22584;221;22363;6818;8520;2560;1520;2417;0;175;0;0;0;0;0;0;0;0;0;0;0;0;0;0;353;0;0;143;22441;5590;7830;3408;1820;2736;0;155;0;0;204;0;6;0;0;0;0;0;0;0;0;18;0;0;35;314;325;0
030;Cuxhaven – Stade II;NI;Brief;0;18872;222;18650;5951;7808;1809;1223;1509;0;172;0;0;0;0;0;0;0;0;0;0;0;0;0;0;0;0;178;147;18725;4745;6995;2755;1464;1959;0;130;0;0;178;0;4;0;0;0;0;0;0;0;0;14;0;0;28;224;229;0
031;Stade I – Rotenburg II;NI;Brief;0;21157;240;20917;6485;9499;1709;1310;1514;0;230;0;0;0;0;0;61;0;0;0;0;0;0;0;0;0;0;109;156;21001;4979;8156;3042;1515;2410;0;195;0;0;155;0;6;0;0;0;0;0;0;0;0;15;0;0;29;325;174;0
032;Mittelems;NI;Brief;0;19444;152;19292;4247;10820;1732;905;1500;0;88;0;0;0;0;0;0;0;0;0;0;0;0;0;0;0;0;0;87;19357;3818;9297;3072;967;1610;0;70;0;0;93;0;5;0;0;0;0;0;0;0;0;6;0;0;20;251;148;0
033;Cloppenburg – Vechta;NI;Brief;0;17657;156;17501;3186;10692;1766;745;982;0;130;0;0;0;0;0;0;0;0;0;0;0;0;0;0;0;0;0;95;17562;2565;9545;2923;776;1197;0;97;0;0;122;0;3;0;0;0;0;0;0;0;0;12;0;0;14;228;80;0
034;Diepholz – Nienburg I;NI;Brief;0;20666;208;20458;6376;7918;2638;1327;2026;0;173;0;0;0;0;0;0;0;0;0;0;0;0;0;0;0;0;0;124;20542;5009;7435;3377;1538;2333;0;135;0;0;150;0;5;0;0;0;0;0;0;0;0;16;0;0;30;302;212;0
035;Osterholz – Verden;NI;Brief;0;21598;224;21374;6994;8438;1938;1483;2263;0;258;0;0;0;0;0;0;0;0;0;0;0;0;0;0;0;0;0;156;21442;5302;7569;3018;1659;2961;0;195;0;0;191;0;3;0;0;0;0;0;0;0;0;18;0;0;21;310;195;0
036;Rotenburg I – Soltau-Fallingbostel;NI;Brief;0;17457;178;17279;5502;7181;1616;1055;1700;0;225;0;0;0;0;0;0;0;0;0;0;0;0;0;0;0;0;0;114;17343;4255;6416;2531;1222;2077;0;180;0;0;181;0;4;0;0;0;0;0;0;0;0;18;0;0;15;288;156;0
037;Harburg;NI;Brief;0;27442;261;27181;7181;11528;3440;1647;2787;0;224;0;0;0;0;0;0;0;0;0;0;0;0;0;0;374;0;0;181;27261;5790;10143;4889;1817;3382;0;174;0;0;230;0;8;0;0;0;0;0;0;0;0;33;0;0;41;423;331;0
038;Lüchow-Dannenberg – Lüneburg;NI;Brief;0;24220;252;23968;6409;8540;2377;1843;4183;0;223;0;0;0;0;0;0;0;0;0;0;0;0;0;0;393;0;0;191;24029;5123;7655;3167;2059;4777;0;197;0;0;212;0;2;0;0;0;0;0;0;0;0;24;0;0;42;424;347;0
039;Osnabrück-Land;NI;Brief;0;21754;192;21562;6127;10076;2023;1192;1998;0;146;0;0;0;0;0;0;0;0;0;0;0;0;0;0;0;0;0;112;21642;5067;8871;3398;1338;2260;0;112;0;0;153;0;4;0;0;0;0;0;0;0;0;27;0;0;26;273;113;0
040;Stadt Osnabrück;NI;Brief;0;24961;157;24804;6866;10369;3010;1334;2910;0;104;0;0;0;0;0;0;0;0;0;0;0;0;0;0;0;0;211;122;24839;5529;9478;3767;1651;3520;0;95;0;0;148;0;5;0;0;0;0;0;0;0;0;8;0;0;47;434;157;0
041;Nienburg II – Schaumburg;NI;Brief;0;23477;200;23277;8909;9373;1622;1165;1801;0;212;0;0;0;0;0;0;0;0;0;0;0;0;0;0;0;0;195;127;23350;7020;8319;3090;1425;2440;0;189;0;0;182;0;8;0;0;0;0;0;0;0;0;19;0;0;33;288;337;0
042;Stadt Hannover I;NI;Brief;0;26625;243;26382;8913;9724;2449;1557;3230;0;206;0;0;0;0;29;0;0;0;0;0;0;0;0;0;274;0;0;166;26459;7252;8213;3799;1754;4188;0;196;0;0;170;0;14;0;0;0;0;0;0;0;0;24;0;0;58;544;247;0
043;Stadt Hannover II;NI;Brief;0;28870;247;28623;10111;10745;2096;1821;3541;0;212;0;0;0;0;0;0;0;0;0;0;0;0;0;0;0;0;97;166;28704;7744;8351;3860;2115;5235;0;185;0;0;177;0;18;0;0;0;0;0;0;0;0;20;0;0;44;713;242;0
044;Hannover-Land I;NI;Brief;0;32451;345;32106;11249;13721;2901;1590;2344;0;301;0;0;0;0;0;0;0;0;0;0;0;0;0;0;0;0;0;224;32227;8751;12406;4827;1846;3169;0;256;0;0;226;0;4;0;0;0;0;0;0;0;0;10;0;0;45;395;292;0
045;Celle – Uelzen;NI;Brief;0;25602;213;25389;7246;11994;2032;1366;2119;0;218;0;0;0;0;0;0;0;0;0;0;0;0;0;0;414;0;0;146;25456;5994;10056;3832;1591;2767;0;204;0;0;158;0;5;0;0;0;0;0;0;0;0;22;0;0;37;375;415;0
046;Gifhorn – Peine;NI;Brief;0;21985;173;21812;7977;8726;1641;1273;1559;0;207;0;0;0;97;0;0;0;0;0;0;0;0;0;0;260;0;72;127;21858;6459;7997;2685;1472;2161;0;164;0;0;191;0;5;0;0;0;0;0;0;0;0;18;0;0;37;366;303;0
047;Hameln-Pyrmont – Holzminden;NI;Brief;0;26267;272;25995;9228;10230;2239;1774;2214;0;310;0;0;0;0;0;0;0;0;0;0;0;0;0;0;0;0;0;209;26058;7725;8998;3702;1924;2535;0;258;0;0;251;0;10;0;0;0;0;0;0;0;0;18;0;0;28;382;227;0
048;Hannover-Land II;NI;Brief;0;33476;299;33177;12212;13428;2507;1731;2417;0;342;0;0;0;0;0;0;0;0;0;0;0;0;0;0;423;0;117;276;33200;10014;11889;4267;1992;3486;0;307;0;0;246;0;13;0;0;0;0;0;0;0;0;31;0;0;42;478;435;0
049;Hildesheim;NI;Brief;0;27334;244;27090;9072;11130;1932;1361;2986;0;297;0;0;0;0;0;0;0;0;0;0;0;0;0;0;312;0;0;178;27156;7739;10201;3189;1631;3090;0;277;0;0;205;0;11;0;0;0;0;0;0;0;0;17;0;0;37;446;313;0
050;Salzgitter – Wolfenbüttel;NI;Brief;0;24670;263;24407;9598;9498;1739;1394;1628;0;252;0;0;0;0;0;0;0;0;0;0;0;0;0;0;298;0;0;228;24442;7069;9004;3054;1816;2350;0;219;0;0;197;0;4;0;0;0;0;0;0;0;0;30;0;0;18;338;343;0
051;Braunschweig;NI;Brief;0;31567;297;31270;10440;12481;1970;1809;3229;0;191;0;0;0;0;24;0;0;0;0;0;0;0;0;862;0;0;264;233;31334;7729;10736;4186;2290;4617;0;174;0;0;256;0;10;0;0;0;0;0;0;0;0;23;0;0;52;932;329;0
052;Helmstedt – Wolfsburg;NI;Brief;0;21766;260;21506;6346;9367;1683;1280;1921;0;322;0;0;0;69;0;0;0;0;0;0;0;0;0;0;518;0;0;204;21562;6173;8197;2613;1417;1978;0;253;0;0;196;0;4;0;0;0;0;0;0;0;0;11;0;0;29;284;407;0
053;Goslar – Northeim – Osterode;NI;Brief;0;27545;404;27141;8973;11347;2579;2051;1928;0;263;0;0;0;0;0;0;0;0;0;0;0;0;0;0;0;0;0;271;27274;7712;10022;3959;2044;2414;0;239;0;0;225;0;3;0;0;0;0;0;0;0;0;15;0;0;40;387;214;0
054;Göttingen;NI;Brief;0;32675;354;32321;10028;11965;2524;2102;5387;0;248;0;0;0;0;0;0;0;0;0;0;0;0;0;0;0;0;67;240;32435;8262;10608;4392;2410;5406;0;202;0;0;216;0;11;0;0;0;0;0;0;0;0;14;0;0;49;683;182;0
055;Bremen I;HB;Brief;0;40982;555;40427;11487;13412;3542;3611;7739;0;296;0;0;0;0;54;0;0;0;0;0;0;0;0;0;0;0;286;287;40695;9830;11968;5283;4308;7745;0;235;33;0;0;92;20;0;0;0;0;0;0;0;0;40;0;0;0;780;361;0
056;Bremen II – Bremerhaven;HB;Brief;0;24833;466;24367;8301;7048;2099;2845;3345;0;249;0;0;0;0;0;0;0;0;0;0;0;0;0;0;394;0;86;197;24636;7241;6546;2757;3128;3697;0;199;36;0;0;48;18;0;0;0;0;0;0;0;0;55;0;0;0;436;475;0
057;Prignitz – Ostprignitz-Ruppin – Havelland I;BB;Brief;0;13731;189;13542;4126;3087;1246;4023;836;0;224;0;0;0;0;0;0;0;0;0;0;0;0;0;0;0;0;0;133;13598;3588;3499;1332;3693;847;0;169;9;0;0;0;17;19;0;0;0;0;0;0;0;58;0;150;0;217;0;0
058;Uckermark – Barnim I;BB;Brief;0;14214;163;14051;3349;3703;930;4670;941;0;235;0;0;0;0;0;0;0;0;0;0;0;0;0;0;0;0;223;114;14100;3442;3376;1090;4503;988;0;198;13;0;0;0;17;37;0;0;0;0;0;0;0;29;0;121;0;286;0;0
059;Oberhavel – Havelland II;BB;Brief;0;26637;351;26286;7281;7481;2165;6109;2489;0;474;0;0;0;0;0;0;0;0;0;0;0;0;0;0;0;0;287;292;26345;6410;7142;2999;5912;2504;0;369;49;0;0;0;40;73;0;0;0;0;0;0;0;104;0;231;0;512;0;0
060;Märkisch-Oderland – Barnim II;BB;Brief;0;27050;369;26681;5803;6008;1835;10484;1668;0;454;0;0;0;0;0;0;0;0;0;0;0;0;0;0;0;0;429;312;26738;5410;5877;2321;9580;2009;0;327;36;0;0;0;46;56;0;0;0;0;0;0;0;131;0;297;0;648;0;0
061;Brandenburg an der Havel – Potsdam-Mittelmark I – Havelland III – Teltow-Fläming I;BB;Brief;0;16953;261;16692;5255;4215;1089;4677;901;0;270;0;0;0;0;0;0;0;0;0;0;0;0;0;0;0;0;285;248;16705;4294;4285;1398;4751;1117;0;228;16;0;0;0;26;31;0;0;0;0;0;0;0;76;0;128;0;355;0;0
062;Potsdam – Potsdam-Mittelmark II – Teltow-Fläming II;BB;Brief;0;34840;523;34317;9124;8298;2756;9637;4211;0;291;0;0;0;0;0;0;0;0;0;0;0;0;0;0;0;0;0;380;34460;8428;7873;3712;8620;4278;0;195;43;0;0;0;32;61;0;0;0;0;0;0;0;81;0;239;0;898;0;0
063;Dahme-Spreewald – Teltow-Fläming III – Oberspreewald-Lausitz I;BB;Brief;0;26556;466;26090;8070;6564;2067;7021;1910;0;458;0;0;0;0;0;0;0;0;0;0;0;0;0;0;0;0;0;367;26189;6349;6421;2606;7271;2029;0;341;42;0;0;0;29;76;0;0;0;0;0;0;0;103;0;246;0;676;0;0
064;Frankfurt (Oder) – Oder-Spree;BB;Brief;0;21219;319;20900;5901;4457;1713;6947;1506;0;376;0;0;0;0;0;0;0;0;0;0;0;0;0;0;0;0;0;232;20987;4855;4890;1821;6812;1446;0;306;44;0;0;0;48;62;0;0;0;0;0;0;0;61;0;187;0;455;0;0
065;Cottbus – Spree-Neiße;BB;Brief;0;22191;342;21849;5802;5074;2117;6879;1251;0;461;0;0;0;0;0;0;0;0;0;0;0;0;0;0;0;0;265;273;21918;5037;5287;2027;6777;1384;0;373;36;0;0;0;46;43;0;0;0;0;0;0;0;110;0;196;0;602;0;0
066;Elbe-Elster – Oberspreewald-Lausitz II;BB;Brief;0;16303;250;16053;4196;4644;1269;4446;745;0;463;0;0;0;0;0;0;0;0;0;0;0;0;0;0;0;167;123;161;16142;3553;4482;1630;4448;762;0;324;27;0;0;0;22;54;0;0;0;0;0;0;0;163;0;276;0;401;0;0
067;Altmark;ST;Brief;0;12660;169;12491;2553;4046;828;3779;619;0;138;0;0;0;0;0;0;0;0;0;0;0;0;0;0;0;0;528;184;12476;2223;4048;1151;3671;885;0;156;0;0;0;0;36;0;0;0;0;0;0;0;0;19;0;0;0;287;0;0
068;Börde – Jerichower Land;ST;Brief;0;16077;231;15846;3787;5114;1730;4056;842;0;194;0;0;0;0;0;0;0;0;0;0;0;0;0;0;0;0;123;196;15881;2919;5255;1741;4435;955;0;172;0;0;0;0;39;0;0;0;0;0;0;0;0;26;0;0;0;339;0;0
069;Harz;ST;Brief;0;20069;278;19791;4263;6626;1511;5619;1526;0;246;0;0;0;0;0;0;0;0;0;0;0;0;0;0;0;0;0;204;19865;3623;6586;1770;5922;1343;0;205;0;0;0;0;41;0;0;0;0;0;0;0;0;27;0;0;0;348;0;0
070;Magdeburg;ST;Brief;0;26814;347;26467;6211;8256;1901;7443;2124;0;238;0;0;0;0;96;0;0;0;0;0;0;0;0;0;0;0;198;260;26554;5355;8034;2371;7439;2307;0;206;0;0;0;0;70;0;0;0;0;0;0;0;0;27;0;0;0;745;0;0
071;Dessau – Wittenberg;ST;Brief;0;16710;216;16494;3160;6195;1265;4542;905;0;236;0;0;0;0;62;0;0;0;0;0;0;0;0;0;0;0;129;166;16544;2690;5675;1694;4643;1170;0;211;0;0;0;0;49;0;0;0;0;0;0;0;0;33;0;0;0;379;0;0
072;Anhalt;ST;Brief;0;16870;233;16637;3889;5349;1239;4742;818;0;244;0;0;0;0;95;0;0;0;0;0;0;0;0;0;0;0;261;187;16683;2970;5554;1592;5141;786;0;226;0;0;0;0;64;0;0;0;0;0;0;0;0;24;0;0;0;326;0;0
073;Halle;ST;Brief;0;25979;326;25653;4303;7972;2006;8030;2912;0;264;0;0;0;0;166;0;0;0;0;0;0;0;0;0;0;0;0;267;25712;4292;7304;2638;7484;2910;0;241;0;0;0;0;86;0;0;0;0;0;0;0;0;30;0;0;0;727;0;0
074;Burgenland – Saalekreis;ST;Brief;0;16928;219;16709;3269;5552;1713;4881;669;0;402;0;0;0;0;0;0;0;0;0;0;0;0;0;0;0;0;223;187;16741;2623;5562;2027;4984;842;0;345;0;0;0;0;36;0;0;0;0;0;0;0;0;29;0;0;0;293;0;0
075;Mansfeld;ST;Brief;0;17275;260;17015;2907;5801;1351;5626;1028;0;302;0;0;0;0;0;0;0;0;0;0;0;0;0;0;0;0;0;178;17097;2723;5449;1787;5565;903;0;240;0;0;0;0;47;0;0;0;0;0;0;0;0;31;0;0;0;352;0;0
076;Berlin-Mitte;BE;Brief;0;36578;553;36025;7722;8999;2978;6335;8499;0;424;0;0;0;0;0;241;0;0;0;0;0;0;0;0;0;0;827;455;36123;6618;8247;4140;6394;8318;0;309;109;0;422;0;23;91;0;28;0;0;0;0;48;28;128;0;69;1151;0;0
077;Berlin-Pankow;BE;Brief;0;41526;522;41004;11763;7087;2743;10715;7381;0;512;0;0;0;0;0;257;0;0;0;0;0;0;0;0;0;0;546;409;41117;7234;7777;3404;10483;9284;0;420;67;0;466;0;16;130;0;31;0;0;0;0;62;29;131;0;112;1471;0;0
078;Berlin-Reinickendorf;BE;Brief;0;33923;581;33342;7820;14105;4218;1917;4048;0;500;0;0;0;0;0;250;0;0;0;0;0;0;0;0;0;0;484;468;33455;6398;12912;5347;2252;4644;0;411;142;0;505;0;4;115;0;15;0;0;0;0;9;36;68;0;66;531;0;0
079;Berlin-Spandau – Charlottenburg Nord;BE;Brief;0;31931;663;31268;9366;12886;3168;1980;2824;0;409;0;0;0;0;53;349;0;0;0;0;0;0;0;0;0;0;233;499;31432;6704;11325;4907;2384;4142;0;345;126;0;529;0;18;189;0;23;0;0;0;0;2;30;89;0;57;562;0;0
080;Berlin-Steglitz – Zehlendorf;BE;Brief;0;55975;717;55258;12705;23721;5792;2262;8809;0;407;0;361;0;0;0;151;0;0;0;0;0;259;0;0;0;0;791;579;55396;9701;20364;9569;3051;10339;0;348;114;0;578;0;8;95;0;19;0;0;0;0;7;43;188;0;117;855;0;0
081;Berlin-Charlottenburg – Wilmersdorf;BE;Brief;0;46859;796;46063;12605;15093;6450;2351;8730;0;314;0;0;0;0;0;281;0;0;0;0;0;0;0;0;0;0;239;515;46344;8818;14641;7878;3094;10005;0;233;53;0;463;0;8;87;0;18;0;0;0;0;10;27;125;0;71;813;0;0
082;Berlin-Tempelhof – Schöneberg;BE;Brief;0;50857;852;50005;9530;17730;4547;2871;14111;0;497;0;0;0;0;0;388;0;0;0;0;0;0;0;0;0;0;331;699;50158;9592;15683;7185;3816;11186;0;402;98;0;663;0;20;162;0;20;0;0;0;0;24;38;144;0;92;1033;0;0
083;Berlin-Neukölln;BE;Brief;0;34154;839;33315;7994;11754;3390;3057;5511;0;596;0;0;0;0;54;0;0;0;0;0;62;0;0;0;0;0;897;708;33446;6381;10656;4256;3460;6266;0;439;126;0;585;0;21;56;0;29;0;0;0;0;32;27;102;0;88;922;0;0
084;Berlin-Friedrichshain – Kreuzberg – Prenzlauer Berg Ost;BE;Brief;0;40503;459;40044;5957;5086;1857;6445;19478;0;267;0;0;0;0;0;0;0;0;0;0;158;0;0;0;0;0;796;412;40091;7300;5426;2678;9186;12271;0;227;54;0;413;0;25;45;0;35;0;0;0;0;72;18;161;0;96;2084;0;0
085;Berlin-Treptow – Köpenick;BE;Brief;0;33622;400;33222;5669;6702;1503;15404;2862;0;540;0;0;0;0;83;244;0;0;0;0;0;0;0;0;0;0;215;358;33264;6509;6435;2373;11635;4062;0;473;64;0;451;0;43;137;0;11;0;0;0;0;58;24;82;0;67;840;0;0
086;Berlin-Marzahn – Hellersdorf;BE;Brief;0;26716;393;26323;3698;4948;1491;13349;1776;0;531;0;0;0;0;0;318;0;0;0;0;0;0;0;0;0;0;212;324;26392;4071;4935;1885;11391;2159;0;416;52;0;439;0;33;144;0;25;0;0;0;0;65;37;39;0;49;652;0;0
087;Berlin-Lichtenberg;BE;Brief;0;31262;340;30922;5291;5121;1106;15586;2430;0;584;0;0;0;0;0;368;0;0;0;0;0;0;0;0;0;0;436;285;30977;5153;5167;1778;13811;2866;0;479;73;0;398;0;24;150;0;34;0;0;0;0;80;34;56;0;50;824;0;0
088;Aachen;NW;Brief;0;40079;335;39744;9976;17595;4013;1969;5975;0;216;0;0;0;0;0;0;0;0;0;0;0;0;0;0;0;0;0;187;39892;7733;14799;6414;2388;6452;0;148;51;77;198;0;10;8;0;4;35;20;0;0;0;10;0;0;36;1380;44;85
089;Kreis Aachen;NW;Brief;0;39247;492;38755;11857;17220;3404;2733;3114;0;427;0;0;0;0;0;0;0;0;0;0;0;0;0;0;0;0;0;309;38938;10535;14926;5762;2992;2933;0;271;163;149;311;0;3;4;0;3;61;23;0;0;0;16;0;0;12;533;83;158
090;Heinsberg;NW;Brief;0;25766;339;25427;5492;13530;2490;1639;1987;0;289;0;0;0;0;0;0;0;0;0;0;0;0;0;0;0;0;0;217;25549;4891;11587;4191;1764;1890;0;194;66;111;277;0;4;6;0;7;61;21;0;0;0;11;0;0;14;311;59;84
091;Düren;NW;Brief;0;35912;422;35490;9884;17467;3064;2130;2477;0;468;0;0;0;0;0;0;0;0;0;0;0;0;0;0;0;0;0;291;35621;8251;14498;5754;2482;2784;0;372;54;184;361;0;2;10;0;4;100;23;0;0;0;18;0;0;15;422;81;206
092;Erftkreis I;NW;Brief;0;45787;501;45286;14512;19002;5427;2476;3092;0;525;0;0;0;0;0;0;0;0;0;0;0;0;0;0;0;0;252;402;45385;11529;17336;7571;2790;3852;0;358;101;193;452;0;4;9;0;10;124;22;0;0;0;18;0;0;26;594;88;308
093;Euskirchen – Erftkreis II;NW;Brief;0;42793;529;42264;11147;19092;5545;2574;3228;0;466;0;0;0;0;0;0;0;0;0;0;0;0;0;0;0;0;212;325;42468;9123;17040;7795;2747;3688;0;358;95;176;399;0;5;10;0;5;105;26;0;0;0;28;0;0;39;482;111;236
094;Köln I;NW;Brief;0;36818;647;36171;11241;13487;3656;2379;4701;0;545;0;0;0;0;0;0;0;0;0;0;0;0;0;0;0;0;162;259;36559;9044;11843;5563;2697;5554;0;357;83;87;262;0;8;7;0;6;92;25;0;0;0;17;0;0;49;597;96;172
095;Köln II;NW;Brief;0;57409;383;57026;15769;21630;7624;2629;8940;0;338;0;0;0;0;96;0;0;0;0;0;0;0;0;0;0;0;0;255;57154;11200;19250;11283;3198;10191;0;231;69;104;291;0;19;4;0;11;72;27;0;0;0;13;0;0;72;878;98;143
096;Köln III;NW;Brief;0;38957;356;38601;11998;12168;3918;2843;7161;0;513;0;0;0;0;0;0;0;0;0;0;0;0;0;0;0;0;0;244;38713;10070;11479;5052;3236;6824;0;327;80;125;306;0;7;11;0;4;82;22;0;0;0;18;0;0;68;684;128;190
097;Bonn;NW;Brief;0;43862;298;43564;12466;15320;8670;1599;5055;0;253;0;0;0;0;0;64;0;0;0;0;0;137;0;0;0;0;0;217;43645;8509;15742;8398;2240;7092;0;210;54;73;218;0;10;24;0;2;52;23;0;0;0;14;0;0;81;798;26;79
098;Rhein-Sieg-Kreis I;NW;Brief;0;38315;364;37951;8434;18267;4595;2113;3651;0;330;0;0;0;0;0;0;0;520;0;0;0;0;0;0;0;0;41;255;38060;7847;15089;7308;2260;3855;0;261;43;119;298;0;3;7;0;1;261;33;0;0;0;13;0;0;29;452;66;115
099;Rhein-Sieg-Kreis II;NW;Brief;0;38753;348;38405;8199;20575;3942;1414;3655;0;272;0;0;0;0;0;0;0;348;0;0;0;0;0;0;0;0;0;269;38484;7156;16007;8125;1628;4067;0;211;54;97;280;0;4;3;0;5;186;29;0;0;0;18;0;0;43;432;51;88
100;Oberbergischer Kreis;NW;Brief;0;29009;232;28777;7077;14608;2793;1512;2270;0;232;0;0;0;0;0;0;0;0;0;0;0;0;157;0;0;0;128;156;28853;6326;11816;5114;1770;2640;0;181;60;107;221;0;4;6;0;2;74;12;0;0;0;11;0;0;75;254;66;114
101;Rheinisch-Bergischer Kreis;NW;Brief;0;41128;251;40877;9191;22041;3940;1601;3562;0;333;0;0;0;0;0;0;0;0;0;0;0;0;0;0;0;0;209;214;40914;8422;16368;7970;2052;4433;0;240;66;144;312;0;7;12;0;7;85;27;0;0;0;13;0;0;56;443;109;148
102;Leverkusen – Köln IV;NW;Brief;0;36151;311;35840;12017;13965;3234;2348;3517;0;472;0;0;0;0;86;0;0;0;0;0;0;0;0;0;0;0;201;206;35945;9382;12550;5135;2767;4249;0;342;85;125;309;0;22;10;0;5;70;12;0;0;0;23;0;0;35;490;120;214
103;Wuppertal I;NW;Brief;0;29989;300;29689;9354;11928;2752;2265;3025;0;325;0;0;0;0;40;0;0;0;0;0;0;0;0;0;0;0;0;243;29746;7363;10532;4306;2524;3677;0;197;164;94;202;0;9;3;0;8;67;14;0;0;0;6;0;0;34;375;60;111
104;Solingen – Remscheid – Wuppertal II;NW;Brief;0;32901;326;32575;9547;14394;3331;2120;2788;0;395;0;0;0;0;0;0;0;0;0;0;0;0;0;0;0;0;0;225;32676;7697;12357;5697;2330;3161;0;239;100;103;234;0;14;12;0;2;72;15;0;0;0;15;0;0;31;405;70;122
105;Mettmann I;NW;Brief;0;37627;311;37316;11334;18087;3290;1590;2740;0;275;0;0;0;0;0;0;0;0;0;0;0;0;0;0;0;0;0;251;37376;8185;15161;6758;1975;3751;0;192;104;142;237;0;6;14;0;3;74;28;0;0;0;9;0;0;24;456;77;180
106;Mettmann II;NW;Brief;0;30195;267;29928;9275;13273;3350;1570;2191;0;269;0;0;0;0;0;0;0;0;0;0;0;0;0;0;0;0;0;187;30008;7117;11669;5548;1841;2586;0;174;92;99;214;0;3;9;0;3;41;35;0;0;0;15;0;0;27;342;73;120
107;Düsseldorf I;NW;Brief;0;45472;281;45191;10110;21781;6230;2055;4711;0;258;0;0;0;0;46;0;0;0;0;0;0;0;0;0;0;0;0;180;45292;8216;18051;9870;2343;5233;0;162;164;95;230;0;16;10;0;5;46;24;0;0;0;4;0;0;34;610;53;126
108;Düsseldorf II;NW;Brief;0;33162;249;32913;9254;14135;3096;2153;3940;0;276;0;0;0;0;59;0;0;0;0;0;0;0;0;0;0;0;0;164;32998;7373;12094;5489;2262;4298;0;165;146;78;225;0;11;9;0;8;43;23;0;0;0;12;0;0;32;534;72;124
109;Neuss I;NW;Brief;0;41071;377;40694;10037;21700;3801;1857;2822;0;477;0;0;0;0;0;0;0;0;0;0;0;0;0;0;0;0;0;262;40809;8850;17442;7425;1984;3024;0;338;111;183;325;0;8;5;0;5;78;182;0;0;0;21;0;0;30;490;92;216
110;Mönchengladbach;NW;Brief;0;22868;284;22584;5193;11625;2299;1210;1950;0;218;0;0;0;0;0;0;0;0;0;0;0;0;0;0;0;0;89;215;22653;4657;9516;4103;1375;1975;0;151;43;63;179;0;3;3;0;4;33;49;0;0;0;9;0;0;17;327;46;100
111;Krefeld I – Neuss II;NW;Brief;0;35971;243;35728;8648;16122;5387;1644;3166;0;229;0;532;0;0;0;0;0;0;0;0;0;0;0;0;0;0;0;188;35783;7333;14964;7000;1860;3164;0;159;77;220;230;0;8;9;0;3;48;71;0;0;0;11;0;0;14;402;75;135
112;Viersen;NW;Brief;0;33380;249;33131;7095;17630;3664;1654;2831;0;257;0;0;0;0;0;0;0;0;0;0;0;0;0;0;0;0;0;196;33184;6418;14599;6046;1792;2961;0;201;45;133;296;0;5;7;0;8;53;35;0;0;0;3;0;0;30;347;46;159
113;Kleve;NW;Brief;0;34093;354;33739;9135;17097;3663;1558;2286;0;0;0;0;0;0;0;0;0;0;0;0;0;0;0;0;0;0;0;231;33862;7314;15603;5388;1672;2638;0;161;62;117;250;0;4;6;0;3;45;23;0;0;0;14;0;0;24;360;54;124
114;Wesel I;NW;Brief;0;30490;223;30267;10178;12992;2582;1746;2224;0;211;0;334;0;0;0;0;0;0;0;0;0;0;0;0;0;0;0;184;30306;8642;11681;4235;1918;2640;0;170;65;161;225;0;3;5;0;6;32;17;0;0;0;8;0;0;26;296;66;110
115;Krefeld II – Wesel II;NW;Brief;0;26863;221;26642;8881;10881;2949;1455;2234;0;190;0;0;0;0;52;0;0;0;0;0;0;0;0;0;0;0;0;159;26704;7356;9915;4197;1644;2569;0;135;48;83;190;0;14;4;0;5;33;16;0;0;0;7;0;0;17;299;56;116
116;Duisburg I;NW;Brief;0;28828;361;28467;10425;10641;1980;2388;2546;0;331;0;0;0;0;0;0;0;0;0;0;0;0;0;0;0;0;156;294;28534;9382;9336;3045;2676;2647;0;214;96;103;240;0;15;10;0;6;48;38;0;0;0;7;0;0;31;443;73;124
117;Duisburg II;NW;Brief;0;17969;288;17681;7814;5722;1142;1318;1121;0;427;0;0;0;0;36;0;0;0;0;0;0;0;0;0;0;0;101;233;17736;6833;5400;1550;1746;1132;0;252;68;66;150;0;15;5;0;2;30;35;0;0;0;16;0;0;10;254;54;118
118;Oberhausen – Wesel III;NW;Brief;0;28811;270;28541;11283;9226;2208;2105;3342;0;338;0;0;0;0;39;0;0;0;0;0;0;0;0;0;0;0;0;218;28593;10500;8751;3092;2469;2471;0;246;65;114;229;0;15;2;0;7;33;18;0;0;0;12;0;0;18;323;53;175
119;Mülheim – Essen I;NW;Brief;0;31779;351;31428;11444;11364;3405;2332;2550;0;333;0;0;0;0;0;0;0;0;0;0;0;0;0;0;0;0;0;222;31557;10307;10136;4532;2399;2735;0;239;106;132;276;0;15;12;0;4;41;15;0;0;0;17;0;0;18;364;67;142
120;Essen II;NW;Brief;0;24780;219;24561;10115;7746;1869;2152;2039;0;395;0;0;0;0;56;189;0;0;0;0;0;0;0;0;0;0;0;176;24604;8892;7210;2574;2336;2106;0;251;172;102;262;0;28;62;0;9;45;17;0;0;0;9;0;0;14;339;54;122
121;Essen III;NW;Brief;0;41041;311;40730;13642;16343;3730;2327;4214;0;293;0;0;0;0;0;181;0;0;0;0;0;0;0;0;0;0;0;208;40833;11498;14484;6029;2728;4503;0;188;116;117;285;0;15;52;0;10;66;29;0;0;0;27;0;0;22;452;85;127
122;Recklinghausen I;NW;Brief;0;26230;301;25929;10083;9076;2258;2288;1803;0;316;0;0;0;0;0;0;0;0;0;0;0;0;0;0;0;0;105;149;26081;8520;8784;3080;2492;2006;0;210;73;93;198;0;14;4;0;4;43;12;0;0;0;31;0;0;16;337;48;116
123;Recklinghausen II;NW;Brief;0;34375;308;34067;13438;12189;2992;2764;2250;0;385;0;0;0;0;49;0;0;0;0;0;0;0;0;0;0;0;0;211;34164;11973;11649;3869;2808;2401;0;239;86;133;272;0;19;6;0;4;65;12;0;0;0;17;0;0;21;376;67;147
124;Gelsenkirchen;NW;Brief;0;25735;434;25301;12720;7941;1952;0;1803;0;606;0;0;0;0;279;0;0;0;0;0;0;0;0;0;0;0;0;174;25561;10334;7685;2297;2393;1482;0;292;168;66;171;0;66;3;0;1;43;14;0;0;0;10;0;0;14;331;45;146
125;Steinfurt I – Borken I;NW;Brief;0;28339;357;27982;7724;12702;4064;1343;1991;0;158;0;0;0;0;0;0;0;0;0;0;0;0;0;0;0;0;0;172;28167;6209;12677;4565;1452;2263;0;115;34;97;116;0;2;5;0;4;21;53;0;0;0;6;0;0;21;378;58;91
126;Bottrop – Recklinghausen III;NW;Brief;0;27986;226;27760;10727;10154;2248;2223;1790;0;303;0;0;0;0;34;0;0;0;0;0;0;0;281;0;0;0;0;172;27814;9665;9417;3112;2463;1816;0;188;86;121;224;0;11;4;0;6;33;17;0;0;0;17;0;0;115;308;63;148
127;Borken II;NW;Brief;0;26559;162;26397;5961;14752;2601;930;2031;0;122;0;0;0;0;0;0;0;0;0;0;0;0;0;0;0;0;0;107;26452;5217;13015;4343;1042;2050;0;92;39;95;119;0;2;2;0;5;20;29;0;0;0;5;0;0;20;260;26;71
128;Coesfeld – Steinfurt II;NW;Brief;0;34587;280;34307;7753;18437;3717;1481;2744;0;175;0;0;0;0;0;0;0;0;0;0;0;0;0;0;0;0;0;197;34390;6670;15973;5810;1604;3168;0;131;44;123;190;0;1;4;0;5;23;29;0;0;0;9;0;0;32;390;64;120
129;Steinfurt III;NW;Brief;0;24127;229;23898;9085;11022;2349;1319;0;0;123;0;0;0;0;0;0;0;0;0;0;0;0;0;0;0;0;0;98;24029;6361;9431;3777;1318;2362;0;99;30;69;117;0;0;5;0;4;19;20;0;0;0;7;0;0;12;297;43;58
130;Münster;NW;Brief;0;53227;329;52898;14600;23045;5803;1904;7231;0;191;0;0;0;0;0;0;0;0;0;0;0;0;0;0;0;0;124;231;52996;11217;20619;8046;2740;8586;0;138;49;118;180;0;11;9;0;6;40;34;0;0;0;7;0;0;114;932;41;109
131;Warendorf;NW;Brief;0;33855;464;33391;9937;17108;4073;2273;0;0;0;0;0;0;0;0;0;0;0;0;0;0;0;0;0;0;0;0;201;33654;7440;14717;5517;1789;3049;0;118;46;115;163;0;2;3;0;8;50;27;0;0;0;17;0;0;31;398;42;122
132;Gütersloh;NW;Brief;0;33506;250;33256;10101;15418;3486;1463;2534;0;0;0;0;0;0;0;0;0;0;0;0;0;0;126;0;0;0;128;179;33327;7905;13778;5365;1608;3321;0;162;46;142;235;0;6;5;0;4;63;18;0;0;0;20;0;0;66;413;58;112
133;Bielefeld;NW;Brief;0;43655;317;43338;12740;17413;3303;2533;6873;0;367;0;0;0;0;0;109;0;0;0;0;0;0;0;0;0;0;0;251;43404;11790;14681;5711;3079;6302;0;266;62;129;262;0;8;21;0;9;41;18;0;0;0;37;0;0;43;720;64;161
134;Herford – Minden-Lübbecke II;NW;Brief;0;38109;377;37732;13025;15565;4329;2084;2729;0;0;0;0;0;0;0;0;0;0;0;0;0;0;0;0;0;0;0;228;37881;11538;13805;5637;2188;3160;0;249;109;135;262;0;2;9;0;5;83;12;0;0;0;22;0;0;33;435;82;115
135;Minden-Lübbecke I;NW;Brief;0;28017;216;27801;10046;12338;2122;1450;1845;0;0;0;0;0;0;0;0;0;0;0;0;0;0;0;0;0;0;0;148;27869;8581;10026;3988;1734;2434;0;125;111;114;183;0;5;7;0;7;47;13;0;0;0;9;0;0;28;318;39;100
136;Lippe I;NW;Brief;0;25799;255;25544;9249;9930;3024;1371;1970;0;0;0;0;0;0;0;0;0;0;0;0;0;0;0;0;0;0;0;174;25625;8049;8784;4035;1526;2187;0;135;63;110;172;0;5;5;0;2;30;15;0;0;0;15;0;0;19;336;47;90
137;Höxter – Lippe II;NW;Brief;0;29613;298;29315;8310;13541;2845;1460;2474;0;218;0;338;0;0;0;0;0;0;0;0;0;0;129;0;0;0;0;206;29407;7744;11421;4805;1581;2596;0;159;44;145;184;0;4;3;0;4;47;20;0;0;0;13;0;0;91;413;36;97
138;Paderborn;NW;Brief;0;34500;214;34286;8103;17969;3469;1549;2922;0;274;0;0;0;0;0;0;0;0;0;0;0;0;0;0;0;0;0;159;34341;6417;15447;5945;1692;3281;0;188;61;149;198;0;6;5;0;5;50;29;0;0;0;17;0;0;42;639;32;138
139;Hagen – Ennepe-Ruhr-Kreis I;NW;Brief;0;33652;264;33388;13241;12880;2752;2011;2078;0;426;0;0;0;0;0;0;0;0;0;0;0;0;0;0;0;0;0;198;33454;10306;11964;4349;2358;2869;0;266;190;103;273;0;11;11;0;4;52;21;0;0;0;7;0;0;17;368;74;211
140;Ennepe-Ruhr-Kreis II;NW;Brief;0;35294;325;34969;13311;11652;3920;2578;3005;0;349;0;0;0;0;56;0;0;0;0;0;0;0;0;0;0;0;98;263;35031;11802;10734;4458;2741;3672;0;284;58;134;333;0;30;6;0;4;46;14;0;0;0;25;0;0;25;402;78;185
141;Bochum I;NW;Brief;0;39935;399;39536;15369;14463;2444;3065;3531;0;459;0;0;0;0;43;162;0;0;0;0;0;0;0;0;0;0;0;299;39636;13696;11969;4376;3358;4323;0;339;72;118;364;0;11;28;0;3;66;24;0;0;0;23;0;0;40;567;84;175
142;Herne – Bochum II;NW;Brief;0;26621;557;26064;12315;8051;1989;0;2731;0;372;396;0;0;0;210;0;0;0;0;0;0;0;0;0;0;0;0;258;26363;10326;7250;2562;2688;2162;0;198;188;102;222;0;20;6;0;6;35;7;0;0;0;21;0;0;12;335;61;162
143;Dortmund I;NW;Brief;0;39064;338;38726;14350;11804;4381;3078;4449;0;446;0;0;0;0;81;137;0;0;0;0;0;0;0;0;0;0;0;213;38851;12029;11540;5003;3408;4851;0;280;41;114;298;0;40;36;0;4;58;17;0;0;0;140;0;0;23;655;90;224
144;Dortmund II;NW;Brief;0;33986;271;33715;13208;10866;2599;2922;3193;0;434;0;0;0;0;0;0;0;0;0;0;0;0;0;0;0;0;493;236;33750;11558;9528;4088;3186;3633;0;311;43;109;271;0;12;8;0;5;62;12;0;0;0;112;0;0;15;393;103;301
145;Unna I;NW;Brief;0;33285;338;32947;12938;12051;2248;2326;3080;0;304;0;0;0;0;0;0;0;0;0;0;0;0;0;0;0;0;0;277;33008;11934;10203;4076;2444;2892;0;228;54;97;248;0;9;6;0;4;71;13;0;0;0;26;0;0;23;380;60;240
146;Hamm – Unna II;NW;Brief;0;37611;324;37287;15170;13813;4018;1796;1974;0;516;0;0;0;0;0;0;0;0;0;0;0;0;0;0;0;0;0;219;37392;11250;14037;4899;2626;2847;0;337;89;141;257;0;11;10;0;4;43;20;0;0;0;22;0;0;24;488;87;200
147;Soest;NW;Brief;0;40010;345;39665;10246;19140;4399;2283;3251;0;346;0;0;0;0;0;0;0;0;0;0;0;0;0;0;0;0;0;266;39744;9210;16117;6751;2427;3460;0;227;86;211;285;0;3;11;0;2;64;43;0;0;0;22;0;0;26;484;104;211
148;Hochsauerlandkreis;NW;Brief;0;38620;311;38309;9186;20335;4081;2100;2285;0;322;0;0;0;0;0;0;0;0;0;0;0;0;0;0;0;0;0;242;38378;8669;16894;6603;2212;2455;0;248;64;199;245;0;3;6;0;3;62;40;0;0;0;23;0;0;24;402;60;166
149;Siegen-Wittgenstein;NW;Brief;0;35404;451;34953;12754;15272;4055;2402;0;0;470;0;0;0;0;0;0;0;0;0;0;0;0;0;0;0;0;0;215;35189;9334;13091;5673;2295;3100;0;349;133;145;270;0;5;6;0;4;70;23;0;0;0;10;0;0;45;385;82;169
150;Olpe – Märkischer Kreis I;NW;Brief;0;42621;400;42221;11061;20750;4898;2326;2740;0;446;0;0;0;0;0;0;0;0;0;0;0;0;0;0;0;0;0;268;42353;9617;18226;7210;2445;2926;0;310;101;213;320;0;8;7;0;11;74;28;0;0;0;29;0;0;27;419;117;265
151;Märkischer Kreis II;NW;Brief;0;36610;281;36329;13480;14870;3413;1938;1555;0;437;0;0;636;0;0;0;0;0;0;0;0;0;0;0;0;0;0;230;36380;9246;14952;5414;2356;2547;0;322;89;151;358;0;7;9;0;2;86;27;0;0;0;16;0;0;31;382;118;267
152;Nordsachsen;SN;Brief;0;14847;127;14720;2212;6201;1427;3678;808;0;394;0;0;0;0;0;0;0;0;0;0;0;0;0;0;0;0;0;96;14751;2507;5579;1715;3615;835;0;381;30;0;0;0;26;63;0;0;0;0;0;0;0;0;0;0;0;0;0;0
153;Leipzig I;SN;Brief;0;24759;202;24557;4829;8231;2206;6424;2132;0;435;0;0;0;0;0;300;0;0;0;0;0;0;0;0;0;0;0;154;24605;4432;7916;2718;6046;2731;0;443;44;0;0;0;50;225;0;0;0;0;0;0;0;0;0;0;0;0;0;0
154;Leipzig II;SN;Brief;0;32529;286;32243;7728;8996;2197;7635;4963;0;389;0;0;0;0;0;335;0;0;0;0;0;0;0;0;0;0;0;225;32304;6085;8762;3327;7615;5783;0;390;33;0;0;0;67;242;0;0;0;0;0;0;0;0;0;0;0;0;0;0
155;Leipzig-Land;SN;Brief;0;21935;234;21701;3480;9098;2313;4783;1330;0;497;0;0;0;0;0;0;0;0;0;0;0;0;0;0;0;0;200;175;21760;3598;8369;2593;5110;1385;0;462;42;0;0;0;64;137;0;0;0;0;0;0;0;0;0;0;0;0;0;0
156;Meißen;SN;Brief;0;21631;224;21407;2653;9914;1758;4492;1783;0;585;0;0;0;0;0;0;0;0;0;0;0;0;0;0;0;0;222;185;21446;2908;8376;2892;4856;1594;0;563;31;0;0;0;59;167;0;0;0;0;0;0;0;0;0;0;0;0;0;0
157;Bautzen I;SN;Brief;0;17719;235;17484;1952;7305;2102;4473;1075;0;577;0;0;0;0;0;0;0;0;0;0;0;0;0;0;0;0;0;172;17547;2216;6901;2279;4349;1028;0;544;39;0;0;0;48;143;0;0;0;0;0;0;0;0;0;0;0;0;0;0
158;Görlitz;SN;Brief;0;20560;217;20343;2427;8662;1930;4987;1457;0;565;0;0;0;0;0;315;0;0;0;0;0;0;0;0;0;0;0;169;20391;2681;7903;2530;4981;1344;0;606;50;0;0;0;57;239;0;0;0;0;0;0;0;0;0;0;0;0;0;0
159;Sächsische Schweiz – Osterzgebirge;SN;Brief;0;18750;205;18545;2235;8163;2139;3866;1285;0;595;0;0;0;0;0;262;0;0;0;0;0;0;0;0;0;0;0;157;18593;2283;7763;2431;3953;1353;0;564;28;0;0;0;26;192;0;0;0;0;0;0;0;0;0;0;0;0;0;0
160;Dresden I;SN;Brief;0;36928;298;36630;5995;13349;3614;8365;4115;0;513;0;0;0;0;0;332;0;0;0;0;0;0;0;0;0;0;347;243;36685;5491;13382;4507;7542;4777;0;529;56;0;0;0;72;329;0;0;0;0;0;0;0;0;0;0;0;0;0;0
161;Dresden II – Bautzen II;SN;Brief;0;31064;286;30778;4168;10729;3684;5749;5264;0;493;0;0;0;0;109;266;0;0;0;0;0;0;0;0;0;0;316;220;30844;4313;10699;3835;5858;5222;0;519;68;0;0;0;65;265;0;0;0;0;0;0;0;0;0;0;0;0;0;0
162;Mittelsachsen;SN;Brief;0;21036;225;20811;3381;9247;1845;4648;1190;0;500;0;0;0;0;0;0;0;0;0;0;0;0;0;0;0;0;0;185;20851;2962;8429;2598;4913;1262;0;497;44;0;0;0;49;97;0;0;0;0;0;0;0;0;0;0;0;0;0;0
163;Chemnitz;SN;Brief;0;30878;299;30579;6140;10287;2642;8596;2369;0;545;0;0;0;0;0;0;0;0;0;0;0;0;0;0;0;0;0;268;30610;5153;9815;3438;8807;2559;0;509;69;0;0;0;79;181;0;0;0;0;0;0;0;0;0;0;0;0;0;0
164;Chemnitzer Umland – Erzgebirgskreis II;SN;Brief;0;17128;178;16950;2419;7214;1963;4033;909;0;412;0;0;0;0;0;0;0;0;0;0;0;0;0;0;0;0;0;121;17007;2402;6904;2124;4048;955;0;395;43;0;0;0;38;98;0;0;0;0;0;0;0;0;0;0;0;0;0;0
165;Erzgebirgskreis I;SN;Brief;0;19834;201;19633;2170;8471;2854;4322;1090;0;531;0;0;0;0;0;0;0;0;0;0;0;0;0;0;0;0;195;164;19670;2472;8113;2678;4572;1072;0;530;45;0;0;0;52;136;0;0;0;0;0;0;0;0;0;0;0;0;0;0
166;Zwickau;SN;Brief;0;20028;222;19806;2771;8038;1941;5250;1199;0;410;0;0;0;0;0;84;0;0;0;0;0;0;0;0;0;0;113;166;19862;2856;7792;2409;5108;1097;0;398;45;0;0;0;45;112;0;0;0;0;0;0;0;0;0;0;0;0;0;0
167;Vogtlandkreis;SN;Brief;0;18903;231;18672;3176;7552;1948;4295;1081;0;408;0;0;0;212;0;0;0;0;0;0;0;0;0;0;0;0;0;177;18726;2984;7097;2392;4524;1154;0;398;45;0;0;0;39;93;0;0;0;0;0;0;0;0;0;0;0;0;0;0
168;Waldeck;HE;Brief;0;25637;581;25056;8966;9139;2749;1564;2335;0;208;0;0;0;0;0;0;0;0;0;0;0;0;0;0;0;0;95;498;25139;8065;8106;3795;1786;2573;0;164;62;0;224;0;7;34;0;0;0;0;0;0;0;15;0;0;0;308;0;0
169;Kassel;HE;Brief;0;36557;860;35697;12255;12162;3323;2518;4959;0;206;0;0;0;0;71;0;0;0;0;0;0;0;0;0;0;0;203;746;35811;10489;10820;4878;3005;5396;0;175;60;0;296;0;33;47;0;0;0;0;0;0;0;16;0;0;0;596;0;0
170;Werra-Meißner – Hersfeld-Rotenburg;HE;Brief;0;23440;447;22993;8562;8722;2345;1459;1673;0;232;0;0;0;0;0;0;0;0;0;0;0;0;0;0;0;0;0;340;23100;7314;7710;3386;1751;2109;0;195;57;0;218;0;5;31;0;0;0;0;0;0;0;13;0;0;0;311;0;0
171;Schwalm-Eder;HE;Brief;0;23328;531;22797;8856;8125;2379;1553;1661;0;223;0;0;0;0;0;0;0;0;0;0;0;0;0;0;0;0;0;485;22843;7415;7321;3286;1822;2210;0;172;53;0;231;0;3;30;0;0;0;0;0;0;0;13;0;0;0;287;0;0
172;Marburg;HE;Brief;0;22847;293;22554;7965;8512;1881;1575;2465;0;156;0;0;0;0;0;0;0;0;0;0;0;0;0;0;0;0;0;220;22627;5765;7478;3087;1894;3552;0;109;84;0;167;0;5;31;0;0;0;0;0;0;0;6;0;0;0;449;0;0
173;Lahn-Dill;HE;Brief;0;22211;343;21868;6362;9966;2301;1078;1869;0;292;0;0;0;0;0;0;0;0;0;0;0;0;0;0;0;0;0;245;21966;5545;8491;3635;1420;2031;0;224;83;0;222;0;6;18;0;0;0;0;0;0;0;11;0;0;0;280;0;0
174;Gießen;HE;Brief;0;27545;451;27094;8456;10250;3460;1494;2862;0;228;0;0;0;0;0;0;0;0;0;0;0;0;0;0;0;0;344;404;27141;6749;9091;4482;2088;3584;0;188;70;0;246;0;7;33;0;0;0;0;0;0;0;21;0;0;0;582;0;0
175;Fulda;HE;Brief;0;25465;384;25081;5733;12696;2602;1490;2238;0;322;0;0;0;0;0;0;0;0;0;0;0;0;0;0;0;0;0;275;25190;4722;10683;4496;1761;2555;0;216;105;0;248;0;9;26;0;0;0;0;0;0;0;23;0;0;0;346;0;0
176;Hochtaunus;HE;Brief;0;31848;406;31442;6737;15349;4170;1381;3036;0;149;138;0;482;0;0;0;0;0;0;0;0;0;0;0;0;0;0;345;31503;5823;12820;6569;1700;3527;0;135;125;0;334;0;8;27;0;0;0;0;0;0;0;10;0;0;0;425;0;0
177;Wetterau;HE;Brief;0;33652;564;33088;9899;14471;3451;1724;2528;0;467;0;0;472;0;0;0;0;0;0;0;0;0;0;0;0;0;76;484;33168;7664;12138;6234;2129;3540;0;405;77;0;381;0;7;26;0;0;0;0;0;0;0;26;0;0;0;541;0;0
178;Rheingau-Taunus – Limburg;HE;Brief;0;33302;516;32786;7811;16399;3783;1539;2825;0;178;251;0;0;0;0;0;0;0;0;0;0;0;0;0;0;0;0;347;32955;6453;14029;6074;1845;3333;0;175;163;0;324;0;3;33;0;0;0;0;0;0;0;25;0;0;0;498;0;0
179;Wiesbaden;HE;Brief;0;29844;336;29508;8283;13252;3536;1350;2634;0;221;0;0;0;0;0;114;0;0;0;0;0;0;0;0;0;0;118;286;29558;6047;10966;5587;1689;4212;0;166;140;0;203;0;6;59;0;0;0;0;0;0;0;11;0;0;0;472;0;0
180;Hanau;HE;Brief;0;31356;551;30805;9744;13027;3039;1729;2172;0;245;271;0;578;0;0;0;0;0;0;0;0;0;0;0;0;0;0;493;30863;6961;11305;5493;2238;3409;0;244;251;0;424;0;4;42;0;0;0;0;0;0;0;14;0;0;0;478;0;0
181;Main-Taunus;HE;Brief;0;37396;510;36886;7257;19127;5062;1470;3667;0;303;0;0;0;0;0;0;0;0;0;0;0;0;0;0;0;0;0;401;36995;6061;15484;8599;1666;3994;0;189;115;0;307;0;7;30;0;0;0;0;0;0;0;16;0;0;0;527;0;0
182;Frankfurt am Main I;HE;Brief;0;29676;326;29350;6820;11805;3870;1916;4102;0;184;121;0;419;0;31;82;0;0;0;0;0;0;0;0;0;0;0;257;29419;5185;9722;6101;2330;4805;0;168;111;0;280;0;18;51;0;0;0;0;0;0;0;11;0;0;0;637;0;0
183;Frankfurt am Main II;HE;Brief;0;37526;475;37051;8646;15017;4183;2145;6206;0;256;0;0;517;0;0;81;0;0;0;0;0;0;0;0;0;0;0;268;37258;6642;12205;7471;2738;6786;0;199;105;0;320;0;8;43;0;0;0;0;0;0;0;18;0;0;0;723;0;0
184;Groß-Gerau;HE;Brief;0;24198;459;23739;7796;9419;2173;1424;2522;0;290;0;0;0;0;0;0;0;0;0;0;0;0;0;0;0;0;115;363;23835;6216;8243;3671;1715;2960;0;189;144;0;281;0;12;19;0;0;0;0;0;0;0;18;0;0;0;367;0;0
185;Offenbach;HE;Brief;0;32891;580;32311;8277;14194;3883;1794;3203;0;323;0;0;571;0;0;0;0;0;0;0;0;0;0;0;0;0;66;496;32395;6526;11917;6344;2230;3926;0;225;145;0;406;0;12;43;0;0;0;0;0;0;0;18;0;0;0;603;0;0
186;Darmstadt;HE;Brief;0;35600;539;35061;11241;13208;3068;1796;4606;0;278;0;0;0;0;0;0;0;0;0;93;0;0;0;771;0;0;0;434;35166;8078;11246;5684;2448;6183;0;204;114;0;371;0;10;28;0;0;0;0;0;0;0;12;0;0;0;788;0;0
187;Odenwald;HE;Brief;0;35118;830;34288;8899;15099;4068;1845;3446;0;293;210;0;0;0;0;0;0;0;0;0;0;0;0;0;0;0;428;694;34424;7803;12823;6187;2257;3736;0;246;211;0;418;0;14;51;0;0;0;0;0;0;0;32;0;0;0;646;0;0
188;Bergstraße;HE;Brief;0;28944;422;28522;7889;14160;2601;1404;2188;0;280;0;0;0;0;0;0;0;0;0;0;0;0;0;0;0;0;0;345;28599;6315;11520;4998;1717;2946;0;192;166;0;319;0;4;33;0;0;0;0;0;0;0;12;0;0;0;377;0;0
189;Eichsfeld – Nordhausen – Unstrut-Hainich-Kreis I;TH;Brief;0;20913;156;20757;3682;9019;1530;4786;1058;0;317;0;0;0;0;0;0;0;0;0;0;0;0;313;0;0;0;52;118;20795;3672;8419;1975;4576;1273;0;304;23;0;0;0;22;0;0;0;0;0;0;0;0;0;0;0;199;332;0;0
190;Eisenach – Wartburgkreis – Unstrut-Hainich-Kreis II;TH;Brief;0;18348;170;18178;4318;6450;1189;4692;883;0;379;0;0;0;0;0;0;0;0;0;0;0;0;0;0;0;0;267;124;18224;3458;6220;1667;4820;1199;0;359;45;0;0;0;34;0;0;0;0;0;0;0;0;0;0;0;97;325;0;0
191;Kyffhäuserkreis – Sömmerda – Weimarer Land I;TH;Brief;0;17278;147;17131;3234;5882;1356;5231;985;0;312;0;0;0;0;0;0;0;0;0;0;0;0;0;0;0;0;131;132;17146;3129;5596;1631;4979;1093;0;289;44;0;0;0;28;0;0;0;0;0;0;0;0;0;0;0;59;298;0;0
192;Gotha – Ilm-Kreis;TH;Brief;0;20924;203;20721;5848;6187;1520;4843;1482;0;445;0;0;0;0;0;0;0;0;0;0;0;0;0;0;0;0;396;133;20791;4251;6771;1812;5265;1550;0;405;46;0;0;0;22;0;0;0;0;0;0;0;0;0;0;0;102;567;0;0
193;Erfurt – Weimar – Weimarer Land II;TH;Brief;0;30386;253;30133;7107;9437;1590;7888;3334;0;351;0;0;0;0;0;0;0;0;0;0;0;0;0;0;0;0;426;189;30197;5703;8928;2405;7600;4163;0;297;51;0;0;0;57;0;0;0;0;0;0;0;0;0;0;0;132;861;0;0
194;Gera – Jena – Saale-Holzland-Kreis;TH;Brief;0;29108;260;28848;6481;8001;2982;8374;2591;0;419;0;0;0;0;0;0;0;0;0;0;0;0;0;0;0;0;0;182;28926;5160;8056;2879;8317;3106;0;367;61;0;0;0;36;0;0;0;0;0;0;0;0;0;0;0;118;826;0;0
195;Greiz – Altenburger Land;TH;Brief;0;15751;166;15585;2859;6025;1288;4422;658;0;333;0;0;0;0;0;0;0;0;0;0;0;0;0;0;0;0;0;122;15629;2714;5450;1631;4312;834;0;276;34;0;0;0;21;0;0;0;0;0;0;0;0;0;0;0;64;293;0;0
196;Sonneberg – Saalfeld-Rudolstadt – Saale-Orla-Kreis;TH;Brief;0;21568;222;21346;4266;7136;1904;6275;984;0;540;0;0;0;0;58;0;0;0;0;0;0;0;0;0;0;0;183;154;21414;3794;7043;2077;6206;1205;0;484;55;0;0;0;49;0;0;0;0;0;0;0;0;0;0;0;103;398;0;0
197;Suhl – Schmalkalden-Meiningen – Hildburghausen;TH;Brief;0;18861;170;18691;4077;5716;1662;5807;1120;0;309;0;0;0;0;0;0;0;0;0;0;0;0;0;0;0;0;0;117;18744;3316;5684;1810;5810;1309;0;282;51;0;0;0;24;0;0;0;0;0;0;0;0;0;0;0;85;373;0;0
198;Neuwied;RP;Brief;0;45930;869;45061;15285;18602;5451;2429;2822;0;472;0;0;0;0;0;0;0;0;0;0;0;0;0;0;0;0;0;499;45431;10099;18182;8086;3452;3810;0;347;148;342;0;190;15;0;0;0;0;0;0;0;0;26;0;0;99;635;0;0
199;Ahrweiler;RP;Brief;0;38520;639;37881;8491;18141;6032;1870;3045;0;302;0;0;0;0;0;0;0;0;0;0;0;0;0;0;0;0;0;363;38157;7329;16439;7382;2391;3253;0;235;103;265;0;48;6;0;0;0;0;0;0;0;0;19;0;0;147;540;0;0
200;Koblenz;RP;Brief;0;43182;763;42419;10590;20508;4183;2455;4356;0;327;0;0;0;0;0;0;0;0;0;0;0;0;0;0;0;0;0;538;42644;9164;17552;7303;2799;4209;0;268;117;307;0;63;12;0;0;0;0;0;0;0;0;25;0;0;121;704;0;0
201;Mosel/Rhein-Hunsrück;RP;Brief;0;27272;655;26617;5645;12986;3572;1723;2416;0;275;0;0;0;0;0;0;0;0;0;0;0;0;0;0;0;0;0;336;26936;5123;11235;5182;2009;2342;0;199;92;233;0;66;2;0;0;0;0;0;0;0;0;11;0;0;63;379;0;0
202;Kreuznach;RP;Brief;0;29827;441;29386;7660;14785;2097;2142;2204;0;294;0;0;0;0;0;0;0;0;0;0;0;0;0;0;0;0;204;306;29521;7267;10610;5242;2620;2668;0;249;93;221;0;62;9;0;0;0;0;0;0;0;0;25;0;0;64;391;0;0
203;Bitburg;RP;Brief;0;26902;545;26357;5834;12110;4126;1714;2335;0;238;0;0;0;0;0;0;0;0;0;0;0;0;0;0;0;0;0;329;26573;4683;11124;5294;2009;2440;0;186;63;286;0;44;4;0;0;0;0;0;0;0;0;15;0;0;64;361;0;0
204;Trier;RP;Brief;0;34016;578;33438;7638;16042;3294;2174;4079;0;211;0;0;0;0;0;0;0;0;0;0;0;0;0;0;0;0;0;337;33679;6521;13617;5342;2516;4513;0;154;75;232;0;32;11;0;0;0;0;0;0;0;0;13;0;0;87;566;0;0
205;Montabaur;RP;Brief;0;39182;725;38457;9909;17850;4644;2640;2967;0;447;0;0;0;0;0;0;0;0;0;0;0;0;0;0;0;0;0;472;38710;8142;15215;7391;2960;3362;0;351;124;330;0;138;6;0;0;0;0;0;0;0;0;26;0;0;80;585;0;0
206;Mainz;RP;Brief;0;56579;821;55758;14607;21725;7645;2396;7759;0;449;0;0;0;0;0;86;0;0;0;0;0;236;855;0;0;0;0;526;56053;11482;20703;9078;3204;8836;0;249;537;256;0;72;3;0;0;0;0;0;0;0;0;37;0;0;453;1143;0;0
207;Worms;RP;Brief;0;38577;696;37881;13667;14313;4169;2199;2877;0;656;0;0;0;0;0;0;0;0;0;0;0;0;0;0;0;0;0;560;38017;9889;13436;6331;2658;3718;0;484;314;322;0;98;6;0;0;0;0;0;0;0;0;38;0;0;118;605;0;0
208;Ludwigshafen/Frankenthal;RP;Brief;0;43171;625;42546;13299;17610;3953;3119;2629;0;307;784;0;0;0;53;0;0;0;0;0;0;0;0;792;0;0;0;573;42598;11222;15490;6353;3709;3471;0;339;780;331;0;87;27;0;0;0;0;0;0;0;0;39;0;0;103;647;0;0
209;Neustadt – Speyer;RP;Brief;0;51543;1078;50465;11599;23865;5243;3268;4348;0;663;0;957;0;0;0;0;0;0;0;0;0;0;0;0;0;0;522;747;50796;10746;19970;8873;3531;4917;0;445;446;711;0;153;9;0;0;0;0;0;0;0;0;27;0;0;161;807;0;0
210;Kaiserslautern;RP;Brief;0;38546;822;37724;12715;12637;4241;4462;2920;0;749;0;0;0;0;0;0;0;0;0;0;0;0;0;0;0;0;0;543;38003;10301;11408;5921;4512;3548;0;541;279;463;0;106;8;0;0;0;0;0;0;0;0;41;0;0;107;768;0;0
211;Pirmasens;RP;Brief;0;33545;957;32588;8114;13840;4180;3257;2538;0;659;0;0;0;0;0;0;0;0;0;0;0;0;0;0;0;0;0;617;32928;6849;12612;5594;3644;2271;0;438;318;448;0;95;8;0;0;0;0;0;0;0;0;22;0;0;105;524;0;0
212;Südpfalz;RP;Brief;0;44127;794;43333;10722;18279;6320;2687;3819;0;765;0;0;0;0;0;0;0;0;0;0;0;0;0;0;0;0;741;649;43478;9139;16099;7781;3356;4342;0;529;536;501;0;167;10;0;0;0;0;0;0;0;0;43;0;0;194;781;0;0
213;Altötting;BY;Brief;0;30658;358;30300;4569;0;2724;1336;2537;18241;474;0;0;0;0;0;419;0;0;0;0;0;0;0;0;0;0;0;202;30456;3937;0;3799;1357;2628;15993;316;234;159;205;22;7;98;388;0;0;0;0;52;0;9;77;0;437;429;309;0
214;Erding – Ebersberg;BY;Brief;0;40096;579;39517;6728;0;5151;1546;5306;18868;430;0;0;0;0;0;0;0;0;0;0;0;0;1355;0;0;0;133;233;39863;5089;0;6011;1588;5128;18175;241;468;246;300;25;11;17;430;0;0;0;0;43;0;12;110;0;770;609;590;0
215;Freising;BY;Brief;0;44708;533;44175;5691;0;6470;2172;7850;20581;608;0;0;0;0;0;0;0;0;0;0;0;0;0;0;803;0;0;274;44434;5495;0;6217;2142;5570;20919;422;239;255;327;53;5;11;484;0;0;0;0;48;0;17;106;0;571;903;650;0
216;Fürstenfeldbruck;BY;Brief;0;52042;416;51626;9243;0;6190;1620;6062;24882;466;0;0;0;0;0;0;931;0;0;0;0;0;975;0;999;0;258;264;51778;7509;0;7823;2098;6913;23102;320;194;238;421;40;7;29;628;0;0;0;0;46;0;18;144;0;531;825;892;0
217;Ingolstadt;BY;Brief;0;52559;611;51948;7825;0;4856;2989;4645;29206;762;0;0;0;0;0;247;0;0;0;0;0;0;1236;0;0;0;182;307;52252;7635;0;6756;2873;4574;26133;609;302;310;363;57;11;44;487;0;0;0;0;69;0;21;81;0;719;921;287;0
218;München-Nord;BY;Brief;0;54425;406;54019;17178;0;6304;2076;6046;20617;432;0;0;0;0;29;58;0;0;0;0;0;0;650;0;0;0;629;241;54184;9350;0;10399;2849;9744;18353;284;121;121;317;27;14;30;275;0;0;0;0;33;0;32;110;0;457;1283;385;0
219;München-Ost;BY;Brief;0;57560;406;57154;12419;0;9716;2578;8032;21638;329;0;0;0;0;0;73;583;0;0;0;0;0;776;0;644;0;366;253;57307;9095;0;11336;2926;9310;21029;268;128;147;347;31;16;38;370;0;0;0;0;37;0;23;137;0;458;1076;535;0
220;München-Süd;BY;Brief;0;53773;401;53372;12645;0;6718;2292;8003;21654;356;0;0;0;0;0;156;0;0;0;0;0;0;813;0;0;0;735;228;53545;9132;0;9108;2882;9266;19669;297;165;122;322;43;13;47;316;0;0;0;0;45;0;23;108;0;497;1064;426;0
221;München-West/Mitte;BY;Brief;0;59661;452;59209;13811;0;8154;2872;9346;22720;356;0;0;0;0;0;128;0;0;0;0;0;0;1026;0;0;0;796;264;59397;9821;0;10482;3256;11588;20494;274;142;142;405;51;13;44;341;0;0;0;0;43;0;18;115;0;572;1199;397;0
222;München-Land;BY;Brief;0;61063;468;60595;10177;0;9092;1839;8753;28000;380;0;518;0;0;0;0;0;0;0;0;0;0;716;0;821;299;0;243;60820;9094;0;11751;2190;7729;26289;276;202;270;382;33;4;29;370;0;0;0;0;30;0;24;128;0;500;889;630;0
223;Rosenheim;BY;Brief;0;45600;441;45159;6150;0;4828;1416;5721;23011;280;806;0;0;0;0;96;1033;0;0;0;0;0;1136;0;682;0;0;285;45315;5277;0;6670;1686;5418;21803;285;653;198;296;50;10;55;743;0;0;0;0;76;0;19;139;0;766;578;593;0
224;Starnberg;BY;Brief;0;65547;782;64765;9308;0;10714;2148;6719;35237;639;0;0;0;0;0;0;0;0;0;0;0;0;0;0;0;0;0;366;65181;7488;0;12678;2215;7820;30286;373;218;259;447;54;12;31;700;0;0;0;0;50;0;30;191;0;583;772;974;0
225;Traunstein;BY;Brief;0;43504;403;43101;6405;0;3374;1522;5297;23532;465;0;0;0;0;0;169;830;0;0;0;0;0;731;0;499;277;0;241;43263;5115;0;5684;1834;5223;21681;358;354;189;301;79;4;46;658;0;0;0;0;78;0;25;105;0;608;438;483;0
226;Weilheim;BY;Brief;0;56089;544;55545;7133;0;6589;1878;6652;29157;426;0;0;0;0;0;0;1024;0;0;0;0;0;1286;0;914;0;486;346;55743;6554;0;9045;2296;6278;26649;347;204;293;364;50;7;17;830;0;0;0;0;63;0;17;160;0;943;748;878;0
227;Deggendorf;BY;Brief;0;30615;355;30260;4877;0;3852;2079;2350;15695;922;0;0;0;0;0;0;0;0;0;0;0;0;0;0;0;485;0;205;30410;4405;0;4355;2248;2076;14262;651;449;201;220;37;5;9;450;0;0;0;0;42;0;13;64;0;358;316;249;0
228;Landshut;BY;Brief;0;48104;697;47407;6601;0;7297;2336;5000;23799;758;0;0;0;0;0;0;0;0;0;0;0;351;1265;0;0;0;0;233;47871;6080;0;6748;2335;4282;24411;534;378;257;347;37;6;13;451;0;0;0;0;60;0;18;200;0;736;706;272;0
229;Passau;BY;Brief;0;41286;399;40887;5429;0;8728;2989;3026;18452;811;0;0;0;0;0;0;0;0;0;0;0;0;1452;0;0;0;0;236;41050;5714;0;6595;2914;3246;18898;639;223;259;331;28;9;17;371;0;0;0;0;35;0;27;86;0;914;475;269;0
230;Rottal-Inn;BY;Brief;0;29669;463;29206;5054;0;3262;1260;1805;15222;442;508;0;0;0;0;192;0;0;0;0;0;0;1461;0;0;0;0;171;29498;3873;0;4091;1493;2036;14884;440;400;148;229;23;7;46;367;0;0;0;0;48;0;11;66;0;737;373;226;0
231;Straubing;BY;Brief;0;34610;370;34240;7851;0;2750;1507;1307;18797;631;0;0;0;0;0;0;0;0;0;0;0;0;1100;0;0;0;297;247;34363;4735;0;4532;2040;1864;17661;566;327;218;265;14;9;9;444;0;0;0;0;24;0;12;62;0;906;381;294;0
232;Amberg;BY;Brief;0;38767;602;38165;6742;0;5070;2310;3762;18746;799;0;0;0;0;0;0;0;0;0;0;0;0;0;0;736;0;0;239;38528;5793;0;5129;2319;3523;18024;586;211;292;271;52;13;17;315;0;0;0;0;69;0;40;73;0;520;738;543;0
233;Regensburg;BY;Brief;0;48489;398;48091;8990;0;7158;2463;4380;21627;639;0;0;0;0;0;0;0;0;0;0;0;0;1513;790;531;0;0;209;48280;7429;0;6838;2666;5471;21568;548;269;203;440;42;13;18;378;0;0;0;0;39;0;26;122;0;900;872;438;0
234;Schwandorf;BY;Brief;0;45557;505;45052;10389;0;3830;2848;2099;23108;946;0;0;0;0;0;0;0;0;0;0;0;0;1130;0;0;0;702;368;45189;7380;0;5313;3379;2725;21740;858;364;382;441;49;8;24;485;0;0;0;0;84;0;27;69;0;764;688;409;0
235;Weiden;BY;Brief;0;37788;371;37417;7448;0;2951;1776;1930;16893;731;0;0;0;0;0;0;0;0;0;0;0;0;621;0;0;0;5067;382;37406;7413;0;4440;2489;2504;16977;740;174;322;349;32;5;9;364;0;0;0;0;74;0;17;63;0;528;593;313;0
236;Bamberg;BY;Brief;0;39100;396;38704;7551;0;4628;1967;3638;19184;464;617;0;0;0;0;0;520;0;0;0;0;0;0;0;0;0;135;230;38870;5356;0;5394;2160;4138;18399;411;526;310;272;40;6;9;289;0;0;0;0;56;0;16;87;0;239;848;314;0
237;Bayreuth;BY;Brief;0;31155;383;30772;5942;0;2706;1535;3809;16013;343;424;0;0;0;0;0;0;0;0;0;0;0;0;0;0;0;0;171;30984;5183;0;4587;1569;3242;14012;318;325;193;239;82;4;13;129;0;0;0;0;41;0;9;56;0;179;569;234;0
238;Coburg;BY;Brief;0;24732;274;24458;5589;0;2234;1166;2195;12503;369;0;0;0;0;0;0;0;0;0;0;0;0;327;0;0;0;75;144;24588;5198;0;3109;1372;2031;11452;309;81;94;132;38;6;6;70;0;0;0;0;14;0;8;45;0;190;333;100;0
239;Hof;BY;Brief;0;31570;362;31208;7831;0;2569;1981;2450;15498;585;0;0;0;0;0;0;0;0;0;0;0;0;0;0;0;0;294;260;31310;6639;0;3564;2082;2242;14467;440;189;163;307;107;6;16;118;0;0;0;0;35;0;25;46;0;148;479;237;0
240;Kulmbach;BY;Brief;0;35735;235;35500;4854;0;1426;1482;1598;25006;686;0;0;0;0;0;0;0;0;0;0;0;0;448;0;0;0;0;236;35499;5612;0;4329;1824;2389;18343;615;307;251;277;60;9;21;167;0;0;0;0;48;0;5;55;0;325;565;297;0
241;Ansbach;BY;Brief;0;45996;471;45525;9742;0;5072;2037;3945;21540;836;0;0;0;0;0;0;0;0;0;0;0;0;1250;880;0;0;223;327;45669;8366;0;6250;2869;4784;19042;634;309;359;366;156;11;14;165;0;0;0;0;50;0;32;134;0;846;819;463;0
242;Erlangen;BY;Brief;0;39720;309;39411;8627;0;4355;2039;4996;17817;374;0;511;0;0;0;0;0;0;0;0;0;0;595;0;0;0;97;203;39517;7540;0;6164;2113;5665;14880;311;147;278;246;56;12;14;112;0;0;0;0;19;0;19;60;0;407;1033;441;0
243;Fürth;BY;Brief;0;43601;472;43129;9997;0;4165;2902;4373;19239;720;0;0;0;0;0;0;0;0;0;0;0;0;0;1018;0;715;0;338;43263;8608;0;6287;2986;5013;16421;560;251;294;393;108;17;24;134;0;0;0;0;46;0;29;94;0;360;1015;623;0
244;Nürnberg-Nord;BY;Brief;0;39945;421;39524;10625;0;3758;2583;5063;15664;527;0;0;0;0;41;0;0;0;0;0;0;0;0;1263;0;0;0;253;39692;7625;0;6195;2948;6454;13180;421;148;144;348;42;20;20;79;0;0;0;0;34;0;13;109;0;319;1196;397;0
245;Nürnberg-Süd;BY;Brief;0;31031;367;30664;8510;0;3128;2268;2829;12189;541;0;0;0;0;0;0;0;0;0;0;0;0;0;629;570;0;0;211;30820;7030;0;3915;2406;3344;11461;461;156;149;258;54;16;14;72;0;0;0;0;26;0;14;75;0;217;588;564;0
246;Roth;BY;Brief;0;48406;507;47899;10559;0;6222;2335;4863;21548;753;0;0;0;0;0;0;0;0;0;0;0;0;0;838;781;0;0;362;48044;9474;0;6748;2829;5502;19603;554;346;256;356;107;7;13;172;0;0;0;0;45;0;21;125;0;296;805;785;0
247;Aschaffenburg;BY;Brief;0;38099;602;37497;6372;0;4752;1868;6706;16584;551;0;0;0;0;0;0;0;0;0;0;0;0;664;0;0;0;0;421;37678;5997;0;5774;2052;4181;16581;317;420;259;297;29;12;14;86;0;0;0;0;44;0;16;84;0;354;650;511;0
248;Bad Kissingen;BY;Brief;0;47647;578;47069;8149;0;4648;3364;4693;25107;799;0;0;0;0;0;0;0;0;0;0;0;0;0;0;0;0;309;330;47317;6613;0;6469;3604;3741;23351;614;419;324;294;82;15;16;160;0;0;0;0;74;0;17;95;0;335;743;351;0
249;Main-Spessart;BY;Brief;0;46857;973;45884;8527;0;4542;2490;4373;24502;426;693;0;0;331;0;0;0;0;0;0;0;0;0;0;0;0;0;586;46271;7636;0;6238;2605;4440;21594;398;534;350;378;73;14;17;156;0;0;0;0;39;0;11;121;0;343;760;564;0
250;Schweinfurt;BY;Brief;0;38544;721;37823;7213;0;3992;3234;4100;17726;669;0;0;0;0;0;0;659;0;0;0;0;0;0;0;0;0;230;300;38244;6267;0;4932;2909;3633;17546;391;350;204;267;80;17;18;274;0;0;0;0;43;0;13;75;0;242;648;335;0
251;Würzburg;BY;Brief;0;61518;688;60830;13037;0;7061;2969;8155;27270;696;0;0;0;0;0;0;0;0;0;0;0;0;0;1318;0;0;324;406;61112;10561;0;8292;3415;8649;25541;399;736;320;447;92;8;28;175;0;0;0;0;65;0;15;110;0;502;1300;457;0
252;Augsburg-Stadt;BY;Brief;0;29803;254;29549;4772;0;3715;1672;5077;12677;322;0;0;0;0;33;49;252;0;0;0;0;0;422;0;388;0;170;195;29608;4586;0;4111;1936;4280;12172;214;183;117;208;20;13;28;161;0;0;0;0;28;0;20;59;0;277;843;352;0
253;Augsburg-Land;BY;Brief;0;40436;396;40040;5919;0;5167;1652;3703;20834;517;0;0;0;0;0;116;598;0;0;0;0;0;708;0;826;0;0;228;40208;5400;0;6278;1900;4040;18948;390;341;234;304;43;5;45;383;0;0;0;0;54;0;16;140;0;461;647;579;0
254;Donau-Ries;BY;Brief;0;36223;513;35710;5531;0;4789;2048;2885;18149;565;0;0;0;0;0;0;768;0;0;0;0;260;590;0;0;0;125;247;35976;4672;0;5445;1890;2943;17650;429;455;271;241;39;10;14;451;0;0;0;0;61;0;15;155;0;385;521;329;0
255;Neu-Ulm;BY;Brief;0;41423;566;40857;6050;0;5069;2246;4615;20691;838;0;0;0;0;0;0;0;0;0;0;0;0;1348;0;0;0;0;283;41140;5740;0;6549;2325;3630;19193;676;204;248;294;77;8;26;248;0;0;0;0;60;0;34;97;0;617;734;380;0
256;Oberallgäu;BY;Brief;0;46275;463;45812;4899;0;5896;1789;6125;24479;261;439;0;0;0;0;0;827;0;0;0;0;0;1097;0;0;0;0;310;45965;5224;0;8003;2053;5501;21446;222;374;286;323;64;6;16;479;0;0;0;0;120;0;11;116;0;717;610;394;0
257;Ostallgäu;BY;Brief;0;44735;546;44189;5649;0;6618;1816;4152;22386;526;0;0;0;0;0;0;1315;0;0;0;0;0;1010;0;0;183;534;347;44388;5017;0;7488;1937;4354;21723;414;209;227;326;76;5;18;659;0;0;0;0;123;0;22;122;0;729;623;316;0
258;Stuttgart I;BW;Brief;0;41213;352;40861;6151;14630;5307;1601;11968;0;233;0;0;0;0;0;141;0;0;0;0;0;0;0;830;0;0;0;195;41018;6404;12726;8566;2149;9176;0;150;183;0;218;65;29;49;0;0;58;0;14;0;0;11;111;0;172;937;0;0
259;Stuttgart II;BW;Brief;0;30055;358;29697;6502;10779;3825;2091;5462;0;328;0;0;0;0;40;102;0;0;0;0;0;0;0;568;0;0;0;197;29858;5243;9659;5609;2120;5573;0;205;264;0;205;62;33;32;0;0;93;0;7;0;0;11;81;0;90;571;0;0
260;Böblingen;BW;Brief;0;34782;349;34433;6013;15735;5226;1421;5047;0;341;0;0;0;0;64;0;0;0;0;0;0;0;0;586;0;0;0;264;34518;5955;12282;7662;1629;5182;0;253;168;0;210;209;22;15;0;0;101;0;11;0;0;15;83;0;105;616;0;0
261;Esslingen;BW;Brief;0;26643;270;26373;6822;12068;2623;1061;3475;0;260;0;0;0;0;64;0;0;0;0;0;0;0;0;0;0;0;0;184;26459;4792;9596;5207;1373;4226;0;137;268;0;168;62;23;9;0;0;70;0;3;0;0;9;50;0;72;394;0;0
262;Nürtingen;BW;Brief;0;30331;353;29978;6429;13227;4055;1349;4524;0;394;0;0;0;0;0;0;0;0;0;0;0;0;0;0;0;0;0;221;30110;5174;10623;6533;1431;4635;0;169;431;0;180;131;8;10;0;0;130;0;23;0;0;9;68;0;86;469;0;0
263;Göppingen;BW;Brief;0;22275;302;21973;5096;10098;2473;1109;2669;0;298;0;0;0;0;0;0;0;0;0;0;0;0;230;0;0;0;0;207;22068;4043;7813;4610;1313;3016;0;205;187;0;178;67;5;14;0;0;71;0;4;0;0;8;61;0;132;341;0;0
264;Waiblingen;BW;Brief;0;29877;368;29509;7672;12493;4251;1327;2991;0;364;0;0;0;0;54;0;0;0;0;0;0;0;357;0;0;0;0;231;29646;5221;10128;6490;1654;4404;0;205;237;0;186;161;15;9;0;0;128;0;18;0;0;9;125;0;195;461;0;0
265;Ludwigsburg;BW;Brief;0;31589;389;31200;5996;12910;4575;1687;5235;0;328;0;0;0;212;0;0;0;0;0;0;0;0;257;0;0;0;0;199;31390;5636;11099;6502;1768;4749;0;204;243;0;208;132;13;8;0;0;83;0;14;0;0;9;77;0;155;490;0;0
266;Neckar-Zaber;BW;Brief;0;30352;386;29966;6294;12543;4911;1469;3713;0;393;0;0;0;0;0;0;0;0;0;0;0;0;264;0;0;0;379;285;30067;5371;10369;6397;1766;4329;0;266;297;0;258;143;9;15;0;0;122;0;11;0;0;11;87;0;162;454;0;0
267;Heilbronn;BW;Brief;0;27200;342;26858;5946;12021;3851;1434;2762;0;417;0;0;0;0;53;0;0;0;0;0;0;0;374;0;0;0;0;217;26983;5002;9818;5711;1619;3049;0;288;217;0;207;154;22;10;0;0;135;0;11;0;0;25;51;0;198;466;0;0
268;Schwäbisch Hall – Hohenlohe;BW;Brief;0;20226;241;19985;4008;8314;2760;1281;3083;0;252;0;0;0;0;0;0;0;0;0;0;0;0;0;0;0;0;287;133;20093;3451;6738;4041;1372;3159;0;188;134;0;162;166;10;11;0;0;100;0;10;0;0;13;63;0;119;356;0;0
269;Backnang – Schwäbisch Gmünd;BW;Brief;0;21641;251;21390;4955;9600;2395;1249;2538;0;319;0;0;0;225;0;0;0;0;0;0;0;0;0;0;0;0;109;152;21489;3815;7808;4216;1389;2978;0;199;186;0;138;144;14;9;0;0;101;0;11;0;0;16;60;0;95;310;0;0
270;Aalen – Heidenheim;BW;Brief;0;25677;317;25360;6117;11283;2826;1576;2699;0;307;0;0;0;0;0;0;0;0;0;0;0;0;0;0;0;0;552;220;25457;4700;9477;4700;1729;3250;0;214;263;0;182;108;6;8;0;0;122;0;16;0;0;17;52;0;158;455;0;0
271;Karlsruhe-Stadt;BW;Brief;0;33243;302;32941;7558;12930;3374;1901;5758;0;256;0;0;0;0;38;0;0;0;0;0;0;0;0;1025;0;0;101;221;33022;5915;10380;6221;2168;6399;0;213;100;0;193;109;14;14;0;0;68;0;7;0;0;16;79;0;100;1026;0;0
272;Karlsruhe-Land;BW;Brief;0;29849;448;29401;6924;13493;3869;1487;3102;0;317;0;0;0;0;0;0;0;0;0;0;0;0;0;0;0;0;209;284;29565;5668;11182;5910;1686;3454;0;209;158;0;264;184;10;12;0;0;152;0;8;0;0;16;57;0;61;534;0;0
273;Rastatt;BW;Brief;0;27087;373;26714;5653;12990;3078;1437;3225;0;331;0;0;0;0;0;0;0;0;0;0;0;0;0;0;0;0;0;262;26825;4631;10731;5211;1601;3332;0;228;153;0;224;54;4;15;0;0;116;0;11;0;0;16;54;0;73;371;0;0
274;Heidelberg;BW;Brief;0;39541;429;39112;9663;14921;5337;1807;7158;0;226;0;0;0;0;0;0;0;0;0;0;0;0;0;0;0;0;0;275;39266;7526;13189;7355;2343;7225;0;204;87;0;238;88;15;13;0;0;84;0;11;0;0;17;66;0;96;709;0;0
275;Mannheim;BW;Brief;0;33367;304;33063;8485;13156;3571;2455;4827;0;377;0;0;0;0;82;0;0;0;0;0;0;0;0;0;0;0;110;212;33155;7214;11008;5385;2944;4864;0;296;143;0;281;54;25;14;0;0;107;0;9;0;0;9;62;0;74;666;0;0
276;Odenwald – Tauber;BW;Brief;0;22603;281;22322;4110;10942;2912;1350;2363;0;308;0;0;0;0;0;0;0;0;0;0;0;0;337;0;0;0;0;203;22400;3712;9435;4175;1376;2344;0;161;177;0;167;90;8;13;0;0;103;0;6;0;0;9;45;0;198;381;0;0
277;Rhein-Neckar;BW;Brief;0;25853;404;25449;5760;10919;3754;1716;2948;0;352;0;0;0;0;0;0;0;0;0;0;0;0;0;0;0;0;0;255;25598;4700;9333;5215;1744;3183;0;248;143;0;211;95;7;10;0;0;92;0;11;0;0;9;53;0;90;454;0;0
278;Bruchsal – Schwetzingen;BW;Brief;0;27356;562;26794;5835;13036;3426;1737;2304;0;456;0;0;0;0;0;0;0;0;0;0;0;0;0;0;0;0;0;380;26976;5091;10541;5190;1804;2665;0;290;241;0;271;81;10;13;0;0;121;0;8;0;0;15;65;0;83;487;0;0
279;Pforzheim;BW;Brief;0;29679;357;29322;5962;12146;5486;1693;3050;0;517;0;0;0;468;0;0;0;0;0;0;0;0;0;0;0;0;0;256;29423;5258;10807;6175;1834;3463;0;317;215;0;264;259;7;14;0;0;163;0;14;0;0;23;85;0;77;448;0;0
280;Calw;BW;Brief;0;24102;354;23748;4446;10796;3452;1401;2708;0;225;296;0;0;424;0;0;0;0;0;0;0;0;0;0;0;0;0;226;23876;3858;9124;5223;1427;2686;0;205;257;0;208;259;16;15;0;0;116;0;6;0;0;8;55;0;88;325;0;0
281;Freiburg;BW;Brief;0;37754;368;37386;11117;11046;3287;1934;9348;0;178;176;0;0;0;0;0;0;0;0;0;0;300;0;0;0;0;0;217;37537;6872;10588;5463;2898;9618;0;147;160;0;278;123;18;12;0;0;83;0;9;0;0;10;179;0;145;934;0;0
282;Lörrach – Müllheim;BW;Brief;0;30345;415;29930;8572;11644;3882;1584;3682;0;270;0;0;0;296;0;0;0;0;0;0;0;0;0;0;0;0;0;300;30045;5738;10116;5606;1849;5138;0;147;169;0;278;151;12;12;0;0;197;0;9;0;0;11;79;0;80;453;0;0
283;Emmendingen – Lahr;BW;Brief;0;23658;373;23285;5101;9830;2486;1576;4039;0;253;0;0;0;0;0;0;0;0;0;0;0;0;0;0;0;0;0;249;23409;4301;8160;4114;1689;3736;0;180;108;0;268;104;5;8;0;0;107;0;50;0;0;13;65;0;96;405;0;0
284;Offenburg;BW;Brief;0;23857;387;23470;4357;10634;2923;1517;3423;0;258;0;0;0;0;0;0;0;0;0;0;0;0;0;0;0;0;358;273;23584;4135;8737;4340;1618;3402;0;180;129;0;180;80;6;11;0;0;155;0;22;0;0;15;83;0;88;403;0;0
285;Rottweil – Tuttlingen;BW;Brief;0;23918;355;23563;3357;11139;4673;1201;2271;0;356;0;0;0;0;0;0;0;0;0;0;0;0;566;0;0;0;0;251;23667;3405;9251;5547;1332;2505;0;253;154;0;179;118;5;8;0;0;139;0;19;0;0;10;51;0;291;400;0;0
286;Schwarzwald-Baar;BW;Brief;0;20380;329;20051;3600;9681;2806;1006;2605;0;353;0;0;0;0;0;0;0;0;0;0;0;0;0;0;0;0;0;220;20160;3293;7464;4472;1221;2560;0;228;69;0;180;108;12;12;0;0;85;0;31;0;0;5;47;0;77;296;0;0
287;Konstanz;BW;Brief;0;30448;368;30080;5999;12948;4753;1575;4541;0;264;0;0;0;0;0;0;0;0;0;0;0;0;0;0;0;0;0;209;30239;5046;9858;6637;1692;5336;0;173;86;0;273;89;6;15;0;0;165;0;23;0;0;12;81;0;102;645;0;0
288;Waldshut;BW;Brief;0;23176;269;22907;5973;9480;2890;1240;2786;0;207;0;0;0;0;0;0;0;0;0;0;0;0;237;0;0;0;94;174;23002;3922;8565;4552;1286;3440;0;120;155;0;192;103;5;7;0;0;130;0;3;0;0;6;65;0;131;320;0;0
289;Reutlingen;BW;Brief;0;27642;376;27266;5280;11744;3938;1383;4350;0;317;0;0;0;0;72;0;0;0;0;0;0;0;0;0;0;0;182;221;27421;4448;9593;5761;1691;4442;0;217;182;0;189;117;24;10;0;0;145;0;10;0;0;9;45;0;86;452;0;0
290;Tübingen;BW;Brief;0;29096;246;28850;5163;10431;2952;1653;7901;0;257;0;0;0;0;0;0;0;0;0;0;0;0;196;0;0;0;297;149;28947;5063;8528;5157;1908;6561;0;186;153;0;178;88;19;7;0;0;94;0;14;0;0;11;73;0;142;765;0;0
291;Ulm;BW;Brief;0;28058;379;27679;5757;11534;3770;1343;4292;0;269;0;0;0;0;48;0;0;0;0;0;0;0;0;0;0;0;666;232;27826;4509;9920;5444;1564;4544;0;207;139;0;202;110;18;14;0;0;164;0;20;0;0;15;98;0;166;692;0;0
292;Biberach;BW;Brief;0;17914;309;17605;4042;7026;2867;883;2076;0;244;0;0;0;0;0;0;0;0;0;0;0;0;380;0;0;0;87;150;17764;2385;7301;3570;967;2327;0;151;134;0;146;70;6;12;0;0;111;0;8;0;0;12;46;0;211;307;0;0
293;Bodensee;BW;Brief;0;24481;348;24133;4418;10239;3942;1191;4109;0;234;0;0;0;0;0;0;0;0;0;0;0;0;0;0;0;0;0;192;24289;3783;8874;5080;1326;3867;0;149;106;0;181;58;8;11;0;0;136;0;28;0;0;5;65;0;162;450;0;0
294;Ravensburg;BW;Brief;0;23723;460;23263;3693;10147;3788;1268;3818;0;252;0;0;0;0;0;0;0;0;0;0;0;0;0;0;0;0;297;177;23546;3290;8930;4544;1326;3918;0;146;109;0;186;94;7;10;0;0;157;0;19;0;0;8;89;0;336;377;0;0
295;Zollernalb – Sigmaringen;BW;Brief;0;19988;315;19673;3125;9572;2850;1122;2152;0;298;0;0;0;0;0;0;0;0;0;0;0;0;0;0;0;0;554;208;19780;2860;7589;4639;1218;2221;0;187;159;0;163;94;10;13;0;0;112;0;5;0;0;7;51;0;106;346;0;0
296;Saarbrücken;SL;Brief;0;38346;598;37748;10505;13596;3339;7036;2843;0;358;0;0;0;0;71;0;0;0;0;0;0;0;0;0;0;0;0;412;37934;8488;12190;4749;7646;3424;0;307;0;324;0;0;26;0;0;0;0;0;0;0;0;0;0;0;0;544;236;0
297;Saarlouis;SL;Brief;0;29183;499;28684;8750;12047;2323;3682;1584;0;298;0;0;0;0;0;0;0;0;0;0;0;0;0;0;0;0;0;388;28795;6438;10979;3482;4986;1823;0;257;0;273;0;0;12;0;0;0;0;0;0;0;0;0;0;0;0;335;210;0
298;St. Wendel;SL;Brief;0;29764;676;29088;8434;12757;2178;4135;1309;0;275;0;0;0;0;0;0;0;0;0;0;0;0;0;0;0;0;0;499;29265;7222;11817;2967;4772;1449;0;231;0;366;0;0;2;0;0;0;0;0;0;0;0;0;0;0;0;254;185;0
299;Homburg;SL;Brief;0;31955;538;31417;9296;11899;2528;5101;1500;0;326;0;767;0;0;0;0;0;0;0;0;0;0;0;0;0;0;0;427;31528;7946;11095;3549;5683;1869;0;314;0;541;0;0;5;0;0;0;0;0;0;0;0;0;0;0;0;301;225;0
