© Der Bundeswahlleiter, Wiesbaden 2018;;;;;;;;;;;;;;;;;;;;;;;;;;;;;;;;;;;;;;;;;;;;;;;;;;;;;;;;;;;;;;;;;;;;;;;;;;;;;;;;;
;;;;;;;;;;;;;;;;;;;;;;;;;;;;;;;;;;;;;;;;;;;;;;;;;;;;;;;;;;;;;;;;;;;;;;;;;;;;;;;;;
Stimmabgabe der Urnen- und Briefwahl bei der Bundestagswahl 2017 nach Wahlkreisen;;;;;;;;;;;;;;;;;;;;;;;;;;;;;;;;;;;;;;;;;;;;;;;;;;;;;;;;;;;;;;;;;;;;;;;;;;;;;;;;;
;;;;;;;;;;;;;;;;;;;;;;;;;;;;;;;;;;;;;;;;;;;;;;;;;;;;;;;;;;;;;;;;;;;;;;;;;;;;;;;;;
Wahlkreis-Nr.;Wahlkreisname;Land;Wahlbezirksart;Wahlberechtigte;Wähler;Ungültige;Gültige;CDU;SPD;DIE LINKE;GRÜNE;CSU;FDP;AfD;PIRATEN;NPD;FREIE WÄHLER;Tierschutzpartei;ÖDP;Die PARTEI;BP;Volksabstimmung;PDV;MLPD;BüSo;SGP;DIE RECHTE;Tierschutzallianz;B*;DKP;Die Grauen;du;MG;MENSCHLICHE WELT;Gesundheitsforschung;V-Partei³;Bündnis C;DIE EINHEIT;DIE VIOLETTEN;FAMILIE;DIE FRAUEN;MIETERPARTEI;Neue Liberale;UNABHÄNGIGE;WGr/EB;Ungültige;Gültige;CDU;SPD;DIE LINKE;GRÜNE;CSU;FDP;AfD;PIRATEN;NPD;FREIE WÄHLER;Tierschutzpartei;ÖDP;Die PARTEI;BP;Volksabstimmung;PDV;MLPD;BüSo;SGP;DIE RECHTE;AD-DEMOKRATEN;Tierschutzallianz;B*;BGE;DiB;DKP;DM;Die Grauen;du;MG;MENSCHLICHE WELT;Die Humanisten;Gesundheitsforschung;V-Partei³
;;;;;;Erststimmen;Erststimmen;Erststimmen;Erststimmen;Erststimmen;Erststimmen;Erststimmen;Erststimmen;Erststimmen;Erststimmen;Erststimmen;Erststimmen;Erststimmen;Erststimmen;Erststimmen;Erststimmen;Erststimmen;Erststimmen;Erststimmen;Erststimmen;Erststimmen;Erststimmen;Erststimmen;Erststimmen;Erststimmen;Erststimmen;Erststimmen;Erststimmen;Erststimmen;Erststimmen;Erststimmen;Erststimmen;Erststimmen;Erststimmen;Erststimmen;Erststimmen;Erststimmen;Erststimmen;Erststimmen;Erststimmen;Zweitstimmen;Zweitstimmen;Zweitstimmen;Zweitstimmen;Zweitstimmen;Zweitstimmen;Zweitstimmen;Zweitstimmen;Zweitstimmen;Zweitstimmen;Zweitstimmen;Zweitstimmen;Zweitstimmen;Zweitstimmen;Zweitstimmen;Zweitstimmen;Zweitstimmen;Zweitstimmen;Zweitstimmen;Zweitstimmen;Zweitstimmen;Zweitstimmen;Zweitstimmen;Zweitstimmen;Zweitstimmen;Zweitstimmen;Zweitstimmen;Zweitstimmen;Zweitstimmen;Zweitstimmen;Zweitstimmen;Zweitstimmen;Zweitstimmen;Zweitstimmen;Zweitstimmen;Zweitstimmen
001;Flensburg – Schleswig;SH;Urne;228471;137434;1386;136048;53564;39148;10056;13602;0;8713;8875;0;0;1578;0;0;0;0;0;0;0;0;0;0;0;0;0;0;0;0;0;0;0;0;0;0;0;0;0;0;0;512;1311;136123;45657;33302;11555;17458;0;14529;9724;0;307;970;0;213;1730;0;0;0;46;0;0;0;0;0;0;632;0;0;0;0;0;0;0;0;0;0
002;Nordfriesland – Dithmarschen Nord;SH;Urne;186568;110457;1101;109356;49147;28241;5661;9833;0;8646;6629;0;0;1199;0;0;0;0;0;0;0;0;0;0;0;0;0;0;0;0;0;0;0;0;0;0;0;0;0;0;0;0;1004;109453;41743;25328;6886;11774;0;13871;7371;0;262;657;0;125;1109;0;0;0;45;0;0;0;0;0;0;282;0;0;0;0;0;0;0;0;0;0
003;Steinburg – Dithmarschen Süd;SH;Urne;176636;108065;1018;107047;44617;28471;5990;6876;0;11356;8540;0;0;1061;0;0;0;0;0;0;136;0;0;0;0;0;0;0;0;0;0;0;0;0;0;0;0;0;0;0;0;0;1046;107019;38271;24860;7243;10358;0;13805;9500;0;425;826;0;156;1221;0;0;0;49;0;0;0;0;0;0;305;0;0;0;0;0;0;0;0;0;0
004;Rendsburg-Eckernförde;SH;Urne;200831;125488;1089;124399;52277;36823;6703;10709;0;7880;8714;0;0;1293;0;0;0;0;0;0;0;0;0;0;0;0;0;0;0;0;0;0;0;0;0;0;0;0;0;0;0;0;965;124523;44336;29315;8206;15102;0;14785;9554;0;268;837;0;183;1450;0;0;0;46;0;0;0;0;0;0;441;0;0;0;0;0;0;0;0;0;0
005;Kiel;SH;Urne;204650;112399;1330;111069;32333;35542;8624;15354;0;8187;7569;0;0;0;0;0;3040;0;0;0;176;0;0;0;0;0;0;0;0;0;0;0;0;0;0;0;0;0;0;244;0;0;1041;111358;28234;27593;11919;18802;0;12452;8477;0;217;416;0;219;2494;0;0;0;103;0;0;0;0;0;0;432;0;0;0;0;0;0;0;0;0;0
006;Plön – Neumünster;SH;Urne;174937;105173;1044;104129;41491;30744;5731;9033;0;7410;8678;0;0;1042;0;0;0;0;0;0;0;0;0;0;0;0;0;0;0;0;0;0;0;0;0;0;0;0;0;0;0;0;1071;104102;34108;25296;7037;12850;0;12739;9390;0;438;606;0;140;1132;0;0;0;51;0;0;0;0;0;0;315;0;0;0;0;0;0;0;0;0;0
007;Pinneberg;SH;Urne;238533;142402;1282;141120;54394;43502;9024;11463;0;10720;12017;0;0;0;0;0;0;0;0;0;0;0;0;0;0;0;0;0;0;0;0;0;0;0;0;0;0;0;0;0;0;0;1082;141320;46735;32915;10517;16378;0;18159;13013;0;379;747;0;305;1740;0;0;0;41;0;0;0;0;0;0;391;0;0;0;0;0;0;0;0;0;0
008;Segeberg – Stormarn-Mitte;SH;Urne;247296;150726;1268;149458;60220;41536;8769;12066;0;12010;13015;0;0;1842;0;0;0;0;0;0;0;0;0;0;0;0;0;0;0;0;0;0;0;0;0;0;0;0;0;0;0;0;1170;149556;50417;33952;10698;16291;0;19899;14297;0;393;1172;0;291;1730;0;0;0;54;0;0;0;0;0;0;362;0;0;0;0;0;0;0;0;0;0
009;Ostholstein – Stormarn-Nord;SH;Urne;181522;108492;965;107527;43589;34037;5001;7207;0;7596;8837;0;0;877;0;0;0;0;0;0;0;0;0;0;0;0;0;0;0;0;0;0;0;0;0;0;383;0;0;0;0;0;993;107499;37320;27356;6821;10380;0;13668;9658;0;260;678;0;131;986;0;0;0;30;0;0;0;0;0;0;211;0;0;0;0;0;0;0;0;0;0
010;Herzogtum Lauenburg – Stormarn-Süd;SH;Urne;244930;148645;1296;147349;56890;40971;7905;14015;0;11725;14186;0;0;1657;0;0;0;0;0;0;0;0;0;0;0;0;0;0;0;0;0;0;0;0;0;0;0;0;0;0;0;0;1179;147466;49324;33568;10111;15976;0;19347;15345;0;397;947;0;323;1720;0;0;0;43;0;0;0;0;0;0;365;0;0;0;0;0;0;0;0;0;0
011;Lübeck;SH;Urne;181638;98150;1778;96372;32850;33405;0;11907;0;6362;9147;0;0;1984;0;0;0;0;0;0;717;0;0;0;0;0;0;0;0;0;0;0;0;0;0;0;0;0;0;0;0;0;972;97178;27511;25353;9508;11969;0;10144;9407;0;295;864;0;203;1463;0;0;0;138;0;0;0;0;0;0;323;0;0;0;0;0;0;0;0;0;0
012;Schwerin – Ludwigslust-Parchim I – Nordwestmecklenburg I;MV;Urne;216800;120296;1628;118668;37715;25954;19965;4085;0;5489;20616;0;1330;2890;0;0;0;0;0;0;323;0;0;0;0;0;0;0;0;0;0;0;0;0;0;0;0;0;0;0;0;301;1418;118878;37837;22194;19456;4811;0;7438;21443;0;1504;1220;1373;104;1052;0;0;0;171;0;0;0;0;0;0;275;0;0;0;0;0;0;0;0;0;0
013;Ludwigslust-Parchim II – Nordwestmecklenburg II – Landkreis Rostock I;MV;Urne;205876;114251;1699;112552;32307;27215;18242;4197;0;6415;21057;0;1115;2004;0;0;0;0;0;0;0;0;0;0;0;0;0;0;0;0;0;0;0;0;0;0;0;0;0;0;0;0;1509;112742;36540;19769;18856;4071;0;6876;21390;0;1453;936;1406;153;917;0;0;0;145;0;0;0;0;0;0;230;0;0;0;0;0;0;0;0;0;0
014;Rostock – Landkreis Rostock II;MV;Urne;222913;120625;1494;119131;34837;21439;28782;5471;0;5219;19487;0;0;1025;0;390;2205;0;0;0;276;0;0;0;0;0;0;0;0;0;0;0;0;0;0;0;0;0;0;0;0;0;1471;119154;35091;18916;24357;7014;0;7643;20612;0;735;687;1489;220;1824;0;0;0;212;0;0;0;0;0;0;354;0;0;0;0;0;0;0;0;0;0
015;Vorpommern-Rügen – Vorpommern-Greifswald I;MV;Urne;240887;126661;1593;125068;53920;14456;19441;3333;0;3856;26160;0;824;1131;1544;0;0;0;0;0;302;0;0;0;0;0;0;0;0;0;0;0;0;0;0;0;0;0;0;0;0;101;1838;124823;40191;15075;21988;5682;0;8325;26832;0;1194;881;2500;114;1441;0;0;0;177;0;0;0;0;0;0;423;0;0;0;0;0;0;0;0;0;0
016;Mecklenburgische Seenplatte I – Vorpommern-Greifswald II;MV;Urne;226039;121265;1951;119314;36971;16151;21872;2762;0;6406;30070;0;2465;1565;0;0;1052;0;0;0;0;0;0;0;0;0;0;0;0;0;0;0;0;0;0;0;0;0;0;0;0;0;1878;119387;38798;14511;20345;3027;0;6523;29454;0;2800;848;1493;102;1039;0;0;0;108;0;0;0;0;0;0;339;0;0;0;0;0;0;0;0;0;0
017;Mecklenburgische Seenplatte II – Landkreis Rostock III;MV;Urne;212099;110727;1574;109153;40474;17147;18375;3266;0;4818;21823;0;1185;1762;0;0;0;0;0;0;303;0;0;0;0;0;0;0;0;0;0;0;0;0;0;0;0;0;0;0;0;0;1552;109175;37886;15932;18038;3309;0;6151;22738;0;1435;1098;1249;102;783;0;0;0;156;0;0;0;0;0;0;298;0;0;0;0;0;0;0;0;0;0
018;Hamburg-Mitte;HH;Urne;243543;114148;1301;112847;25389;36263;16790;13683;0;6582;9201;0;226;650;0;697;3140;0;0;0;226;0;0;0;0;0;0;0;0;0;0;0;0;0;0;0;0;0;0;0;0;0;1128;113020;24256;28001;18320;16061;0;9722;10075;0;244;450;1106;417;2624;0;0;0;135;0;0;0;0;0;0;701;546;75;0;0;0;0;0;0;0;287
019;Hamburg-Altona;HH;Urne;185944;89645;862;88783;20773;27241;13320;12601;0;6683;5050;0;0;297;0;0;2168;0;0;0;172;0;0;0;0;0;0;0;0;0;0;0;0;0;0;0;0;0;0;0;0;478;670;88975;19742;18973;15504;16418;0;8942;5488;0;113;214;694;180;1493;0;0;0;110;0;0;0;0;0;0;478;405;57;0;0;0;0;0;0;0;164
020;Hamburg-Eimsbüttel;HH;Urne;192399;94076;834;93242;24015;31395;10690;14053;0;5820;5729;0;0;0;0;619;0;0;0;0;221;0;0;0;0;0;0;0;0;0;0;0;0;0;0;0;0;0;0;0;0;700;578;93498;22542;21781;12899;16698;0;9550;6020;0;138;200;762;273;1527;0;0;0;96;0;0;0;0;0;0;340;423;59;0;0;0;0;0;0;0;190
021;Hamburg-Nord;HH;Urne;217226;106256;820;105436;32303;34533;8785;14413;0;8273;6391;0;0;738;0;0;0;0;0;0;0;0;0;0;0;0;0;0;0;0;0;0;0;0;0;0;0;0;0;0;0;0;606;105650;30143;23477;11171;16312;0;13661;7187;0;118;298;737;211;1358;0;0;0;42;0;0;0;0;0;0;324;365;41;0;0;0;0;0;0;0;205
022;Hamburg-Wandsbek;HH;Urne;235513;110273;1254;109019;29943;38605;10972;7766;0;7104;11373;0;279;996;0;0;1981;0;0;0;0;0;0;0;0;0;0;0;0;0;0;0;0;0;0;0;0;0;0;0;0;0;980;109293;29002;29532;11922;11741;0;10548;11786;0;313;494;1188;292;1435;0;0;0;48;0;0;0;0;0;0;424;339;36;0;0;0;0;0;0;0;193
023;Hamburg-Bergedorf – Harburg;HH;Urne;222031;106315;1490;104825;27343;36784;12062;7914;0;5378;12546;0;376;859;0;936;0;0;0;0;176;0;0;0;0;0;0;0;0;0;0;0;0;0;0;0;0;0;0;0;0;451;1215;105100;26626;27537;12841;10751;0;8572;13372;0;385;480;1058;463;1724;0;0;0;72;0;0;0;0;0;0;601;350;58;0;0;0;0;0;0;0;210
024;Aurich – Emden;NI;Urne;191541;116313;2617;113696;30169;58047;7952;7392;0;5494;0;1888;0;2671;0;0;0;0;0;0;0;0;0;0;0;0;0;0;0;0;0;0;0;0;0;0;0;0;0;0;0;83;1448;114865;31031;44948;8414;8163;0;7808;10827;472;321;607;902;69;780;0;0;0;32;0;0;0;0;0;0;136;95;31;107;0;0;0;0;0;0;122
025;Unterems;NI;Urne;235234;146084;1381;144703;72233;40989;6563;6402;0;6250;11260;0;0;0;0;0;1006;0;0;0;0;0;0;0;0;0;0;0;0;0;0;0;0;0;0;0;0;0;0;0;0;0;1252;144832;61476;40342;7943;8091;0;10933;12295;412;367;339;915;99;1146;0;0;0;22;0;0;0;0;0;0;112;110;17;111;0;0;0;0;0;0;102
026;Friesland – Wilhelmshaven – Wittmund;NI;Urne;189344;107855;1491;106364;33277;43339;6541;5668;0;5929;9161;0;0;932;0;0;1364;0;0;0;153;0;0;0;0;0;0;0;0;0;0;0;0;0;0;0;0;0;0;0;0;0;1349;106506;33854;33482;7856;7661;0;9566;10079;302;343;675;1073;67;990;0;0;0;78;0;0;0;0;0;0;117;92;22;143;0;0;0;0;0;0;106
027;Oldenburg – Ammerland;NI;Urne;226253;136004;1515;134489;39544;50200;11142;14542;0;7890;9484;0;0;1065;0;622;0;0;0;0;0;0;0;0;0;0;0;0;0;0;0;0;0;0;0;0;0;0;0;0;0;0;1127;134877;40207;35923;13149;16378;0;13573;10351;547;298;498;1133;311;1448;0;0;0;63;0;0;0;0;0;0;268;218;46;221;0;0;0;0;0;0;245
028;Delmenhorst – Wesermarsch – Oldenburg-Land;NI;Urne;227696;137798;1708;136090;45842;45195;8608;10067;0;11896;12925;0;0;1557;0;0;0;0;0;0;0;0;0;0;0;0;0;0;0;0;0;0;0;0;0;0;0;0;0;0;0;0;1221;136577;44829;39044;9685;10660;0;13414;14011;515;392;850;1170;126;1092;0;0;0;40;0;0;0;0;0;0;171;121;25;260;0;0;0;0;0;0;172
029;Cuxhaven – Stade II;NI;Urne;187679;114032;1219;112813;47544;35261;6565;6692;0;5500;9824;0;0;1427;0;0;0;0;0;0;0;0;0;0;0;0;0;0;0;0;0;0;0;0;0;0;0;0;0;0;0;0;889;113143;42949;31922;7447;7609;0;9029;10480;350;339;706;1066;67;707;0;0;0;23;0;0;0;0;0;0;105;80;14;153;0;0;0;0;0;0;97
030;Stade I – Rotenburg II;NI;Urne;197297;119607;970;118637;52517;33637;6363;7905;0;6685;10312;1076;0;0;0;0;0;0;0;0;0;0;0;0;0;0;0;0;0;0;0;0;0;0;0;0;0;0;0;0;0;142;731;118876;45868;29515;7643;9431;0;11070;11057;524;481;576;1011;95;933;0;0;0;22;0;0;0;0;0;0;192;141;17;156;0;0;0;0;0;0;144
031;Mittelems;NI;Urne;230151;150786;1023;149763;80534;39883;5788;7104;0;8082;7685;0;0;0;0;0;687;0;0;0;0;0;0;0;0;0;0;0;0;0;0;0;0;0;0;0;0;0;0;0;0;0;879;149907;73906;35738;6865;8741;0;13288;8354;330;253;223;756;197;791;0;0;0;30;0;0;0;0;0;0;91;102;22;121;0;0;0;0;0;0;99
032;Cloppenburg – Vechta;NI;Urne;220042;136065;1310;134755;77357;27516;5684;5535;0;6738;11168;0;0;757;0;0;0;0;0;0;0;0;0;0;0;0;0;0;0;0;0;0;0;0;0;0;0;0;0;0;0;0;1045;135020;71082;24228;6134;6625;0;12429;11619;329;257;451;624;87;734;0;0;0;16;0;0;0;0;0;0;66;77;14;149;0;0;0;0;0;0;99
033;Diepholz – Nienburg I;NI;Urne;193934;117947;1233;116714;51395;32211;6382;8811;0;8022;9893;0;0;0;0;0;0;0;0;0;0;0;0;0;0;0;0;0;0;0;0;0;0;0;0;0;0;0;0;0;0;0;917;117030;43787;30225;7286;9470;0;11997;10244;400;307;522;1053;171;908;0;0;0;24;0;0;0;0;0;0;181;120;13;170;0;0;0;0;0;0;152
034;Osterholz – Verden;NI;Urne;196136;122209;1105;121104;46582;39354;8685;7823;0;6378;11056;0;0;881;0;0;0;0;0;0;0;0;0;0;0;0;0;0;0;0;0;0;0;0;0;0;0;0;0;0;0;345;1122;121087;41285;32401;9091;10957;0;10428;12512;476;313;491;1142;103;1048;0;0;0;28;0;0;0;0;0;0;245;177;13;233;0;0;0;0;0;0;144
035;Rotenburg I – Heidekreis;NI;Urne;168101;102681;843;101838;36312;42438;4325;4661;0;4414;8631;0;0;1057;0;0;0;0;0;0;0;0;0;0;0;0;0;0;0;0;0;0;0;0;0;0;0;0;0;0;0;0;853;101828;38025;28036;6151;7925;0;8393;9783;314;385;587;888;86;708;0;0;0;26;0;0;0;0;0;0;133;97;8;183;0;0;0;0;0;0;100
036;Harburg;NI;Urne;199081;121836;1040;120796;48008;33735;6734;11005;0;7752;11664;0;0;1898;0;0;0;0;0;0;0;0;0;0;0;0;0;0;0;0;0;0;0;0;0;0;0;0;0;0;0;0;811;121025;42284;27162;7909;12536;0;13786;12664;368;289;951;1224;147;992;0;0;0;23;0;0;0;0;0;0;144;162;26;152;0;0;0;0;0;0;206
037;Lüchow-Dannenberg – Lüneburg;NI;Urne;180865;106284;1112;105172;34880;30027;9016;14637;0;6756;9856;0;0;0;0;0;0;0;0;0;0;0;0;0;0;0;0;0;0;0;0;0;0;0;0;0;0;0;0;0;0;0;723;105561;32279;25257;9738;13747;0;9642;10182;389;349;405;1111;169;1083;0;0;0;27;0;0;0;0;0;0;577;206;25;198;0;0;0;0;0;0;177
038;Osnabrück-Land;NI;Urne;199131;120492;1044;119448;53509;34500;6593;8874;0;7390;8437;0;0;0;0;0;0;0;0;0;0;0;0;0;0;0;0;0;0;0;0;0;0;145;0;0;0;0;0;0;0;0;984;119508;47244;31301;7579;9706;0;11379;9253;384;270;299;736;85;743;0;0;0;14;0;0;0;0;0;0;145;106;23;133;0;0;0;0;0;0;108
039;Stadt Osnabrück;NI;Urne;196720;116127;2227;113900;44854;37074;10151;11172;0;9899;0;0;0;0;0;0;0;0;0;0;0;0;0;0;0;0;750;0;0;0;0;0;0;0;0;0;0;0;0;0;0;0;838;115289;39790;29606;10103;13600;0;10545;7947;554;182;278;670;113;1037;0;0;0;24;0;0;0;0;0;0;277;185;57;179;0;0;0;0;0;0;142
040;Nienburg II – Schaumburg;NI;Urne;194800;114605;982;113623;45253;37787;5336;8333;0;4913;11047;954;0;0;0;0;0;0;0;0;0;0;0;0;0;0;0;0;0;0;0;0;0;0;0;0;0;0;0;0;0;0;888;113717;37986;34231;6743;9161;0;9385;12331;443;349;367;1102;93;864;0;0;0;33;0;0;0;0;0;0;118;127;18;236;0;0;0;0;0;0;130
041;Stadt Hannover I;NI;Urne;179883;100702;1154;99548;27944;36283;7813;8476;0;6202;9349;957;0;497;0;0;1787;0;0;0;137;0;0;0;0;0;103;0;0;0;0;0;0;0;0;0;0;0;0;0;0;0;803;99899;25604;28084;9954;11833;0;9600;10086;609;194;286;912;122;1344;0;0;0;69;0;0;0;0;0;0;255;223;64;501;0;0;0;0;0;0;159
042;Stadt Hannover II;NI;Urne;193433;109768;1151;108617;29625;37716;10824;11632;0;5746;8519;1168;0;0;0;0;3032;0;0;0;184;0;0;0;0;0;171;0;0;0;0;0;0;0;0;0;0;0;0;0;0;0;792;108976;25021;28877;13984;15834;0;10243;9034;746;151;258;1002;129;2168;0;0;0;100;0;0;0;0;0;0;336;312;106;458;0;0;0;0;0;0;217
043;Hannover-Land I;NI;Urne;232926;138883;1323;137560;53204;46369;7274;8172;0;6975;14032;0;0;1534;0;0;0;0;0;0;0;0;0;0;0;0;0;0;0;0;0;0;0;0;0;0;0;0;0;0;0;0;1105;137778;46129;38130;8862;10946;0;13781;14918;550;330;606;1180;115;1174;0;0;0;56;0;0;0;0;0;0;187;174;40;418;0;0;0;0;0;0;182
044;Celle – Uelzen;NI;Urne;214612;126407;1120;125287;52394;37997;6426;6930;0;6794;13361;0;0;1385;0;0;0;0;0;0;0;0;0;0;0;0;0;0;0;0;0;0;0;0;0;0;0;0;0;0;0;0;998;125409;44710;32443;7550;9466;0;12413;14410;394;367;723;1089;105;1097;0;0;0;47;0;0;0;0;0;0;152;125;15;178;0;0;0;0;0;0;125
045;Gifhorn – Peine;NI;Urne;218556;136495;1280;135215;47660;51533;7434;7312;0;6324;14158;0;0;0;0;0;0;0;0;0;228;0;0;0;0;0;0;0;0;0;0;0;0;566;0;0;0;0;0;0;0;0;1146;135349;44390;41164;8492;9684;0;11004;15721;566;393;456;1257;97;1203;0;0;0;81;0;0;0;0;0;0;156;136;14;328;0;0;0;0;0;0;207
046;Hameln-Pyrmont – Holzminden;NI;Urne;187377;104246;1033;103213;32886;41469;6402;5382;0;5736;10379;959;0;0;0;0;0;0;0;0;0;0;0;0;0;0;0;0;0;0;0;0;0;0;0;0;0;0;0;0;0;0;903;103343;31574;33665;7229;7368;0;9112;11156;414;332;297;904;70;708;0;0;0;23;0;0;0;0;0;0;113;91;20;130;0;0;0;0;0;0;137
047;Hannover-Land II;NI;Urne;239923;143813;1460;142353;48123;53223;8214;8215;0;7536;14383;1381;0;1278;0;0;0;0;0;0;0;0;0;0;0;0;0;0;0;0;0;0;0;0;0;0;0;0;0;0;0;0;1290;142523;42906;42476;9916;12540;0;13343;15850;774;409;631;1178;121;1374;0;0;0;57;0;0;0;0;0;0;164;239;21;340;0;0;0;0;0;0;184
048;Hildesheim;NI;Urne;218349;129566;1468;128098;44473;49147;6789;9095;0;6831;11763;0;0;0;0;0;0;0;0;0;0;0;0;0;0;0;0;0;0;0;0;0;0;0;0;0;0;0;0;0;0;0;1141;128425;40197;40972;8682;10952;0;10207;12801;469;392;342;1282;106;1132;0;0;0;46;0;0;0;0;0;0;205;226;21;246;0;0;0;0;0;0;147
049;Salzgitter – Wolfenbüttel;NI;Urne;206133;123358;1374;121984;33869;53059;7618;5012;0;5471;15544;1119;0;0;0;0;0;0;0;0;0;0;0;0;0;0;0;0;0;0;0;0;0;0;0;0;0;0;0;0;0;292;1149;122209;34191;40444;9357;7801;0;9411;16004;568;508;429;1233;91;1263;0;0;0;63;0;0;0;0;0;0;157;137;24;395;0;0;0;0;0;0;133
050;Braunschweig;NI;Urne;192041;103751;1058;102693;30564;40113;8337;7768;0;5281;8858;0;0;0;0;0;0;0;0;0;270;0;0;0;0;0;0;0;0;0;0;0;0;0;0;0;0;0;0;0;0;1502;849;102902;28079;27970;10258;11952;0;9783;9523;676;235;282;994;145;1919;0;0;0;96;0;0;0;0;0;0;267;272;21;245;0;0;0;0;0;0;185
051;Helmstedt – Wolfsburg;NI;Urne;183961;105799;1211;104588;35288;40465;6494;4446;0;5765;11479;0;0;0;0;0;0;0;0;0;135;0;0;0;0;0;0;0;0;0;0;0;0;0;0;0;0;0;0;0;0;516;1129;104670;34840;31827;7294;6049;0;8197;12294;473;521;357;987;156;1006;0;0;0;77;0;0;0;0;0;0;86;114;21;229;0;0;0;0;0;0;142
052;Goslar – Northeim – Osterode;NI;Urne;202963;115408;1302;114106;43964;40706;6776;5834;0;5608;11218;0;0;0;0;0;0;0;0;0;0;0;0;0;0;0;0;0;0;0;0;0;0;0;0;0;0;0;0;0;0;0;1015;114393;35232;37457;7626;7432;0;10283;12198;355;497;395;1117;78;994;0;0;0;26;0;0;0;0;0;0;138;129;19;294;0;0;0;0;0;0;123
053;Göttingen;NI;Urne;220420;124632;1150;123482;39750;44454;7655;12969;0;5373;9546;1068;0;1049;0;0;1486;0;0;0;132;0;0;0;0;0;0;0;0;0;0;0;0;0;0;0;0;0;0;0;0;0;1018;123614;35955;36249;11200;13689;0;10695;10721;631;347;759;1064;101;1294;0;0;0;60;0;0;0;0;0;0;258;187;50;200;0;0;0;0;0;0;154
054;Bremen I;HB;Urne;252496;135388;2147;133241;30879;41047;16957;15260;0;13638;11655;0;0;0;0;0;3540;0;0;0;265;0;0;0;0;0;0;0;0;0;0;0;0;0;0;0;0;0;0;0;0;0;1433;133955;32740;33748;19873;16615;0;12786;12519;830;220;347;0;0;2332;0;0;0;123;0;0;0;0;0;0;759;0;70;271;0;0;0;298;0;0;424
055;Bremen II – Bremerhaven;HB;Urne;221655;115768;1913;113855;26990;39491;13531;8403;0;7180;14042;0;403;719;0;0;2419;0;0;0;129;0;0;0;0;0;0;0;0;0;548;0;0;0;0;0;0;0;0;0;0;0;1714;114054;25947;34292;14749;9991;0;8719;14880;809;509;544;0;0;1976;0;0;0;103;0;0;0;0;0;0;517;0;59;265;0;0;0;376;0;0;318
056;Prignitz – Ostprignitz-Ruppin – Havelland I;BB;Urne;176002;99271;1643;97628;29722;23040;16985;2741;0;3369;18646;0;0;1171;0;0;1189;0;0;0;285;0;0;0;0;0;0;0;0;0;0;0;0;0;0;0;0;0;0;0;0;480;1672;97599;28568;20575;15909;3248;0;5203;19294;0;946;950;1132;122;961;0;0;0;158;0;0;0;0;0;0;254;0;56;223;0;0;0;0;0;0;0
057;Uckermark – Barnim I;BB;Urne;184716;103613;1744;101869;30830;19862;18435;3404;0;3788;21893;0;0;1709;0;0;1619;0;0;0;0;0;0;0;0;0;329;0;0;0;0;0;0;0;0;0;0;0;0;0;0;0;1675;101938;28506;17318;18656;3821;0;5428;22493;0;1091;1086;1335;121;1088;0;0;0;69;0;0;0;0;0;0;361;0;173;392;0;0;0;0;0;0;0
058;Oberhavel – Havelland II;BB;Urne;243108;142109;2321;139788;40835;31596;20667;7047;0;6959;26936;898;0;1951;0;0;2589;0;0;0;0;0;0;0;0;0;310;0;0;0;0;0;0;0;0;0;0;0;0;0;0;0;2049;140060;38792;25585;20233;8621;0;10306;27920;0;1283;1263;2847;225;1876;0;0;0;87;0;0;0;0;0;0;434;0;161;427;0;0;0;0;0;0;0
059;Märkisch-Oderland – Barnim II;BB;Urne;226424;133124;2096;131028;36692;20773;28854;6680;0;5498;28232;0;0;3475;0;0;0;0;0;0;0;0;0;0;0;0;824;0;0;0;0;0;0;0;0;0;0;0;0;0;0;0;2064;131060;32242;20176;26576;5898;0;8503;28854;0;1086;1876;2596;224;1822;0;0;0;67;0;0;0;0;0;0;461;0;292;387;0;0;0;0;0;0;0
060;Brandenburg an der Havel – Potsdam-Mittelmark I – Havelland III – Teltow-Fläming I;BB;Urne;183182;103934;1988;101946;32023;25501;15323;3313;0;4529;18279;555;0;1975;0;0;0;0;0;0;0;0;0;0;0;0;448;0;0;0;0;0;0;0;0;0;0;0;0;0;0;0;1706;102228;28290;21155;16878;4068;0;6390;19363;0;1013;1145;1685;151;1123;0;0;0;60;0;0;0;0;0;0;373;0;189;345;0;0;0;0;0;0;0
061;Potsdam – Potsdam-Mittelmark II – Teltow-Fläming II;BB;Urne;247441;141679;1868;139811;33990;36916;23264;10402;0;9916;18888;725;0;1689;0;0;3329;0;0;0;0;0;0;0;0;0;380;0;0;0;0;0;0;0;0;0;0;0;0;0;0;312;1576;140103;33596;25842;25686;13293;0;12411;20524;0;572;1083;2702;315;2569;0;0;0;114;0;0;0;0;0;0;640;0;234;522;0;0;0;0;0;0;0
062;Dahme-Spreewald – Teltow-Fläming III – Oberspreewald-Lausitz I;BB;Urne;248708;147046;2836;144210;43483;28364;23237;5940;0;6891;31191;907;0;3685;0;0;0;0;0;0;0;0;0;0;0;0;512;0;0;0;0;0;0;0;0;0;0;0;0;0;0;0;2404;144642;38223;25575;22427;6436;0;10495;32343;0;1288;1914;2618;246;1777;0;0;0;70;0;0;0;0;0;0;413;0;252;565;0;0;0;0;0;0;0
063;Frankfurt (Oder) – Oder-Spree;BB;Urne;194759;110663;1851;108812;29009;18481;20586;3280;0;5353;25218;590;1169;1880;0;0;2039;0;0;0;303;0;0;0;0;0;251;0;0;0;0;0;0;0;0;0;0;0;0;0;0;653;1836;108827;26193;17746;20422;4410;0;7070;25478;0;1307;1331;1984;225;1601;0;0;0;171;0;0;0;0;0;0;376;0;167;346;0;0;0;0;0;0;0
064;Cottbus – Spree-Neiße;BB;Urne;178676;102553;2053;100500;27798;17095;15592;2994;0;5618;27013;0;0;0;0;0;2448;0;0;0;0;0;0;0;0;0;369;0;0;0;0;0;0;0;0;0;0;0;0;0;0;1573;1794;100759;23464;15200;16360;2917;0;7421;28802;0;1241;837;1818;138;1496;0;0;0;101;0;0;0;0;0;0;379;0;202;383;0;0;0;0;0;0;0
065;Elbe-Elster – Oberspreewald-Lausitz II;BB;Urne;168543;102854;2302;100552;29323;16793;16171;2804;0;5156;25874;0;0;3976;0;0;0;0;0;0;0;0;0;0;0;0;0;0;0;0;0;0;0;0;0;0;0;0;0;0;0;455;2037;100817;27623;15424;15474;2498;0;6504;26484;0;1579;1650;1507;122;1019;0;0;0;82;0;0;0;0;0;0;308;0;79;464;0;0;0;0;0;0;0
066;Altmark;ST;Urne;165625;94563;1582;92981;29918;17801;17821;2950;0;6201;16041;0;0;1374;0;0;0;0;0;0;0;0;0;0;0;0;0;0;0;0;0;0;0;0;0;0;0;0;0;0;0;875;1234;93329;30231;15940;17250;2894;0;6530;16387;0;611;756;0;0;818;0;0;0;89;0;0;0;0;1034;0;209;196;0;0;0;0;384;0;0;0;0
067;Börde – Jerichower Land;ST;Urne;220786;127104;4028;123076;45749;24969;24945;2860;0;9244;0;0;8631;6678;0;0;0;0;0;0;0;0;0;0;0;0;0;0;0;0;0;0;0;0;0;0;0;0;0;0;0;0;2243;124861;39400;20478;20547;3403;0;9325;24644;0;1210;1707;0;0;1155;0;0;0;125;0;0;0;0;1825;0;258;161;0;0;0;0;623;0;0;0;0
068;Harz;ST;Urne;215607;118568;2174;116394;41585;20284;22196;3560;0;5801;19855;0;0;2754;0;0;0;0;0;0;359;0;0;0;0;0;0;0;0;0;0;0;0;0;0;0;0;0;0;0;0;0;1820;116748;38460;18837;20568;3895;0;8045;20838;0;797;1386;0;0;1144;0;0;0;141;0;0;0;0;1819;0;280;169;0;0;0;0;369;0;0;0;0
069;Magdeburg;ST;Urne;238060;126763;2066;124697;33472;26698;23531;4379;0;7861;21091;0;680;1373;0;0;0;0;0;0;364;0;0;0;3289;0;0;0;0;1959;0;0;0;0;0;0;0;0;0;0;0;0;1898;124865;33628;21413;23172;6047;0;9419;22383;0;828;1013;0;0;1946;0;0;0;235;0;0;0;0;2626;0;341;540;0;0;0;0;1274;0;0;0;0
070;Dessau – Wittenberg;ST;Urne;177005;102437;1852;100585;34923;12417;18049;4242;0;4869;20564;0;1066;3136;0;0;0;0;0;0;0;0;0;0;0;0;0;0;0;0;0;0;0;0;0;0;0;0;0;0;0;1319;1578;100859;31418;14429;17230;3351;0;7241;21315;0;1094;1654;0;0;936;0;0;0;107;0;0;0;0;1337;0;281;131;0;0;0;0;335;0;0;0;0
071;Anhalt;ST;Urne;224401;125773;2533;123240;37924;16031;25744;2328;0;7554;28821;0;917;3469;0;0;0;0;0;0;452;0;0;0;0;0;0;0;0;0;0;0;0;0;0;0;0;0;0;0;0;0;2239;123534;36776;17308;21786;2822;0;8989;28864;0;1079;1891;0;0;979;0;0;0;234;0;0;0;0;1895;0;258;153;0;0;0;0;500;0;0;0;0
072;Halle;ST;Urne;214668;117270;1897;115373;30928;23618;22858;3848;0;7734;22274;0;0;2053;0;0;1602;0;0;0;458;0;0;0;0;0;0;0;0;0;0;0;0;0;0;0;0;0;0;0;0;0;1919;115351;29753;16126;21635;7315;0;10205;22834;0;658;1127;0;0;2245;0;0;0;296;0;0;0;0;1869;0;529;485;0;0;0;0;274;0;0;0;0
073;Burgenland – Saalekreis;ST;Urne;191636;107983;2040;105943;34607;13843;17621;2505;0;6864;26151;0;1402;2950;0;0;0;0;0;0;0;0;0;0;0;0;0;0;0;0;0;0;0;0;0;0;0;0;0;0;0;0;1814;106169;30895;13943;17051;2625;0;8129;27644;0;1310;1379;0;0;936;0;0;0;99;0;0;0;0;1466;0;217;150;0;0;0;0;325;0;0;0;0
074;Mansfeld;ST;Urne;207103;117058;2294;114764;34978;17417;20382;2842;0;9005;28766;0;1095;0;0;0;0;0;0;0;0;0;0;0;0;0;0;0;0;0;0;0;0;0;0;0;0;0;0;0;0;279;2109;114949;32444;16431;19549;2577;0;9165;28935;0;1183;975;0;0;1033;0;0;0;138;0;0;0;0;1735;0;285;164;0;0;0;0;335;0;0;0;0
075;Berlin-Mitte;BE;Urne;206706;100374;1855;98519;17219;23689;21065;16980;0;5274;8642;0;0;450;0;488;3703;0;0;0;293;151;194;0;0;0;0;0;0;0;0;0;0;0;0;0;0;0;0;0;0;371;1621;98753;17095;18354;22109;16461;0;7639;9001;952;0;225;1251;182;2631;0;0;0;140;54;54;0;0;0;41;556;570;99;304;308;202;0;178;0;163;184
076;Berlin-Pankow;BE;Urne;237071;126954;1612;125342;23584;20610;36491;16709;0;4882;17073;0;0;911;0;594;4010;0;0;0;0;305;0;0;0;0;0;0;0;0;0;0;0;0;0;0;0;0;0;0;0;173;1445;125509;23473;19607;29796;17473;0;7781;17804;604;0;469;1682;274;3207;0;0;0;99;78;36;0;0;0;63;489;625;169;265;570;209;0;206;0;354;176
077;Berlin-Reinickendorf;BE;Urne;182398;93489;1822;91667;31662;22153;7788;7114;0;6478;13116;0;0;0;0;0;2127;0;0;0;0;312;0;0;0;0;0;917;0;0;0;0;0;0;0;0;0;0;0;0;0;0;1681;91808;26292;18774;8594;8458;0;10050;13694;533;0;212;1358;156;1462;0;0;0;70;94;26;0;0;0;21;217;191;24;239;817;122;0;151;0;166;87
078;Berlin-Spandau – Charlottenburg Nord;BE;Urne;184608;92442;1859;90583;26051;29384;7574;5417;0;5455;13404;0;0;0;0;710;2358;0;0;0;230;0;0;0;0;0;0;0;0;0;0;0;0;0;0;0;0;0;0;0;0;0;1792;90650;23432;20760;9691;7671;0;8383;14190;693;0;265;1512;284;1671;0;0;0;119;34;29;0;0;0;12;255;216;18;252;538;122;0;177;0;194;132
079;Berlin-Steglitz-Zehlendorf;BE;Urne;221210;108065;1492;106573;34654;26971;9197;14197;0;8961;9583;0;0;0;0;0;2477;0;0;0;0;318;0;0;0;0;0;0;0;0;0;0;0;0;0;0;0;215;0;0;0;0;1151;106914;28658;21009;11053;16065;0;14464;10359;452;0;213;1145;175;1467;0;0;0;40;63;12;0;0;0;21;242;291;29;203;326;139;0;163;0;165;160
080;Berlin-Charlottenburg-Wilmersdorf;BE;Urne;198672;98041;1316;96725;27126;27933;10055;12954;0;8235;8000;0;0;0;0;0;2149;0;0;0;0;273;0;0;0;0;0;0;0;0;0;0;0;0;0;0;0;0;0;0;0;0;999;97042;22736;19306;12479;15670;0;13516;8441;533;0;110;967;138;1434;0;0;0;62;57;16;0;0;0;17;278;274;35;190;248;139;0;131;0;120;145
081;Berlin-Tempelhof-Schöneberg;BE;Urne;235250;114142;1725;112417;30266;25611;13444;20547;0;6659;11237;1194;0;0;0;0;2589;0;0;0;0;269;135;0;0;0;0;0;0;0;466;0;0;0;0;0;0;0;0;0;0;0;1490;112652;25855;23213;16254;17415;0;10867;11871;866;0;241;1397;185;1965;0;0;0;95;84;37;0;0;0;36;366;384;51;282;435;197;0;239;0;165;152
082;Berlin-Neukölln;BE;Urne;202618;95368;1946;93422;21480;25523;16238;9526;0;4486;11097;0;175;0;0;0;3433;0;0;0;214;185;0;0;0;0;0;628;0;0;0;0;0;0;0;0;0;0;437;0;0;0;1725;93643;19231;18525;18020;11916;0;6780;11664;747;0;151;1504;138;2270;0;0;0;141;66;23;0;0;0;45;423;442;71;294;476;222;0;188;0;176;130
083;Berlin-Friedrichshain-Kreuzberg – Prenzlauer Berg Ost;BE;Urne;223427;115160;1455;113705;13253;19586;29536;28719;0;3284;7766;0;0;428;0;0;7985;0;0;0;212;0;0;0;0;424;0;0;483;0;0;0;0;0;0;0;0;0;0;0;0;2029;1217;113943;14841;18639;33783;22217;0;6164;8064;952;0;230;1497;186;3921;0;0;0;126;38;28;0;0;0;190;646;802;150;242;306;288;0;219;0;203;211
084;Berlin-Treptow-Köpenick;BE;Urne;205106;109417;1558;107859;19808;14920;41710;5124;0;3990;18173;0;316;776;0;0;2591;0;0;0;221;230;0;0;0;0;0;0;0;0;0;0;0;0;0;0;0;0;0;0;0;0;1583;107834;20861;16461;26554;8304;0;6786;20286;636;0;563;1624;179;2845;0;0;0;112;102;39;0;0;0;37;323;331;104;373;523;143;0;166;0;316;166
085;Berlin-Marzahn-Hellersdorf;BE;Urne;200704;101041;1742;99299;21075;12824;32630;3152;0;3452;22738;0;535;1473;0;0;0;0;0;0;0;0;0;0;0;0;0;938;0;0;0;0;0;0;0;0;0;0;482;0;0;0;1668;99373;19619;14436;24923;4017;0;5114;23801;541;0;642;1738;120;1715;0;0;0;77;75;33;0;0;0;15;215;215;125;248;907;118;0;164;0;424;91
086;Berlin-Lichtenberg;BE;Urne;205300;105867;1678;104189;19904;14830;35260;5816;0;3500;18204;979;399;0;0;0;3174;0;0;0;208;0;0;0;0;0;0;0;0;0;0;1054;0;0;0;0;0;0;0;0;0;861;1662;104205;18439;15556;29855;6795;0;5353;19314;716;0;354;1891;126;2627;0;0;0;142;47;26;0;0;0;41;297;332;166;255;594;152;0;169;0;843;115
087;Aachen I;NW;Urne;179273;88509;1000;87509;27016;30125;8624;7666;0;5832;5904;1489;0;0;0;853;0;0;0;0;0;0;0;0;0;0;0;0;0;0;0;0;0;0;0;0;0;0;0;0;0;0;712;87797;22216;23280;10033;10960;0;11207;6168;584;123;135;418;400;1043;0;36;0;44;0;15;0;399;0;0;96;229;20;96;0;0;0;0;132;45;118
088;Aachen II;NW;Urne;228248;117111;1560;115551;39206;44513;6438;5020;0;7138;11203;1393;0;0;0;640;0;0;0;0;0;0;0;0;0;0;0;0;0;0;0;0;0;0;0;0;0;0;0;0;0;0;1272;115839;32770;42167;7310;5891;0;12347;11223;597;327;245;817;319;588;0;64;0;36;0;4;0;608;0;0;77;129;14;103;0;0;0;0;59;71;73
089;Heinsberg;NW;Urne;190051;105345;1428;103917;45791;30122;5006;5020;0;6570;9340;991;0;1077;0;0;0;0;0;0;0;0;0;0;0;0;0;0;0;0;0;0;0;0;0;0;0;0;0;0;0;0;1221;104124;39446;27884;6111;5494;0;11312;9910;530;374;551;798;95;641;0;95;0;42;0;7;0;327;0;0;66;114;7;88;0;0;0;0;48;86;98
090;Düren;NW;Urne;199675;100788;1353;99435;39347;32878;4825;5283;0;5604;9803;1010;0;685;0;0;0;0;0;0;0;0;0;0;0;0;0;0;0;0;0;0;0;0;0;0;0;0;0;0;0;0;1161;99627;32630;29950;6359;5684;0;10755;10643;579;297;320;770;94;616;0;92;0;26;0;6;0;348;0;0;65;87;17;78;0;0;0;0;51;81;79
091;Rhein-Erft-Kreis I;NW;Urne;248982;126444;1601;124843;46316;40257;6452;6874;0;10950;12151;1661;0;0;0;0;0;0;0;0;0;0;0;0;0;0;0;0;0;0;0;0;0;0;0;0;0;0;0;0;0;182;1263;125181;39178;33850;8415;8767;0;17302;12957;745;333;342;927;90;935;0;117;0;29;0;11;0;523;0;0;87;143;14;110;0;0;0;0;93;103;110
092;Euskirchen – Rhein-Erft-Kreis II;NW;Urne;246753;123359;1635;121724;49943;32916;7374;7109;0;11571;12811;0;0;0;0;0;0;0;0;0;0;0;0;0;0;0;0;0;0;0;0;0;0;0;0;0;0;0;0;0;0;0;1261;122098;41224;29188;7938;8598;0;17394;13326;500;326;414;1025;118;911;0;100;0;40;0;7;0;265;0;0;105;115;18;142;0;0;0;0;58;142;144
093;Köln I;NW;Urne;192574;85045;1094;83951;24345;27148;8166;7933;0;5902;8161;0;0;0;0;0;2098;0;0;0;198;0;0;0;0;0;0;0;0;0;0;0;0;0;0;0;0;0;0;0;0;0;828;84217;19975;20928;10375;9825;0;10122;8532;466;149;219;596;95;1177;0;67;0;108;0;11;0;836;0;0;117;223;20;98;0;0;0;0;95;76;107
094;Köln II;NW;Urne;240985;110859;790;110069;35128;31228;9937;16668;0;9141;5581;0;0;0;0;0;2217;0;0;0;169;0;0;0;0;0;0;0;0;0;0;0;0;0;0;0;0;0;0;0;0;0;621;110238;27942;22473;13526;18601;0;17412;6212;390;75;220;573;131;1346;0;43;0;51;0;9;0;293;0;0;169;308;24;103;0;0;0;0;113;55;169
095;Köln III;NW;Urne;203647;93280;1161;92119;23221;30970;9700;11863;0;6047;7803;0;0;0;0;0;2302;0;0;0;213;0;0;0;0;0;0;0;0;0;0;0;0;0;0;0;0;0;0;0;0;0;853;92427;20137;23125;12963;13487;0;9636;8225;472;125;183;676;119;1258;0;56;0;94;0;10;0;974;0;0;160;282;14;124;0;0;0;0;95;89;123
096;Bonn;NW;Urne;227583;117188;1183;116005;35011;42547;7314;9133;0;10978;8072;620;0;461;0;0;1822;0;0;0;0;0;0;0;0;0;0;0;0;0;0;0;0;0;0;0;0;0;0;0;0;47;1031;116157;31979;24430;12140;16574;0;17310;9565;486;108;251;389;147;1352;0;62;0;65;0;16;0;288;0;0;191;277;26;154;0;0;0;0;150;35;162
097;Rhein-Sieg-Kreis I;NW;Urne;237415;128791;2880;125911;53556;36187;11199;8274;0;13083;0;0;0;0;0;0;0;0;3612;0;0;0;0;0;0;0;0;0;0;0;0;0;0;0;0;0;0;0;0;0;0;0;1257;127534;40998;29081;9757;9865;0;18545;14109;587;229;373;1035;165;1238;0;352;0;57;0;8;0;326;0;0;115;161;14;137;0;0;0;0;92;137;153
098;Rhein-Sieg-Kreis II;NW;Urne;216020;120025;1210;118815;52764;28056;7172;9308;0;9945;10969;0;0;0;0;0;0;0;601;0;0;0;0;0;0;0;0;0;0;0;0;0;0;0;0;0;0;0;0;0;0;0;1061;118964;39982;24415;8338;10785;0;20001;11539;436;206;332;747;153;926;0;199;0;36;0;2;0;140;0;0;137;152;10;128;0;0;0;0;74;85;141
099;Oberbergischer Kreis;NW;Urne;208418;115521;1647;113874;48157;30703;6427;6707;0;8631;12984;0;0;0;0;0;0;0;0;0;0;0;0;0;0;0;0;0;0;0;0;0;0;0;0;0;0;0;0;0;0;265;1356;114165;39799;26083;7755;7447;0;15064;13564;527;271;297;922;176;879;0;129;0;40;0;9;0;496;0;0;88;126;15;182;0;0;0;0;68;130;98
100;Rheinisch-Bergischer Kreis;NW;Urne;217425;113372;1697;111675;42974;28345;5970;7784;0;16604;9064;0;0;934;0;0;0;0;0;0;0;0;0;0;0;0;0;0;0;0;0;0;0;0;0;0;0;0;0;0;0;0;1510;111862;37434;24143;7735;10641;0;17965;9970;388;168;553;852;150;834;0;82;0;33;0;8;0;258;0;0;105;140;8;125;0;0;0;0;70;93;107
101;Leverkusen – Köln IV;NW;Urne;212212;105026;1314;103712;30058;41418;6888;5631;0;6303;10156;0;0;0;0;0;2566;0;0;0;250;0;0;0;0;0;0;0;0;0;0;0;0;0;0;0;0;0;0;0;0;442;1179;103847;27161;28703;10379;9277;0;11844;11326;563;263;271;714;86;1408;0;110;0;168;0;23;0;892;0;0;90;153;27;120;0;0;0;0;81;76;112
102;Wuppertal I;NW;Urne;208129;110272;1652;108620;29979;35411;10288;7727;0;8933;13046;1153;0;0;0;0;1883;0;0;0;200;0;0;0;0;0;0;0;0;0;0;0;0;0;0;0;0;0;0;0;0;0;1200;109072;26626;28865;12609;9398;0;12880;13290;682;298;233;959;137;1159;0;84;0;171;0;10;0;760;0;0;138;171;34;221;0;0;0;0;121;105;121
103;Solingen – Remscheid – Wuppertal II;NW;Urne;222845;120255;1941;118314;42548;37596;8087;6811;0;8925;12293;0;0;0;0;0;1857;0;0;0;197;0;0;0;0;0;0;0;0;0;0;0;0;0;0;0;0;0;0;0;0;0;1336;118919;35206;30538;9951;8792;0;15933;13052;613;271;242;1042;118;1047;0;90;0;91;0;13;0;1120;0;0;122;136;12;197;0;0;0;0;68;128;137
104;Mettmann I;NW;Urne;205244;107971;1375;106596;44393;28763;6480;7515;0;8772;10673;0;0;0;0;0;0;0;0;0;0;0;0;0;0;0;0;0;0;0;0;0;0;0;0;0;0;0;0;0;0;0;915;107056;33579;25438;7612;8398;0;16568;11304;531;216;238;897;127;804;0;100;0;52;0;13;0;504;0;0;93;119;20;134;0;0;0;0;87;103;119
105;Mettmann II;NW;Urne;163229;87717;1238;86479;31967;27083;5182;5200;0;7242;8668;1114;0;0;0;0;0;0;0;0;0;0;0;0;0;0;0;0;0;0;0;0;0;0;0;0;0;0;0;0;0;23;898;86819;26471;21996;6375;6211;0;13016;9272;467;195;214;868;85;605;0;54;0;63;0;9;0;450;0;0;58;77;9;108;0;0;0;0;45;83;88
106;Düsseldorf I;NW;Urne;220764;113493;1202;112291;42446;29310;9335;9487;0;13402;8062;0;0;0;0;0;0;0;0;0;249;0;0;0;0;0;0;0;0;0;0;0;0;0;0;0;0;0;0;0;0;0;847;112646;33314;23299;10818;11843;0;20543;8881;449;163;220;684;92;971;0;52;0;90;0;12;0;400;0;0;139;209;30;129;0;0;0;0;103;62;143
107;Düsseldorf II;NW;Urne;193175;99360;1505;97855;31123;27803;13550;7754;0;8505;8905;0;0;0;0;0;0;0;0;0;215;0;0;0;0;0;0;0;0;0;0;0;0;0;0;0;0;0;0;0;0;0;907;98453;26058;23758;10545;9893;0;13864;10063;452;195;237;767;82;1118;0;66;0;90;0;7;0;492;0;0;115;182;24;145;0;0;0;0;90;93;117
108;Neuss I;NW;Urne;214779;109377;1408;107969;44843;32178;6478;5487;0;7685;10304;0;0;994;0;0;0;0;0;0;0;0;0;0;0;0;0;0;0;0;0;0;0;0;0;0;0;0;0;0;0;0;1045;108332;36450;26440;7469;6766;0;15269;11284;523;258;358;859;110;932;0;75;0;72;0;11;0;772;0;0;96;148;20;118;0;0;0;0;80;87;135
109;Mönchengladbach;NW;Urne;190552;99864;1357;98507;41317;25072;7166;5773;0;7671;9931;0;0;0;0;0;1517;0;0;0;0;0;0;0;0;0;0;0;0;0;0;0;0;0;0;0;0;0;0;0;0;60;1023;98841;33382;24223;7717;6060;0;12888;10274;479;288;212;847;85;1001;0;86;0;72;0;5;0;590;0;0;96;103;15;89;0;0;0;0;72;88;169
110;Krefeld I – Neuss II;NW;Urne;201450;109374;1491;107883;43510;28771;6080;7186;0;11800;8702;0;0;0;0;0;1700;0;0;0;134;0;0;0;0;0;0;0;0;0;0;0;0;0;0;0;0;0;0;0;0;0;1100;108274;36236;24852;7604;7939;0;18006;9415;478;243;272;719;118;995;0;70;0;71;0;5;0;711;0;0;83;118;16;102;0;0;0;0;42;81;98
111;Viersen;NW;Urne;227423;126731;1395;125336;57474;32615;6918;8475;0;10274;9580;0;0;0;0;0;0;0;0;0;0;0;0;0;0;0;0;0;0;0;0;0;0;0;0;0;0;0;0;0;0;0;1076;125655;45669;29078;8122;8689;0;19439;10182;562;311;324;1043;114;954;0;86;0;46;0;8;0;335;0;0;96;129;24;135;0;0;0;0;69;123;117
112;Kleve;NW;Urne;226096;121361;1377;119984;52447;37479;5541;5911;0;8775;8669;0;0;1084;0;0;0;0;0;0;0;0;0;0;0;0;0;0;0;0;0;0;0;0;0;0;0;0;0;0;0;78;1151;120210;48074;29053;7181;7414;0;15748;9171;434;265;406;847;96;769;0;82;0;51;0;4;0;42;0;0;85;120;12;100;0;0;0;0;54;90;112
113;Wesel I;NW;Urne;207178;116848;1349;115499;42863;39008;7475;6312;0;8847;10775;0;0;0;0;0;0;0;0;0;219;0;0;0;0;0;0;0;0;0;0;0;0;0;0;0;0;0;0;0;0;0;1041;115807;36892;34088;8338;7193;0;13734;11425;533;278;280;868;101;901;0;94;0;107;0;8;0;371;0;0;82;113;10;128;0;0;0;0;47;119;97
114;Krefeld II – Wesel II;NW;Urne;179118;98496;1395;97101;33711;32467;5965;5847;0;7404;9060;1090;0;0;0;0;1370;0;0;0;187;0;0;0;0;0;0;0;0;0;0;0;0;0;0;0;0;0;0;0;0;0;1040;97456;28041;28108;8015;7081;0;12357;9767;515;211;237;676;85;958;0;72;0;101;0;8;0;628;0;0;123;107;24;134;0;0;0;0;34;78;96
115;Duisburg I;NW;Urne;167998;91573;2350;89223;24367;34537;6581;4827;0;5911;10969;1649;0;0;0;0;0;0;0;0;382;0;0;0;0;0;0;0;0;0;0;0;0;0;0;0;0;0;0;0;0;0;1701;89872;21686;28825;8203;5869;0;8885;10991;570;367;217;827;79;1039;0;75;0;178;0;15;0;1438;0;0;77;113;34;111;0;0;0;0;68;86;119
116;Duisburg II;NW;Urne;160204;81013;3061;77952;19249;26971;7418;3500;0;5229;13987;0;0;0;0;0;0;0;0;0;301;0;0;0;0;0;0;0;0;0;0;0;0;0;0;0;0;0;0;0;0;1297;1695;79318;16355;27003;7067;3488;0;6021;13308;591;508;212;815;47;783;0;79;0;181;0;19;0;2340;0;0;74;82;39;96;0;0;0;0;45;84;81
117;Oberhausen – Wesel III;NW;Urne;204816;109510;1753;107757;29199;41922;8681;6157;0;6753;14462;0;0;0;0;0;0;0;0;0;196;0;0;0;0;0;0;0;0;0;0;0;0;0;0;387;0;0;0;0;0;0;1174;108336;26402;35916;9500;6192;0;10423;14764;649;397;283;1049;94;1004;0;92;0;118;0;19;0;862;0;0;88;97;23;99;0;0;0;0;70;100;95
118;Mülheim – Essen I;NW;Urne;187746;101173;1411;99762;29307;35700;7001;6098;0;8520;12624;0;0;0;0;0;0;0;0;0;248;0;0;0;0;0;0;0;0;0;0;0;0;0;0;264;0;0;0;0;0;0;977;100196;26117;29958;7984;6993;0;12326;12690;437;249;203;915;108;919;0;63;0;122;0;24;0;507;0;0;81;125;35;79;0;0;0;0;55;99;107
119;Essen II;NW;Urne;163326;79207;1351;77856;19114;29617;6522;4048;0;5014;13183;0;0;0;0;0;0;0;0;0;195;0;0;0;0;0;163;0;0;0;0;0;0;0;0;0;0;0;0;0;0;0;971;78236;16811;25158;7288;4845;0;7097;12725;434;314;172;751;69;917;0;75;0;149;0;6;0;874;0;0;70;109;57;98;0;0;0;0;51;80;86
120;Essen III;NW;Urne;192918;101102;905;100197;34956;32252;7091;8164;0;7905;8893;0;0;0;0;0;0;0;0;0;148;0;0;0;0;0;105;0;0;0;0;0;0;0;0;0;0;0;0;0;0;683;711;100391;27955;25681;8944;9852;0;14343;9261;408;189;210;884;121;1307;0;88;0;104;0;11;0;324;0;0;100;159;52;81;0;0;0;0;69;88;160
121;Recklinghausen I;NW;Urne;169267;88658;1393;87265;25140;34250;6126;4315;0;6151;11024;0;0;0;0;0;0;0;0;0;259;0;0;0;0;0;0;0;0;0;0;0;0;0;0;0;0;0;0;0;0;0;896;87762;23100;28063;6766;5231;0;8688;11678;424;292;234;792;51;886;0;84;0;144;0;8;0;824;0;0;69;90;12;88;0;0;0;0;53;93;92
122;Recklinghausen II;NW;Urne;189376;96634;3586;93048;29727;39499;8638;4548;0;9591;0;0;0;0;0;0;0;0;0;0;1045;0;0;0;0;0;0;0;0;0;0;0;0;0;0;0;0;0;0;0;0;0;1037;95597;25708;30576;6729;5208;0;9677;13395;514;232;264;858;65;680;0;96;0;137;0;6;0;954;0;0;60;69;22;129;0;0;0;0;47;97;74
123;Gelsenkirchen;NW;Urne;175210;87133;1683;85450;20010;33120;5869;3841;0;5465;15709;0;0;952;0;0;0;0;0;0;484;0;0;0;0;0;0;0;0;0;0;0;0;0;0;0;0;0;0;0;0;0;1109;86024;17367;28842;6637;4041;0;7516;16043;448;330;308;961;86;782;0;76;0;322;0;23;0;1756;0;0;80;69;27;61;0;0;0;0;62;110;77
124;Steinfurt I – Borken I;NW;Urne;202192;112106;1143;110963;55187;29451;6006;5701;0;7184;7434;0;0;0;0;0;0;0;0;0;0;0;0;0;0;0;0;0;0;0;0;0;0;0;0;0;0;0;0;0;0;0;888;111218;46998;26468;6631;6741;0;13488;7818;432;200;276;557;83;674;0;56;0;50;0;6;0;241;0;0;77;85;13;107;0;0;0;0;57;90;70
125;Bottrop – Recklinghausen III;NW;Urne;202793;115007;1703;113304;35999;42487;7494;4949;0;7046;14612;0;0;0;0;0;0;0;0;0;226;0;0;0;0;0;491;0;0;0;0;0;0;0;0;0;0;0;0;0;0;0;1157;113850;31872;36062;8085;5688;0;11426;15444;553;342;239;1027;251;865;0;96;0;102;0;9;0;1078;0;0;70;75;217;108;0;0;0;0;45;110;86
126;Borken II;NW;Urne;199978;115114;1847;113267;58329;29734;5498;7389;0;10046;0;0;0;2271;0;0;0;0;0;0;0;0;0;0;0;0;0;0;0;0;0;0;0;0;0;0;0;0;0;0;0;0;897;114217;52244;25464;5030;6795;0;14532;7402;355;159;389;554;104;541;0;67;0;40;0;12;0;116;0;0;40;70;16;76;0;0;0;0;57;85;69
127;Coesfeld – Steinfurt II;NW;Urne;192946;104153;1773;102380;51461;25241;6864;8241;0;10573;0;0;0;0;0;0;0;0;0;0;0;0;0;0;0;0;0;0;0;0;0;0;0;0;0;0;0;0;0;0;0;0;765;103388;43677;22475;5968;7982;0;13606;7157;356;152;163;541;115;596;0;63;0;25;0;6;0;45;0;0;48;105;10;88;0;0;0;0;45;89;76
128;Steinfurt III;NW;Urne;195571;116789;1194;115595;49853;36345;6796;7404;0;6316;7954;0;0;815;0;0;0;0;0;0;112;0;0;0;0;0;0;0;0;0;0;0;0;0;0;0;0;0;0;0;0;0;1023;115766;42028;33003;7791;8545;0;12545;8607;458;217;321;600;96;706;0;53;0;59;0;11;0;248;0;0;76;78;18;104;0;0;0;0;48;86;68
129;Münster;NW;Urne;232294;108383;850;107533;36742;33760;8318;12942;0;6864;5791;623;0;0;0;569;1565;0;0;0;72;0;0;0;0;0;92;0;0;0;0;0;0;0;0;0;0;0;0;0;0;195;716;107667;32037;23499;12301;16499;0;13422;6359;426;85;126;441;369;1170;0;47;0;48;0;5;0;103;0;0;110;175;40;126;0;0;0;0;98;56;125
130;Warendorf;NW;Urne;209604;115010;1622;113388;50571;32734;5814;6161;0;7712;8747;0;0;0;0;0;1376;0;0;0;0;0;0;0;0;0;0;0;0;0;0;0;0;0;0;0;0;0;0;0;0;273;1173;113837;43756;28349;6725;7696;0;14234;9524;426;210;342;552;113;765;0;89;0;25;0;12;0;561;0;0;51;60;7;114;0;0;0;0;55;82;89
131;Gütersloh I;NW;Urne;234272;126067;1731;124336;55913;35403;5971;6932;0;8021;11132;0;0;964;0;0;0;0;0;0;0;0;0;0;0;0;0;0;0;0;0;0;0;0;0;0;0;0;0;0;0;0;1446;124621;46059;28997;8161;9896;0;15454;12056;454;264;465;666;163;827;0;90;0;38;0;8;0;399;0;0;76;94;15;139;0;0;0;0;55;121;124
132;Bielefeld – Gütersloh II;NW;Urne;246216;131236;1781;129455;37518;44576;12184;11762;0;8722;12036;0;0;0;0;0;2426;0;0;0;231;0;0;0;0;0;0;0;0;0;0;0;0;0;0;0;0;0;0;0;0;0;1352;129884;33667;33710;15258;14301;0;14022;13168;715;228;276;791;134;1511;0;94;0;119;0;20;0;947;0;0;170;195;33;169;0;0;0;0;94;93;169
133;Herford – Minden-Lübbecke II;NW;Urne;228976;115976;1686;114290;38291;42721;7177;5631;0;6267;12891;0;0;1312;0;0;0;0;0;0;0;0;0;0;0;0;0;0;0;0;0;0;0;0;0;0;0;0;0;0;0;0;1366;114610;33883;33263;8761;8167;0;12503;14021;468;228;689;756;93;705;0;80;0;54;0;8;0;377;0;0;75;87;15;120;0;0;0;0;51;92;114
134;Minden-Lübbecke I;NW;Urne;204203;110031;1419;108612;37362;40744;6056;5274;0;7185;11991;0;0;0;0;0;0;0;0;0;0;0;0;0;0;0;0;0;0;0;0;0;0;0;0;0;0;0;0;0;0;0;1325;108706;34611;32009;7188;7003;0;11519;12865;491;229;339;624;105;801;0;101;0;43;0;3;0;218;0;0;95;78;17;120;0;0;0;0;48;98;101
135;Lippe I;NW;Urne;170501;92307;1403;90904;32042;29725;5176;5218;0;7219;10468;0;0;1056;0;0;0;0;0;0;0;0;0;0;0;0;0;0;0;0;0;0;0;0;0;0;0;0;0;0;0;0;1228;91079;27382;25555;6294;6399;0;10797;11422;423;203;595;604;92;591;0;66;0;32;0;5;0;157;0;0;79;51;15;147;0;0;0;0;42;67;61
136;Höxter – Lippe II;NW;Urne;211026;118495;1710;116785;51311;31557;6728;6395;0;7603;11577;0;0;1026;0;588;0;0;0;0;0;0;0;0;0;0;0;0;0;0;0;0;0;0;0;0;0;0;0;0;0;0;1483;117012;42729;29150;7815;7392;0;13901;12221;483;271;553;679;239;745;0;77;0;25;0;7;0;201;0;0;82;58;9;121;0;0;0;0;42;110;102
137;Paderborn – Gütersloh III;NW;Urne;249359;134014;1592;132422;68437;26883;7376;7485;0;7274;13710;1257;0;0;0;0;0;0;0;0;0;0;0;0;0;0;0;0;0;0;0;0;0;0;0;0;0;0;0;0;0;0;1365;132649;52237;25492;9343;9593;0;17019;14928;577;210;341;709;142;884;0;101;0;29;0;11;0;249;0;0;88;122;7;235;0;0;0;0;79;109;144
138;Hagen – Ennepe-Ruhr-Kreis I;NW;Urne;207384;108655;1458;107197;30778;42392;6371;4282;0;8047;13238;0;0;0;0;0;0;0;0;0;227;0;0;0;0;0;0;0;0;0;0;0;0;0;0;0;0;0;0;0;0;1862;1059;107596;28871;31812;8289;6582;0;12912;13942;581;378;306;1158;122;970;0;109;0;153;0;12;0;763;0;0;87;90;28;131;0;0;0;0;80;119;101
139;Ennepe-Ruhr-Kreis II;NW;Urne;178506;93006;2440;90566;28481;33914;7844;7655;0;9485;0;2677;0;0;0;0;0;0;0;0;510;0;0;0;0;0;0;0;0;0;0;0;0;0;0;0;0;0;0;0;0;0;961;92045;23472;27457;7872;7780;0;11439;10014;621;190;197;819;135;866;0;83;0;110;0;8;0;399;0;0;95;127;30;94;0;0;0;0;55;80;102
140;Bochum I;NW;Urne;206460;105642;1436;104206;27167;39409;11167;7971;0;7179;10951;0;0;0;0;0;0;0;0;0;362;0;0;0;0;0;0;0;0;0;0;0;0;0;0;0;0;0;0;0;0;0;932;104710;24368;31203;11609;9533;0;11221;11352;560;302;205;930;124;1417;0;78;0;141;0;11;0;833;0;0;133;181;36;110;0;0;0;0;107;108;148
141;Herne – Bochum II;NW;Urne;179247;93388;1820;91568;20652;38486;7876;4994;0;5983;13275;0;0;0;0;0;0;0;0;0;302;0;0;0;0;0;0;0;0;0;0;0;0;0;0;0;0;0;0;0;0;0;1244;92144;19748;31484;8481;5470;0;8184;13490;648;416;241;1026;88;953;0;82;0;170;0;12;0;1049;0;0;102;99;17;97;0;0;0;0;66;127;94
142;Dortmund I;NW;Urne;211316;105715;1281;104434;27470;41349;8807;7414;0;5946;11034;1527;0;627;0;0;0;0;0;0;260;0;0;0;0;0;0;0;0;0;0;0;0;0;0;0;0;0;0;0;0;0;981;104734;23405;31912;11324;9973;0;10964;11522;763;352;274;866;107;1499;0;88;0;126;0;18;0;764;0;0;115;180;36;109;0;0;0;0;91;107;139
143;Dortmund II;NW;Urne;203300;101198;1608;99590;26047;38905;9389;6189;0;6207;11808;0;0;1045;0;0;0;0;0;0;0;0;0;0;0;0;0;0;0;0;0;0;0;0;0;0;0;0;0;0;0;0;1188;100010;22523;32642;9850;7247;0;10273;12157;628;367;325;924;78;1130;0;89;0;98;0;11;0;958;0;0;106;151;43;114;0;0;0;0;66;118;112
144;Unna I;NW;Urne;197873;106308;1148;105160;31262;41763;6128;6607;0;6546;10623;1222;0;650;0;0;0;0;0;0;119;0;0;0;0;0;0;0;0;0;0;0;0;0;0;0;0;0;0;0;0;240;988;105320;26577;35613;7809;7380;0;11702;11515;618;344;369;998;82;911;0;89;0;73;0;17;0;657;0;0;59;95;17;105;0;0;0;0;59;126;105
145;Hamm – Unna II;NW;Urne;235213;122194;1670;120524;39414;45146;7681;5029;0;6741;14128;1543;0;842;0;0;0;0;0;0;0;0;0;0;0;0;0;0;0;0;0;0;0;0;0;0;0;0;0;0;0;0;1570;120624;33715;38840;9079;6374;0;11777;15173;772;411;432;952;76;895;0;104;0;88;0;13;0;1284;0;0;83;107;25;122;0;0;0;0;59;139;104
146;Soest;NW;Urne;232301;118930;1465;117465;47566;34918;7405;6402;0;9322;11725;0;0;0;0;0;0;0;0;0;0;0;0;0;0;0;0;0;0;0;0;0;0;0;0;0;0;0;0;0;0;127;1063;117867;40247;30045;8640;7509;0;15199;12458;475;243;286;811;88;900;0;96;0;29;0;8;0;167;0;0;101;124;26;129;0;0;0;0;53;119;114
147;Hochsauerlandkreis;NW;Urne;202768;101902;1097;100805;47009;27980;4700;4042;0;8179;8005;0;0;890;0;0;0;0;0;0;0;0;0;0;0;0;0;0;0;0;0;0;0;0;0;0;0;0;0;0;0;0;987;100915;40216;23838;5850;4872;0;14029;8846;390;226;563;589;102;654;0;77;0;37;0;2;0;237;0;0;53;59;8;74;0;0;0;0;33;97;63
148;Siegen-Wittgenstein;NW;Urne;212912;108917;1228;107689;41132;33153;7061;4569;0;7711;11461;0;0;0;0;714;1572;0;0;0;0;0;0;0;0;0;0;0;0;0;0;0;0;0;0;0;0;0;0;0;0;316;1043;107874;34859;28904;9224;6136;0;11945;12609;418;315;286;716;409;1028;0;65;0;36;0;6;0;432;0;0;84;70;23;80;0;0;0;0;60;78;91
149;Olpe – Märkischer Kreis I;NW;Urne;206716;95167;1324;93843;42412;25571;5143;3329;0;7926;9462;0;0;0;0;0;0;0;0;0;0;0;0;0;0;0;0;0;0;0;0;0;0;0;0;0;0;0;0;0;0;0;984;94183;35719;22716;5706;4502;0;12154;9944;488;301;250;586;226;589;0;63;0;26;0;13;0;419;0;0;61;87;21;99;0;0;0;0;43;94;76
150;Märkischer Kreis II;NW;Urne;200546;97479;2670;94809;33399;37698;8546;3738;0;10399;0;0;0;0;0;0;0;0;0;0;0;0;0;0;0;0;0;0;0;0;0;0;0;0;0;0;0;0;0;0;0;1029;1059;96420;29949;25388;6944;4935;0;12401;12701;473;251;295;863;90;728;0;114;0;45;0;12;0;676;0;0;85;104;9;88;0;0;0;0;48;139;82
151;Nordsachsen;SN;Urne;163916;96860;1505;95355;30607;13372;16071;2334;0;6177;26794;0;0;0;0;0;0;0;0;0;0;0;0;0;0;0;0;0;0;0;0;0;0;0;0;0;0;0;0;0;0;0;1453;95407;27385;11940;13768;2354;0;7407;26760;328;1583;1042;1381;134;728;0;0;0;83;51;0;0;0;0;0;235;116;0;0;0;0;0;0;0;0;112
152;Leipzig I;SN;Urne;220654;122849;1343;121506;32712;19634;23214;6029;0;6759;27212;0;0;1460;0;0;3085;0;0;0;0;427;253;0;0;0;0;0;0;0;0;0;0;0;0;0;0;0;0;0;0;721;1276;121573;27689;15640;23214;7972;0;10047;27705;667;977;1113;2208;239;2396;0;0;0;191;174;0;0;0;0;0;610;500;0;0;0;0;0;0;0;0;231
153;Leipzig II;SN;Urne;227718;127513;1264;126249;30404;17052;32484;11155;0;7106;21039;967;0;1456;0;0;3710;0;0;0;278;280;0;0;0;0;0;0;0;0;0;0;0;0;0;0;0;0;0;0;0;318;1170;126343;26795;16328;28567;12265;0;10479;22375;728;556;959;1889;273;3124;0;0;0;181;135;0;0;0;0;0;782;579;0;0;0;0;0;0;0;0;328
154;Leipzig-Land;SN;Urne;215616;131520;2033;129487;43247;14713;19960;4802;0;7983;38782;0;0;0;0;0;0;0;0;0;0;0;0;0;0;0;0;0;0;0;0;0;0;0;0;0;0;0;0;0;0;0;1742;129778;37967;14657;18812;4015;0;10239;36555;423;1599;1317;1864;199;1129;0;0;0;121;89;0;0;0;0;0;383;229;0;0;0;0;0;0;0;0;180
155;Meißen;SN;Urne;201310;122169;1728;120441;42730;10454;15017;3738;0;6247;39627;0;1647;0;0;0;0;0;0;0;0;981;0;0;0;0;0;0;0;0;0;0;0;0;0;0;0;0;0;0;0;0;1806;120363;30298;10283;15643;4115;0;10205;41851;492;1956;1235;1697;282;1145;0;0;0;95;234;0;0;0;0;0;413;245;0;0;0;0;0;0;0;0;174
156;Bautzen I;SN;Urne;213990;135607;2251;133356;40014;13304;19872;2548;0;7537;46166;0;0;2933;0;0;0;0;0;0;0;534;0;0;0;0;0;0;0;0;0;0;0;0;0;0;0;0;0;0;0;448;2308;133299;35166;12012;18595;3034;0;9951;45411;520;2107;2048;1852;361;1141;0;0;0;113;182;0;0;0;0;0;407;244;0;0;0;0;0;0;0;0;155
157;Görlitz;SN;Urne;213021;128916;2191;126725;38862;13492;16888;3803;0;6246;43096;0;0;2916;0;0;0;0;0;0;0;1422;0;0;0;0;0;0;0;0;0;0;0;0;0;0;0;0;0;0;0;0;2142;126774;32824;11474;17430;3462;0;8727;43673;430;2080;1984;1917;304;1190;0;0;0;108;277;0;0;0;0;0;498;213;0;0;0;0;0;0;0;0;183
158;Sächsische Schweiz-Osterzgebirge;SN;Urne;202580;127428;2156;125272;35278;8691;17785;3468;0;7793;49376;0;0;0;0;0;0;0;0;0;0;1912;0;0;0;0;0;0;0;0;0;0;0;0;0;0;0;0;0;0;0;969;1762;125666;31195;9559;15517;3524;0;10073;47026;401;2502;1712;1577;352;1045;0;0;0;89;330;0;0;0;0;0;360;229;0;0;0;0;0;0;0;0;175
159;Dresden I;SN;Urne;232636;128346;1766;126580;29890;16080;26145;7559;0;9292;31685;1254;778;0;0;972;2473;0;0;0;0;452;0;0;0;0;0;0;0;0;0;0;0;0;0;0;0;0;0;0;0;0;1451;126895;28968;13219;21670;8987;0;12769;32814;858;1032;910;1567;677;2018;0;0;0;109;210;0;0;0;0;0;469;419;0;0;0;0;0;0;0;0;199
160;Dresden II – Bautzen II;SN;Urne;235464;136294;1743;134551;33209;14755;23350;10189;0;9199;33534;1900;911;2014;0;1395;3458;0;0;0;275;362;0;0;0;0;0;0;0;0;0;0;0;0;0;0;0;0;0;0;0;0;1419;134875;29612;12913;22987;10996;0;12674;34896;1110;1129;1381;1902;727;2787;0;0;0;194;144;0;0;0;0;0;654;507;0;0;0;0;0;0;0;0;262
161;Mittelsachsen;SN;Urne;201629;121436;1684;119752;37946;13907;16468;3425;0;6918;39679;0;0;0;0;0;0;0;0;0;0;1409;0;0;0;0;0;0;0;0;0;0;0;0;0;0;0;0;0;0;0;0;1556;119880;32094;11457;17032;3139;0;9204;39508;536;1718;1263;1587;267;1110;0;0;0;113;290;0;0;0;0;0;250;186;0;0;0;0;0;0;0;0;126
162;Chemnitz;SN;Urne;195929;110487;1359;109128;28107;16242;20564;4327;0;7106;28623;1101;0;0;0;0;2488;0;0;0;0;570;0;0;0;0;0;0;0;0;0;0;0;0;0;0;0;0;0;0;0;0;1133;109354;26014;12627;20433;4919;0;9128;28851;679;969;835;1562;232;2079;0;0;0;107;167;0;0;0;0;0;290;262;0;0;0;0;0;0;0;0;200
163;Chemnitzer Umland – Erzgebirgskreis II;SN;Urne;183483;114562;1936;112626;38842;11672;18917;3607;0;8323;31265;0;0;0;0;0;0;0;0;0;0;0;0;0;0;0;0;0;0;0;0;0;0;0;0;0;0;0;0;0;0;0;1539;113023;33641;11927;17110;3063;0;8523;31548;438;1502;1520;1519;230;1261;0;0;0;83;78;0;0;0;0;0;251;210;0;0;0;0;0;0;0;0;119
164;Erzgebirgskreis I;SN;Urne;220917;138137;2798;135339;46289;12252;20099;3409;0;9423;42755;0;0;0;0;0;0;0;0;0;0;0;0;0;0;0;0;0;0;0;0;0;0;0;0;0;0;0;0;0;0;1112;2467;135670;41040;12822;18660;2889;0;9771;41325;454;2461;1893;1944;307;1208;0;0;0;95;85;0;0;0;0;0;351;200;0;0;0;0;0;0;0;0;165
165;Zwickau;SN;Urne;207606;122704;6546;116158;38504;15196;29879;5045;0;15748;0;0;0;0;0;0;0;0;0;0;0;0;0;0;0;0;0;0;0;0;0;0;0;0;0;0;0;0;0;0;0;11786;1914;120790;35600;13073;19654;3302;0;8970;33359;376;1126;1331;1773;246;1167;0;0;0;166;91;0;0;0;0;0;229;176;0;0;0;0;0;0;0;0;151
166;Vogtlandkreis;SN;Urne;193081;115461;2117;113344;38911;12464;17477;4124;0;6149;30674;0;0;0;0;0;0;0;0;0;0;0;0;0;0;0;0;0;0;0;0;0;0;0;0;0;0;0;0;0;0;3545;1697;113764;33553;12863;18098;3365;0;8008;31329;350;1251;1044;1714;239;1221;0;0;0;113;67;0;0;0;0;0;236;180;0;0;0;0;0;0;0;0;133
167;Waldeck;HE;Urne;186825;106988;1822;105166;34475;36981;6752;5837;0;7335;12366;0;0;1363;0;0;0;0;0;0;0;0;0;0;0;0;0;0;0;0;0;0;0;0;0;0;0;0;0;0;0;57;1797;105191;30671;32333;7753;7169;0;10205;13132;399;370;933;999;89;711;0;0;0;41;11;0;0;0;0;0;125;0;14;138;0;0;0;0;0;0;98
168;Kassel;HE;Urne;222451;121764;2079;119685;30518;43086;10989;10782;0;6884;13213;940;0;967;0;0;1548;0;0;0;242;0;0;0;0;0;0;0;0;0;0;0;0;0;0;0;0;0;0;0;0;516;2031;119733;28565;34081;14149;13391;0;10509;13865;647;353;768;1159;146;1152;0;0;0;148;24;0;0;0;0;0;323;0;42;276;0;0;0;0;0;0;135
169;Werra-Meißner – Hersfeld-Rotenburg;HE;Urne;175992;100389;2092;98297;28992;40430;5666;3795;0;4750;12968;0;0;1696;0;0;0;0;0;0;0;0;0;0;0;0;0;0;0;0;0;0;0;0;0;0;0;0;0;0;0;0;2314;98075;28069;32234;6787;5739;0;8008;13546;340;511;908;741;80;660;0;0;0;28;19;0;0;0;0;0;125;0;25;166;0;0;0;0;0;0;89
170;Schwalm-Eder;HE;Urne;188074;112498;2226;110272;32879;41741;6186;5979;0;6992;14034;0;0;2461;0;0;0;0;0;0;0;0;0;0;0;0;0;0;0;0;0;0;0;0;0;0;0;0;0;0;0;0;2316;110182;31509;34731;7248;7170;0;9824;15052;417;567;1451;968;92;760;0;0;0;23;15;0;0;0;0;0;96;0;25;127;0;0;0;0;0;0;107
171;Marburg;HE;Urne;183296;107789;1539;106250;34817;38565;8598;6111;0;4472;11861;0;0;1471;0;0;0;0;0;0;0;0;0;0;0;0;0;0;0;0;0;0;0;0;0;0;0;0;0;0;0;355;1392;106397;31430;28855;10848;9205;0;8881;13153;408;305;698;874;230;961;0;0;0;37;25;0;0;0;0;0;180;0;46;148;0;0;0;0;0;0;113
172;Lahn-Dill;HE;Urne;208744;121091;2063;119028;44155;35875;5900;6844;0;7252;14769;0;674;1444;0;0;1678;0;0;0;0;0;0;0;0;0;0;0;0;0;0;0;0;0;0;0;0;0;0;0;0;437;1911;119180;38744;29917;8285;8320;0;11109;17032;450;780;1215;1112;295;1187;0;0;0;38;20;0;0;0;0;0;175;0;41;334;0;0;0;0;0;0;126
173;Gießen;HE;Urne;217806;125395;2059;123336;42446;35333;8022;9565;0;9045;15405;0;502;2309;0;0;0;0;0;0;315;0;0;0;0;0;169;0;0;0;0;0;0;0;0;0;0;0;0;0;0;225;2005;123390;36240;29880;10726;11435;0;12167;16563;492;637;1552;1133;291;1495;0;0;0;95;37;0;0;0;0;0;174;0;85;207;0;0;0;0;0;0;181
174;Fulda;HE;Urne;209966;126857;2384;124473;55254;25189;6179;6499;0;6515;23086;0;491;1260;0;0;0;0;0;0;0;0;0;0;0;0;0;0;0;0;0;0;0;0;0;0;0;0;0;0;0;0;3003;123854;47369;22606;7436;7850;0;12998;20945;341;562;918;999;244;930;0;0;0;29;22;0;0;0;0;0;194;0;21;239;0;0;0;0;0;0;151
175;Main-Kinzig – Wetterau II – Schotten;HE;Urne;179307;103779;1878;101901;36152;28864;6216;5382;0;6202;16003;0;1011;2071;0;0;0;0;0;0;0;0;0;0;0;0;0;0;0;0;0;0;0;0;0;0;0;0;0;0;0;0;1857;101922;31330;24063;6913;7199;0;10278;16634;444;1076;1154;1222;182;887;0;0;0;31;30;0;0;0;0;0;137;0;17;177;0;0;0;0;0;0;148
176;Hochtaunus;HE;Urne;181516;102004;1411;100593;38539;24031;6315;9041;0;9969;11296;0;0;1402;0;0;0;0;0;0;0;0;0;0;0;0;0;0;0;0;0;0;0;0;0;0;0;0;0;0;0;0;1158;100846;32274;20792;7056;10062;0;14502;12054;352;313;741;1223;154;818;0;0;0;29;23;0;0;0;0;0;148;0;17;156;0;0;0;0;0;0;132
177;Wetterau I;HE;Urne;176435;101264;1497;99767;35179;29823;5249;8103;0;7559;11567;0;570;1717;0;0;0;0;0;0;0;0;0;0;0;0;0;0;0;0;0;0;0;0;0;0;0;0;0;0;0;0;1328;99936;30911;23025;7097;9613;0;12306;12247;403;651;894;1177;167;906;0;0;0;20;18;0;0;0;0;0;139;0;16;190;0;0;0;0;0;0;156
178;Rheingau-Taunus – Limburg;HE;Urne;220342;120473;1712;118761;47391;30918;7057;8515;0;8915;13215;0;0;2750;0;0;0;0;0;0;0;0;0;0;0;0;0;0;0;0;0;0;0;0;0;0;0;0;0;0;0;0;1549;118924;38763;25311;8380;10907;0;15362;15114;410;322;1187;1235;161;1099;0;0;0;29;23;0;0;0;0;0;189;0;25;210;0;0;0;0;0;0;197
179;Wiesbaden;HE;Urne;189372;97093;1413;95680;30413;28670;7968;8256;0;6453;10959;624;0;976;0;0;1361;0;0;0;0;0;0;0;0;0;0;0;0;0;0;0;0;0;0;0;0;0;0;0;0;0;1263;95830;26108;21085;10006;11264;0;11690;11780;430;165;624;805;222;944;0;0;0;54;41;0;0;0;0;0;213;0;21;228;0;0;0;0;0;0;150
180;Hanau;HE;Urne;177469;101576;1739;99837;34102;30583;6162;6117;0;6261;13516;0;433;1197;0;0;1466;0;0;0;0;0;0;0;0;0;0;0;0;0;0;0;0;0;0;0;0;0;0;0;0;0;1532;100044;28416;23637;7940;8660;0;11178;14886;443;526;731;1546;165;983;0;0;0;49;26;0;0;0;0;0;158;0;47;460;0;0;0;0;0;0;193
181;Main-Taunus;HE;Urne;197291;110955;1557;109398;43891;24770;5937;10277;0;11454;11298;0;0;1771;0;0;0;0;0;0;0;0;0;0;0;0;0;0;0;0;0;0;0;0;0;0;0;0;0;0;0;0;1357;109598;36011;20475;7195;12084;0;17502;12120;425;247;868;1037;239;874;0;0;0;25;18;0;0;0;0;0;139;0;17;166;0;0;0;0;0;0;156
182;Frankfurt am Main I;HE;Urne;199775;102737;1456;101281;28851;29172;10634;10526;0;8557;9980;717;0;878;0;0;1736;0;0;0;164;0;66;0;0;0;0;0;0;0;0;0;0;0;0;0;0;0;0;0;0;0;1354;101383;24628;22536;13098;13533;0;12720;10360;526;248;491;1026;173;1250;0;0;0;109;23;0;0;0;0;0;213;0;33;262;0;0;0;0;0;0;154
183;Frankfurt am Main II;HE;Urne;223942;119302;1408;117894;35968;32139;11748;15545;0;8896;9666;895;0;681;0;0;2222;0;0;0;134;0;0;0;0;0;0;0;0;0;0;0;0;0;0;0;0;0;0;0;0;0;1334;117968;29741;24354;15064;18172;0;15520;10242;562;208;490;1095;201;1429;0;0;0;97;20;0;0;0;0;0;278;0;65;206;0;0;0;0;0;0;224
184;Groß-Gerau;HE;Urne;174727;100797;1934;98863;33337;32582;6974;6651;0;5478;11781;0;0;1838;0;0;0;0;0;0;222;0;0;0;0;0;0;0;0;0;0;0;0;0;0;0;0;0;0;0;0;0;1728;99069;28992;25299;8660;9058;0;9260;12634;788;326;1000;1096;156;913;0;0;0;114;38;0;0;0;0;0;183;0;48;341;0;0;0;0;0;0;163
185;Offenbach;HE;Urne;220194;120137;2078;118059;41024;30628;9697;10333;0;8734;13967;1253;0;2107;0;0;0;0;0;0;0;0;0;0;0;0;0;0;0;0;0;0;0;0;0;316;0;0;0;0;0;0;1867;118270;34281;26098;11182;12185;0;14295;14739;761;331;952;1188;201;1187;0;0;0;62;30;0;0;0;0;0;260;0;43;263;0;0;0;0;0;0;212
186;Darmstadt;HE;Urne;242622;138455;2070;136385;40005;41360;12231;18936;0;8247;13447;0;0;1783;0;0;0;0;0;0;376;0;0;0;0;0;0;0;0;0;0;0;0;0;0;0;0;0;0;0;0;0;1694;136761;35874;31098;14789;19665;0;14274;14449;1043;350;804;1299;377;1648;0;0;0;153;33;0;0;0;0;0;301;0;47;341;0;0;0;0;0;0;216
187;Odenwald;HE;Urne;234422;134712;2410;132302;45830;39116;8629;10298;0;9565;16447;0;0;1904;0;0;0;0;0;0;0;0;0;0;0;0;0;0;0;0;0;0;0;0;0;0;0;0;0;0;0;513;2178;132534;41463;31400;10265;11864;0;14183;17189;658;493;1094;1450;284;1210;0;0;0;99;24;0;0;0;0;0;191;0;101;325;0;0;0;0;0;0;241
188;Bergstraße;HE;Urne;198418;112477;1858;110619;41147;30398;6534;8535;0;8374;14782;0;0;0;0;0;0;0;0;0;0;0;0;0;0;0;0;0;0;0;0;0;0;0;0;0;0;0;0;0;0;849;1634;110843;34861;25315;7793;9900;0;12845;15282;556;416;870;1266;188;941;0;0;0;49;32;0;0;0;0;0;152;0;21;220;0;0;0;0;0;0;136
189;Eichsfeld – Nordhausen – Kyffhäuserkreis;TH;Urne;216673;128167;1967;126200;47075;17974;18867;3042;0;6306;28595;0;0;2361;0;1386;0;0;0;0;0;0;0;0;0;0;0;0;0;0;0;0;0;0;0;0;0;0;0;0;0;594;2131;126036;41642;17406;17888;3652;0;9730;28127;408;2150;1752;0;838;1222;0;0;0;116;0;0;0;0;0;0;639;0;0;281;0;0;0;0;0;0;185
190;Eisenach – Wartburgkreis – Unstrut-Hainich-Kreis;TH;Urne;222558;132914;2007;130907;44293;19782;19809;3845;0;6523;29318;0;2855;3972;0;0;0;0;0;0;510;0;0;0;0;0;0;0;0;0;0;0;0;0;0;0;0;0;0;0;0;0;2019;130895;38313;18720;20132;4341;0;9324;30833;576;2732;2516;0;429;1544;0;0;0;272;0;0;0;0;0;0;436;0;0;494;0;0;0;0;0;0;233
191;Jena – Sömmerda – Weimarer Land I;TH;Urne;203210;122618;2005;120613;34965;16963;25034;5340;0;7072;25066;0;0;4465;0;0;0;0;0;0;0;0;0;0;0;0;0;0;0;0;0;0;0;0;0;0;0;0;0;0;0;1708;1637;120981;32685;15089;21879;6721;0;10337;25823;630;1496;2194;0;493;2278;0;0;0;131;0;0;0;0;0;0;466;0;0;419;0;0;0;0;0;0;340
192;Gotha – Ilm-Kreis;TH;Urne;198341;119918;2169;117749;33487;21584;18030;3632;0;6970;29907;0;0;4139;0;0;0;0;0;0;0;0;0;0;0;0;0;0;0;0;0;0;0;0;0;0;0;0;0;0;0;0;1990;117928;32069;16285;18158;4055;0;8901;30071;629;1614;2121;0;429;2217;0;0;0;160;0;0;0;0;0;0;308;0;0;658;0;0;0;0;0;0;253
193;Erfurt – Weimar – Weimarer Land II;TH;Urne;221922;125811;1925;123886;32963;22528;22652;7759;0;7487;23982;1274;0;1392;0;1100;2749;0;0;0;0;0;0;0;0;0;0;0;0;0;0;0;0;0;0;0;0;0;0;0;0;0;1744;124067;30560;17473;23644;8587;0;10491;24954;878;999;1188;0;759;2861;0;0;0;177;0;0;0;0;0;0;597;0;0;509;0;0;0;0;0;0;390
194;Gera – Greiz – Altenburger Land;TH;Urne;240738;143524;2517;141007;41754;16808;25700;2827;0;7776;40494;0;0;2969;0;0;0;0;0;0;0;0;0;0;0;0;0;0;0;0;0;0;893;0;0;0;0;0;0;0;0;1786;2274;141250;37503;16002;24101;3666;0;11377;40267;639;1805;2003;0;490;1738;0;0;0;150;0;0;0;0;0;0;350;0;0;594;0;0;0;0;0;0;565
195;Saalfeld-Rudolstadt – Saale-Holzland-Kreis – Saale-Orla-Kreis;TH;Urne;229126;138911;2225;136686;41427;15963;22975;4257;0;8202;37897;0;0;4650;0;0;0;0;0;0;0;0;0;0;0;0;0;0;0;0;0;0;0;0;0;0;0;0;0;0;0;1315;1904;137007;37654;16389;22236;3904;0;10463;37057;611;1831;2608;0;587;2105;0;0;0;189;0;0;0;0;0;0;456;0;0;589;0;0;0;0;0;0;328
196;Suhl – Schmalkalden-Meiningen – Hildburghausen – Sonneberg;TH;Urne;234446;137964;2057;135907;45135;18390;24052;3233;0;6393;32872;973;0;3049;0;1340;0;0;0;0;470;0;0;0;0;0;0;0;0;0;0;0;0;0;0;0;0;0;0;0;0;0;1898;136066;40737;18471;22370;4184;0;8934;33085;619;1619;2265;0;755;1711;0;0;0;287;0;0;0;0;0;0;409;0;0;387;0;0;0;0;0;0;233
197;Neuwied;RP;Urne;239284;117563;2545;115018;46413;34319;6887;5973;0;6705;12582;0;0;2011;0;0;0;0;0;0;128;0;0;0;0;0;0;0;0;0;0;0;0;0;0;0;0;0;0;0;0;0;1992;115571;40944;30169;8290;7000;0;11216;14109;528;343;1164;0;225;1099;0;0;0;62;0;0;0;0;0;0;171;0;0;0;0;0;0;0;0;0;251
198;Ahrweiler;RP;Urne;195618;96711;1463;95248;38569;26980;4874;5530;0;8012;9362;879;0;0;0;0;0;0;0;0;0;0;0;0;0;0;0;0;0;0;0;0;0;0;0;0;0;0;0;0;0;1042;1275;95436;36479;22365;6100;6580;0;10754;10253;434;293;675;0;231;882;0;0;0;28;0;0;0;0;0;0;137;0;0;0;0;0;0;0;0;0;225
199;Koblenz;RP;Urne;196999;90789;1450;89339;34039;26643;5389;5725;0;5683;8337;758;0;1479;0;0;1103;0;0;0;0;0;0;0;0;0;0;0;0;0;0;0;0;0;0;0;0;0;0;0;0;183;1081;89708;30766;22110;7143;7547;0;9543;9333;526;173;870;0;180;1161;0;0;0;22;0;0;0;0;0;0;120;0;0;0;0;0;0;0;0;0;214
200;Mosel/Rhein-Hunsrück;RP;Urne;172876;94862;2090;92772;39896;23996;5135;4401;0;7841;8220;0;0;2590;0;693;0;0;0;0;0;0;0;0;0;0;0;0;0;0;0;0;0;0;0;0;0;0;0;0;0;0;1483;93379;37554;22092;5954;5215;0;10194;9088;351;240;1154;0;333;857;0;0;0;20;0;0;0;0;0;0;126;0;0;0;0;0;0;0;0;0;201
201;Kreuznach;RP;Urne;185172;96094;1610;94484;33438;30569;5622;4510;0;6120;11126;0;0;2331;0;768;0;0;0;0;0;0;0;0;0;0;0;0;0;0;0;0;0;0;0;0;0;0;0;0;0;0;1410;94684;30763;26459;6968;5927;0;9066;12025;368;272;1233;0;306;957;0;0;0;22;0;0;0;0;0;0;110;0;0;0;0;0;0;0;0;0;208
202;Bitburg;RP;Urne;164480;88943;1948;86995;44035;22798;4872;0;0;5953;6580;0;0;1925;0;832;0;0;0;0;0;0;0;0;0;0;0;0;0;0;0;0;0;0;0;0;0;0;0;0;0;0;1521;87422;38199;19572;5366;5373;0;8738;7465;286;175;1025;0;282;679;0;0;0;19;0;0;0;0;0;0;102;0;0;0;0;0;0;0;0;0;141
203;Trier;RP;Urne;192846;99445;1677;97768;35496;33770;7019;6101;0;4855;7587;0;157;999;0;0;1252;0;0;0;0;0;0;0;0;0;0;0;0;0;0;0;0;0;0;0;0;0;0;0;0;532;1282;98163;34920;24900;9171;8793;0;8627;8669;396;180;878;0;200;1077;0;0;0;26;0;0;0;0;0;0;132;0;0;0;0;0;0;0;0;0;194
204;Montabaur;RP;Urne;210114;107703;3423;104280;42613;32666;8055;5476;0;9830;0;0;0;5640;0;0;0;0;0;0;0;0;0;0;0;0;0;0;0;0;0;0;0;0;0;0;0;0;0;0;0;0;1407;106296;36982;27239;6795;6830;0;11624;12899;510;277;1463;0;166;1081;0;0;0;28;0;0;0;0;0;0;168;0;0;0;0;0;0;0;0;0;234
205;Mainz;RP;Urne;248996;125462;1538;123924;41506;36460;8615;13032;0;8111;10177;1017;0;1245;0;1498;1864;0;0;0;0;0;0;0;0;0;0;0;0;0;0;0;0;0;0;0;0;0;0;135;0;264;1220;124242;37527;28090;11600;16824;0;13592;11418;852;175;913;0;1106;1589;0;0;0;40;0;0;0;0;0;0;254;0;0;0;0;0;0;0;0;0;262
206;Worms;RP;Urne;213627;111596;1846;109750;42634;30108;6153;7394;0;6446;13781;0;371;1649;0;646;0;0;0;0;0;0;0;0;0;0;0;0;0;0;0;0;0;0;75;0;0;0;0;0;0;493;1600;109996;33557;28173;7788;9010;0;11228;15805;568;473;1244;0;451;1161;0;0;0;52;0;0;0;0;0;0;207;0;0;0;0;0;0;0;0;0;279
207;Ludwigshafen/Frankenthal;RP;Urne;215595;106175;1995;104180;31380;33085;6438;5886;0;7602;16930;0;0;2578;0;0;0;0;0;0;281;0;0;0;0;0;0;0;0;0;0;0;0;0;0;0;0;0;0;0;0;0;1832;104343;29831;25785;7577;7944;0;10438;17982;737;478;1434;0;198;1259;0;0;0;131;0;0;0;0;0;0;255;0;0;0;0;0;0;0;0;0;294
208;Neustadt – Speyer;RP;Urne;220550;107894;1897;105997;39630;27762;5616;8126;0;6913;14400;0;0;3206;0;0;0;0;0;0;0;0;0;0;0;0;0;0;0;0;0;0;0;0;176;0;0;0;0;168;0;0;1563;106331;34392;23601;7202;9806;0;11370;15398;525;360;1967;0;216;1025;0;0;0;45;0;0;0;0;0;0;155;0;0;0;0;0;0;0;0;0;269
209;Kaiserslautern;RP;Urne;229114;117388;2243;115145;34476;39747;8742;5552;0;5957;16035;0;0;2961;0;0;1675;0;0;0;0;0;0;0;0;0;0;0;0;0;0;0;0;0;0;0;0;0;0;0;0;0;2017;115371;31672;33024;9838;7705;0;10089;17410;607;603;2170;0;236;1489;0;0;0;22;0;0;0;0;0;0;183;0;0;0;0;0;0;0;0;0;323
210;Pirmasens;RP;Urne;177687;89810;2064;87746;30221;25745;5775;3764;0;5630;12663;0;558;2135;0;0;1255;0;0;0;0;0;0;0;0;0;0;0;0;0;0;0;0;0;0;0;0;0;0;0;0;0;1839;87971;29188;22184;6853;4197;0;7558;13822;436;616;1479;0;156;1079;0;0;0;35;0;0;0;0;0;0;108;0;0;0;0;0;0;0;0;0;260
211;Südpfalz;RP;Urne;217633;110113;1710;108403;41251;29171;5637;8498;0;6350;14720;0;0;2776;0;0;0;0;0;0;0;0;0;0;0;0;0;0;0;0;0;0;0;0;0;0;0;0;0;0;0;0;1478;108635;35180;24269;7643;9667;0;11109;16191;574;379;1652;0;278;1111;0;0;0;40;0;0;0;0;0;0;227;0;0;0;0;0;0;0;0;0;315
212;Altötting;BY;Urne;168221;82644;914;81730;0;10273;4249;4750;43856;4397;11517;0;0;0;0;2181;0;0;0;0;0;507;0;0;0;0;0;0;0;0;0;0;0;0;0;0;0;0;0;0;0;0;721;81923;0;10222;4641;5487;35419;7047;12848;308;200;1776;673;1021;559;1103;0;0;8;91;0;0;0;0;0;78;87;6;135;0;0;0;0;0;107;107
213;Erding – Ebersberg;BY;Urne;198198;102948;792;102156;0;15449;4406;10599;48849;7140;10917;0;0;0;0;2550;0;2246;0;0;0;0;0;0;0;0;0;0;0;0;0;0;0;0;0;0;0;0;0;0;0;0;576;102372;0;13046;5630;11474;39056;12119;12757;407;169;2574;923;1196;762;1512;0;0;8;11;0;0;0;0;0;95;167;13;171;0;0;0;0;0;118;164
214;Freising;BY;Urne;235746;113792;997;112795;0;16045;5960;10649;47905;7777;14755;0;0;6489;0;1889;0;1326;0;0;0;0;0;0;0;0;0;0;0;0;0;0;0;0;0;0;0;0;0;0;0;0;781;113011;0;14707;6164;11175;43376;11710;16192;511;291;3717;992;1069;979;1207;0;0;22;12;0;0;0;0;0;124;199;14;232;0;0;0;0;0;137;181
215;Fürstenfeldbruck;BY;Urne;232125;121022;1073;119949;0;23432;5149;11033;51125;8353;13032;0;0;3502;0;1842;0;1786;0;0;0;0;0;0;0;0;0;0;0;0;0;0;0;0;0;0;0;0;0;0;0;695;737;120285;0;17139;6600;13566;46207;13795;14840;419;187;2491;1038;1095;886;1097;0;0;27;15;0;0;0;0;0;161;202;15;196;0;0;0;0;0;130;179
216;Ingolstadt;BY;Urne;238605;116215;1228;114987;0;15650;6088;6970;56194;5645;16376;0;0;4027;0;1587;1199;1166;0;0;85;0;0;0;0;0;0;0;0;0;0;0;0;0;0;0;0;0;0;0;0;0;971;115244;0;15591;6807;8185;46735;10520;19097;438;313;2981;707;1098;846;1104;0;0;40;14;0;0;0;0;0;85;125;7;183;0;0;0;0;0;150;218
217;München-Nord;BY;Urne;226436;99608;752;98856;0;27687;6645;12374;29819;8625;8756;0;0;1402;0;1497;1223;643;0;0;102;83;0;0;0;0;0;0;0;0;0;0;0;0;0;0;0;0;0;0;0;0;490;99118;0;17780;9156;16722;26428;13673;9874;443;91;946;755;738;944;519;0;0;52;29;0;0;0;0;0;200;301;28;170;0;0;0;0;0;96;173
218;München-Ost;BY;Urne;239169;107557;782;106775;0;24286;7461;16208;37067;8653;8919;0;0;1761;0;1468;0;773;0;0;0;179;0;0;0;0;0;0;0;0;0;0;0;0;0;0;0;0;0;0;0;0;489;107068;0;18362;9098;17526;31401;14556;10311;519;97;1090;833;796;902;521;0;0;57;29;0;0;0;0;0;202;293;26;186;0;0;0;0;0;86;177
219;München-Süd;BY;Urne;216725;98073;728;97345;0;24475;7880;13001;30314;8244;8214;0;0;1523;0;1435;1400;641;0;0;117;101;0;0;0;0;0;0;0;0;0;0;0;0;0;0;0;0;0;0;0;0;484;97589;0;16873;9256;17067;27052;12315;9302;472;89;969;833;793;995;501;0;0;55;32;0;0;0;0;0;215;342;22;145;0;0;0;0;0;91;170
220;München-West/Mitte;BY;Urne;241282;110975;835;110140;0;26610;8454;18019;35039;9153;8179;0;0;1774;0;1681;0;983;0;0;0;139;0;0;0;0;0;0;0;0;0;0;0;0;0;0;0;0;0;0;0;109;530;110445;0;18660;10423;20777;30724;14146;9543;487;105;943;840;901;1087;612;0;0;34;45;0;0;0;0;0;219;400;37;171;0;0;0;0;0;103;188
221;München-Land;BY;Urne;235172;118271;776;117495;0;20463;5036;16046;49685;10422;10562;0;0;3414;0;1867;0;0;0;0;0;0;0;0;0;0;0;0;0;0;0;0;0;0;0;0;0;0;0;0;0;0;679;117592;0;17245;6561;15391;41957;17349;11946;502;114;1937;1124;949;847;763;0;0;13;19;0;0;0;0;0;139;234;20;172;0;0;0;0;0;148;162
222;Rosenheim;BY;Urne;235170;117441;1103;116338;0;14213;4831;10605;52890;7904;16156;728;0;3583;0;2514;0;2785;0;0;0;129;0;0;0;0;0;0;0;0;0;0;0;0;0;0;0;0;0;0;0;0;797;116644;0;13728;6312;11522;46583;11927;17492;410;185;2445;957;1308;695;2105;0;0;15;60;0;0;0;0;0;143;194;27;243;0;0;0;0;0;128;165
223;Bad Tölz-Wolfratshausen – Miesbach;BY;Urne;165527;77355;897;76458;0;8952;4361;10294;35914;5890;8221;0;0;0;0;0;0;2826;0;0;0;0;0;0;0;0;0;0;0;0;0;0;0;0;0;0;0;0;0;0;0;0;582;76773;0;8789;4061;8169;31081;9086;9783;257;141;1804;600;592;401;1403;0;0;12;17;0;0;0;0;0;98;139;5;160;0;0;0;0;0;78;97
224;Starnberg – Landsberg am Lech;BY;Urne;213628;109633;914;108719;0;18606;4698;13097;45361;9508;10240;1326;0;2464;0;1938;0;1336;0;0;0;0;0;0;0;0;0;0;0;0;0;0;0;0;0;0;0;0;0;0;0;145;556;109077;0;14370;6426;14711;40597;14627;11577;418;159;1588;881;993;718;1143;0;0;20;13;0;0;0;0;0;150;184;13;214;0;0;0;0;0;97;178
225;Traunstein;BY;Urne;208466;99446;999;98447;0;15823;4749;7808;49096;5312;10840;0;0;0;0;2062;0;2757;0;0;0;0;0;0;0;0;0;0;0;0;0;0;0;0;0;0;0;0;0;0;0;0;824;98622;0;12127;5678;8898;42901;8835;12843;301;235;2140;685;1011;509;1762;0;0;9;13;0;0;0;0;0;74;111;10;234;0;0;0;0;0;108;138
226;Weilheim;BY;Urne;167159;78557;844;77713;0;11770;4083;7047;36562;5054;8364;0;0;0;0;2620;0;2213;0;0;0;0;0;0;0;0;0;0;0;0;0;0;0;0;0;0;0;0;0;0;0;0;554;78003;0;9493;4632;7684;32360;7689;10025;226;144;1463;655;1217;482;1289;0;0;14;11;0;0;0;0;0;98;116;10;171;0;0;0;0;0;85;139
227;Deggendorf;BY;Urne;166659;69190;729;68461;0;11660;3145;3106;30536;2678;12191;0;0;3437;0;0;0;1708;0;0;0;0;0;0;0;0;0;0;0;0;0;0;0;0;0;0;0;0;0;0;0;0;540;68650;0;9935;3760;3242;27738;5148;13592;140;269;2363;454;439;214;1050;0;0;11;7;0;0;0;0;0;42;51;6;69;0;0;0;0;0;51;69
228;Landshut;BY;Urne;249836;119826;1289;118537;0;16897;4651;7729;46711;9854;16165;0;0;12425;0;2281;0;1824;0;0;0;0;0;0;0;0;0;0;0;0;0;0;0;0;0;0;0;0;0;0;0;0;1066;118760;0;16313;6197;8581;45708;11843;18650;415;324;5722;960;1237;647;1383;0;0;18;12;0;0;0;0;0;135;127;16;141;0;0;0;0;0;145;186
229;Passau;BY;Urne;177387;73030;769;72261;0;13986;3791;4029;33667;4007;10722;0;0;0;0;2059;0;0;0;0;0;0;0;0;0;0;0;0;0;0;0;0;0;0;0;0;0;0;0;0;0;0;585;72445;0;11345;4490;4734;28592;6330;12364;196;221;1471;490;832;345;635;0;0;9;8;0;0;0;0;0;74;52;7;80;0;0;0;0;0;73;97
230;Rottal-Inn;BY;Urne;168642;78211;896;77315;0;11391;3202;3625;35183;4932;12189;0;0;3376;0;1890;0;1527;0;0;0;0;0;0;0;0;0;0;0;0;0;0;0;0;0;0;0;0;0;0;0;0;643;77568;0;10187;3628;4022;32895;6840;13564;184;233;2547;589;1145;291;1047;0;0;8;13;0;0;0;0;0;54;49;9;102;0;0;0;0;0;86;75
231;Straubing;BY;Urne;173953;78480;1053;77427;0;13297;3140;2797;36319;3272;12545;0;0;3138;0;1552;0;1367;0;0;0;0;0;0;0;0;0;0;0;0;0;0;0;0;0;0;0;0;0;0;0;0;1008;77472;0;11067;3666;3599;31406;6289;15323;180;332;2588;479;947;271;967;0;0;10;5;0;0;0;0;0;43;56;5;101;0;0;0;0;0;68;70
232;Amberg;BY;Urne;215876;110488;1203;109285;0;17374;5366;7511;51044;5433;13173;0;0;5934;0;1816;0;1143;0;0;0;0;0;0;0;0;0;0;0;0;0;0;0;0;0;0;0;0;0;0;491;0;1052;109436;0;17701;6343;7864;45367;8255;15067;323;429;3919;930;1092;607;914;0;0;34;12;0;0;0;0;0;75;109;14;149;0;0;0;0;0;113;119
233;Regensburg;BY;Urne;252916;123329;1252;122077;0;20862;7936;11097;47938;7128;15776;1056;0;7401;0;2717;0;0;0;0;0;0;0;0;0;0;0;0;0;0;0;0;0;0;0;166;0;0;0;0;0;0;891;122438;0;18411;8954;12513;44629;10592;17518;508;244;4451;1000;1146;866;805;0;0;21;23;0;0;0;0;0;131;131;21;160;0;0;0;0;0;127;187
234;Schwandorf;BY;Urne;216418;94601;2190;92411;0;22567;5081;3683;44811;4253;0;0;0;8687;0;2040;0;0;0;0;0;0;0;0;0;0;0;0;0;0;0;0;0;0;0;0;0;0;0;0;0;1289;956;93645;0;15515;4559;4438;38468;6201;16786;275;343;4080;601;796;375;779;0;0;19;11;0;0;0;0;0;45;73;10;82;0;0;0;0;0;93;96
235;Weiden;BY;Urne;168415;79457;1658;77799;0;17482;3877;2841;36173;3248;0;0;0;4225;0;948;0;1934;0;0;0;0;0;0;0;0;0;0;0;0;0;0;0;0;0;0;0;0;0;0;0;7071;930;78527;0;15085;4083;4046;33433;5070;11220;195;268;2620;483;553;359;710;0;0;14;9;0;0;0;0;0;48;48;15;79;0;0;0;0;0;102;87
236;Bamberg;BY;Urne;182513;89525;778;88747;0;18854;5033;8208;36057;5490;10900;0;0;2395;0;1098;0;476;0;0;236;0;0;0;0;0;0;0;0;0;0;0;0;0;0;0;0;0;0;0;0;0;598;88927;0;14491;6271;9069;32882;8271;12183;313;344;1873;735;563;861;336;0;0;77;11;0;0;0;0;0;103;119;11;176;0;0;0;0;0;100;138
237;Bayreuth;BY;Urne;163934;82434;781;81653;0;17832;3850;5624;37477;5103;8142;0;0;2629;0;0;996;0;0;0;0;0;0;0;0;0;0;0;0;0;0;0;0;0;0;0;0;0;0;0;0;0;546;81888;0;15617;4894;6429;33577;6897;9417;239;253;1984;612;317;799;215;0;0;16;10;0;0;0;0;0;82;94;11;136;0;0;0;0;0;115;174
238;Coburg;BY;Urne;159654;87253;1144;86109;0;23087;4710;4835;38126;3967;9768;0;435;0;0;1072;0;0;0;0;109;0;0;0;0;0;0;0;0;0;0;0;0;0;0;0;0;0;0;0;0;0;857;86396;0;20015;5173;5577;33193;6713;10933;274;412;1622;750;421;632;160;0;0;60;9;0;0;0;0;0;58;89;8;108;0;0;0;0;0;95;94
239;Hof;BY;Urne;167552;86361;833;85528;0;20817;4141;3903;38750;3148;10671;715;0;2291;0;0;885;0;0;0;0;0;0;0;0;0;0;0;0;0;0;0;0;207;0;0;0;0;0;0;0;0;943;85418;0;19410;5293;4700;31701;6586;11992;371;396;2074;856;240;975;228;0;0;29;15;0;0;0;0;0;101;92;14;122;0;0;0;0;0;108;115
240;Kulmbach;BY;Urne;170897;85760;1044;84716;0;13999;3567;3734;46107;3220;10433;0;0;2467;0;1189;0;0;0;0;0;0;0;0;0;0;0;0;0;0;0;0;0;0;0;0;0;0;0;0;0;0;967;84793;0;15452;4486;5223;35539;6382;12164;276;455;1970;712;552;717;308;0;0;36;9;0;0;0;0;0;65;83;8;159;0;0;0;0;0;100;97
241;Ansbach;BY;Urne;243760;122682;1617;121065;0;22166;7861;8919;53222;4723;13552;0;0;7739;0;2749;0;0;0;0;0;0;0;0;0;0;0;0;0;0;0;0;0;0;0;134;0;0;0;0;0;0;1319;121363;0;20946;8648;10656;47992;8717;15262;562;521;3803;958;1427;823;303;0;0;30;17;0;0;0;0;0;83;110;18;199;0;0;0;0;0;170;118
242;Erlangen;BY;Urne;180730;93475;652;92823;0;19902;5904;10034;38716;5208;8022;904;0;2526;0;1607;0;0;0;0;0;0;0;0;0;0;0;0;0;0;0;0;0;0;0;0;0;0;0;0;0;0;528;92947;0;16573;7584;12691;31803;9084;9509;474;243;1836;700;763;808;156;0;0;43;11;0;0;0;0;0;115;161;12;146;0;0;0;0;0;79;156
243;Fürth;BY;Urne;255491;135161;1317;133844;0;31442;9768;12701;51944;6861;15058;0;0;5529;0;0;0;541;0;0;0;0;0;0;0;0;0;0;0;0;0;0;0;0;0;0;0;0;0;0;0;0;1155;134006;0;25645;11344;14163;45276;11595;16657;626;470;3164;1357;839;1260;439;0;0;35;18;0;0;0;0;0;172;225;34;228;0;0;0;0;0;221;238
244;Nürnberg-Nord;BY;Urne;192214;93000;911;92089;0;24677;10052;11320;27340;5939;9357;0;0;1706;0;1443;0;0;0;0;255;0;0;0;0;0;0;0;0;0;0;0;0;0;0;0;0;0;0;0;0;0;700;92300;0;17594;11748;13830;23910;9011;10101;572;201;973;974;755;1335;156;0;0;91;15;0;0;0;0;0;203;253;79;167;0;0;0;0;0;132;200
245;Nürnberg-Süd;BY;Urne;181809;90268;1064;89204;0;23988;8072;6696;30261;4929;12876;0;0;2382;0;0;0;0;0;0;0;0;0;0;0;0;0;0;0;0;0;0;0;0;0;0;0;0;0;0;0;0;899;89369;0;19033;8749;8190;26466;7196;13859;497;371;1316;1051;575;870;240;0;0;59;13;0;0;0;0;0;164;164;44;182;0;0;0;0;0;174;156
246;Roth;BY;Urne;227560;120752;1280;119472;0;25113;6212;9470;51796;5484;13039;1398;0;5579;0;1381;0;0;0;0;0;0;0;0;0;0;0;0;0;0;0;0;0;0;0;0;0;0;0;0;0;0;1076;119676;0;22513;8125;11881;43814;10088;14735;610;376;3620;1163;744;849;286;0;0;31;14;0;0;0;0;0;126;156;19;230;0;0;0;0;0;151;145
247;Aschaffenburg;BY;Urne;183362;96319;1541;94778;0;16293;4985;8809;43640;7358;11005;0;0;0;0;1822;0;0;0;0;271;0;0;0;0;0;0;0;0;0;0;0;0;0;0;0;0;0;0;0;0;595;1209;95110;0;17014;6277;9130;34710;10072;12175;337;326;1401;886;685;885;263;0;0;84;16;0;0;0;0;0;113;127;13;242;0;0;0;0;0;152;202
248;Bad Kissingen;BY;Urne;216030;106089;1234;104855;0;20081;6240;7281;52798;5608;11617;0;0;0;0;1230;0;0;0;0;0;0;0;0;0;0;0;0;0;0;0;0;0;0;0;0;0;0;0;0;0;0;1008;105081;0;17143;6917;7006;45424;9181;12994;414;556;2279;826;642;683;269;0;0;26;20;0;0;0;0;0;100;91;13;192;0;0;0;0;0;161;144
249;Main-Spessart;BY;Urne;196183;93850;1243;92607;0;21439;4996;6581;41542;4492;9276;0;0;3107;0;1174;0;0;0;0;0;0;0;0;0;0;0;0;0;0;0;0;0;0;0;0;0;0;0;0;0;0;842;93008;0;17843;5746;7367;36880;8080;11155;319;273;2286;791;510;697;175;0;0;36;12;0;0;0;0;0;91;105;14;218;0;0;0;0;0;119;291
250;Schweinfurt;BY;Urne;199041;102789;1379;101410;0;17729;8498;7445;47173;5982;12264;0;0;0;0;1229;0;912;0;0;178;0;0;0;0;0;0;0;0;0;0;0;0;0;0;0;0;0;0;0;0;0;966;101823;0;17555;7494;7663;40151;8811;13616;376;386;2195;1010;553;719;394;0;0;87;14;0;0;0;0;0;85;105;13;281;0;0;0;0;0;146;169
251;Würzburg;BY;Urne;225998;99408;984;98424;0;19000;6280;13790;39652;7501;8585;0;0;0;0;1569;2047;0;0;0;0;0;0;0;0;0;0;0;0;0;0;0;0;0;0;0;0;0;0;0;0;0;717;98691;0;18013;7953;13139;34211;9937;9761;384;200;1206;993;575;1181;166;0;0;38;10;0;0;0;0;0;147;163;15;302;0;0;0;0;0;107;190
252;Augsburg-Stadt;BY;Urne;210528;108930;1258;107672;0;21480;9563;14006;36432;6214;15772;0;0;2117;0;1561;0;0;0;0;283;244;0;0;0;0;0;0;0;0;0;0;0;0;0;0;0;0;0;0;0;0;1038;107892;0;17794;10206;12835;33009;10192;16409;737;261;1473;1101;780;1174;490;0;0;110;57;0;0;0;0;0;188;223;29;248;0;0;0;0;0;155;421
253;Augsburg-Land;BY;Urne;248812;135704;1387;134317;0;19467;5305;10135;63654;7872;17196;0;0;8264;0;2424;0;0;0;0;0;0;0;0;0;0;0;0;0;0;0;0;0;0;0;0;0;0;0;0;0;0;1000;134704;0;17745;7020;11990;54684;13693;19397;520;367;3989;1230;1251;778;960;0;0;36;20;0;0;0;0;0;138;158;19;245;0;0;0;0;0;169;295
254;Donau-Ries;BY;Urne;190782;96255;1003;95252;0;17658;4202;6129;44305;4402;12890;0;0;4441;0;1225;0;0;0;0;0;0;0;0;0;0;0;0;0;0;0;0;0;0;0;0;0;0;0;0;0;0;815;95440;0;13504;4634;6705;40833;8382;14806;335;415;2889;635;678;423;662;0;0;17;8;0;0;0;0;0;64;76;12;134;0;0;0;0;0;111;117
255;Neu-Ulm;BY;Urne;239647;121678;1261;120417;0;18040;5657;10623;53474;6963;17609;924;0;5271;0;1535;0;0;0;0;0;0;0;0;0;0;0;0;0;0;0;0;0;0;0;0;0;0;0;0;321;0;1041;120637;0;16916;6602;9796;47068;12062;19566;627;636;2916;1109;1068;699;546;0;0;32;23;0;0;0;0;0;166;136;20;263;0;0;0;0;0;185;201
256;Oberallgäu;BY;Urne;226604;111563;942;110621;0;14403;5842;9990;54485;7162;11811;0;0;4420;0;1346;0;1162;0;0;0;0;0;0;0;0;0;0;0;0;0;0;0;0;0;0;0;0;0;0;0;0;871;110692;0;14467;7055;12371;44710;11201;12899;416;262;2848;999;959;650;805;0;0;30;20;0;0;0;0;0;302;119;13;284;0;0;0;0;0;115;167
257;Ostallgäu;BY;Urne;247539;128284;1303;126981;0;14940;7190;10631;61582;6875;17093;0;0;4173;0;2477;0;1750;0;0;0;0;0;0;0;0;0;0;0;0;0;0;0;0;0;0;0;0;0;0;270;0;1204;127080;0;15790;7383;10755;52351;12626;18326;451;405;3166;981;1798;645;1431;0;0;26;15;0;0;0;0;0;192;119;18;281;0;0;0;0;0;132;189
258;Stuttgart I;BW;Urne;194368;99589;770;98819;29983;13723;7105;28910;0;7834;7389;952;0;0;992;407;1091;0;0;0;162;62;0;0;0;0;0;0;0;0;0;0;0;0;0;0;0;0;0;0;0;209;636;98953;26593;15509;10059;19233;0;15492;7948;651;76;298;629;283;1013;0;0;0;115;0;0;9;0;155;0;237;241;32;162;0;0;0;90;0;0;128
259;Stuttgart II;BW;Urne;182501;95806;1056;94750;30370;18364;9030;14323;0;7775;10827;1018;0;0;1240;389;1059;0;0;0;289;66;0;0;0;0;0;0;0;0;0;0;0;0;0;0;0;0;0;0;0;0;982;94824;26057;17033;9324;13845;0;12681;11187;733;130;339;860;285;972;0;0;0;215;0;0;23;0;209;0;278;181;25;244;0;0;0;106;0;0;97
260;Böblingen;BW;Urne;245678;143678;1838;141840;53781;28169;7361;16920;0;17571;17103;0;0;0;0;0;0;0;0;0;279;0;0;0;0;0;0;0;0;0;0;0;0;0;0;0;0;0;0;0;0;656;1422;142256;48739;22811;7995;17813;0;20988;17867;837;405;1025;995;351;945;0;0;0;129;0;0;48;0;290;0;160;248;19;292;0;0;0;148;0;0;151
261;Esslingen;BW;Urne;168715;95436;1054;94382;36385;18736;5770;14269;0;7942;11026;0;0;0;0;0;0;0;0;0;254;0;0;0;0;0;0;0;0;0;0;0;0;0;0;0;0;0;0;0;0;0;918;94518;30122;16505;6180;13650;0;12634;11204;548;213;650;881;217;729;0;0;0;124;0;0;19;0;207;0;143;152;8;127;0;0;0;99;0;0;106
262;Nürtingen;BW;Urne;207044;120521;1389;119132;45884;23482;5936;17078;0;11549;14959;0;0;0;0;0;0;0;0;0;244;0;0;0;0;0;0;0;0;0;0;0;0;0;0;0;0;0;0;0;0;0;1205;119316;38830;18698;6787;16780;0;17541;15542;623;297;823;1144;300;801;0;0;0;98;0;0;55;0;234;0;143;190;9;193;0;0;0;115;0;0;113
263;Göppingen;BW;Urne;178409;102412;1724;100688;37062;22457;4771;11888;0;9056;15174;0;0;0;0;0;0;0;0;0;280;0;0;0;0;0;0;0;0;0;0;0;0;0;0;0;0;0;0;0;0;0;1416;100996;32475;18167;5415;12289;0;12510;15577;652;299;663;944;253;717;0;0;0;117;0;0;33;0;235;0;128;109;17;175;0;0;0;98;0;0;123
264;Waiblingen;BW;Urne;222891;131594;1543;130051;46934;25114;6683;15736;0;17193;16994;0;0;0;0;1165;0;0;0;0;232;0;0;0;0;0;0;0;0;0;0;0;0;0;0;0;0;0;0;0;0;0;1230;130364;41808;21152;7622;15695;0;20804;17742;887;318;744;1133;482;709;0;0;0;122;0;0;15;0;356;0;144;163;12;217;0;0;0;111;0;0;128
265;Ludwigsburg;BW;Urne;218074;124533;1417;123116;45969;22908;7102;16949;0;12356;15053;0;0;2393;0;0;0;0;0;0;386;0;0;0;0;0;0;0;0;0;0;0;0;0;0;0;0;0;0;0;0;0;1113;123420;39738;20841;7872;16876;0;17707;14883;672;261;963;893;363;920;0;0;0;189;0;0;34;0;325;0;195;183;15;211;0;0;0;128;0;0;151
266;Neckar-Zaber;BW;Urne;229280;136973;1582;135391;52896;27283;6439;16598;0;12001;17698;0;0;2241;0;0;0;0;0;0;235;0;0;0;0;0;0;0;0;0;0;0;0;0;0;0;0;0;0;0;0;0;1285;135688;43544;22885;7401;17669;0;19620;18491;617;443;1326;1007;427;931;0;0;0;112;0;0;45;0;344;0;154;172;11;196;0;0;0;149;0;0;144
267;Heilbronn;BW;Urne;242553;142373;2235;140138;48344;32774;6827;11084;0;12984;23277;0;0;1381;0;846;1664;0;0;0;239;0;0;205;0;0;0;0;0;0;0;0;0;0;0;0;0;0;0;0;0;513;2162;140211;43471;25286;8423;14192;0;17728;24557;606;646;938;887;542;1227;0;0;0;156;0;0;118;0;352;0;127;163;20;417;0;0;0;205;0;0;150
268;Schwäbisch Hall – Hohenlohe;BW;Urne;225785;137294;1618;135676;54851;24873;5933;16322;0;11340;19393;1304;0;0;0;1445;0;0;0;0;215;0;0;0;0;0;0;0;0;0;0;0;0;0;0;0;0;0;0;0;0;0;1782;135512;45949;22129;7665;15827;0;17074;20901;730;665;712;813;842;803;0;0;0;100;0;0;45;0;290;0;130;125;26;291;0;0;0;178;0;0;217
269;Backnang – Schwäbisch Gmünd;BW;Urne;176968;102548;1601;100947;40757;20326;5854;11132;0;8113;14152;0;382;0;0;0;0;0;0;0;231;0;0;0;0;0;0;0;0;0;0;0;0;0;0;0;0;0;0;0;0;0;1225;101323;34861;17008;6171;11249;0;12280;15408;587;378;497;864;319;649;0;0;0;76;0;0;32;0;191;0;142;156;22;205;0;0;0;113;0;0;115
270;Aalen – Heidenheim;BW;Urne;221853;129311;2211;127100;58373;26973;6850;11613;0;7480;14859;0;665;0;0;0;0;0;0;0;287;0;0;0;0;0;0;0;0;0;0;0;0;0;0;0;0;0;0;0;0;0;1750;127561;47945;24230;7315;13528;0;12981;16499;494;546;778;890;393;801;0;0;0;101;0;0;52;0;258;0;151;124;54;145;0;0;0;159;0;0;117
271;Karlsruhe-Stadt;BW;Urne;208868;109515;1227;108288;29609;26398;8926;18013;0;8772;12214;0;0;0;1697;0;1965;0;0;0;189;0;0;102;0;0;0;0;0;0;0;0;0;0;0;0;0;0;0;0;0;403;1037;108478;28402;18898;11218;19233;0;12326;12681;684;152;392;1189;282;1526;0;0;0;110;0;0;61;0;269;0;261;313;24;191;0;0;0;116;0;0;150
272;Karlsruhe-Land;BW;Urne;209741;121766;1649;120117;47642;24093;5760;13799;0;10535;14762;0;0;1772;0;0;1619;0;0;0;0;0;0;135;0;0;0;0;0;0;0;0;0;0;0;0;0;0;0;0;0;0;1417;120349;41470;20959;6854;14865;0;15085;15756;522;225;997;1038;215;1058;0;0;0;50;0;0;88;0;319;0;170;202;21;183;0;0;0;154;0;0;118
273;Rastatt;BW;Urne;206484;115236;1896;113340;48849;21867;5531;12087;0;8041;14875;0;0;1913;0;0;0;0;0;0;0;0;0;96;0;0;0;0;0;0;0;0;0;0;0;0;0;0;0;0;0;81;1698;113538;41775;19693;6457;12689;0;12700;15538;505;249;1059;794;194;706;0;0;0;47;0;0;79;0;294;0;105;154;20;236;0;0;0;133;0;0;111
274;Heidelberg;BW;Urne;217934;123905;1253;122652;38605;33137;7796;19486;0;8050;11855;874;0;1238;0;0;1475;0;0;0;136;0;0;0;0;0;0;0;0;0;0;0;0;0;0;0;0;0;0;0;0;0;1081;122824;35113;23527;10677;20749;0;15087;12610;539;227;699;798;252;1300;0;0;0;59;0;0;19;0;294;0;183;242;27;145;0;0;0;118;0;0;159
275;Mannheim;BW;Urne;197289;98582;1191;97391;26867;28164;7715;11884;0;6281;13643;0;0;1011;0;0;1621;0;0;0;205;0;0;0;0;0;0;0;0;0;0;0;0;0;0;0;0;0;0;0;0;0;1123;97459;24502;21184;9597;12488;0;10269;14008;519;303;546;1110;161;1356;0;0;0;121;0;0;29;0;304;0;263;201;31;187;0;0;0;129;0;0;151
276;Odenwald – Tauber;BW;Urne;210876;127499;1832;125667;58672;24103;6725;8293;0;8642;17715;0;0;0;0;1517;0;0;0;0;0;0;0;0;0;0;0;0;0;0;0;0;0;0;0;0;0;0;0;0;0;0;1909;125590;49459;21396;7130;10358;0;13369;18154;438;561;972;942;849;786;0;0;0;35;0;0;36;0;308;0;128;100;19;266;0;0;0;157;0;0;127
277;Rhein-Neckar;BW;Urne;198251;116251;1586;114665;41929;27806;6254;10770;0;9194;15685;0;0;1624;0;0;1403;0;0;0;0;0;0;0;0;0;0;0;0;0;0;0;0;0;0;0;0;0;0;0;0;0;1461;114790;37163;21559;7620;12942;0;13870;16303;493;419;994;903;251;1080;0;0;0;61;0;0;55;0;284;0;124;136;11;208;0;0;0;129;0;0;185
278;Bruchsal – Schwetzingen;BW;Urne;196426;111685;1784;109901;44025;21823;5474;9280;0;7440;16640;0;0;1772;2085;0;1136;0;0;0;0;0;0;161;0;0;0;0;0;0;0;0;0;0;0;0;0;0;0;0;0;65;1570;110115;36623;19499;6668;11374;0;12956;17368;426;340;1067;1461;169;1015;0;0;0;70;0;0;77;0;273;0;119;146;9;159;0;0;0;167;0;0;129
279;Pforzheim;BW;Urne;219577;122076;1658;120418;42436;23262;5977;11209;0;13769;20727;0;0;0;2812;0;0;0;0;0;0;0;0;129;0;0;0;0;0;0;0;0;0;0;0;0;0;0;0;0;0;97;1651;120425;37659;20071;6859;12683;0;15890;21322;482;346;817;1846;265;909;0;0;0;97;0;0;89;0;288;0;186;132;12;193;0;0;0;154;0;0;125
280;Calw;BW;Urne;198021;115044;1472;113572;48500;19330;5383;9375;0;10446;17134;759;0;1098;1408;0;0;0;0;0;139;0;0;0;0;0;0;0;0;0;0;0;0;0;0;0;0;0;0;0;0;0;1680;113364;41411;16596;6005;10755;0;15815;18043;490;410;808;967;341;568;0;0;0;74;0;0;51;0;239;0;173;120;10;245;0;0;0;110;0;0;133
281;Freiburg;BW;Urne;222308;120227;1143;119084;32681;28489;9222;28909;0;5999;9550;0;0;0;1843;0;1656;0;0;0;173;0;0;0;0;0;0;0;0;0;0;0;0;235;0;0;0;0;0;0;0;327;1119;119108;32289;21946;13922;24237;0;10652;10382;438;183;383;1318;449;1246;0;0;0;109;0;0;22;0;195;0;512;360;25;173;0;0;0;149;0;0;118
282;Lörrach – Müllheim;BW;Urne;232208;128463;1557;126906;48703;27470;6925;18344;0;10738;13016;1552;0;0;0;0;0;0;0;0;0;0;0;0;0;0;0;0;0;0;0;0;0;0;0;0;0;0;0;0;0;158;1468;126995;42568;23361;8347;19036;0;13521;14164;700;338;840;1172;333;978;0;0;0;134;0;0;41;0;342;0;338;191;17;241;0;0;0;195;0;0;138
283;Emmendingen – Lahr;BW;Urne;218287;127683;1830;125853;47049;29985;6728;13585;0;10467;14525;0;0;0;2283;1231;0;0;0;0;0;0;0;0;0;0;0;0;0;0;0;0;0;0;0;0;0;0;0;0;0;0;1833;125850;44786;23048;7395;16545;0;12926;15378;572;284;926;1583;699;714;0;0;0;48;0;0;24;0;237;0;167;135;8;169;0;0;0;98;0;0;108
284;Offenburg;BW;Urne;205551;117852;1845;116007;55477;20170;6326;14202;0;7048;12784;0;0;0;0;0;0;0;0;0;0;0;0;0;0;0;0;0;0;0;0;0;0;0;0;0;0;0;0;0;0;0;1882;115970;42701;19341;6510;15713;0;12417;14194;529;308;937;1020;296;756;0;0;0;25;0;0;38;0;300;0;141;119;19;259;0;0;0;166;0;0;181
285;Rottweil – Tuttlingen;BW;Urne;199227;114192;1723;112469;47657;18311;4603;9990;0;12182;15722;0;0;1350;0;1232;0;0;0;0;0;0;0;0;1422;0;0;0;0;0;0;0;0;0;0;0;0;0;0;0;0;0;1786;112406;41762;16815;5586;10959;0;15052;16755;445;437;1053;666;789;620;0;0;0;37;0;0;31;0;618;0;154;109;24;256;0;0;0;123;0;0;115
286;Schwarzwald-Baar;BW;Urne;165041;92216;1400;90816;42027;15332;4123;8424;0;7497;11302;0;564;1080;0;0;0;0;0;0;159;0;0;0;0;0;0;0;0;0;0;0;0;0;0;0;0;0;0;0;0;308;1447;90769;33533;14497;5034;10733;0;10789;12229;371;466;681;733;202;527;0;0;0;79;0;0;33;0;255;0;102;76;22;177;0;0;0;113;0;0;117
287;Konstanz;BW;Urne;205135;110364;1374;108990;47899;18876;7868;13812;0;7728;11568;0;0;0;0;0;1016;0;0;0;0;0;0;0;0;0;0;0;0;0;0;0;0;0;0;0;0;0;0;0;0;223;1237;109127;35301;17619;8199;16623;0;13825;12411;499;277;675;1035;290;1019;0;0;0;69;0;0;32;0;265;0;227;194;19;281;0;0;0;139;0;0;128
288;Waldshut;BW;Urne;177806;100193;1268;98925;41749;23837;5005;11178;0;6004;9514;0;0;978;0;660;0;0;0;0;0;0;0;0;0;0;0;0;0;0;0;0;0;0;0;0;0;0;0;0;0;0;1293;98900;38720;16496;5559;13274;0;10469;10223;335;235;791;875;359;626;0;0;0;14;0;0;31;0;235;0;150;123;6;151;0;0;0;133;0;0;95
289;Reutlingen;BW;Urne;199934;115549;1570;113979;45840;17547;7461;15747;0;10917;14597;0;0;0;0;0;1130;0;0;0;199;0;0;0;0;0;0;0;0;0;0;0;0;0;0;0;0;0;0;0;0;541;1413;114136;38524;17465;7324;15414;0;15269;15689;506;285;607;709;319;903;0;0;0;132;0;0;35;0;243;0;133;146;18;165;0;0;0;105;0;0;145
290;Tübingen;BW;Urne;196488;114295;1332;112963;40275;20015;10101;20268;0;8858;10656;0;0;0;0;0;1584;0;0;0;211;0;0;0;0;0;0;0;0;0;0;0;0;0;0;0;0;0;0;0;0;995;1226;113069;34337;18145;11090;19455;0;13210;12272;516;262;528;696;414;947;0;0;0;116;0;0;27;0;208;0;171;232;37;155;0;0;0;122;0;0;129
291;Ulm;BW;Urne;222673;130903;1652;129251;55633;26113;6290;14456;0;9819;14660;2043;0;0;0;0;0;0;0;0;237;0;0;0;0;0;0;0;0;0;0;0;0;0;0;0;0;0;0;0;0;0;1407;129496;47818;20839;7633;16919;0;14382;15955;785;411;911;1027;478;917;0;0;0;78;0;0;41;0;294;0;189;184;14;298;0;0;0;155;0;0;168
292;Biberach;BW;Urne;167025;100497;1350;99147;44808;16421;3787;12913;0;7083;11782;0;0;1141;0;1212;0;0;0;0;0;0;0;0;0;0;0;0;0;0;0;0;0;0;0;0;0;0;0;0;0;0;1293;99204;42780;12632;4659;10861;0;10614;13006;495;312;872;660;877;473;0;0;0;31;0;0;32;0;227;0;133;92;13;184;0;0;0;150;0;0;101
293;Bodensee;BW;Urne;172782;98425;1112;97313;40128;17654;5398;12847;0;8398;10769;0;0;924;0;972;0;0;0;0;0;0;0;0;0;0;0;0;0;0;0;0;0;0;0;0;0;0;0;0;0;223;1056;97369;35585;14199;6245;13844;0;12448;10902;339;218;725;617;532;608;0;0;0;47;0;0;38;0;197;0;173;131;15;201;0;0;0;177;0;0;128
294;Ravensburg;BW;Urne;186958;107939;1254;106685;41323;13648;6048;20431;0;10482;10858;0;0;1476;0;1747;0;0;0;0;101;0;0;0;0;0;0;0;0;0;455;0;0;0;0;0;0;0;0;0;0;116;1219;106720;41151;14664;6780;15336;0;11874;11719;380;212;962;716;1161;591;0;0;0;50;0;0;36;0;218;0;167;113;12;162;0;0;0;309;0;0;107
295;Zollernalb – Sigmaringen;BW;Urne;183588;107144;1966;105178;46895;15643;5242;12618;0;9575;14801;0;0;0;0;0;0;0;0;0;404;0;0;0;0;0;0;0;0;0;0;0;0;0;0;0;0;0;0;0;0;0;1642;105502;39410;15302;5674;11823;0;13736;15016;487;441;789;865;276;554;0;0;0;137;0;0;33;0;254;0;156;84;9;185;0;0;0;144;0;0;127
296;Saarbrücken;SL;Urne;199885;105806;1787;104019;30447;34187;14808;6117;0;5121;10136;1051;740;1137;0;0;0;0;0;0;275;0;0;0;0;0;0;0;0;0;0;0;0;0;0;0;0;0;0;0;0;0;1731;104075;27190;27534;16791;8680;0;8017;10963;658;725;744;0;0;1812;0;0;70;123;0;0;0;0;0;0;262;0;0;191;0;0;0;0;0;0;315
297;Saarlouis;SL;Urne;207501;123465;1962;121503;44230;39708;13999;4260;0;4525;11450;739;0;1035;0;0;1382;0;0;175;0;0;0;0;0;0;0;0;0;0;0;0;0;0;0;0;0;0;0;0;0;0;2335;121130;38738;32890;16629;6771;0;9175;12478;650;608;942;0;0;1428;0;0;149;64;0;0;0;0;0;0;136;0;0;146;0;0;0;0;0;0;326
298;St. Wendel;SL;Urne;177468;104716;1997;102719;41320;31705;10672;3530;0;4733;9188;0;0;1571;0;0;0;0;0;0;0;0;0;0;0;0;0;0;0;0;0;0;0;0;0;0;0;0;0;0;0;0;2101;102615;35403;28670;12373;5156;0;7108;10004;528;516;893;0;0;1301;0;0;98;58;0;0;0;0;0;0;133;0;0;153;0;0;0;0;0;0;221
299;Homburg;SL;Urne;192410;107055;2082;104973;33028;33567;12414;5087;0;5221;12506;0;0;1330;0;0;1653;0;0;0;167;0;0;0;0;0;0;0;0;0;0;0;0;0;0;0;0;0;0;0;0;0;1931;105124;30207;29185;14128;6056;0;8002;13308;527;621;941;0;0;1388;0;0;85;80;0;0;0;0;0;0;130;0;0;190;0;0;0;0;0;0;276
001;Flensburg – Schleswig;SH;Brief;0;34480;210;34270;14556;8563;2088;4309;0;2434;1708;0;0;369;0;0;0;0;0;0;0;0;0;0;0;0;0;0;0;0;0;0;0;0;0;0;0;0;0;0;0;243;138;34342;12663;7086;2447;4846;0;4426;1929;0;42;225;0;84;370;0;0;0;13;0;0;0;0;0;0;211;0;0;0;0;0;0;0;0;0;0
002;Nordfriesland – Dithmarschen Nord;SH;Brief;0;28737;196;28541;13109;6444;1441;3193;0;2459;1488;0;0;407;0;0;0;0;0;0;0;0;0;0;0;0;0;0;0;0;0;0;0;0;0;0;0;0;0;0;0;0;119;28618;11185;5792;1703;3370;0;4179;1659;0;39;210;0;48;267;0;0;0;18;0;0;0;0;0;0;148;0;0;0;0;0;0;0;0;0;0
003;Steinburg – Dithmarschen Süd;SH;Brief;0;23952;116;23836;10195;5748;1186;1915;0;3084;1466;0;0;217;0;0;0;0;0;0;25;0;0;0;0;0;0;0;0;0;0;0;0;0;0;0;0;0;0;0;0;0;93;23859;9095;4896;1489;2602;0;3493;1680;0;46;176;0;35;224;0;0;0;13;0;0;0;0;0;0;110;0;0;0;0;0;0;0;0;0;0
004;Rendsburg-Eckernförde;SH;Brief;0;31866;163;31703;14348;8247;1371;3269;0;2197;1942;0;0;329;0;0;0;0;0;0;0;0;0;0;0;0;0;0;0;0;0;0;0;0;0;0;0;0;0;0;0;0;122;31744;12249;6451;1756;4235;0;4286;2024;0;39;194;0;54;304;0;0;0;9;0;0;0;0;0;0;143;0;0;0;0;0;0;0;0;0;0
005;Kiel;SH;Brief;0;40874;264;40610;14227;11449;2490;6389;0;3176;1714;0;0;0;0;0;977;0;0;0;90;0;0;0;0;0;0;0;0;0;0;0;0;0;0;0;0;0;0;98;0;0;163;40711;12502;8615;3627;7341;0;5352;2027;0;33;124;0;126;720;0;0;0;44;0;0;0;0;0;0;200;0;0;0;0;0;0;0;0;0;0
006;Plön – Neumünster;SH;Brief;0;26540;180;26360;11618;6984;1278;2703;0;1969;1545;0;0;263;0;0;0;0;0;0;0;0;0;0;0;0;0;0;0;0;0;0;0;0;0;0;0;0;0;0;0;0;128;26412;9670;5717;1466;3500;0;3742;1771;0;41;143;0;46;210;0;0;0;10;0;0;0;0;0;0;96;0;0;0;0;0;0;0;0;0;0
007;Pinneberg;SH;Brief;0;45313;338;44975;19422;12958;2246;3916;0;3721;2712;0;0;0;0;0;0;0;0;0;0;0;0;0;0;0;0;0;0;0;0;0;0;0;0;0;0;0;0;0;0;0;261;45052;17128;9814;2594;4958;0;6576;2964;0;67;207;0;123;460;0;0;0;11;0;0;0;0;0;0;150;0;0;0;0;0;0;0;0;0;0
008;Segeberg – Stormarn-Mitte;SH;Brief;0;42554;240;42314;18604;10898;2069;3938;0;3607;2667;0;0;531;0;0;0;0;0;0;0;0;0;0;0;0;0;0;0;0;0;0;0;0;0;0;0;0;0;0;0;0;165;42389;15950;9075;2539;4719;0;6144;2869;0;70;360;0;101;406;0;0;0;15;0;0;0;0;0;0;141;0;0;0;0;0;0;0;0;0;0
009;Ostholstein – Stormarn-Nord;SH;Brief;0;29947;185;29762;13407;8195;1061;2332;0;2451;1953;0;0;240;0;0;0;0;0;0;0;0;0;0;0;0;0;0;0;0;0;0;0;0;0;0;123;0;0;0;0;0;151;29796;11578;6408;1482;3113;0;4479;2124;0;41;192;0;48;219;0;0;0;12;0;0;0;0;0;0;100;0;0;0;0;0;0;0;0;0;0
010;Herzogtum Lauenburg – Stormarn-Süd;SH;Brief;0;44689;273;44416;18847;11200;1880;4673;0;4050;3249;0;0;517;0;0;0;0;0;0;0;0;0;0;0;0;0;0;0;0;0;0;0;0;0;0;0;0;0;0;0;0;184;44505;16707;9247;2369;4850;0;6816;3447;0;95;317;0;99;390;0;0;0;8;0;0;0;0;0;0;160;0;0;0;0;0;0;0;0;0;0
011;Lübeck;SH;Brief;0;32811;450;32361;12582;10173;0;4878;0;1950;1990;0;0;551;0;0;0;0;0;0;237;0;0;0;0;0;0;0;0;0;0;0;0;0;0;0;0;0;0;0;0;0;195;32616;10752;7566;2705;4599;0;3953;2132;0;56;227;0;63;387;0;0;0;24;0;0;0;0;0;0;152;0;0;0;0;0;0;0;0;0;0
012;Schwerin – Ludwigslust-Parchim I – Nordwestmecklenburg I;MV;Brief;0;36775;341;36434;12018;8313;6690;1752;0;1981;4148;0;185;984;0;0;0;0;0;0;117;0;0;0;0;0;0;0;0;0;0;0;0;0;0;0;0;0;0;0;0;246;242;36533;13246;6753;6473;1795;0;2441;4249;0;196;405;420;43;311;0;0;0;60;0;0;0;0;0;0;141;0;0;0;0;0;0;0;0;0;0
013;Ludwigslust-Parchim II – Nordwestmecklenburg II – Landkreis Rostock I;MV;Brief;0;32517;231;32286;11146;7490;5191;1661;0;1875;4205;0;149;569;0;0;0;0;0;0;0;0;0;0;0;0;0;0;0;0;0;0;0;0;0;0;0;0;0;0;0;0;148;32369;12301;5260;5553;1450;0;2132;4298;0;189;280;401;60;271;0;0;0;49;0;0;0;0;0;0;125;0;0;0;0;0;0;0;0;0;0
014;Rostock – Landkreis Rostock II;MV;Brief;0;43391;283;43108;13086;7617;11420;2862;0;2149;4298;0;0;428;0;201;927;0;0;0;120;0;0;0;0;0;0;0;0;0;0;0;0;0;0;0;0;0;0;0;0;0;223;43168;14342;6734;9218;3215;0;3018;4559;0;172;268;519;129;693;0;0;0;91;0;0;0;0;0;0;210;0;0;0;0;0;0;0;0;0;0
015;Vorpommern-Rügen – Vorpommern-Greifswald I;MV;Brief;0;42867;273;42594;19826;5059;7209;1748;0;1373;6013;0;152;445;617;0;0;0;0;0;105;0;0;0;0;0;0;0;0;0;0;0;0;0;0;0;0;0;0;0;0;47;278;42589;14919;5330;8119;2816;0;3165;6049;0;174;351;819;80;426;0;0;0;72;0;0;0;0;0;0;269;0;0;0;0;0;0;0;0;0;0
016;Mecklenburgische Seenplatte I – Vorpommern-Greifswald II;MV;Brief;0;35700;386;35314;11298;5342;7590;1136;0;2503;6203;0;369;426;0;0;447;0;0;0;0;0;0;0;0;0;0;0;0;0;0;0;0;0;0;0;0;0;0;0;0;0;274;35426;12991;4553;6901;1041;0;2136;6141;0;348;244;461;39;301;0;0;0;61;0;0;0;0;0;0;209;0;0;0;0;0;0;0;0;0;0
017;Mecklenburgische Seenplatte II – Landkreis Rostock III;MV;Brief;0;33512;289;33223;13064;5254;6353;1473;0;1815;4376;0;203;565;0;0;0;0;0;0;120;0;0;0;0;0;0;0;0;0;0;0;0;0;0;0;0;0;0;0;0;0;246;33266;13121;4662;6064;1283;0;2047;4644;0;208;325;377;59;251;0;0;0;64;0;0;0;0;0;0;161;0;0;0;0;0;0;0;0;0;0
018;Hamburg-Mitte;HH;Brief;0;61583;415;61168;16760;17532;7293;8685;0;4620;3527;0;90;388;0;393;1789;0;0;0;91;0;0;0;0;0;0;0;0;0;0;0;0;0;0;0;0;0;0;0;0;0;310;61273;16653;13550;7789;9103;0;6533;3865;0;104;294;711;196;1321;0;0;0;46;0;0;0;0;0;0;404;430;38;0;0;0;0;0;0;0;236
019;Hamburg-Altona;HH;Brief;0;56445;299;56146;16802;14706;6384;8216;0;5799;2375;0;0;193;0;0;1303;0;0;0;84;0;0;0;0;0;0;0;0;0;0;0;0;0;0;0;0;0;0;0;0;284;194;56251;16397;10707;7262;9618;0;7364;2540;0;37;127;399;104;881;0;0;0;39;0;0;0;0;0;0;309;317;30;0;0;0;0;0;0;0;120
020;Hamburg-Eimsbüttel;HH;Brief;0;61937;449;61488;20401;17525;5433;9167;0;4717;3048;0;0;0;0;364;0;0;0;0;76;0;0;0;0;0;0;0;0;0;0;0;0;0;0;0;0;0;0;0;0;757;232;61705;19284;12794;6391;9674;0;7913;3118;0;46;127;500;169;900;0;0;0;30;0;0;0;0;0;0;265;315;33;0;0;0;0;0;0;0;146
021;Hamburg-Nord;HH;Brief;0;72504;577;71927;27138;20162;4492;9652;0;6638;3310;0;0;535;0;0;0;0;0;0;0;0;0;0;0;0;0;0;0;0;0;0;0;0;0;0;0;0;0;0;0;0;280;72224;25594;14673;5549;9272;0;10991;3776;0;62;258;508;129;684;0;0;0;21;0;0;0;0;0;0;255;265;31;0;0;0;0;0;0;0;156
022;Hamburg-Wandsbek;HH;Brief;0;62301;453;61848;20879;20481;4701;4346;0;4903;4835;0;120;538;0;0;1045;0;0;0;0;0;0;0;0;0;0;0;0;0;0;0;0;0;0;0;0;0;0;0;0;0;293;62008;20480;16010;4925;6032;0;7073;4946;0;112;313;647;144;661;0;0;0;17;0;0;0;0;0;0;265;218;25;0;0;0;0;0;0;0;140
023;Hamburg-Bergedorf – Harburg;HH;Brief;0;49443;500;48943;15931;16662;4320;3989;0;2661;4142;0;154;232;0;360;0;0;0;0;77;0;0;0;0;0;0;0;0;0;0;0;0;0;0;0;0;0;0;0;0;415;322;49121;15593;12827;4503;4691;0;4741;4338;0;127;203;503;200;780;0;0;0;32;0;0;0;0;0;0;207;226;28;0;0;0;0;0;0;0;122
024;Aurich – Emden;NI;Brief;0;26363;475;25888;8362;11184;1451;2395;0;1388;0;416;0;655;0;0;0;0;0;0;0;0;0;0;0;0;0;0;0;0;0;0;0;0;0;0;0;0;0;0;0;37;157;26206;8521;8405;1728;2340;0;2271;2050;96;36;153;260;8;181;0;0;0;3;0;0;0;0;0;0;55;28;4;29;0;0;0;0;0;0;38
025;Unterems;NI;Brief;0;30258;172;30086;15173;7970;1163;1853;0;1508;2127;0;0;0;0;0;292;0;0;0;0;0;0;0;0;0;0;0;0;0;0;0;0;0;0;0;0;0;0;0;0;0;138;30120;12697;7852;1516;2167;0;2696;2325;79;54;74;270;28;213;0;0;0;8;0;0;0;0;0;0;47;37;4;33;0;0;0;0;0;0;20
026;Friesland – Wilhelmshaven – Wittmund;NI;Brief;0;31298;319;30979;11260;11165;1586;1874;0;2145;2231;0;0;304;0;0;385;0;0;0;29;0;0;0;0;0;0;0;0;0;0;0;0;0;0;0;0;0;0;0;0;0;208;31090;11244;8725;1882;2323;0;3392;2411;75;46;205;350;23;226;0;0;0;15;0;0;0;0;0;0;58;29;8;34;0;0;0;0;0;0;44
027;Oldenburg – Ammerland;NI;Brief;0;39963;282;39681;13054;13035;2939;5285;0;2745;2108;0;0;328;0;187;0;0;0;0;0;0;0;0;0;0;0;0;0;0;0;0;0;0;0;0;0;0;0;0;0;0;159;39804;13210;9591;3202;5443;0;4563;2274;135;38;189;324;107;389;0;0;0;14;0;0;0;0;0;0;104;80;11;43;0;0;0;0;0;0;87
028;Delmenhorst – Wesermarsch – Oldenburg-Land;NI;Brief;0;32396;258;32138;11548;10131;1654;2866;0;3312;2197;0;0;430;0;0;0;0;0;0;0;0;0;0;0;0;0;0;0;0;0;0;0;0;0;0;0;0;0;0;0;0;154;32242;11697;8578;1882;2865;0;3662;2381;90;57;244;328;28;210;0;0;0;6;0;0;0;0;0;0;64;36;11;48;0;0;0;0;0;0;55
029;Cuxhaven – Stade II;NI;Brief;0;27694;214;27480;12386;7816;1556;1799;0;1484;2038;0;0;401;0;0;0;0;0;0;0;0;0;0;0;0;0;0;0;0;0;0;0;0;0;0;0;0;0;0;0;0;118;27576;11214;7001;1674;2100;0;2454;2170;60;57;201;272;39;183;0;0;0;3;0;0;0;0;0;0;58;20;6;28;0;0;0;0;0;0;36
030;Stade I – Rotenburg II;NI;Brief;0;33437;222;33215;14946;9192;1631;2708;0;2112;2278;258;0;0;0;0;0;0;0;0;0;0;0;0;0;0;0;0;0;0;0;0;0;0;0;0;0;0;0;0;0;90;118;33319;13361;7846;1921;3080;0;3468;2456;121;74;202;324;44;214;0;0;0;7;0;0;0;0;0;0;70;55;6;37;0;0;0;0;0;0;33
031;Mittelems;NI;Brief;0;29025;164;28861;15281;7224;1025;1796;0;2007;1264;0;0;0;0;0;264;0;0;0;0;0;0;0;0;0;0;0;0;0;0;0;0;0;0;0;0;0;0;0;0;0;80;28945;14404;6245;1302;2062;0;2893;1347;55;32;48;183;41;193;0;0;0;5;0;0;0;0;0;0;45;32;5;25;0;0;0;0;0;0;28
032;Cloppenburg – Vechta;NI;Brief;0;27604;240;27364;16188;5481;956;1499;0;1568;1515;0;0;157;0;0;0;0;0;0;0;0;0;0;0;0;0;0;0;0;0;0;0;0;0;0;0;0;0;0;0;0;108;27496;15219;4642;1011;1582;0;2869;1526;52;51;79;179;23;134;0;0;0;5;0;0;0;0;0;0;25;28;4;32;0;0;0;0;0;0;35
033;Diepholz – Nienburg I;NI;Brief;0;30351;247;30104;14070;7891;1377;2441;0;2263;2062;0;0;0;0;0;0;0;0;0;0;0;0;0;0;0;0;0;0;0;0;0;0;0;0;0;0;0;0;0;0;0;103;30248;12046;7280;1665;2522;0;3518;2190;76;59;146;300;48;196;0;0;0;4;0;0;0;0;0;0;77;42;4;36;0;0;0;0;0;0;39
034;Osterholz – Verden;NI;Brief;0;30827;163;30664;12978;9151;2029;2323;0;1895;1939;0;0;191;0;0;0;0;0;0;0;0;0;0;0;0;0;0;0;0;0;0;0;0;0;0;0;0;0;0;0;158;116;30711;11750;7646;1964;3095;0;3036;2163;84;41;140;303;22;204;0;0;0;7;0;0;0;0;0;0;98;51;6;51;0;0;0;0;0;0;50
035;Rotenburg I – Heidekreis;NI;Brief;0;24390;131;24259;9198;9500;894;1392;0;1245;1700;0;0;330;0;0;0;0;0;0;0;0;0;0;0;0;0;0;0;0;0;0;0;0;0;0;0;0;0;0;0;0;114;24276;9533;6175;1271;2143;0;2306;1888;82;62;183;257;28;169;0;0;0;8;0;0;0;0;0;0;55;41;2;36;0;0;0;0;0;0;37
036;Harburg;NI;Brief;0;40001;285;39716;17215;10282;1904;3560;0;2706;3162;0;0;887;0;0;0;0;0;0;0;0;0;0;0;0;0;0;0;0;0;0;0;0;0;0;0;0;0;0;0;0;171;39830;15531;8215;2208;3874;0;5053;3383;107;69;389;408;51;246;0;0;0;12;0;0;0;0;0;0;65;78;5;49;0;0;0;0;0;0;87
037;Lüchow-Dannenberg – Lüneburg;NI;Brief;0;34716;270;34446;11860;9142;2713;5967;0;2489;2275;0;0;0;0;0;0;0;0;0;0;0;0;0;0;0;0;0;0;0;0;0;0;0;0;0;0;0;0;0;0;0;138;34578;11582;7608;2967;5159;0;3317;2316;97;46;147;395;81;304;0;0;0;9;0;0;0;0;0;0;304;106;11;65;0;0;0;0;0;0;64
038;Osnabrück-Land;NI;Brief;0;30810;182;30628;14870;7938;1315;2739;0;2186;1497;0;0;0;0;0;0;0;0;0;0;0;0;0;0;0;0;0;0;0;0;0;0;83;0;0;0;0;0;0;0;0;123;30687;13493;7228;1577;2640;0;3224;1687;106;52;82;222;34;159;0;0;0;5;0;0;0;0;0;0;60;34;6;35;0;0;0;0;0;0;43
039;Stadt Osnabrück;NI;Brief;0;35980;472;35508;15331;10205;2370;3936;0;3454;0;0;0;0;0;0;0;0;0;0;0;0;0;0;0;0;212;0;0;0;0;0;0;0;0;0;0;0;0;0;0;0;100;35880;14187;7730;2656;4753;0;3764;1552;148;29;66;263;60;324;0;0;0;4;0;0;0;0;0;0;125;79;20;53;0;0;0;0;0;0;67
040;Nienburg II – Schaumburg;NI;Brief;0;32068;214;31854;13875;9828;1194;2873;0;1626;2245;213;0;0;0;0;0;0;0;0;0;0;0;0;0;0;0;0;0;0;0;0;0;0;0;0;0;0;0;0;0;0;131;31937;11910;9076;1546;2670;0;3045;2614;102;57;102;365;26;202;0;0;0;13;0;0;0;0;0;0;73;44;3;42;0;0;0;0;0;0;47
041;Stadt Hannover I;NI;Brief;0;34103;236;33867;11543;11266;1766;3626;0;2532;2015;274;0;171;0;0;614;0;0;0;26;0;0;0;0;0;34;0;0;0;0;0;0;0;0;0;0;0;0;0;0;0;153;33950;10797;8561;2516;4459;0;4058;2140;159;50;123;310;40;424;0;0;0;9;0;0;0;0;0;0;110;74;15;44;0;0;0;0;0;0;61
042;Stadt Hannover II;NI;Brief;0;39263;256;39007;13088;12028;2951;4854;0;2419;2071;348;0;0;0;0;1136;0;0;0;51;0;0;0;0;0;61;0;0;0;0;0;0;0;0;0;0;0;0;0;0;0;148;39115;11182;9087;3839;6245;0;4492;2207;222;35;97;340;57;798;0;0;0;27;0;0;0;0;0;0;153;158;33;54;0;0;0;0;0;0;89
043;Hannover-Land I;NI;Brief;0;42767;231;42536;19078;13183;1684;2553;0;2350;3185;0;0;503;0;0;0;0;0;0;0;0;0;0;0;0;0;0;0;0;0;0;0;0;0;0;0;0;0;0;0;0;169;42598;16699;10653;2028;3389;0;5088;3448;103;76;224;336;39;276;0;0;0;3;0;0;0;0;0;0;63;54;7;45;0;0;0;0;0;0;67
044;Celle – Uelzen;NI;Brief;0;35738;229;35509;16261;10192;1475;2336;0;2036;2838;0;0;371;0;0;0;0;0;0;0;0;0;0;0;0;0;0;0;0;0;0;0;0;0;0;0;0;0;0;0;0;141;35597;14148;8456;1747;3012;0;3921;3144;82;71;165;347;40;234;0;0;0;2;0;0;0;0;0;0;65;51;7;54;0;0;0;0;0;0;51
045;Gifhorn – Peine;NI;Brief;0;32366;208;32158;12685;11761;1393;2030;0;1738;2343;0;0;0;0;0;0;0;0;0;49;0;0;0;0;0;0;0;0;0;0;0;0;159;0;0;0;0;0;0;0;0;142;32224;12177;9281;1674;2410;0;3000;2568;97;70;125;334;26;251;0;0;0;16;0;0;0;0;0;0;52;49;3;39;0;0;0;0;0;0;52
046;Hameln-Pyrmont – Holzminden;NI;Brief;0;35534;278;35256;13295;12661;1818;2129;0;2298;2764;291;0;0;0;0;0;0;0;0;0;0;0;0;0;0;0;0;0;0;0;0;0;0;0;0;0;0;0;0;0;0;204;35330;12850;10525;1901;2627;0;3419;2898;146;79;93;381;39;170;0;0;0;10;0;0;0;0;0;0;72;34;7;29;0;0;0;0;0;0;50
047;Hannover-Land II;NI;Brief;0;44682;269;44413;17692;15881;1910;2478;0;2556;3187;296;0;413;0;0;0;0;0;0;0;0;0;0;0;0;0;0;0;0;0;0;0;0;0;0;0;0;0;0;0;0;189;44493;16078;12685;2389;3750;0;4582;3542;162;99;191;378;42;305;0;0;0;9;0;0;0;0;0;0;86;73;13;56;0;0;0;0;0;0;53
048;Hildesheim;NI;Brief;0;40047;284;39763;15984;13301;1713;3596;0;2499;2670;0;0;0;0;0;0;0;0;0;0;0;0;0;0;0;0;0;0;0;0;0;0;0;0;0;0;0;0;0;0;0;175;39872;14674;11105;2250;3854;0;3669;2894;124;76;111;411;44;313;0;0;0;10;0;0;0;0;0;0;115;78;11;59;0;0;0;0;0;0;74
049;Salzgitter – Wolfenbüttel;NI;Brief;0;33688;193;33495;11441;13528;1672;1668;0;1797;3020;216;0;0;0;0;0;0;0;0;0;0;0;0;0;0;0;0;0;0;0;0;0;0;0;0;0;0;0;0;0;153;178;33510;11794;10038;1909;2412;0;3039;3111;116;98;102;358;26;294;0;0;0;11;0;0;0;0;0;0;50;60;7;35;0;0;0;0;0;0;50
050;Braunschweig;NI;Brief;0;43961;304;43657;15317;15528;2808;3993;0;2596;2519;0;0;0;0;0;0;0;0;0;74;0;0;0;0;0;0;0;0;0;0;0;0;0;0;0;0;0;0;0;0;822;206;43755;14455;10725;3415;5343;0;4901;2745;229;73;131;429;78;779;0;0;0;34;0;0;0;0;0;0;127;118;9;53;0;0;0;0;0;0;111
051;Helmstedt – Wolfsburg;NI;Brief;0;31504;260;31244;12128;11181;1634;1650;0;2026;2378;0;0;0;0;0;0;0;0;0;17;0;0;0;0;0;0;0;0;0;0;0;0;0;0;0;0;0;0;0;0;230;162;31342;12197;8913;1756;2015;0;2791;2568;119;102;98;320;42;223;0;0;0;5;0;0;0;0;0;0;52;27;15;47;0;0;0;0;0;0;52
052;Goslar – Northeim – Osterode;NI;Brief;0;35569;303;35266;15427;11247;1749;2294;0;1830;2719;0;0;0;0;0;0;0;0;0;0;0;0;0;0;0;0;0;0;0;0;0;0;0;0;0;0;0;0;0;0;0;172;35397;12899;10559;1895;2497;0;3451;2934;71;98;118;395;24;252;0;0;0;10;0;0;0;0;0;0;61;44;8;35;0;0;0;0;0;0;46
053;Göttingen;NI;Brief;0;45915;289;45626;16500;14578;2250;6162;0;2361;2324;332;0;409;0;0;673;0;0;0;37;0;0;0;0;0;0;0;0;0;0;0;0;0;0;0;0;0;0;0;0;0;205;45710;15222;11622;3548;5987;0;4726;2725;154;76;304;370;62;482;0;0;0;16;0;0;0;0;0;0;143;128;22;53;0;0;0;0;0;0;70
054;Bremen I;HB;Brief;0;52676;480;52196;14033;14609;5709;6857;0;7064;2635;0;0;0;0;0;1204;0;0;0;85;0;0;0;0;0;0;0;0;0;0;0;0;0;0;0;0;0;0;0;0;0;255;52421;15718;11981;6552;6953;0;6352;3020;177;44;141;0;0;761;0;0;0;31;0;0;0;0;0;0;365;0;24;43;0;0;0;94;0;0;165
055;Bremen II – Bremerhaven;HB;Brief;0;32087;336;31751;9373;9972;3208;2866;0;2575;2603;0;84;220;0;0;590;0;0;0;21;0;0;0;0;0;0;0;0;0;239;0;0;0;0;0;0;0;0;0;0;0;194;31893;9004;8923;3455;3174;0;3199;2825;142;90;162;0;0;442;0;0;0;16;0;0;0;0;0;0;163;0;21;28;0;0;0;137;0;0;112
056;Prignitz – Ostprignitz-Ruppin – Havelland I;BB;Brief;0;20957;170;20787;6759;5021;3864;806;0;857;2650;0;0;290;0;0;313;0;0;0;89;0;0;0;0;0;0;0;0;0;0;0;0;0;0;0;0;0;0;0;0;138;148;20809;6647;4309;3538;983;0;1352;2889;0;76;221;296;33;234;0;0;0;51;0;0;0;0;0;0;112;0;18;50;0;0;0;0;0;0;0
057;Uckermark – Barnim I;BB;Brief;0;26257;250;26007;8272;4981;5154;1310;0;1071;3911;0;0;652;0;0;544;0;0;0;0;0;0;0;0;0;112;0;0;0;0;0;0;0;0;0;0;0;0;0;0;0;182;26075;7654;4332;5214;1366;0;1593;4112;0;176;432;409;53;363;0;0;0;17;0;0;0;0;0;0;206;0;57;91;0;0;0;0;0;0;0
058;Oberhavel – Havelland II;BB;Brief;0;42903;401;42502;13620;9827;6172;2638;0;2555;5826;276;0;733;0;0;762;0;0;0;0;0;0;0;0;0;93;0;0;0;0;0;0;0;0;0;0;0;0;0;0;0;353;42550;13176;8271;5858;3063;0;3606;6067;0;193;507;856;74;539;0;0;0;13;0;0;0;0;0;0;179;0;56;92;0;0;0;0;0;0;0
059;Märkisch-Oderland – Barnim II;BB;Brief;0;36915;338;36577;10902;5753;8867;2292;0;1613;5683;0;0;1142;0;0;0;0;0;0;0;0;0;0;0;0;325;0;0;0;0;0;0;0;0;0;0;0;0;0;0;0;279;36636;9871;5732;8056;1902;0;2504;5847;0;157;690;758;72;481;0;0;0;38;0;0;0;0;0;0;276;0;153;99;0;0;0;0;0;0;0
060;Brandenburg an der Havel – Potsdam-Mittelmark I – Havelland III – Teltow-Fläming I;BB;Brief;0;24124;272;23852;7968;6047;3715;980;0;1234;3033;173;0;584;0;0;0;0;0;0;0;0;0;0;0;0;118;0;0;0;0;0;0;0;0;0;0;0;0;0;0;0;207;23917;7266;4900;4047;1170;0;1804;3270;0;119;375;418;41;214;0;0;0;18;0;0;0;0;0;0;141;0;50;84;0;0;0;0;0;0;0
061;Potsdam – Potsdam-Mittelmark II – Teltow-Fläming II;BB;Brief;0;54123;424;53699;14105;13672;8576;5147;0;4509;5002;316;0;795;0;0;1246;0;0;0;0;0;0;0;0;0;171;0;0;0;0;0;0;0;0;0;0;0;0;0;0;160;357;53766;14419;9931;9420;5786;0;5357;5609;0;110;523;954;117;841;0;0;0;32;0;0;0;0;0;0;433;0;94;140;0;0;0;0;0;0;0
062;Dahme-Spreewald – Teltow-Fläming III – Oberspreewald-Lausitz I;BB;Brief;0;40561;393;40168;13124;7784;7041;2187;0;2019;6167;319;0;1347;0;0;0;0;0;0;0;0;0;0;0;0;180;0;0;0;0;0;0;0;0;0;0;0;0;0;0;0;293;40268;11759;6990;6790;2181;0;3223;6572;0;180;738;838;68;462;0;0;0;20;0;0;0;0;0;0;197;0;89;161;0;0;0;0;0;0;0
063;Frankfurt (Oder) – Oder-Spree;BB;Brief;0;29388;241;29147;8335;5117;5815;1224;0;1655;5043;166;200;582;0;0;543;0;0;0;95;0;0;0;0;0;114;0;0;0;0;0;0;0;0;0;0;0;0;0;0;258;217;29171;7695;4956;5780;1486;0;2171;4999;0;202;433;536;55;415;0;0;0;60;0;0;0;0;0;0;205;0;77;101;0;0;0;0;0;0;0
064;Cottbus – Spree-Neiße;BB;Brief;0;29560;337;29223;9057;4924;4767;1325;0;1808;5763;0;0;0;0;0;764;0;0;0;0;0;0;0;0;0;132;0;0;0;0;0;0;0;0;0;0;0;0;0;0;683;291;29269;7902;4529;5096;1176;0;2520;6103;0;196;269;583;66;402;0;0;0;23;0;0;0;0;0;0;205;0;94;105;0;0;0;0;0;0;0
065;Elbe-Elster – Oberspreewald-Lausitz II;BB;Brief;0;20511;215;20296;6310;3349;3412;739;0;1336;3956;0;0;911;0;0;0;0;0;0;0;0;0;0;0;0;0;0;0;0;0;0;0;0;0;0;0;0;0;0;0;283;174;20337;5953;3276;3301;648;0;1624;4080;0;178;439;371;28;188;0;0;0;26;0;0;0;0;0;0;113;0;21;91;0;0;0;0;0;0;0
066;Altmark;ST;Brief;0;16630;156;16474;5726;3099;3152;788;0;1187;1990;0;0;193;0;0;0;0;0;0;0;0;0;0;0;0;0;0;0;0;0;0;0;0;0;0;0;0;0;0;0;339;96;16534;5791;2781;3096;754;0;1308;2032;0;51;132;0;0;152;0;0;0;29;0;0;0;0;184;0;95;46;0;0;0;0;83;0;0;0;0
067;Börde – Jerichower Land;ST;Brief;0;23395;523;22872;9361;4205;4671;680;0;1836;0;0;988;1131;0;0;0;0;0;0;0;0;0;0;0;0;0;0;0;0;0;0;0;0;0;0;0;0;0;0;0;0;168;23227;8166;3575;4008;833;0;2088;3261;0;120;367;0;0;158;0;0;0;26;0;0;0;0;312;0;100;52;0;0;0;0;161;0;0;0;0
068;Harz;ST;Brief;0;24999;265;24734;9801;4483;4908;902;0;1122;2937;0;0;499;0;0;0;0;0;0;82;0;0;0;0;0;0;0;0;0;0;0;0;0;0;0;0;0;0;0;0;0;216;24783;9114;4078;4501;1073;0;1857;3022;0;71;262;0;0;200;0;0;0;43;0;0;0;0;357;0;85;44;0;0;0;0;76;0;0;0;0
069;Magdeburg;ST;Brief;0;36131;272;35859;10549;8179;6768;2038;0;2935;3418;0;85;366;0;0;0;0;0;0;97;0;0;0;813;0;0;0;0;611;0;0;0;0;0;0;0;0;0;0;0;0;219;35912;10988;6100;6884;2517;0;3294;3668;0;109;269;0;0;558;0;0;0;59;0;0;0;0;628;0;187;253;0;0;0;0;398;0;0;0;0
070;Dessau – Wittenberg;ST;Brief;0;21029;215;20814;7858;2389;4037;1365;0;1182;2956;0;99;581;0;0;0;0;0;0;0;0;0;0;0;0;0;0;0;0;0;0;0;0;0;0;0;0;0;0;0;347;144;20885;7333;2931;3872;948;0;1699;3012;0;111;352;0;0;158;0;0;0;20;0;0;0;0;235;0;83;37;0;0;0;0;94;0;0;0;0
071;Anhalt;ST;Brief;0;22173;221;21952;7919;2656;5013;526;0;1659;3460;0;112;507;0;0;0;0;0;0;100;0;0;0;0;0;0;0;0;0;0;0;0;0;0;0;0;0;0;0;0;0;168;22005;7844;2981;4101;633;0;1859;3485;0;125;306;0;0;132;0;0;0;55;0;0;0;0;291;0;76;32;0;0;0;0;85;0;0;0;0
072;Halle;ST;Brief;0;35197;295;34902;9762;8435;7672;1627;0;2397;3744;0;0;554;0;0;584;0;0;0;127;0;0;0;0;0;0;0;0;0;0;0;0;0;0;0;0;0;0;0;0;0;254;34943;10080;5070;7257;3142;0;3328;3893;0;106;322;0;0;651;0;0;0;76;0;0;0;0;461;0;251;198;0;0;0;0;108;0;0;0;0
073;Burgenland – Saalekreis;ST;Brief;0;23236;264;22972;8647;3087;4198;693;0;1674;3961;0;167;545;0;0;0;0;0;0;0;0;0;0;0;0;0;0;0;0;0;0;0;0;0;0;0;0;0;0;0;0;193;23043;7783;3155;3991;741;0;2003;4137;0;160;308;0;0;191;0;0;0;35;0;0;0;0;302;0;98;57;0;0;0;0;82;0;0;0;0
074;Mansfeld;ST;Brief;0;23165;272;22893;7747;3447;4481;805;0;2086;4098;0;122;0;0;0;0;0;0;0;0;0;0;0;0;0;0;0;0;0;0;0;0;0;0;0;0;0;0;0;0;107;182;22983;7307;3404;4360;673;0;2071;4047;0;114;186;0;0;162;0;0;0;40;0;0;0;0;339;0;129;40;0;0;0;0;111;0;0;0;0
075;Berlin-Mitte;BE;Brief;0;51038;486;50552;10435;11347;9427;9801;0;3743;3140;0;0;198;0;227;1639;0;0;0;67;52;81;0;0;0;0;0;0;0;0;0;0;0;0;0;0;0;0;0;0;395;348;50690;10766;8434;10009;9247;0;5333;3288;277;0;111;526;90;1180;0;0;0;32;23;12;0;0;0;59;280;349;68;68;184;92;0;76;0;97;89
076;Berlin-Pankow;BE;Brief;0;61545;574;60971;12845;9899;17127;9667;0;3008;5414;0;0;428;0;356;1800;0;0;0;0;146;0;0;0;0;0;0;0;0;0;0;0;0;0;0;0;0;0;0;0;281;402;61143;13521;9578;13978;9178;0;4540;5511;266;0;223;795;155;1406;0;0;0;49;48;13;0;0;0;34;363;379;92;122;366;117;0;117;0;183;109
077;Berlin-Reinickendorf;BE;Brief;0;43751;558;43193;17992;9729;2596;3533;0;3210;4622;0;0;0;0;0;701;0;0;0;0;88;0;0;0;0;0;722;0;0;0;0;0;0;0;0;0;0;0;0;0;0;454;43297;15620;8297;2922;3847;0;5326;4819;149;0;86;580;75;481;0;0;0;13;20;6;0;0;0;10;102;88;20;67;545;43;0;52;0;81;48
078;Berlin-Spandau – Charlottenburg Nord;BE;Brief;0;40567;576;39991;14321;12581;2287;2614;0;2837;4147;0;0;0;0;288;866;0;0;0;50;0;0;0;0;0;0;0;0;0;0;0;0;0;0;0;0;0;0;0;0;0;470;40097;13280;8973;3089;3392;0;4544;4291;169;0;112;635;102;576;0;0;0;33;25;4;0;0;0;9;125;94;12;79;269;53;0;55;0;100;76
079;Berlin-Steglitz-Zehlendorf;BE;Brief;0;72655;855;71800;28431;16830;4195;8515;0;7198;4966;0;0;0;0;0;1204;0;0;0;0;237;0;0;0;0;0;0;0;0;0;0;0;0;0;0;0;224;0;0;0;0;612;72043;24623;13270;5299;9296;0;10997;5465;199;0;119;701;114;676;0;0;0;18;57;7;0;0;0;14;214;205;26;93;283;73;0;77;0;109;108
080;Berlin-Charlottenburg-Wilmersdorf;BE;Brief;0;59993;604;59389;19951;15190;4690;8332;0;6191;3722;0;0;0;0;0;1143;0;0;0;0;170;0;0;0;0;0;0;0;0;0;0;0;0;0;0;0;0;0;0;0;0;388;59605;17349;11045;5888;9100;0;9764;3933;160;0;93;523;84;676;0;0;0;12;51;4;0;0;0;14;165;168;11;74;206;61;0;68;0;80;76
081;Berlin-Tempelhof-Schöneberg;BE;Brief;0;67017;768;66249;21442;13769;5912;13216;0;4703;4951;497;0;0;0;0;1263;0;0;0;0;134;62;0;0;0;0;0;0;0;300;0;0;0;0;0;0;0;0;0;0;0;588;66429;18866;12966;7371;10541;0;7702;5237;313;0;132;783;89;947;0;0;0;18;43;23;0;0;0;19;235;251;43;78;358;97;0;135;0;85;97
082;Berlin-Neukölln;BE;Brief;0;48185;502;47683;13113;12254;6966;5954;0;2769;4008;0;87;0;0;0;1615;0;0;0;80;75;0;0;0;0;0;563;0;0;0;0;0;0;0;0;0;0;199;0;0;0;415;47770;12361;8995;7732;6530;0;4111;4240;217;0;69;667;70;1220;0;0;0;55;45;7;0;0;0;38;253;282;28;72;443;113;0;82;0;72;68
083;Berlin-Friedrichshain-Kreuzberg – Prenzlauer Berg Ost;BE;Brief;0;58129;485;57644;7702;9442;13064;16336;0;1979;2792;0;0;199;0;0;4360;0;0;0;93;0;0;0;0;248;0;0;289;0;0;0;0;0;0;0;0;0;0;0;0;1140;328;57801;9046;8752;15233;12860;0;3983;2799;318;0;93;622;95;2121;0;0;0;48;15;9;0;0;0;114;400;480;67;92;168;168;0;105;0;101;112
084;Berlin-Treptow-Köpenick;BE;Brief;0;47694;361;47333;9576;6459;20171;2631;0;1841;5072;0;144;320;0;0;930;0;0;0;101;88;0;0;0;0;0;0;0;0;0;0;0;0;0;0;0;0;0;0;0;0;340;47354;10511;7648;12446;3864;0;3281;5992;207;0;214;659;81;1028;0;0;0;48;44;9;0;0;0;24;188;193;89;138;329;61;0;97;0;136;67
085;Berlin-Marzahn-Hellersdorf;BE;Brief;0;37951;465;37486;9405;4348;14152;1288;0;1400;5429;0;161;537;0;0;0;0;0;0;0;0;0;0;0;0;0;532;0;0;0;0;0;0;0;0;0;0;234;0;0;0;385;37566;9001;5361;10775;1604;0;2176;5817;152;0;257;640;40;501;0;0;0;29;20;10;0;0;0;5;105;113;72;88;491;38;0;63;0;153;55
086;Berlin-Lichtenberg;BE;Brief;0;43249;366;42883;9001;5890;15989;2793;0;1518;4915;335;134;0;0;0;1218;0;0;0;74;0;0;0;0;0;0;0;0;0;0;483;0;0;0;0;0;0;0;0;0;533;328;42921;8845;6294;13317;3026;0;2392;5289;242;0;170;718;68;1000;0;0;0;39;15;10;0;0;0;32;189;192;116;94;319;63;0;66;0;346;79
087;Aachen I;NW;Brief;0;52115;267;51848;19995;15184;3658;5438;0;4400;1913;687;0;0;0;573;0;0;0;0;0;0;0;0;0;0;0;0;0;0;0;0;0;0;0;0;0;0;0;0;0;0;111;52004;16611;11383;4426;6958;0;8588;2103;254;26;116;279;208;552;0;31;0;11;0;3;0;36;0;0;86;153;8;35;0;0;0;0;59;19;59
088;Aachen II;NW;Brief;0;56038;413;55625;23199;18622;2347;2762;0;3900;3911;519;0;0;0;365;0;0;0;0;0;0;0;0;0;0;0;0;0;0;0;0;0;0;0;0;0;0;0;0;0;0;270;55768;19886;18372;2795;2545;0;6866;3630;209;96;106;458;169;229;0;69;0;7;0;1;0;67;0;0;58;44;1;42;0;0;0;0;19;45;54
089;Heinsberg;NW;Brief;0;36985;298;36687;18330;9179;1418;1944;0;2764;2312;281;0;459;0;0;0;0;0;0;0;0;0;0;0;0;0;0;0;0;0;0;0;0;0;0;0;0;0;0;0;0;219;36766;16159;8537;1798;1787;0;4799;2403;139;83;186;381;28;164;0;42;0;4;0;1;0;41;0;0;34;35;1;31;0;0;0;0;13;48;52
090;Düren;NW;Brief;0;50807;404;50403;23364;14665;1786;2952;0;3184;3601;410;0;441;0;0;0;0;0;0;0;0;0;0;0;0;0;0;0;0;0;0;0;0;0;0;0;0;0;0;0;0;300;50507;19782;13866;2450;2514;0;6400;3789;210;114;180;523;48;228;0;78;0;6;0;3;0;44;0;0;47;46;10;39;0;0;0;0;18;62;50
091;Rhein-Erft-Kreis I;NW;Brief;0;65061;565;64496;27891;18535;2138;3480;0;6698;4962;645;0;0;0;0;0;0;0;0;0;0;0;0;0;0;0;0;0;0;0;0;0;0;0;0;0;0;0;0;0;147;374;64687;24486;16164;2977;3759;0;10096;5134;287;93;166;578;42;328;0;121;0;16;0;5;0;86;0;0;71;56;3;45;0;0;0;0;38;65;71
092;Euskirchen – Rhein-Erft-Kreis II;NW;Brief;0;64437;586;63851;29550;15676;3461;3580;0;6745;4839;0;0;0;0;0;0;0;0;0;0;0;0;0;0;0;0;0;0;0;0;0;0;0;0;0;0;0;0;0;0;0;339;64098;25279;14310;3465;3849;0;10016;4999;166;126;193;682;57;345;0;119;0;15;0;5;0;39;0;0;108;91;9;58;0;0;0;0;31;63;73
093;Köln I;NW;Brief;0;54673;428;54245;19338;15651;3732;5602;0;4750;3791;0;0;0;0;0;1271;0;0;0;110;0;0;0;0;0;0;0;0;0;0;0;0;0;0;0;0;0;0;0;0;0;259;54414;16590;12738;4896;5975;0;7945;3758;223;75;137;472;69;728;0;69;0;47;0;5;0;134;0;0;116;175;18;42;0;0;0;0;55;70;77
094;Köln II;NW;Brief;0;87120;428;86692;33529;21652;5767;12048;0;8675;3476;0;0;0;0;0;1472;0;0;0;73;0;0;0;0;0;0;0;0;0;0;0;0;0;0;0;0;0;0;0;0;0;280;86840;28223;16012;7574;12029;0;16348;3752;244;32;148;499;104;976;0;54;0;34;0;3;0;57;0;0;163;274;14;50;0;0;0;0;77;50;123
095;Köln III;NW;Brief;0;57349;370;56979;17885;17178;4731;7758;0;4552;3446;0;0;0;0;0;1330;0;0;0;99;0;0;0;0;0;0;0;0;0;0;0;0;0;0;0;0;0;0;0;0;0;251;57098;16363;13724;6155;7486;0;7214;3506;232;77;134;468;57;816;0;80;0;32;0;2;0;182;0;0;134;186;11;46;0;0;0;0;51;52;90
096;Bonn;NW;Brief;0;63251;315;62936;22319;19830;2879;5923;0;7746;2810;237;0;345;0;0;795;0;0;0;0;0;0;0;0;0;0;0;0;0;0;0;0;0;0;0;0;0;0;0;0;52;200;63051;21355;11689;4993;8623;0;10803;3571;177;39;161;295;106;598;0;45;0;16;0;6;0;37;0;0;121;154;4;52;0;0;0;0;61;34;111
097;Rhein-Sieg-Kreis I;NW;Brief;0;55504;852;54652;26431;13801;3485;3488;0;5685;0;0;0;0;0;0;0;0;1762;0;0;0;0;0;0;0;0;0;0;0;0;0;0;0;0;0;0;0;0;0;0;0;281;55223;21336;11841;3281;3892;0;8722;4128;184;71;136;503;68;372;0;278;0;16;0;2;0;48;0;0;96;76;4;41;0;0;0;0;31;44;53
098;Rhein-Sieg-Kreis II;NW;Brief;0;54488;405;54083;27677;11190;2371;4335;0;4546;3623;0;0;0;0;0;0;0;341;0;0;0;0;0;0;0;0;0;0;0;0;0;0;0;0;0;0;0;0;0;0;0;289;54199;21443;10168;2778;4407;0;10141;3687;160;40;125;345;63;342;0;138;0;6;0;3;0;19;0;0;84;61;5;50;0;0;0;0;28;38;68
099;Oberbergischer Kreis;NW;Brief;0;41072;315;40757;19446;10602;1572;2782;0;3492;2664;0;0;0;0;0;0;0;0;0;0;0;0;0;0;0;0;0;0;0;0;0;0;0;0;0;0;0;0;0;0;199;203;40869;16768;8995;2132;2548;0;6289;2849;113;57;89;316;77;220;0;75;0;12;0;0;0;35;0;0;65;60;1;50;0;0;0;0;23;45;50
100;Rheinisch-Bergischer Kreis;NW;Brief;0;61048;483;60565;25974;13753;2439;4062;0;10445;3412;0;0;480;0;0;0;0;0;0;0;0;0;0;0;0;0;0;0;0;0;0;0;0;0;0;0;0;0;0;0;0;381;60667;23989;12078;3307;4940;0;10822;3807;117;57;249;434;81;339;0;60;0;10;0;2;0;38;0;0;82;65;9;50;0;0;0;0;27;39;65
101;Leverkusen – Köln IV;NW;Brief;0;50113;305;49808;17214;17955;2542;3091;0;3811;3252;0;0;0;0;0;1424;0;0;0;100;0;0;0;0;0;0;0;0;0;0;0;0;0;0;0;0;0;0;0;0;419;249;49864;16014;12968;3905;4195;0;6875;3644;211;89;102;439;69;694;0;82;0;39;0;5;0;115;0;0;86;112;9;44;0;0;0;0;35;50;82
102;Wuppertal I;NW;Brief;0;39678;292;39386;13835;11246;2832;3260;0;3977;3293;254;0;0;0;0;653;0;0;0;36;0;0;0;0;0;0;0;0;0;0;0;0;0;0;0;0;0;0;0;0;0;183;39495;12715;9831;3491;3356;0;5557;3141;157;78;87;291;46;345;0;51;0;23;0;2;0;56;0;0;64;57;12;31;0;0;0;0;30;32;42
103;Solingen – Remscheid – Wuppertal II;NW;Brief;0;43764;316;43448;19323;12267;2018;2592;0;3623;3010;0;0;0;0;0;546;0;0;0;69;0;0;0;0;0;0;0;0;0;0;0;0;0;0;0;0;0;0;0;0;0;214;43550;16112;10205;2738;2934;0;7014;3169;161;63;89;304;46;284;0;50;0;15;0;5;0;94;0;0;44;49;9;52;0;0;0;0;34;43;36
104;Mettmann I;NW;Brief;0;52344;390;51954;26369;12056;2167;3499;0;4430;3433;0;0;0;0;0;0;0;0;0;0;0;0;0;0;0;0;0;0;0;0;0;0;0;0;0;0;0;0;0;0;0;235;52109;20547;11158;2604;3398;0;9189;3749;176;50;106;397;49;267;0;56;0;7;0;4;0;67;0;0;54;59;2;33;0;0;0;0;20;55;62
105;Mettmann II;NW;Brief;0;37779;272;37507;16722;10385;1643;2367;0;3553;2475;337;0;0;0;0;0;0;0;0;0;0;0;0;0;0;0;0;0;0;0;0;0;0;0;0;0;0;0;0;0;25;158;37621;14130;8496;2083;2388;0;6675;2654;163;57;80;318;37;217;0;60;0;10;0;4;0;43;0;0;40;44;6;32;0;0;0;0;11;35;38
106;Düsseldorf I;NW;Brief;0;59454;358;59096;26827;12593;3276;4921;0;8542;2850;0;0;0;0;0;0;0;0;0;87;0;0;0;0;0;0;0;0;0;0;0;0;0;0;0;0;0;0;0;0;0;190;59264;21738;10194;3857;5305;0;13397;3148;171;41;90;340;38;446;0;41;0;31;0;2;0;44;0;0;74;119;16;34;0;0;0;0;35;43;60
107;Düsseldorf II;NW;Brief;0;44239;266;43973;16827;10924;4949;4024;0;4544;2625;0;0;0;0;0;0;0;0;0;80;0;0;0;0;0;0;0;0;0;0;0;0;0;0;0;0;0;0;0;0;0;146;44093;14548;9460;3566;4486;0;7413;2905;176;51;134;331;52;471;0;58;0;26;0;2;0;37;0;0;66;87;18;35;0;0;0;0;39;52;80
108;Neuss I;NW;Brief;0;50673;350;50323;24815;13136;2057;2644;0;3786;3371;0;0;514;0;0;0;0;0;0;0;0;0;0;0;0;0;0;0;0;0;0;0;0;0;0;0;0;0;0;0;0;230;50443;20533;10998;2426;2817;0;8316;3603;200;77;195;454;49;293;0;66;0;10;0;2;0;76;0;0;67;74;8;40;0;0;0;0;22;54;63
109;Mönchengladbach;NW;Brief;0;32142;206;31936;16449;6694;1755;2041;0;2554;1979;0;0;0;0;0;439;0;0;0;0;0;0;0;0;0;0;0;0;0;0;0;0;0;0;0;0;0;0;0;0;25;147;31995;13404;6324;1910;2109;0;5058;2099;103;62;67;253;25;279;0;40;0;13;0;1;0;23;0;0;34;39;7;22;0;0;0;0;19;30;74
110;Krefeld I – Neuss II;NW;Brief;0;46060;270;45790;21718;10371;1735;2954;0;5873;2494;0;0;0;0;0;608;0;0;0;37;0;0;0;0;0;0;0;0;0;0;0;0;0;0;0;0;0;0;0;0;0;144;45916;18671;9199;2201;2932;0;8853;2689;156;67;99;322;41;323;0;53;0;11;0;1;0;53;0;0;52;43;4;25;0;0;0;0;20;36;65
111;Viersen;NW;Brief;0;46549;295;46254;24691;10317;1829;3003;0;3959;2455;0;0;0;0;0;0;0;0;0;0;0;0;0;0;0;0;0;0;0;0;0;0;0;0;0;0;0;0;0;0;0;186;46363;19806;9290;2220;2902;0;8137;2659;150;55;109;403;35;253;0;52;0;6;0;1;0;28;0;0;55;56;5;27;0;0;0;0;27;40;47
112;Kleve;NW;Brief;0;47696;297;47399;22928;13718;1555;2319;0;3917;2350;0;0;522;0;0;0;0;0;0;0;0;0;0;0;0;0;0;0;0;0;0;0;0;0;0;0;0;0;0;0;90;248;47448;21626;10263;2185;2684;0;6939;2450;126;65;208;323;61;200;0;43;0;12;0;1;0;14;0;0;50;45;3;20;0;0;0;0;19;52;59
113;Wesel I;NW;Brief;0;43496;314;43182;18986;13077;1986;2451;0;3797;2840;0;0;0;0;0;0;0;0;0;45;0;0;0;0;0;0;0;0;0;0;0;0;0;0;0;0;0;0;0;0;0;205;43291;16731;11539;2299;2550;0;5975;2900;131;83;100;355;41;235;0;50;0;14;0;2;0;34;0;0;50;46;1;28;0;0;0;0;24;52;51
114;Krefeld II – Wesel II;NW;Brief;0;35209;213;34996;15106;9752;1453;2216;0;3365;2234;343;0;0;0;0;476;0;0;0;51;0;0;0;0;0;0;0;0;0;0;0;0;0;0;0;0;0;0;0;0;0;135;35074;12914;8606;2075;2226;0;5675;2419;148;40;82;270;26;290;0;38;0;19;0;2;0;41;0;0;55;36;9;30;0;0;0;0;13;31;29
115;Duisburg I;NW;Brief;0;30065;520;29545;9686;10918;1565;1821;0;2378;2679;363;0;0;0;0;0;0;0;0;135;0;0;0;0;0;0;0;0;0;0;0;0;0;0;0;0;0;0;0;0;0;321;29744;9060;9100;2166;1975;0;3606;2558;147;72;77;283;27;314;0;32;0;31;0;4;0;98;0;0;41;27;10;18;0;0;0;0;18;32;48
116;Duisburg II;NW;Brief;0;22691;335;22356;7273;7828;1467;1122;0;1825;2656;0;0;0;0;0;0;0;0;0;67;0;0;0;0;0;0;0;0;0;0;0;0;0;0;0;0;0;0;0;0;118;217;22474;6475;7692;1479;1005;0;2348;2486;97;86;50;253;14;155;0;23;0;32;0;1;0;143;0;0;34;22;2;20;0;0;0;0;7;32;18
117;Oberhausen – Wesel III;NW;Brief;0;40802;438;40364;13878;15065;2650;2192;0;2604;3735;0;0;0;0;0;0;0;0;0;73;0;0;0;0;0;0;0;0;0;0;0;0;0;0;167;0;0;0;0;0;0;277;40525;12683;13249;2873;2036;0;4467;3796;146;111;79;373;39;280;0;74;0;28;0;5;0;80;0;0;34;34;8;16;0;0;0;0;16;43;55
118;Mülheim – Essen I;NW;Brief;0;41685;383;41302;14912;13526;2209;2592;0;4209;3597;0;0;0;0;0;0;0;0;0;91;0;0;0;0;0;0;0;0;0;0;0;0;0;0;166;0;0;0;0;0;0;230;41455;13730;11773;2562;2472;0;6011;3510;115;60;71;382;26;315;0;53;0;41;0;3;0;63;0;0;54;54;27;38;0;0;0;0;24;27;44
119;Essen II;NW;Brief;0;31162;264;30898;9798;10984;2033;1798;0;2193;3970;0;0;0;0;0;0;0;0;0;62;0;0;0;0;0;60;0;0;0;0;0;0;0;0;0;0;0;0;0;0;0;183;30979;8795;9569;2236;1901;0;3486;3614;142;64;67;337;21;307;0;57;0;37;0;2;0;61;0;0;44;63;31;30;0;0;0;0;26;53;36
120;Essen III;NW;Brief;0;52234;327;51907;21437;14577;2755;4347;0;4734;3413;0;0;0;0;0;0;0;0;0;60;0;0;0;0;0;92;0;0;0;0;0;0;0;0;0;0;0;0;0;0;492;216;52018;17871;12018;3630;4460;0;8725;3474;146;70;82;472;52;484;0;63;0;30;0;2;0;40;0;0;73;90;37;34;0;0;0;0;28;46;91
121;Recklinghausen I;NW;Brief;0;35300;323;34977;12652;13007;1917;1764;0;2640;2929;0;0;0;0;0;0;0;0;0;68;0;0;0;0;0;0;0;0;0;0;0;0;0;0;0;0;0;0;0;0;0;178;35122;12008;10759;2204;1901;0;3986;3099;116;70;86;268;27;277;0;54;0;24;0;0;0;68;0;0;31;34;2;21;0;0;0;0;13;41;33
122;Recklinghausen II;NW;Brief;0;44161;1062;43099;17255;16520;2864;1815;0;4312;0;0;0;0;0;0;0;0;0;0;333;0;0;0;0;0;0;0;0;0;0;0;0;0;0;0;0;0;0;0;0;0;248;43913;15371;13648;2472;1981;0;5082;3992;153;74;101;376;39;207;0;78;0;26;0;0;0;72;0;0;51;28;3;38;0;0;0;0;19;53;49
123;Gelsenkirchen;NW;Brief;0;32281;310;31971;9758;11897;1745;1603;0;2399;4127;0;0;324;0;0;0;0;0;0;118;0;0;0;0;0;0;0;0;0;0;0;0;0;0;0;0;0;0;0;0;0;239;32042;9085;10682;2066;1448;0;3318;4070;102;87;153;312;23;228;0;56;0;62;0;1;0;148;0;0;35;31;12;25;0;0;0;0;13;53;32
124;Steinfurt I – Borken I;NW;Brief;0;42500;281;42219;23392;10133;1548;2417;0;2898;1831;0;0;0;0;0;0;0;0;0;0;0;0;0;0;0;0;0;0;0;0;0;0;0;0;0;0;0;0;0;0;0;140;42360;20427;8998;1802;2401;0;5851;1901;109;55;92;205;39;209;0;34;0;6;0;1;0;49;0;0;43;35;2;23;0;0;0;0;15;37;26
125;Bottrop – Recklinghausen III;NW;Brief;0;36835;280;36555;14335;12641;2011;1573;0;2621;3144;0;0;0;0;0;0;0;0;0;30;0;0;0;0;0;200;0;0;0;0;0;0;0;0;0;0;0;0;0;0;0;171;36664;13095;10951;2207;1560;0;4315;3266;114;79;55;303;89;197;0;64;0;17;0;3;0;62;0;0;37;35;120;21;0;0;0;0;12;33;29
126;Borken II;NW;Brief;0;43032;528;42504;23167;9678;1471;3107;0;4170;0;0;0;911;0;0;0;0;0;0;0;0;0;0;0;0;0;0;0;0;0;0;0;0;0;0;0;0;0;0;0;0;193;42839;21637;8233;1510;2425;0;6077;2003;86;36;164;214;52;170;0;33;0;5;0;1;0;7;0;0;25;29;6;28;0;0;0;0;19;40;39
127;Coesfeld – Steinfurt II;NW;Brief;0;52660;661;51999;28216;11009;2713;4439;0;5622;0;0;0;0;0;0;0;0;0;0;0;0;0;0;0;0;0;0;0;0;0;0;0;0;0;0;0;0;0;0;0;0;222;52438;24959;10312;2426;3685;0;7510;2339;139;81;85;298;63;245;0;47;0;6;0;1;0;5;0;0;36;45;7;42;0;0;0;0;20;50;37
128;Steinfurt III;NW;Brief;0;35752;170;35582;17825;9452;1724;2453;0;2217;1576;0;0;309;0;0;0;0;0;0;26;0;0;0;0;0;0;0;0;0;0;0;0;0;0;0;0;0;0;0;0;0;135;35617;15187;8812;1901;2481;0;4660;1735;102;42;100;194;22;193;0;15;0;9;0;1;0;17;0;0;29;28;2;15;0;0;0;0;4;27;41
129;Münster;NW;Brief;0;82707;386;82321;33864;21018;4706;11306;0;6355;2778;380;0;0;0;458;1157;0;0;0;35;0;0;0;0;0;81;0;0;0;0;0;0;0;0;0;0;0;0;0;0;183;248;82459;30239;16215;6986;11240;0;12262;3034;286;26;120;340;272;765;0;63;0;16;0;3;0;34;0;0;108;162;26;66;0;0;0;0;60;39;97
130;Warendorf;NW;Brief;0;48521;323;48198;24446;12360;1924;2807;0;3579;2331;0;0;0;0;0;510;0;0;0;0;0;0;0;0;0;0;0;0;0;0;0;0;0;0;0;0;0;0;0;0;241;214;48307;21601;10643;2272;3119;0;6941;2501;112;61;130;256;40;291;0;53;0;5;0;1;0;61;0;0;51;30;5;39;0;0;0;0;14;37;44
131;Gütersloh I;NW;Brief;0;50641;351;50290;25385;13539;1611;3060;0;3380;2864;0;0;451;0;0;0;0;0;0;0;0;0;0;0;0;0;0;0;0;0;0;0;0;0;0;0;0;0;0;0;0;235;50406;21116;11107;2434;3921;0;7394;3025;141;65;190;309;57;254;0;62;0;9;0;2;0;55;0;0;62;36;6;39;0;0;0;0;22;46;54
132;Bielefeld – Gütersloh II;NW;Brief;0;54916;294;54622;18967;16510;4305;5966;0;4773;2992;0;0;0;0;0;1047;0;0;0;62;0;0;0;0;0;0;0;0;0;0;0;0;0;0;0;0;0;0;0;0;0;184;54732;17328;13173;5264;6266;0;7342;3346;223;61;112;301;67;657;0;47;0;23;0;8;0;92;0;0;93;98;14;66;0;0;0;0;31;45;75
133;Herford – Minden-Lübbecke II;NW;Brief;0;52688;386;52302;21280;18484;2176;2813;0;3144;3742;0;0;663;0;0;0;0;0;0;0;0;0;0;0;0;0;0;0;0;0;0;0;0;0;0;0;0;0;0;0;0;251;52437;19111;14677;2828;3318;0;6683;4077;172;114;283;466;40;297;0;73;0;16;0;0;0;31;0;0;37;40;8;39;0;0;0;0;22;48;57
134;Minden-Lübbecke I;NW;Brief;0;41150;232;40918;15695;15124;1806;2098;0;3390;2805;0;0;0;0;0;0;0;0;0;0;0;0;0;0;0;0;0;0;0;0;0;0;0;0;0;0;0;0;0;0;0;183;40967;14549;11957;2244;2622;0;5346;2964;135;64;109;323;52;251;0;47;0;8;0;1;0;10;0;0;74;43;2;36;0;0;0;0;31;47;52
135;Lippe I;NW;Brief;0;36631;258;36373;14484;11183;1694;2453;0;3471;2537;0;0;551;0;0;0;0;0;0;0;0;0;0;0;0;0;0;0;0;0;0;0;0;0;0;0;0;0;0;0;0;173;36458;12832;9954;2105;2470;0;5119;2725;130;75;276;275;29;193;0;55;0;5;0;2;0;28;0;0;38;27;4;35;0;0;0;0;14;33;34
136;Höxter – Lippe II;NW;Brief;0;41388;319;41069;18599;10654;1996;3005;0;3210;2866;0;0;456;0;283;0;0;0;0;0;0;0;0;0;0;0;0;0;0;0;0;0;0;0;0;0;0;0;0;0;0;209;41179;16210;9888;2373;2802;0;5642;2976;120;65;205;277;109;214;0;43;0;7;0;4;0;10;0;0;76;40;5;28;0;0;0;0;13;35;37
137;Paderborn – Gütersloh III;NW;Brief;0;53465;290;53175;30567;10100;2178;3631;0;2954;3181;564;0;0;0;0;0;0;0;0;0;0;0;0;0;0;0;0;0;0;0;0;0;0;0;0;0;0;0;0;0;0;217;53248;23391;9563;2949;4019;0;7957;3556;237;84;147;375;81;382;0;71;0;10;0;2;0;52;0;0;74;69;3;74;0;0;0;0;31;53;68
138;Hagen – Ennepe-Ruhr-Kreis I;NW;Brief;0;41389;287;41102;14170;15814;1674;1470;0;3680;3478;0;0;0;0;0;0;0;0;0;51;0;0;0;0;0;0;0;0;0;0;0;0;0;0;0;0;0;0;0;0;765;191;41198;14101;11736;2454;2091;0;5810;3680;102;79;104;375;32;232;0;73;0;21;0;3;0;61;0;0;33;46;13;22;0;0;0;0;24;58;48
139;Ennepe-Ruhr-Kreis II;NW;Brief;0;44626;816;43810;15792;15419;2960;3883;0;4690;0;888;0;0;0;0;0;0;0;0;178;0;0;0;0;0;0;0;0;0;0;0;0;0;0;0;0;0;0;0;0;0;247;44379;13812;13310;3220;3362;0;5831;3176;260;74;94;420;48;292;0;60;0;48;0;1;0;53;0;0;68;71;16;39;0;0;0;0;25;55;44
140;Bochum I;NW;Brief;0;51299;488;50811;16606;18246;4295;3966;0;3744;3824;0;0;0;0;0;0;0;0;0;130;0;0;0;0;0;0;0;0;0;0;0;0;0;0;0;0;0;0;0;0;0;305;50994;15212;15040;4344;4329;0;6228;3838;205;106;97;488;56;507;0;60;0;26;0;3;0;71;0;0;86;89;9;45;0;0;0;0;36;50;69
141;Herne – Bochum II;NW;Brief;0;34586;410;34176;9709;14186;2188;1998;0;2465;3524;0;0;0;0;0;0;0;0;0;106;0;0;0;0;0;0;0;0;0;0;0;0;0;0;0;0;0;0;0;0;0;240;34346;9881;11828;2379;1944;0;3376;3511;140;94;80;409;43;281;0;53;0;31;0;15;0;57;0;0;57;30;6;25;0;0;0;0;17;50;39
142;Dortmund I;NW;Brief;0;50382;290;50092;16758;18641;3067;3867;0;3117;3610;564;0;366;0;0;0;0;0;0;102;0;0;0;0;0;0;0;0;0;0;0;0;0;0;0;0;0;0;0;0;0;193;50189;14562;14512;4182;4729;0;6229;3675;278;104;163;438;55;638;0;68;0;50;0;2;0;74;0;0;114;86;16;40;0;0;0;0;29;56;89
143;Dortmund II;NW;Brief;0;42636;337;42299;13886;16133;2853;2858;0;2824;3266;0;0;479;0;0;0;0;0;0;0;0;0;0;0;0;0;0;0;0;0;0;0;0;0;0;0;0;0;0;0;0;230;42406;12299;13871;3074;2943;0;5130;3353;207;93;202;373;33;402;0;59;0;18;0;2;0;72;0;0;57;52;14;26;0;0;0;0;31;55;40
144;Unna I;NW;Brief;0;44523;298;44225;16190;16256;1920;2993;0;3089;2935;343;0;291;0;0;0;0;0;0;42;0;0;0;0;0;0;0;0;0;0;0;0;0;0;0;0;0;0;0;0;166;263;44260;14120;14592;2504;2874;0;5494;3174;186;119;192;378;33;235;0;76;0;15;0;3;0;60;0;0;38;27;2;38;0;0;0;0;17;40;43
145;Hamm – Unna II;NW;Brief;0;49330;286;49044;20286;16571;2268;2380;0;3229;3585;328;0;397;0;0;0;0;0;0;0;0;0;0;0;0;0;0;0;0;0;0;0;0;0;0;0;0;0;0;0;0;219;49111;17760;14627;2758;2564;0;5901;3895;172;136;173;384;34;275;0;69;0;22;0;4;0;100;0;0;51;34;13;22;0;0;0;0;13;55;49
146;Soest;NW;Brief;0;55434;407;55027;26029;15540;2351;3057;0;4359;3586;0;0;0;0;0;0;0;0;0;0;0;0;0;0;0;0;0;0;0;0;0;0;0;0;0;0;0;0;0;0;105;227;55207;22517;13139;3062;3214;0;8097;3707;159;67;101;396;61;283;0;63;0;11;0;3;0;17;0;0;67;59;2;39;0;0;0;0;25;57;61
147;Hochsauerlandkreis;NW;Brief;0;52112;302;51810;26176;13067;1752;2434;0;4714;3110;0;0;557;0;0;0;0;0;0;0;0;0;0;0;0;0;0;0;0;0;0;0;0;0;0;0;0;0;0;0;0;213;51899;23435;11027;2333;2326;0;7890;3370;140;98;278;341;37;252;0;64;0;10;0;0;0;31;0;0;47;39;5;45;0;0;0;0;14;59;58
148;Siegen-Wittgenstein;NW;Brief;0;53389;377;53012;23352;15407;2493;2316;0;4031;4267;0;0;0;0;288;618;0;0;0;0;0;0;0;0;0;0;0;0;0;0;0;0;0;0;0;0;0;0;0;0;240;304;53085;19789;13647;3400;2721;0;7180;4545;148;96;124;400;169;414;0;80;0;5;0;1;0;60;0;0;38;61;10;62;0;0;0;0;33;52;50
149;Olpe – Märkischer Kreis I;NW;Brief;0;57375;458;56917;29746;14128;2054;1841;0;5304;3844;0;0;0;0;0;0;0;0;0;0;0;0;0;0;0;0;0;0;0;0;0;0;0;0;0;0;0;0;0;0;0;269;57106;25675;12553;2499;2364;0;8604;3903;143;116;121;389;93;239;0;77;0;14;0;0;0;63;0;0;40;41;6;40;0;0;0;0;18;57;51
150;Märkischer Kreis II;NW;Brief;0;47995;711;47284;20315;17192;2567;1618;0;4822;0;0;0;0;0;0;0;0;0;0;0;0;0;0;0;0;0;0;0;0;0;0;0;0;0;0;0;0;0;0;0;770;193;47802;19112;11805;2483;2125;0;6927;3987;131;101;126;399;44;203;0;73;0;11;0;2;0;53;0;0;45;34;6;45;0;0;0;0;11;50;29
151;Nordsachsen;SN;Brief;0;21310;227;21083;7600;2876;3957;736;0;1464;4450;0;0;0;0;0;0;0;0;0;0;0;0;0;0;0;0;0;0;0;0;0;0;0;0;0;0;0;0;0;0;0;154;21156;6936;2579;3405;667;0;1782;4541;69;206;231;333;33;163;0;0;0;16;9;0;0;0;0;0;105;39;0;0;0;0;0;0;0;0;42
152;Leipzig I;SN;Brief;0;38558;283;38275;11207;6696;7918;2706;0;2315;5490;0;0;416;0;0;1088;0;0;0;0;123;81;0;0;0;0;0;0;0;0;0;0;0;0;0;0;0;0;0;0;235;201;38357;9933;5034;7923;3328;0;3518;5586;183;192;330;669;91;809;0;0;0;56;67;0;0;0;0;0;266;270;0;0;0;0;0;0;0;0;102
153;Leipzig II;SN;Brief;0;47685;298;47387;12374;6735;11464;6118;0;2946;4929;358;0;578;0;0;1481;0;0;0;129;100;0;0;0;0;0;0;0;0;0;0;0;0;0;0;0;0;0;0;0;175;244;47441;11316;6397;10491;5889;0;4387;5399;239;122;343;666;103;1079;0;0;0;77;64;0;0;0;0;0;393;305;0;0;0;0;0;0;0;0;171
154;Leipzig-Land;SN;Brief;0;29801;284;29517;10905;3508;4841;1417;0;2065;6781;0;0;0;0;0;0;0;0;0;0;0;0;0;0;0;0;0;0;0;0;0;0;0;0;0;0;0;0;0;0;0;188;29613;9977;3482;4556;1142;0;2620;6268;82;194;263;434;52;237;0;0;0;47;11;0;0;0;0;0;127;68;0;0;0;0;0;0;0;0;53
155;Meißen;SN;Brief;0;30819;328;30491;12596;3032;4105;1313;0;1744;7138;0;281;0;0;0;0;0;0;0;0;282;0;0;0;0;0;0;0;0;0;0;0;0;0;0;0;0;0;0;0;0;269;30550;9108;2865;4468;1416;0;2951;7764;87;323;350;422;107;253;0;0;0;24;78;0;0;0;0;0;188;85;0;0;0;0;0;0;0;0;61
156;Bautzen I;SN;Brief;0;25712;192;25520;8565;2532;4349;699;0;1710;6604;0;0;629;0;0;0;0;0;0;0;101;0;0;0;0;0;0;0;0;0;0;0;0;0;0;0;0;0;0;0;331;169;25543;7829;2366;4002;734;0;2171;6630;82;264;521;319;74;215;0;0;0;25;51;0;0;0;0;0;152;68;0;0;0;0;0;0;0;0;40
157;Görlitz;SN;Brief;0;27173;255;26918;9394;3309;3965;1192;0;1415;6738;0;0;605;0;0;0;0;0;0;0;300;0;0;0;0;0;0;0;0;0;0;0;0;0;0;0;0;0;0;0;0;227;26946;8176;2775;4104;1014;0;2083;6878;86;257;480;368;64;254;0;0;0;20;85;0;0;0;0;0;160;77;0;0;0;0;0;0;0;0;65
158;Sächsische Schweiz-Osterzgebirge;SN;Brief;0;28914;287;28627;9076;2409;4829;1107;0;2140;8178;0;0;0;0;0;0;0;0;0;0;407;0;0;0;0;0;0;0;0;0;0;0;0;0;0;0;0;0;0;0;481;205;28709;8386;2481;4191;1119;0;2722;7723;82;373;474;398;104;233;0;0;0;30;107;0;0;0;0;0;173;71;0;0;0;0;0;0;0;0;42
159;Dresden I;SN;Brief;0;54503;436;54067;14498;7826;11791;4206;0;4298;8695;607;213;0;0;509;1207;0;0;0;0;217;0;0;0;0;0;0;0;0;0;0;0;0;0;0;0;0;0;0;0;0;280;54223;15136;6027;9334;4949;0;5841;8998;351;252;461;636;325;1004;0;0;0;46;110;0;0;0;0;0;342;281;0;0;0;0;0;0;0;0;130
160;Dresden II – Bautzen II;SN;Brief;0;50524;382;50142;13976;5838;9047;5650;0;3644;7668;797;249;754;0;746;1539;0;0;0;97;137;0;0;0;0;0;0;0;0;0;0;0;0;0;0;0;0;0;0;0;0;235;50289;13180;5064;9053;5592;0;5010;8230;391;243;546;628;373;1063;0;0;0;61;75;0;0;0;0;0;387;251;0;0;0;0;0;0;0;0;142
161;Mittelsachsen;SN;Brief;0;29212;290;28922;10284;3875;4317;1201;0;1734;7148;0;0;0;0;0;0;0;0;0;0;363;0;0;0;0;0;0;0;0;0;0;0;0;0;0;0;0;0;0;0;0;203;29009;9095;3030;4550;973;0;2563;7014;115;249;286;373;83;332;0;0;0;41;94;0;0;0;0;0;96;67;0;0;0;0;0;0;0;0;48
162;Chemnitz;SN;Brief;0;36731;306;36425;10546;6171;7649;1830;0;2429;6335;302;0;0;0;0;944;0;0;0;0;219;0;0;0;0;0;0;0;0;0;0;0;0;0;0;0;0;0;0;0;0;214;36517;10256;4746;7577;1899;0;3056;6605;195;180;233;480;76;667;0;0;0;49;88;0;0;0;0;0;188;145;0;0;0;0;0;0;0;0;77
163;Chemnitzer Umland – Erzgebirgskreis II;SN;Brief;0;24329;285;24044;9170;2470;4257;1002;0;2022;5123;0;0;0;0;0;0;0;0;0;0;0;0;0;0;0;0;0;0;0;0;0;0;0;0;0;0;0;0;0;0;0;169;24160;8306;2597;3862;787;0;2019;5198;75;184;318;311;59;210;0;0;0;20;8;0;0;0;0;0;98;55;0;0;0;0;0;0;0;0;53
164;Erzgebirgskreis I;SN;Brief;0;28564;351;28213;10427;2455;4709;925;0;2397;6710;0;0;0;0;0;0;0;0;0;0;0;0;0;0;0;0;0;0;0;0;0;0;0;0;0;0;0;0;0;0;590;263;28301;9719;2630;4430;772;0;2335;6627;77;266;450;410;71;216;0;0;0;26;13;0;0;0;0;0;142;69;0;0;0;0;0;0;0;0;48
165;Zwickau;SN;Brief;0;28246;1024;27222;9843;3023;7002;1468;0;3433;0;0;0;0;0;0;0;0;0;0;0;0;0;0;0;0;0;0;0;0;0;0;0;0;0;0;0;0;0;0;0;2453;207;28039;9506;3058;5011;1025;0;2283;5605;87;176;343;389;53;241;0;0;0;36;14;0;0;0;0;0;97;54;0;0;0;0;0;0;0;0;61
166;Vogtlandkreis;SN;Brief;0;27314;303;27011;10193;3074;4332;1168;0;1687;5754;0;0;0;0;0;0;0;0;0;0;0;0;0;0;0;0;0;0;0;0;0;0;0;0;0;0;0;0;0;0;803;217;27097;9051;3180;4480;901;0;2146;5888;65;186;255;332;72;274;0;0;0;31;12;0;0;0;0;0;119;75;0;0;0;0;0;0;0;0;30
167;Waldeck;HE;Brief;0;35864;392;35472;12794;12360;1848;2225;0;2595;3072;0;0;547;0;0;0;0;0;0;0;0;0;0;0;0;0;0;0;0;0;0;0;0;0;0;0;0;0;0;0;31;322;35542;11561;11113;2138;2491;0;3713;3279;98;72;335;330;38;189;0;0;0;4;6;0;0;0;0;0;78;0;3;37;0;0;0;0;0;0;57
168;Kassel;HE;Brief;0;46091;498;45593;13907;15673;3483;4684;0;2875;3288;282;0;344;0;0;632;0;0;0;71;0;0;0;0;0;0;0;0;0;0;0;0;0;0;0;0;0;0;0;0;354;421;45670;13171;12688;4528;5544;0;4537;3423;147;64;235;431;78;437;0;0;0;36;5;0;0;0;0;0;165;0;17;84;0;0;0;0;0;0;80
169;Werra-Meißner – Hersfeld-Rotenburg;HE;Brief;0;33337;402;32935;10310;13603;1615;1441;0;1844;3443;0;0;679;0;0;0;0;0;0;0;0;0;0;0;0;0;0;0;0;0;0;0;0;0;0;0;0;0;0;0;0;345;32992;10462;10503;1959;2104;0;3088;3627;90;97;321;290;55;194;0;0;0;7;8;0;0;0;0;0;77;0;8;44;0;0;0;0;0;0;58
170;Schwalm-Eder;HE;Brief;0;33245;430;32815;10635;12151;1666;2024;0;2306;3164;0;0;869;0;0;0;0;0;0;0;0;0;0;0;0;0;0;0;0;0;0;0;0;0;0;0;0;0;0;0;0;375;32870;10286;10116;2022;2266;0;3294;3452;102;85;517;319;36;175;0;0;0;3;5;0;0;0;0;0;84;0;8;46;0;0;0;0;0;0;54
171;Marburg;HE;Brief;0;34576;260;34316;12071;11649;2959;2878;0;1572;2517;0;0;534;0;0;0;0;0;0;0;0;0;0;0;0;0;0;0;0;0;0;0;0;0;0;0;0;0;0;0;136;187;34389;10947;8347;3572;3883;0;3310;2972;119;52;252;274;82;335;0;0;0;8;8;0;0;0;0;0;117;0;18;32;0;0;0;0;0;0;61
172;Lahn-Dill;HE;Brief;0;33911;385;33526;14262;9500;1216;2065;0;2338;3105;0;99;345;0;0;346;0;0;0;0;0;0;0;0;0;0;0;0;0;0;0;0;0;0;0;0;0;0;0;0;250;290;33621;12381;7877;1925;2448;0;3712;3899;84;117;349;325;66;242;0;0;0;2;11;0;0;0;0;0;59;0;12;65;0;0;0;0;0;0;47
173;Gießen;HE;Brief;0;41226;404;40822;15164;10883;2324;4054;0;3596;3513;0;101;881;0;0;0;0;0;0;90;0;0;0;0;0;65;0;0;0;0;0;0;0;0;0;0;0;0;0;0;151;303;40923;13278;9372;3072;4463;0;4759;3795;162;114;618;439;93;472;0;0;0;14;7;0;0;0;0;0;97;0;34;47;0;0;0;0;0;0;87
174;Fulda;HE;Brief;0;35124;298;34826;16692;6961;1490;2375;0;1922;4904;0;85;397;0;0;0;0;0;0;0;0;0;0;0;0;0;0;0;0;0;0;0;0;0;0;0;0;0;0;0;0;296;34828;14442;6139;1830;2743;0;4124;4200;86;101;260;319;102;259;0;0;0;7;3;0;0;0;0;0;83;0;9;56;0;0;0;0;0;0;65
175;Main-Kinzig – Wetterau II – Schotten;HE;Brief;0;34414;446;33968;13327;9598;1791;1964;0;2124;4169;0;201;794;0;0;0;0;0;0;0;0;0;0;0;0;0;0;0;0;0;0;0;0;0;0;0;0;0;0;0;0;310;34104;11817;8006;2025;2415;0;3866;4293;105;173;436;446;67;255;0;0;0;6;12;0;0;0;0;0;71;0;5;45;0;0;0;0;0;0;61
176;Hochtaunus;HE;Brief;0;44311;644;43667;19040;9170;2241;3843;0;4985;3779;0;0;609;0;0;0;0;0;0;0;0;0;0;0;0;0;0;0;0;0;0;0;0;0;0;0;0;0;0;0;0;548;43763;16162;8155;2506;4012;0;7211;4078;124;75;349;528;64;261;0;0;0;2;3;0;0;0;0;0;90;0;7;46;0;0;0;0;0;0;90
177;Wetterau I;HE;Brief;0;37589;435;37154;14712;9950;1470;3265;0;3488;3420;0;149;700;0;0;0;0;0;0;0;0;0;0;0;0;0;0;0;0;0;0;0;0;0;0;0;0;0;0;0;0;305;37284;13040;8127;2152;3389;0;5156;3648;141;160;405;455;62;293;0;0;0;4;9;0;0;0;0;0;94;0;7;59;0;0;0;0;0;0;83
178;Rheingau-Taunus – Limburg;HE;Brief;0;53154;577;52577;24164;12509;2337;3505;0;4138;4224;0;0;1700;0;0;0;0;0;0;0;0;0;0;0;0;0;0;0;0;0;0;0;0;0;0;0;0;0;0;0;0;453;52701;20583;10293;2689;4366;0;7288;5285;146;121;607;592;77;348;0;0;0;11;7;0;0;0;0;0;129;0;7;55;0;0;0;0;0;0;97
179;Wiesbaden;HE;Brief;0;42682;397;42285;16896;10726;2590;4065;0;3240;3458;217;0;491;0;0;602;0;0;0;0;0;0;0;0;0;0;0;0;0;0;0;0;0;0;0;0;0;0;0;0;0;283;42399;13914;8162;3154;5022;0;6710;3716;148;57;319;391;75;416;0;0;0;21;13;0;0;0;0;0;128;0;5;45;0;0;0;0;0;0;103
180;Hanau;HE;Brief;0;32614;392;32222;12554;9602;1553;1937;0;2157;3391;0;107;482;0;0;439;0;0;0;0;0;0;0;0;0;0;0;0;0;0;0;0;0;0;0;0;0;0;0;0;0;335;32279;10710;7513;2066;2685;0;4007;3740;125;110;293;462;75;254;0;0;0;9;6;0;0;0;0;0;73;0;25;55;0;0;0;0;0;0;71
181;Main-Taunus;HE;Brief;0;49692;565;49127;22599;9757;1950;4181;0;5770;4021;0;0;849;0;0;0;0;0;0;0;0;0;0;0;0;0;0;0;0;0;0;0;0;0;0;0;0;0;0;0;0;431;49261;18891;8311;2309;4668;0;9069;4275;136;90;425;463;101;299;0;0;0;8;8;0;0;0;0;0;77;0;7;56;0;0;0;0;0;0;68
182;Frankfurt am Main I;HE;Brief;0;42104;336;41768;14812;9532;3300;5070;0;4628;2912;252;0;429;0;0;757;0;0;0;45;0;31;0;0;0;0;0;0;0;0;0;0;0;0;0;0;0;0;0;0;0;260;41844;12593;7207;4081;5942;0;7269;2982;166;67;234;373;93;505;0;0;0;25;8;0;0;0;0;0;118;0;20;63;0;0;0;0;0;0;98
183;Frankfurt am Main II;HE;Brief;0;53091;416;52675;19253;12101;3775;7481;0;4981;3367;331;0;345;0;0;999;0;0;0;42;0;0;0;0;0;0;0;0;0;0;0;0;0;0;0;0;0;0;0;0;0;286;52805;15990;9157;4995;8243;0;8816;3495;200;57;246;482;94;636;0;0;0;17;10;0;0;0;0;0;157;0;26;44;0;0;0;0;0;0;140
184;Groß-Gerau;HE;Brief;0;32521;527;31994;12626;9760;1755;2226;0;1880;3024;0;0;669;0;0;0;0;0;0;54;0;0;0;0;0;0;0;0;0;0;0;0;0;0;0;0;0;0;0;0;0;410;32111;10958;8019;2095;2804;0;3385;3309;174;77;387;367;45;279;0;0;0;10;4;0;0;0;0;0;61;0;33;45;0;0;0;0;0;0;59
185;Offenbach;HE;Brief;0;43443;519;42924;17541;9478;2738;3913;0;3686;4080;333;0;949;0;0;0;0;0;0;0;0;0;0;0;0;0;0;0;0;0;0;0;0;0;206;0;0;0;0;0;0;419;43024;15021;8421;3079;4236;0;6077;4311;184;98;411;454;84;377;0;0;0;15;8;0;0;0;0;0;94;0;13;59;0;0;0;0;0;0;82
186;Darmstadt;HE;Brief;0;54053;663;53390;18211;15082;3915;8003;0;3492;3780;0;0;793;0;0;0;0;0;0;114;0;0;0;0;0;0;0;0;0;0;0;0;0;0;0;0;0;0;0;0;0;439;53614;16344;11540;4719;7652;0;6619;4205;309;100;388;521;157;632;0;0;0;33;6;0;0;0;0;0;182;0;17;68;0;0;0;0;0;0;122
187;Odenwald;HE;Brief;0;50262;733;49529;19824;13645;2509;3883;0;3574;4900;0;0;747;0;0;0;0;0;0;0;0;0;0;0;0;0;0;0;0;0;0;0;0;0;0;0;0;0;0;0;447;567;49695;18172;11116;3168;4220;0;5765;5069;175;131;420;641;95;377;0;0;0;18;6;0;0;0;0;0;102;0;34;84;0;0;0;0;0;0;102
188;Bergstraße;HE;Brief;0;43605;485;43120;18634;11010;1977;3212;0;3337;4371;0;0;0;0;0;0;0;0;0;0;0;0;0;0;0;0;0;0;0;0;0;0;0;0;0;0;0;0;0;0;579;354;43251;16227;9120;2404;3695;0;5351;4641;132;129;357;527;66;320;0;0;0;8;16;0;0;0;0;0;91;0;6;78;0;0;0;0;0;0;83
189;Eichsfeld – Nordhausen – Kyffhäuserkreis;TH;Brief;0;30172;297;29875;12243;4346;4981;950;0;1327;4807;0;0;508;0;543;0;0;0;0;0;0;0;0;0;0;0;0;0;0;0;0;0;0;0;0;0;0;0;0;0;170;279;29893;11025;4246;4725;1126;0;2244;4727;95;323;415;0;328;252;0;0;0;37;0;0;0;0;0;0;226;0;0;68;0;0;0;0;0;0;56
190;Eisenach – Wartburgkreis – Unstrut-Hainich-Kreis;TH;Brief;0;30240;307;29933;11085;4696;5090;1221;0;1552;4734;0;338;1038;0;0;0;0;0;0;179;0;0;0;0;0;0;0;0;0;0;0;0;0;0;0;0;0;0;0;0;0;249;29991;10027;4486;5039;1255;0;2221;4991;100;287;669;0;134;313;0;0;0;97;0;0;0;0;0;0;184;0;0;114;0;0;0;0;0;0;74
191;Jena – Sömmerda – Weimarer Land I;TH;Brief;0;32592;310;32282;9719;4705;7646;2204;0;1867;4385;0;0;1147;0;0;0;0;0;0;0;0;0;0;0;0;0;0;0;0;0;0;0;0;0;0;0;0;0;0;0;609;217;32375;9407;4061;6433;2776;0;2973;4603;160;164;621;0;160;563;0;0;0;33;0;0;0;0;0;0;175;0;0;112;0;0;0;0;0;0;134
192;Gotha – Ilm-Kreis;TH;Brief;0;28147;301;27846;8734;5536;4644;1177;0;1805;4891;0;0;1059;0;0;0;0;0;0;0;0;0;0;0;0;0;0;0;0;0;0;0;0;0;0;0;0;0;0;0;0;197;27950;8507;4106;4762;1356;0;2317;5020;104;210;570;0;112;437;0;0;0;33;0;0;0;0;0;0;151;0;0;171;0;0;0;0;0;0;94
193;Erfurt – Weimar – Weimarer Land II;TH;Brief;0;42424;385;42039;12342;7729;8296;3963;0;2488;4978;394;0;466;0;441;942;0;0;0;0;0;0;0;0;0;0;0;0;0;0;0;0;0;0;0;0;0;0;0;0;0;333;42091;11608;6062;8595;4079;0;3769;5212;265;130;410;0;325;854;0;0;0;63;0;0;0;0;0;0;354;0;0;154;0;0;0;0;0;0;211
194;Gera – Greiz – Altenburger Land;TH;Brief;0;33409;303;33106;11226;3819;6873;825;0;1936;7064;0;0;651;0;0;0;0;0;0;0;0;0;0;0;0;0;0;0;0;0;0;308;0;0;0;0;0;0;0;0;404;267;33142;10187;3843;6301;1043;0;2938;7008;94;255;505;0;139;318;0;0;0;44;0;0;0;0;0;0;173;0;0;134;0;0;0;0;0;0;160
195;Saalfeld-Rudolstadt – Saale-Holzland-Kreis – Saale-Orla-Kreis;TH;Brief;0;32968;302;32666;10884;3790;5951;1469;0;2121;6997;0;0;1067;0;0;0;0;0;0;0;0;0;0;0;0;0;0;0;0;0;0;0;0;0;0;0;0;0;0;0;387;224;32744;10115;4038;5852;1220;0;2746;6683;125;252;692;0;146;389;0;0;0;51;0;0;0;0;0;0;198;0;0;140;0;0;0;0;0;0;97
196;Suhl – Schmalkalden-Meiningen – Hildburghausen – Sonneberg;TH;Brief;0;32273;308;31965;11181;4189;6594;1175;0;1754;5479;203;0;774;0;482;0;0;0;0;134;0;0;0;0;0;0;0;0;0;0;0;0;0;0;0;0;0;0;0;0;0;241;32032;10219;4355;6097;1375;0;2364;5608;124;216;602;0;274;330;0;0;0;62;0;0;0;0;0;0;185;0;0;124;0;0;0;0;0;0;97
197;Neuwied;RP;Brief;0;64044;857;63187;30520;16677;2634;3476;0;4193;4372;0;0;1274;0;0;0;0;0;0;41;0;0;0;0;0;0;0;0;0;0;0;0;0;0;0;0;0;0;0;0;0;555;63489;27413;15278;3048;3738;0;6855;5164;198;137;818;0;149;396;0;0;0;24;0;0;0;0;0;0;126;0;0;0;0;0;0;0;0;0;145
198;Ahrweiler;RP;Brief;0;54876;529;54347;25437;13964;1916;3086;0;4969;3743;389;0;0;0;0;0;0;0;0;0;0;0;0;0;0;0;0;0;0;0;0;0;0;0;0;0;0;0;0;0;843;323;54553;24458;11748;2419;3479;0;6643;4184;189;122;459;0;136;415;0;0;0;9;0;0;0;0;0;0;130;0;0;0;0;0;0;0;0;0;162
199;Koblenz;RP;Brief;0;60364;694;59670;27555;16134;2304;3548;0;4049;3816;300;0;1144;0;0;620;0;0;0;0;0;0;0;0;0;0;0;0;0;0;0;0;0;0;0;0;0;0;0;0;200;443;59921;25850;13569;3189;4315;0;6609;4368;215;79;757;0;122;554;0;0;0;16;0;0;0;0;0;0;122;0;0;0;0;0;0;0;0;0;156
200;Mosel/Rhein-Hunsrück;RP;Brief;0;40657;601;40056;18700;9481;1905;2064;0;3703;2614;0;0;1151;0;438;0;0;0;0;0;0;0;0;0;0;0;0;0;0;0;0;0;0;0;0;0;0;0;0;0;0;332;40325;18052;8707;2189;2272;0;4730;2908;113;66;554;0;158;325;0;0;0;12;0;0;0;0;0;0;91;0;0;0;0;0;0;0;0;0;148
201;Kreuznach;RP;Brief;0;43814;504;43310;17537;12804;1988;2240;0;3222;3788;0;0;1298;0;433;0;0;0;0;0;0;0;0;0;0;0;0;0;0;0;0;0;0;0;0;0;0;0;0;0;0;287;43527;16426;11447;2525;2702;0;4588;4173;119;94;677;0;186;359;0;0;0;9;0;0;0;0;0;0;112;0;0;0;0;0;0;0;0;0;110
202;Bitburg;RP;Brief;0;37936;549;37387;19684;9219;1914;0;0;2750;2260;0;0;1002;0;558;0;0;0;0;0;0;0;0;0;0;0;0;0;0;0;0;0;0;0;0;0;0;0;0;0;0;310;37626;17392;7683;2067;2337;0;4150;2593;91;57;602;0;195;273;0;0;0;5;0;0;0;0;0;0;80;0;0;0;0;0;0;0;0;0;101
203;Trier;RP;Brief;0;52106;536;51570;21115;16513;2823;3544;0;3055;2827;0;56;618;0;0;617;0;0;0;0;0;0;0;0;0;0;0;0;0;0;0;0;0;0;0;0;0;0;0;0;402;388;51718;20962;12050;3763;4719;0;5214;3257;209;62;540;0;138;513;0;0;0;11;0;0;0;0;0;0;113;0;0;0;0;0;0;0;0;0;167
204;Montabaur;RP;Brief;0;55817;1400;54417;26114;14646;3043;2749;0;4713;0;0;0;3152;0;0;0;0;0;0;0;0;0;0;0;0;0;0;0;0;0;0;0;0;0;0;0;0;0;0;0;0;354;55463;23612;12667;2781;3228;0;6079;4927;178;144;982;0;109;419;0;0;0;6;0;0;0;0;0;0;140;0;0;0;0;0;0;0;0;0;191
205;Mainz;RP;Brief;0;77072;677;76395;30029;19724;4289;8653;0;5702;4365;487;0;866;0;857;1099;0;0;0;0;0;0;0;0;0;0;0;0;0;0;0;0;0;0;0;0;0;0;102;0;222;435;76637;28186;16113;5548;9591;0;9016;5117;343;85;593;0;649;897;0;0;0;22;0;0;0;0;0;0;227;0;0;0;0;0;0;0;0;0;250
206;Worms;RP;Brief;0;58197;771;57426;26051;14461;2386;3886;0;3612;5121;0;140;1038;0;384;0;0;0;0;0;0;0;0;0;0;0;0;0;0;0;0;0;0;35;0;0;0;0;0;0;312;528;57669;21164;14298;3023;4439;0;6315;6173;212;171;801;0;254;462;0;0;0;10;0;0;0;0;0;0;155;0;0;0;0;0;0;0;0;0;192
207;Ludwigshafen/Frankenthal;RP;Brief;0;55692;691;55001;19788;17655;2541;2814;0;4308;6179;0;0;1585;0;0;0;0;0;0;131;0;0;0;0;0;0;0;0;0;0;0;0;0;0;0;0;0;0;0;0;0;578;55114;19395;14037;3037;3677;0;5883;6659;241;189;984;0;124;537;0;0;0;59;0;0;0;0;0;0;129;0;0;0;0;0;0;0;0;0;163
208;Neustadt – Speyer;RP;Brief;0;68531;807;67724;29874;16270;2591;5030;0;4821;6193;0;0;2723;0;0;0;0;0;0;0;0;0;0;0;0;0;0;0;0;0;0;0;0;85;0;0;0;0;137;0;0;525;68006;27015;14293;3335;5583;0;7881;6672;249;199;1716;0;147;514;0;0;0;22;0;0;0;0;0;0;174;0;0;0;0;0;0;0;0;0;206
209;Kaiserslautern;RP;Brief;0;54928;694;54234;18546;17735;3535;3066;0;3299;5343;0;0;1859;0;0;851;0;0;0;0;0;0;0;0;0;0;0;0;0;0;0;0;0;0;0;0;0;0;0;0;0;535;54393;17728;14962;3710;3655;0;5430;5796;323;208;1388;0;107;698;0;0;0;10;0;0;0;0;0;0;172;0;0;0;0;0;0;0;0;0;206
210;Pirmasens;RP;Brief;0;45255;766;44489;18498;12283;2244;1780;0;3216;4326;0;213;1295;0;0;634;0;0;0;0;0;0;0;0;0;0;0;0;0;0;0;0;0;0;0;0;0;0;0;0;0;510;44745;18267;10610;2658;1959;0;4245;4830;192;217;909;0;108;494;0;0;0;10;0;0;0;0;0;0;115;0;0;0;0;0;0;0;0;0;131
211;Südpfalz;RP;Brief;0;62256;648;61608;27337;15053;2381;5002;0;3859;6212;0;0;1764;0;0;0;0;0;0;0;0;0;0;0;0;0;0;0;0;0;0;0;0;0;0;0;0;0;0;0;0;484;61772;24129;13024;3332;5121;0;6451;7000;222;158;1162;0;184;595;0;0;0;25;0;0;0;0;0;0;164;0;0;0;0;0;0;0;0;0;205
212;Altötting;BY;Brief;0;44142;334;43808;0;5206;1811;2834;24579;2673;4969;0;0;0;0;1456;0;0;0;0;0;280;0;0;0;0;0;0;0;0;0;0;0;0;0;0;0;0;0;0;0;0;155;43987;0;5289;2018;3121;19998;4162;5482;114;95;1396;405;664;255;615;0;0;5;45;0;0;0;0;0;52;40;3;81;0;0;0;0;0;69;78
213;Erding – Ebersberg;BY;Brief;0;60409;317;60092;0;8682;2012;6008;29363;4749;5772;0;0;0;0;1868;0;1638;0;0;0;0;0;0;0;0;0;0;0;0;0;0;0;0;0;0;0;0;0;0;0;0;179;60230;0;6897;2722;6294;24469;7288;6609;214;99;2095;629;858;384;1132;0;0;13;12;0;0;0;0;0;88;131;6;89;0;0;0;0;0;79;122
214;Freising;BY;Brief;0;72855;473;72382;0;8871;3305;6790;31640;5623;8467;0;0;5389;0;1361;0;936;0;0;0;0;0;0;0;0;0;0;0;0;0;0;0;0;0;0;0;0;0;0;0;0;234;72621;0;8322;3342;6861;30274;7598;8986;257;194;3359;800;736;488;810;0;0;13;5;0;0;0;0;0;94;120;4;132;0;0;0;0;0;84;142
215;Fürstenfeldbruck;BY;Brief;0;69747;396;69351;0;12022;2550;6211;31477;5308;6320;0;0;2380;0;1176;0;1294;0;0;0;0;0;0;0;0;0;0;0;0;0;0;0;0;0;0;0;0;0;0;0;613;185;69562;0;8790;3033;7320;29414;8210;7094;217;108;2054;735;695;384;849;0;0;17;7;0;0;0;0;0;118;141;13;126;0;0;0;0;0;89;148
216;Ingolstadt;BY;Brief;0;67844;359;67485;0;9149;2729;4545;34189;3665;7344;0;0;3066;0;1069;660;1034;0;0;35;0;0;0;0;0;0;0;0;0;0;0;0;0;0;0;0;0;0;0;0;0;243;67601;0;8833;3023;5020;29501;6634;8576;193;207;2581;571;657;448;794;0;0;21;9;0;0;0;0;0;80;77;12;87;0;0;0;0;0;98;179
217;München-Nord;BY;Brief;0;74588;323;74265;0;17381;3706;10352;25992;8044;4460;0;0;1350;0;1396;965;525;0;0;58;36;0;0;0;0;0;0;0;0;0;0;0;0;0;0;0;0;0;0;0;0;178;74410;0;11123;5146;12612;23525;12568;5108;307;44;923;599;681;646;355;0;0;27;9;0;0;0;0;0;160;240;12;96;0;0;0;0;0;78;151
218;München-Ost;BY;Brief;0;79356;444;78912;0;15335;4194;12070;31188;7798;4903;0;0;1462;0;1225;0;617;0;0;0;120;0;0;0;0;0;0;0;0;0;0;0;0;0;0;0;0;0;0;0;0;256;79100;0;11382;5026;12340;27082;12903;5648;268;61;1021;697;750;674;421;0;0;22;14;0;0;0;0;0;164;270;30;76;0;0;0;0;0;73;178
219;München-Süd;BY;Brief;0;72410;358;72052;0;15398;4731;10342;25580;7088;4707;0;0;1280;0;1244;1015;549;0;0;47;71;0;0;0;0;0;0;0;0;0;0;0;0;0;0;0;0;0;0;0;0;175;72235;0;10627;5438;12493;23634;10272;5276;247;55;1013;634;665;660;389;0;0;24;18;0;0;0;0;0;163;283;8;96;0;0;0;0;0;66;174
220;München-West/Mitte;BY;Brief;0;82424;487;81937;0;17673;5115;13366;28975;8216;4673;0;0;1676;0;1352;0;707;0;0;0;86;0;0;0;0;0;0;0;0;0;0;0;0;0;0;0;0;0;0;0;98;248;82176;0;11957;6215;14828;26598;12210;5352;310;65;1013;720;749;736;461;0;0;18;26;0;0;0;0;0;198;328;21;95;0;0;0;0;0;76;200
221;München-Land;BY;Brief;0;78994;353;78641;0;11480;2672;10844;35662;7890;5896;0;0;2836;0;1361;0;0;0;0;0;0;0;0;0;0;0;0;0;0;0;0;0;0;0;0;0;0;0;0;0;0;221;78773;0;10245;3435;9446;31232;12705;6524;240;70;1768;779;681;448;513;0;0;13;9;0;0;0;0;0;129;189;10;94;0;0;0;0;0;107;136
222;Rosenheim;BY;Brief;0;69051;441;68610;0;7677;2205;6702;32091;5846;7832;345;0;2594;0;1539;0;1710;0;0;0;69;0;0;0;0;0;0;0;0;0;0;0;0;0;0;0;0;0;0;0;0;238;68813;0;7239;3137;7049;28595;8384;8205;192;100;1981;686;849;346;1320;0;0;21;27;0;0;0;0;0;134;128;23;136;0;0;0;0;0;99;162
223;Bad Tölz-Wolfratshausen – Miesbach;BY;Brief;0;55257;461;54796;0;5840;2561;7492;26551;4812;4804;0;0;0;0;0;0;2736;0;0;0;0;0;0;0;0;0;0;0;0;0;0;0;0;0;0;0;0;0;0;0;0;213;55044;0;5668;2425;5436;23705;7257;5608;155;72;1655;542;471;228;1307;0;0;7;5;0;0;0;0;0;84;137;5;99;0;0;0;0;0;80;98
224;Starnberg – Landsberg am Lech;BY;Brief;0;67380;420;66960;0;10702;2285;7767;28587;7385;5367;698;0;1800;0;1181;0;917;0;0;0;0;0;0;0;0;0;0;0;0;0;0;0;0;0;0;0;0;0;0;0;271;191;67189;0;7962;3168;8400;26915;10323;5883;183;83;1275;650;627;354;649;0;0;5;10;0;0;0;0;0;180;159;6;133;0;0;0;0;0;81;143
225;Traunstein;BY;Brief;0;61169;391;60778;0;9836;2395;5164;30960;3722;5436;0;0;0;0;1475;0;1790;0;0;0;0;0;0;0;0;0;0;0;0;0;0;0;0;0;0;0;0;0;0;0;0;222;60947;0;6789;2830;5782;28295;5779;6348;142;114;1671;527;679;280;1162;0;0;7;9;0;0;0;0;0;101;118;12;127;0;0;0;0;0;76;99
226;Weilheim;BY;Brief;0;55776;451;55325;0;7952;2146;5019;27222;4316;5019;0;0;0;0;2009;0;1642;0;0;0;0;0;0;0;0;0;0;0;0;0;0;0;0;0;0;0;0;0;0;0;0;212;55564;0;5909;2582;5069;24894;6220;6120;126;83;1413;531;928;242;936;0;0;8;3;0;0;0;0;0;88;88;5;121;0;0;0;0;0;77;121
227;Deggendorf;BY;Brief;0;50265;335;49930;0;8952;1810;2236;21631;2029;8247;0;0;3126;0;0;0;1899;0;0;0;0;0;0;0;0;0;0;0;0;0;0;0;0;0;0;0;0;0;0;0;0;161;50104;0;6980;2132;2286;20444;3820;9173;101;220;2422;473;385;160;1208;0;0;7;9;0;0;0;0;0;44;45;2;49;0;0;0;0;0;55;89
228;Landshut;BY;Brief;0;73140;442;72698;0;9073;2218;4785;28991;6443;7915;0;0;9953;0;1698;0;1622;0;0;0;0;0;0;0;0;0;0;0;0;0;0;0;0;0;0;0;0;0;0;0;0;200;72940;0;8782;3073;5275;29813;7518;9411;197;180;4909;798;896;329;1174;0;0;12;10;0;0;0;0;0;102;133;13;83;0;0;0;0;0;94;138
229;Passau;BY;Brief;0;58320;410;57910;0;10625;2455;3219;28168;3893;7606;0;0;0;0;1944;0;0;0;0;0;0;0;0;0;0;0;0;0;0;0;0;0;0;0;0;0;0;0;0;0;0;194;58126;0;8364;2867;3659;24345;5588;8603;122;173;1675;564;866;242;635;0;0;6;7;0;0;0;0;0;69;79;6;71;0;0;0;0;0;97;88
230;Rottal-Inn;BY;Brief;0;46088;343;45745;0;6292;1649;2436;20181;3693;6350;0;0;2654;0;1241;0;1249;0;0;0;0;0;0;0;0;0;0;0;0;0;0;0;0;0;0;0;0;0;0;0;0;151;45937;0;5578;1882;2456;19857;4375;6837;93;130;2143;434;859;169;812;0;0;3;6;0;0;0;0;0;55;50;1;58;0;0;0;0;0;70;69
231;Straubing;BY;Brief;0;50944;321;50623;0;8228;1626;1805;24657;2398;6716;0;0;2737;0;1197;0;1259;0;0;0;0;0;0;0;0;0;0;0;0;0;0;0;0;0;0;0;0;0;0;0;0;207;50737;0;6445;1924;2247;22306;4019;8253;101;251;2822;467;700;170;733;0;0;9;2;0;0;0;0;0;43;39;10;63;0;0;0;0;0;54;79
232;Amberg;BY;Brief;0;59019;454;58565;0;8206;2095;4101;29031;2955;5617;0;0;4250;0;1035;0;692;0;0;0;0;0;0;0;0;0;0;0;0;0;0;0;0;0;0;0;0;0;0;583;0;250;58769;0;8379;2605;4133;26353;4599;6483;152;237;3184;606;655;321;536;0;0;14;6;0;0;0;0;0;112;75;7;93;0;0;0;0;0;109;110
233;Regensburg;BY;Brief;0;75451;639;74812;0;12000;3825;7246;30920;5126;7499;600;0;5521;0;1882;0;0;0;0;0;0;0;0;0;0;0;0;0;0;0;0;0;0;0;193;0;0;0;0;0;0;228;75223;0;10171;4305;7819;30091;7127;8107;269;178;3923;704;803;492;571;0;0;10;8;0;0;0;0;0;101;155;21;108;0;0;0;0;0;107;153
234;Schwandorf;BY;Brief;0;67948;1273;66675;0;15894;2848;2489;32281;3139;0;0;0;6809;0;1584;0;0;0;0;0;0;0;0;0;0;0;0;0;0;0;0;0;0;0;0;0;0;0;0;0;1631;312;67636;0;10607;2780;2864;28359;4407;11220;169;303;4198;679;592;219;813;0;0;12;4;0;0;0;0;0;59;68;6;80;0;0;0;0;0;102;95
235;Weiden;BY;Brief;0;51057;665;50392;0;11132;1800;1712;23112;2021;0;0;0;3070;0;665;0;1169;0;0;0;0;0;0;0;0;0;0;0;0;0;0;0;0;0;0;0;0;0;0;0;5711;242;50815;0;9546;2121;2380;22258;3409;6191;157;226;2441;483;407;221;583;0;0;8;5;0;0;0;0;0;65;49;2;64;0;0;0;0;0;94;105
236;Bamberg;BY;Brief;0;55697;311;55386;0;10621;2471;4986;24618;3874;5703;0;0;1808;0;844;0;345;0;0;116;0;0;0;0;0;0;0;0;0;0;0;0;0;0;0;0;0;0;0;0;0;203;55494;0;8038;3080;5210;23256;5505;6209;167;222;1552;570;384;442;286;0;0;33;14;0;0;0;0;0;101;115;5;109;0;0;0;0;0;88;108
237;Bayreuth;BY;Brief;0;44788;270;44518;0;8953;1626;3312;21188;3265;3703;0;0;1805;0;0;666;0;0;0;0;0;0;0;0;0;0;0;0;0;0;0;0;0;0;0;0;0;0;0;0;0;147;44641;0;7581;2128;3565;19486;4472;4149;134;133;1457;403;215;395;132;0;0;8;2;0;0;0;0;0;56;62;4;41;0;0;0;0;0;74;144
238;Coburg;BY;Brief;0;35947;363;35584;0;9076;1595;2294;16952;1910;2995;0;148;0;0;587;0;0;0;0;27;0;0;0;0;0;0;0;0;0;0;0;0;0;0;0;0;0;0;0;0;0;164;35783;0;7538;1722;2578;15217;3254;3275;113;148;827;385;216;197;76;0;0;11;4;0;0;0;0;0;49;67;4;23;0;0;0;0;0;43;36
239;Hof;BY;Brief;0;40557;227;40330;0;8824;1419;2033;20432;1568;4222;242;0;1071;0;0;368;0;0;0;0;0;0;0;0;0;0;0;0;0;0;0;0;151;0;0;0;0;0;0;0;0;183;40374;0;8365;1892;2289;17071;3304;4613;127;169;1227;428;141;285;115;0;0;5;3;0;0;0;0;0;83;55;2;50;0;0;0;0;0;68;82
240;Kulmbach;BY;Brief;0;49312;351;48961;0;7495;1490;2146;27998;2161;5064;0;0;1732;0;875;0;0;0;0;0;0;0;0;0;0;0;0;0;0;0;0;0;0;0;0;0;0;0;0;0;0;193;49119;0;8223;1945;2743;22573;3953;5833;145;287;1590;491;380;289;206;0;0;15;1;0;0;0;0;0;85;70;9;88;0;0;0;0;0;99;94
241;Ansbach;BY;Brief;0;63273;435;62838;0;11589;3318;5027;28209;2938;5844;0;0;4241;0;1495;0;0;0;0;0;0;0;0;0;0;0;0;0;0;0;0;0;0;0;177;0;0;0;0;0;0;218;63055;0;10518;3560;5583;26433;5108;6472;250;267;2449;627;704;386;191;0;0;6;4;0;0;0;0;0;93;68;7;93;0;0;0;0;0;121;115
242;Erlangen;BY;Brief;0;54573;236;54337;0;11063;2729;6145;24051;3505;3648;450;0;1703;0;1043;0;0;0;0;0;0;0;0;0;0;0;0;0;0;0;0;0;0;0;0;0;0;0;0;0;0;148;54425;0;9005;3531;7171;20611;5889;4444;204;118;1399;467;503;446;124;0;0;25;6;0;0;0;0;0;97;141;4;70;0;0;0;0;0;63;107
243;Fürth;BY;Brief;0;63581;398;63183;0;13613;3543;6387;26615;3757;5910;0;0;3090;0;0;0;268;0;0;0;0;0;0;0;0;0;0;0;0;0;0;0;0;0;0;0;0;0;0;0;0;243;63338;0;11444;4098;6377;24196;5950;6376;235;206;2005;753;419;490;191;0;0;15;3;0;0;0;0;0;90;144;12;106;0;0;0;0;0;103;125
244;Nürnberg-Nord;BY;Brief;0;53205;371;52834;0;12391;4459;7143;18000;4440;4041;0;0;1352;0;899;0;0;0;0;109;0;0;0;0;0;0;0;0;0;0;0;0;0;0;0;0;0;0;0;0;0;202;53003;0;8862;5214;8079;16196;6401;4402;237;110;851;621;499;741;95;0;0;33;3;0;0;0;0;0;150;195;29;86;0;0;0;0;0;71;128
245;Nürnberg-Süd;BY;Brief;0;41817;346;41471;0;10633;2700;3467;16250;2703;4394;0;0;1324;0;0;0;0;0;0;0;0;0;0;0;0;0;0;0;0;0;0;0;0;0;0;0;0;0;0;0;0;208;41609;0;8434;2891;3976;14416;4003;4820;167;142;876;578;313;383;113;0;0;7;4;0;0;0;0;0;95;99;11;100;0;0;0;0;0;85;96
246;Roth;BY;Brief;0;65143;429;64714;0;12807;2675;4995;30078;3099;5886;672;0;3612;0;890;0;0;0;0;0;0;0;0;0;0;0;0;0;0;0;0;0;0;0;0;0;0;0;0;0;0;265;64878;0;11527;3510;6152;25929;5902;6582;241;181;2460;751;462;408;202;0;0;5;8;0;0;0;0;0;101;93;11;113;0;0;0;0;0;105;135
247;Aschaffenburg;BY;Brief;0;48619;507;48112;0;7367;1848;4335;25068;4023;3980;0;0;0;0;976;0;0;0;0;73;0;0;0;0;0;0;0;0;0;0;0;0;0;0;0;0;0;0;0;0;442;299;48320;0;8184;2422;4302;20299;5538;4467;127;144;1022;441;411;350;141;0;0;21;4;0;0;0;0;0;89;74;12;64;0;0;0;0;0;86;122
248;Bad Kissingen;BY;Brief;0;65113;561;64552;0;12302;2831;4699;33805;3926;6136;0;0;0;0;853;0;0;0;0;0;0;0;0;0;0;0;0;0;0;0;0;0;0;0;0;0;0;0;0;0;0;292;64821;0;9761;3168;4353;30364;5903;6656;196;370;1796;602;447;395;225;0;0;12;6;0;0;0;0;0;95;97;3;121;0;0;0;0;0;122;129
249;Main-Spessart;BY;Brief;0;63356;586;62770;0;13709;2519;4469;30864;3216;4799;0;0;2381;0;813;0;0;0;0;0;0;0;0;0;0;0;0;0;0;0;0;0;0;0;0;0;0;0;0;0;0;396;62960;0;11060;2816;4572;28365;5640;5701;172;180;2225;588;441;358;169;0;0;16;9;0;0;0;0;0;93;65;5;125;0;0;0;0;0;136;224
250;Schweinfurt;BY;Brief;0;53370;511;52859;0;8617;3593;4021;26728;3524;4934;0;0;0;0;744;0;613;0;0;85;0;0;0;0;0;0;0;0;0;0;0;0;0;0;0;0;0;0;0;0;0;252;53118;0;8608;2928;4054;23523;4978;5289;164;180;1489;522;336;283;260;0;0;38;6;0;0;0;0;0;78;60;4;126;0;0;0;0;0;90;102
251;Würzburg;BY;Brief;0;83553;680;82873;0;14929;3850;11569;36863;7091;5287;0;0;0;0;1503;1781;0;0;0;0;0;0;0;0;0;0;0;0;0;0;0;0;0;0;0;0;0;0;0;0;0;337;83216;0;14113;4978;10580;33374;8876;6003;262;191;1427;843;658;868;157;0;0;22;6;0;0;0;0;0;167;188;12;162;0;0;0;0;0;110;219
252;Augsburg-Stadt;BY;Brief;0;44298;328;43970;0;7805;3287;7056;16337;2977;4398;0;0;1087;0;814;0;0;0;0;123;86;0;0;0;0;0;0;0;0;0;0;0;0;0;0;0;0;0;0;0;0;136;44162;0;6318;3443;5947;15411;4957;4606;199;73;829;491;463;523;224;0;0;35;24;0;0;0;0;0;131;132;12;87;0;0;0;0;0;63;194
253;Augsburg-Land;BY;Brief;0;63373;427;62946;0;8346;1926;4674;30598;4104;7083;0;0;4816;0;1399;0;0;0;0;0;0;0;0;0;0;0;0;0;0;0;0;0;0;0;0;0;0;0;0;0;0;231;63142;0;7495;2717;5457;27147;6872;7648;202;166;2590;677;690;314;534;0;0;10;11;0;0;0;0;0;101;103;9;118;0;0;0;0;0;93;188
254;Donau-Ries;BY;Brief;0;51570;366;51204;0;8904;1996;3307;24465;2919;5909;0;0;2938;0;766;0;0;0;0;0;0;0;0;0;0;0;0;0;0;0;0;0;0;0;0;0;0;0;0;0;0;185;51385;0;6785;2053;3397;22805;5058;6779;164;217;2204;528;384;217;398;0;0;9;6;0;0;0;0;0;59;54;8;57;0;0;0;0;0;87;116
255;Neu-Ulm;BY;Brief;0;60367;408;59959;0;8379;2198;5896;27029;3817;7003;363;0;3951;0;856;0;0;0;0;0;0;0;0;0;0;0;0;0;0;0;0;0;0;0;0;0;0;0;0;467;0;229;60138;0;7912;2672;5102;25036;6565;7761;231;217;2226;641;584;308;325;0;0;7;10;0;0;0;0;0;102;81;8;114;0;0;0;0;0;100;136
256;Oberallgäu;BY;Brief;0;64874;298;64576;0;7048;2422;6172;33872;5100;5014;0;0;3385;0;887;0;676;0;0;0;0;0;0;0;0;0;0;0;0;0;0;0;0;0;0;0;0;0;0;0;0;221;64653;0;7258;3075;7421;28145;7734;5630;161;103;2308;615;648;279;484;0;0;10;8;0;0;0;0;0;257;110;5;147;0;0;0;0;0;96;159
257;Ostallgäu;BY;Brief;0;63297;389;62908;0;6670;2963;5906;31848;3752;6925;0;0;2272;0;1336;0;910;0;0;0;0;0;0;0;0;0;0;0;0;0;0;0;0;0;0;0;0;0;0;326;0;208;63089;0;7254;3004;5459;27581;7272;7058;178;127;1946;572;991;304;692;0;0;9;9;0;0;0;0;0;153;100;6;143;0;0;0;0;0;95;136
258;Stuttgart I;BW;Brief;0;61245;387;60858;21135;6789;3304;18520;0;5565;3257;486;0;0;584;314;664;0;0;0;53;24;0;0;0;0;0;0;0;0;0;0;0;0;0;0;0;0;0;0;0;163;213;61032;19650;7841;4771;12050;0;10711;3507;355;38;182;434;215;589;0;0;0;29;0;0;5;0;48;0;167;191;21;88;0;0;0;46;0;0;94
259;Stuttgart II;BW;Brief;0;43374;287;43087;15796;7105;3291;7527;0;4128;3518;336;0;0;567;224;490;0;0;0;58;47;0;0;0;0;0;0;0;0;0;0;0;0;0;0;0;0;0;0;0;0;171;43203;14052;6425;3229;7226;0;6529;3712;258;51;222;426;159;422;0;0;0;38;0;0;4;0;45;0;125;103;18;63;0;0;0;43;0;0;53
260;Böblingen;BW;Brief;0;52879;433;52446;21542;9884;2354;6286;0;7296;4739;0;0;0;0;0;0;0;0;0;67;0;0;0;0;0;0;0;0;0;0;0;0;0;0;0;0;0;0;0;0;278;235;52644;20252;7485;2439;6933;0;8522;5007;191;82;404;366;118;317;0;0;0;28;0;0;7;0;81;0;84;88;7;88;0;0;0;67;0;0;78
261;Esslingen;BW;Brief;0;40043;307;39736;17280;6961;2083;6232;0;3715;3364;0;0;0;0;0;0;0;0;0;101;0;0;0;0;0;0;0;0;0;0;0;0;0;0;0;0;0;0;0;0;0;176;39867;14626;6074;2181;5915;0;5878;3488;160;77;342;362;97;250;0;0;0;47;0;0;8;0;59;0;80;50;0;60;0;0;0;41;0;0;72
262;Nürtingen;BW;Brief;0;47531;376;47155;19682;8173;2042;7462;0;4841;4874;0;0;0;0;0;0;0;0;0;81;0;0;0;0;0;0;0;0;0;0;0;0;0;0;0;0;0;0;0;0;0;238;47293;17275;6492;2345;6893;0;7381;5002;188;76;366;400;111;306;0;0;0;23;0;0;13;0;83;0;83;103;6;66;0;0;0;33;0;0;48
263;Göppingen;BW;Brief;0;35173;391;34782;13830;7273;1223;4532;0;3436;4414;0;0;0;0;0;0;0;0;0;74;0;0;0;0;0;0;0;0;0;0;0;0;0;0;0;0;0;0;0;0;0;221;34952;12815;5757;1467;4460;0;4678;4379;149;73;244;302;91;181;0;0;0;19;0;0;10;0;61;0;59;44;8;46;0;0;0;60;0;0;49
264;Waiblingen;BW;Brief;0;46746;390;46356;18024;8784;1943;5806;0;6375;4869;0;0;0;0;496;0;0;0;0;59;0;0;0;0;0;0;0;0;0;0;0;0;0;0;0;0;0;0;0;0;0;217;46529;16564;6994;2259;5844;0;7813;5128;205;85;292;422;215;254;0;0;0;21;0;0;10;0;75;0;78;77;9;68;0;0;0;57;0;0;59
265;Ludwigsburg;BW;Brief;0;50771;352;50419;20461;8063;2385;7753;0;5335;5104;0;0;1251;0;0;0;0;0;0;67;0;0;0;0;0;0;0;0;0;0;0;0;0;0;0;0;0;0;0;0;0;204;50567;18265;7706;2579;7124;0;7831;4897;210;72;540;381;159;309;0;0;0;34;0;0;8;0;85;0;81;73;8;55;0;0;0;54;0;0;96
266;Neckar-Zaber;BW;Brief;0;49389;398;48991;20793;9044;2014;6494;0;4190;5517;0;0;887;0;0;0;0;0;0;52;0;0;0;0;0;0;0;0;0;0;0;0;0;0;0;0;0;0;0;0;0;240;49149;17354;7587;2318;6613;0;7525;5721;154;131;492;437;128;266;0;0;0;13;0;0;21;0;81;0;68;47;1;64;0;0;0;63;0;0;65
267;Heilbronn;BW;Brief;0;43332;360;42972;16247;9681;1621;3836;0;4582;5298;0;0;515;0;364;503;0;0;0;63;0;0;43;0;0;0;0;0;0;0;0;0;0;0;0;0;0;0;0;0;219;257;43075;15284;7203;2097;4824;0;6144;5532;122;189;343;349;216;303;0;0;0;25;0;0;23;0;90;0;73;59;4;53;0;0;0;66;0;0;76
268;Schwäbisch Hall – Hohenlohe;BW;Brief;0;34466;282;34184;13866;6533;1381;5146;0;2912;3501;306;0;0;0;489;0;0;0;0;50;0;0;0;0;0;0;0;0;0;0;0;0;0;0;0;0;0;0;0;0;0;183;34283;12266;5343;1929;4685;0;4555;3926;140;118;184;259;256;176;0;0;0;21;0;0;7;0;90;0;65;65;10;72;0;0;0;42;0;0;74
269;Backnang – Schwäbisch Gmünd;BW;Brief;0;34169;315;33854;14838;6645;1727;4084;0;2769;3636;0;107;0;0;0;0;0;0;0;48;0;0;0;0;0;0;0;0;0;0;0;0;0;0;0;0;0;0;0;0;0;181;33988;12727;5290;1828;4233;0;4437;4030;132;84;193;325;146;210;0;0;0;15;0;0;12;0;57;0;68;49;0;60;0;0;0;46;0;0;46
270;Aalen – Heidenheim;BW;Brief;0;40880;394;40486;19379;8191;1828;4510;0;2738;3588;0;157;0;0;0;0;0;0;0;95;0;0;0;0;0;0;0;0;0;0;0;0;0;0;0;0;0;0;0;0;0;225;40655;16272;7111;1918;4899;0;4726;4117;115;109;283;327;157;199;0;0;0;24;0;0;14;0;63;0;70;64;25;59;0;0;0;47;0;0;56
271;Karlsruhe-Stadt;BW;Brief;0;52624;406;52218;16212;11526;3229;10255;0;5057;3859;0;0;0;715;0;934;0;0;0;61;0;0;49;0;0;0;0;0;0;0;0;0;0;0;0;0;0;0;0;0;321;191;52433;16374;8146;4234;10175;0;6925;4060;315;36;208;406;156;653;0;0;0;32;0;0;17;0;77;0;181;192;9;72;0;0;0;75;0;0;90
272;Karlsruhe-Land;BW;Brief;0;47035;412;46623;19754;8793;1867;5277;0;4603;4750;0;0;885;0;0;642;0;0;0;0;0;0;52;0;0;0;0;0;0;0;0;0;0;0;0;0;0;0;0;0;0;258;46777;17667;7632;2265;5624;0;6356;5131;138;84;478;441;82;362;0;0;0;17;0;0;32;0;110;0;105;59;13;61;0;0;0;53;0;0;67
273;Rastatt;BW;Brief;0;41972;422;41550;19410;7619;1592;4867;0;3109;3974;0;0;896;0;0;0;0;0;0;0;0;0;52;0;0;0;0;0;0;0;0;0;0;0;0;0;0;0;0;0;31;262;41710;17023;6681;1912;5077;0;5147;4163;139;64;437;338;72;215;0;0;0;13;0;0;32;0;91;0;57;54;7;59;0;0;0;62;0;0;67
274;Heidelberg;BW;Brief;0;55233;315;54918;19414;13082;2955;10178;0;3719;3948;300;0;554;0;0;708;0;0;0;60;0;0;0;0;0;0;0;0;0;0;0;0;0;0;0;0;0;0;0;0;0;225;55008;18025;9279;4135;9742;0;7469;4240;195;76;291;353;134;480;0;0;0;24;0;0;5;0;95;0;114;146;13;54;0;0;0;49;0;0;89
275;Mannheim;BW;Brief;0;45496;313;45183;14945;11631;2778;6855;0;3554;4190;0;0;433;0;0;716;0;0;0;81;0;0;0;0;0;0;0;0;0;0;0;0;0;0;0;0;0;0;0;0;0;232;45264;14244;9125;3392;6315;0;5781;4301;170;78;280;442;70;451;0;0;0;39;0;0;4;0;110;0;132;110;15;53;0;0;0;57;0;0;95
276;Odenwald – Tauber;BW;Brief;0;35840;284;35556;16859;6746;1697;2797;0;2777;4134;0;0;0;0;546;0;0;0;0;0;0;0;0;0;0;0;0;0;0;0;0;0;0;0;0;0;0;0;0;0;0;205;35635;14749;5779;1777;3284;0;4195;4135;126;93;328;340;253;198;0;0;0;8;0;0;6;0;79;0;62;40;3;57;0;0;0;57;0;0;66
277;Rhein-Neckar;BW;Brief;0;40151;400;39751;15859;9080;1756;4022;0;3377;4492;0;0;631;0;0;534;0;0;0;0;0;0;0;0;0;0;0;0;0;0;0;0;0;0;0;0;0;0;0;0;0;287;39864;14634;6927;2118;4745;0;5063;4639;122;115;387;349;76;296;0;0;0;7;0;0;15;0;78;0;70;47;4;51;0;0;0;65;0;0;56
278;Bruchsal – Schwetzingen;BW;Brief;0;42937;480;42457;19141;7861;1542;3361;0;2815;5320;0;0;1052;906;0;362;0;0;0;0;0;0;79;0;0;0;0;0;0;0;0;0;0;0;0;0;0;0;0;0;18;362;42575;16524;7061;2006;4126;0;5224;5426;117;130;600;584;66;274;0;0;0;9;0;0;37;0;81;0;57;70;3;55;0;0;0;62;0;0;63
279;Pforzheim;BW;Brief;0;45901;346;45555;18040;8349;1753;4807;0;5991;5445;0;0;0;1080;0;0;0;0;0;0;0;0;39;0;0;0;0;0;0;0;0;0;0;0;0;0;0;0;0;0;51;246;45655;16705;7030;2093;5186;0;6753;5785;127;100;321;690;106;262;0;0;0;19;0;0;21;0;64;0;117;69;4;76;0;0;0;63;0;0;64
280;Calw;BW;Brief;0;38419;267;38152;17176;6271;1449;3909;0;3708;4297;210;0;498;600;0;0;0;0;0;34;0;0;0;0;0;0;0;0;0;0;0;0;0;0;0;0;0;0;0;0;0;178;38241;14919;5236;1754;4234;0;5831;4672;120;86;329;424;110;157;0;0;0;16;0;0;16;0;48;0;69;39;4;78;0;0;0;51;0;0;48
281;Freiburg;BW;Brief;0;60627;337;60290;17575;12158;3950;17206;0;3547;3434;0;0;0;1047;0;882;0;0;0;64;0;0;0;0;0;0;0;0;0;0;0;0;171;0;0;0;0;0;0;0;256;200;60427;18134;9506;6246;13765;0;6073;3721;188;78;225;640;267;600;0;0;0;28;0;0;12;0;80;0;359;200;20;84;0;0;0;90;0;0;111
282;Lörrach – Müllheim;BW;Brief;0;48936;325;48611;20445;9516;1929;7900;0;4533;3838;406;0;0;0;0;0;0;0;0;0;0;0;0;0;0;0;0;0;0;0;0;0;0;0;0;0;0;0;0;0;44;227;48709;17945;7888;2551;7978;0;5928;4295;179;81;347;413;136;269;0;0;0;28;0;0;15;0;130;0;206;85;7;80;0;0;0;78;0;0;70
283;Emmendingen – Lahr;BW;Brief;0;40785;282;40503;15427;9487;1963;4952;0;3808;3502;0;0;0;897;467;0;0;0;0;0;0;0;0;0;0;0;0;0;0;0;0;0;0;0;0;0;0;0;0;0;0;191;40594;14998;6690;2193;6261;0;4700;3761;133;79;338;522;260;245;0;0;0;22;0;0;9;0;52;0;117;51;7;39;0;0;0;52;0;0;65
284;Offenburg;BW;Brief;0;37872;273;37599;18458;6362;1938;5181;0;2545;3115;0;0;0;0;0;0;0;0;0;0;0;0;0;0;0;0;0;0;0;0;0;0;0;0;0;0;0;0;0;0;0;193;37679;14332;6065;1901;5507;0;4523;3606;122;50;364;429;84;203;0;0;0;10;0;0;11;0;95;0;98;55;8;83;0;0;0;67;0;0;66
285;Rottweil – Tuttlingen;BW;Brief;0;37809;248;37561;16901;5544;1222;4309;0;4073;3821;0;0;519;0;582;0;0;0;0;0;0;0;0;590;0;0;0;0;0;0;0;0;0;0;0;0;0;0;0;0;0;165;37644;15298;5085;1555;4370;0;5276;4187;122;90;365;227;314;168;0;0;0;12;0;0;13;0;257;0;59;53;4;81;0;0;0;55;0;0;53
286;Schwarzwald-Baar;BW;Brief;0;33128;254;32874;16122;5340;1224;3661;0;2941;2767;0;181;325;0;0;0;0;0;0;42;0;0;0;0;0;0;0;0;0;0;0;0;0;0;0;0;0;0;0;0;271;168;32960;13279;4840;1574;4380;0;4335;3121;93;124;311;295;103;161;0;0;0;20;0;0;6;0;69;0;48;43;3;59;0;0;0;51;0;0;45
287;Konstanz;BW;Brief;0;48497;378;48119;22456;7520;3135;7240;0;3697;3438;0;0;0;0;0;536;0;0;0;0;0;0;0;0;0;0;0;0;0;0;0;0;0;0;0;0;0;0;0;0;97;241;48256;16893;6910;3107;8579;0;6933;3804;140;60;313;438;166;335;0;0;0;13;0;0;7;0;81;0;147;109;6;76;0;0;0;55;0;0;84
288;Waldshut;BW;Brief;0;36402;268;36134;14779;8685;1762;4852;0;2398;2874;0;0;436;0;348;0;0;0;0;0;0;0;0;0;0;0;0;0;0;0;0;0;0;0;0;0;0;0;0;0;0;173;36229;14346;5626;1810;5568;0;4178;3076;97;70;326;360;175;155;0;0;0;8;0;0;4;0;74;0;120;65;4;68;0;0;0;50;0;0;49
289;Reutlingen;BW;Brief;0;42093;269;41824;17654;5850;2250;6562;0;4616;4105;0;0;0;0;0;409;0;0;0;45;0;0;0;0;0;0;0;0;0;0;0;0;0;0;0;0;0;0;0;0;333;170;41923;15349;5856;2219;6281;0;6156;4482;133;77;249;338;140;238;0;0;0;22;0;0;10;0;75;0;83;63;7;41;0;0;0;59;0;0;45
290;Tübingen;BW;Brief;0;45506;283;45223;16171;7310;3761;9929;0;3646;3028;0;0;0;0;0;709;0;0;0;74;0;0;0;0;0;0;0;0;0;0;0;0;0;0;0;0;0;0;0;0;595;165;45341;14491;6720;4006;9066;0;5508;3615;199;64;230;298;215;360;0;0;0;26;0;0;7;0;73;0;111;144;15;57;0;0;0;49;0;0;87
291;Ulm;BW;Brief;0;46557;364;46193;19216;9343;1815;6534;0;4354;4074;794;0;0;0;0;0;0;0;0;63;0;0;0;0;0;0;0;0;0;0;0;0;0;0;0;0;0;0;0;0;0;190;46367;17170;7050;2343;7241;0;5895;4477;263;88;364;385;194;341;0;0;0;24;0;0;3;0;91;0;120;90;5;72;0;0;0;62;0;0;89
292;Biberach;BW;Brief;0;31196;261;30935;13029;5613;1120;4676;0;2692;2858;0;0;435;0;512;0;0;0;0;0;0;0;0;0;0;0;0;0;0;0;0;0;0;0;0;0;0;0;0;0;0;125;31071;13382;3925;1338;3868;0;3707;3230;114;72;329;263;303;147;0;0;0;5;0;0;7;0;66;0;91;37;3;60;0;0;0;69;0;0;55
293;Bodensee;BW;Brief;0;38721;240;38481;16037;6797;1787;5964;0;3601;3310;0;0;414;0;440;0;0;0;0;0;0;0;0;0;0;0;0;0;0;0;0;0;0;0;0;0;0;0;0;0;131;139;38582;14843;5122;2071;6171;0;5506;3262;123;47;276;302;194;186;0;0;0;11;0;0;4;0;63;0;113;77;1;77;0;0;0;62;0;0;71
294;Ravensburg;BW;Brief;0;38235;263;37972;14435;4310;1812;8785;0;4190;2810;0;0;609;0;736;0;0;0;0;30;0;0;0;0;0;0;0;0;0;197;0;0;0;0;0;0;0;0;0;0;58;168;38067;15113;4734;2109;6434;0;4567;3182;116;62;334;291;457;177;0;0;0;6;0;0;5;0;71;0;87;54;7;55;0;0;0;148;0;0;58
295;Zollernalb – Sigmaringen;BW;Brief;0;32404;388;32016;14799;4073;1208;4871;0;3120;3808;0;0;0;0;0;0;0;0;0;137;0;0;0;0;0;0;0;0;0;0;0;0;0;0;0;0;0;0;0;0;0;179;32225;12874;4144;1387;3975;0;4658;3798;103;78;229;317;102;168;0;0;0;36;0;0;8;0;72;0;66;34;5;60;0;0;0;62;0;0;49
296;Saarbrücken;SL;Brief;0;41796;517;41279;15217;12501;4454;2665;0;2551;2814;335;207;455;0;0;0;0;0;0;80;0;0;0;0;0;0;0;0;0;0;0;0;0;0;0;0;0;0;0;0;0;441;41355;14204;10788;4878;3068;0;3736;3079;184;208;304;0;0;520;0;0;17;42;0;0;0;0;0;0;154;0;0;35;0;0;0;0;0;0;138
297;Saarlouis;SL;Brief;0;36965;453;36512;15872;10964;3143;1272;0;1544;2774;200;0;317;0;0;359;0;0;67;0;0;0;0;0;0;0;0;0;0;0;0;0;0;0;0;0;0;0;0;0;0;490;36475;14243;9586;3691;1827;0;2884;3028;149;140;301;0;0;323;0;0;52;16;0;0;0;0;0;0;61;0;0;39;0;0;0;0;0;0;135
298;St. Wendel;SL;Brief;0;36671;621;36050;16667;10424;2912;1144;0;1784;2458;0;0;661;0;0;0;0;0;0;0;0;0;0;0;0;0;0;0;0;0;0;0;0;0;0;0;0;0;0;0;0;588;36083;15257;9698;3313;1506;0;2461;2623;120;130;368;0;0;331;0;0;26;15;0;0;0;0;0;0;69;0;0;69;0;0;0;0;0;0;97
299;Homburg;SL;Brief;0;38937;589;38348;15074;11455;3310;2041;0;2148;3261;0;0;453;0;0;556;0;0;0;50;0;0;0;0;0;0;0;0;0;0;0;0;0;0;0;0;0;0;0;0;0;536;38401;14331;10544;3645;2053;0;3094;3437;121;158;332;0;0;372;0;0;36;29;0;0;0;0;0;0;80;0;0;63;0;0;0;0;0;0;106
