# (c) Der Bundeswahlleiter, Statistisches Bundesamt (Destatis), 2022;;;;;;;;;;;;;;;
# Datenlizenz Deutschland – Namensnennung – Version 2.0 (https://www.govdata.de/dl-de/by-2-0);;;;;;;;;;;;;;;
# ;;;;;;;;;;;;;;;
# Wahl zum 20. Deutschen Bundestag (26. September 2021);;;;;;;;;;;;;;;
# Ergebnisse der repräsentativen Wahlstatistik;;;;;;;;;;;;;;;
# Stimmabgabe in der Kombination der Erst- und Zweitstimmen nach Geschlecht und Geburtsjahresgruppen in den Ländern;;;;;;;;;;;;;;;
# ;;;;;;;;;;;;;;;
# Die Ergebnisse der Männer beinhalten auch die Ergebnisse der Personen mit dem Geschlechtsmerkmal 'divers' als auch derjenigen ohne Geschlechtseintrag im Geburtenregister.;;;;;;;;;;;;;;;
# Erläuterungen zur Methodik siehe Dokument 'Allgemeine und methodische Hinweise zur repräsentativen Wahlstatistik der Bundestagswahl 2021'.;;;;;;;;;;;;;;;
# Durch Auf- bzw. Abrundungen können sich in der Endsumme geringfügige Abweichungen ergeben.;;;;;;;;;;;;;;;
# Aus methodischen Gründen weichen in einigen Ländern die Summen der Parteien geringfügig vom amtlichen Endergebnis ab.;;;;;;;;;;;;;;;
# ;;;;;;;;;;;;;;;
Land;Geschlecht;Geburtsjahresgruppe;Partei Zweitstimme;Erststimme: Summe;Erststimme: Ungültig;Erststimme: CDU;Erststimme: SPD;Erststimme: AfD;Erststimme: FDP;Erststimme: DIE LINKE;Erststimme: GRÜNE;Erststimme: CSU;Erststimme: Sonstige;Erststimme: dar. FREIE WÄHLER;Erststimme: dar. dieBasis
Bund;Summe;Summe;Summe;46854508;492495;10451524;12234690;4695611;4042951;2307536;6469081;2788048;3372572;1316686;734011
Bund;Summe;Summe;Ungültig;412485;276055;41021;39138;14856;9335;6345;6492;6945;12299;2891;4223
Bund;Summe;Summe;CDU;8775471;38262;7784877;324378;110237;277552;27029;128410;;84726;45759;8156
Bund;Summe;Summe;SPD;11955434;52639;710109;9323502;112419;238720;275550;851906;152205;238384;110263;17339
Bund;Summe;Summe;AfD;4803902;19943;201595;134695;4021300;133773;35176;9956;44862;202602;70389;82132
Bund;Summe;Summe;FDP;5319952;20598;1149949;438549;138691;2939446;40798;164711;211998;215212;116350;26512
Bund;Summe;Summe;DIE LINKE;2270906;8427;46212;329359;32558;32745;1448834;267281;4734;100758;19900;13649
Bund;Summe;Summe;GRÜNE;6852206;13921;294917;1166684;8108;102936;266156;4746504;70250;182729;35181;8415
Bund;Summe;Summe;CSU;2402827;9052;;64347;19283;53345;2876;28845;2153205;71874;49091;1895
Bund;Summe;Summe;Sonstige;4061325;53597;222844;414039;238158;255100;204774;264976;143850;2263988;866862;571690
Bund;Summe;Summe;dar. FREIE WÄHLER;1127784;6821;54413;70569;43535;60734;14684;18694;102732;755603;689007;21849
Bund;Summe;Summe;dar. dieBasis;630153;3410;11726;16411;48377;20455;13136;9190;3273;504177;19351;462620
Bund;Summe;1997 - 2003;Summe;3524799;25512;434605;667343;218003;592862;276324;816458;132261;361432;106749;48258
Bund;Summe;1997 - 2003;Ungültig;19800;15070;877;857;338;1048;233;325;33;1020;261;276
Bund;Summe;1997 - 2003;CDU;287469;627;225581;19743;4673;22098;1395;8105;;5248;2095;423
Bund;Summe;1997 - 2003;SPD;545634;1218;44351;358265;4245;30267;16031;61702;9753;19803;6382;1191
Bund;Summe;1997 - 2003;AfD;223761;384;10345;8019;174144;13576;1173;605;2889;12626;4876;4290
Bund;Summe;1997 - 2003;FDP;719759;1056;101368;66756;13908;439588;6458;31886;24122;34618;14770;3097
Bund;Summe;1997 - 2003;DIE LINKE;273338;733;2728;34559;905;6081;155943;56282;592;15515;1221;1217
Bund;Summe;1997 - 2003;GRÜNE;840842;871;22379;111082;729;20101;55339;590810;5988;33544;3341;821
Bund;Summe;1997 - 2003;CSU;89819;124;;3024;1067;4699;34;1631;74972;4269;3266;103
Bund;Summe;1997 - 2003;Sonstige;524377;5430;26977;65038;17995;55404;39718;65113;13912;234790;70536;36838
Bund;Summe;1997 - 2003;dar. FREIE WÄHLER;87176;586;4641;6690;2360;6884;1820;2548;8692;52956;47367;1263
Bund;Summe;1997 - 2003;dar. dieBasis;38615;53;743;1213;2109;2459;1235;996;170;29636;2181;25302
Bund;Summe;1987 - 1996;Summe;5992701;44955;835239;1203503;588419;718457;407852;1289831;253494;650951;224446;111570
Bund;Summe;1987 - 1996;Ungültig;35799;27510;1611;1937;950;1002;386;746;97;1559;54;511
Bund;Summe;1987 - 1996;CDU;611098;1548;500855;35253;11437;34183;2462;13575;;11785;6186;1082
Bund;Summe;1987 - 1996;SPD;1037821;2152;75353;727072;12728;33931;27666;106523;15502;36895;14015;2404
Bund;Summe;1987 - 1996;AfD;595117;1264;25081;18303;484782;23814;3054;1359;6890;30570;12004;10510
Bund;Summe;1987 - 1996;FDP;888122;1583;145869;75232;23429;527189;8165;34193;30860;41603;20902;4630
Bund;Summe;1987 - 1996;DIE LINKE;394570;840;4787;50550;3711;6064;232553;72577;510;22978;3092;2206
Bund;Summe;1987 - 1996;GRÜNE;1362917;1937;38072;190313;1526;21242;78588;976268;8804;46165;7140;1585
Bund;Summe;1987 - 1996;CSU;197174;418;;6703;2712;7673;468;4019;165897;9283;6516;345
Bund;Summe;1987 - 1996;Sonstige;870082;7702;43611;98139;47145;63359;54510;80571;24933;450112;154537;88296
Bund;Summe;1987 - 1996;dar. FREIE WÄHLER;186885;770;8854;10688;7543;12297;2103;3756;16448;124427;111085;3636
Bund;Summe;1987 - 1996;dar. dieBasis;92865;194;2196;3206;8419;4396;1965;1277;558;70656;3535;62621
Bund;Summe;1977 - 1986;Summe;6466965;51452;1197212;1342590;880187;609213;323578;1081171;332210;649352;242994;155238
Bund;Summe;1977 - 1986;Ungültig;41037;31034;2013;1883;1558;769;533;647;410;2190;631;638
Bund;Summe;1977 - 1986;CDU;932017;1746;792453;44107;17765;38674;4079;17456;;15738;8782;1406
Bund;Summe;1977 - 1986;SPD;1236294;3147;93452;893072;17632;31951;28757;111074;19921;37289;16496;2997
Bund;Summe;1977 - 1986;AfD;903013;1887;37757;25665;748685;26658;6171;1491;8400;46299;15956;18543
Bund;Summe;1977 - 1986;FDP;798823;2310;170676;59563;25703;436733;6209;25204;32554;39872;21619;5812
Bund;Summe;1977 - 1986;DIE LINKE;308251;611;6413;43145;5671;5272;190813;36679;859;18788;3168;2855
Bund;Summe;1977 - 1986;GRÜNE;1199122;1215;50374;191779;1656;15761;47712;843613;11732;35279;7394;1646
Bund;Summe;1977 - 1986;CSU;269037;536;;7619;2721;7755;381;4002;234534;11488;8047;335
Bund;Summe;1977 - 1986;Sonstige;779371;8966;44074;75757;58797;45641;38922;41005;23799;442409;160901;121006
Bund;Summe;1977 - 1986;dar. FREIE WÄHLER;209677;670;10335;13300;9729;11916;2628;3303;15695;142101;127264;5501
Bund;Summe;1977 - 1986;dar. dieBasis;133762;988;2321;3035;12335;5084;2512;1655;867;104965;3737;96109
Bund;Summe;1962 - 1976;Summe;12604097;111747;2721637;3171648;1559505;1051192;523633;1738183;727673;998879;416490;257493
Bund;Summe;1962 - 1976;Ungültig;86274;62949;6053;5044;3415;1716;1454;1386;1060;3196;725;1385
Bund;Summe;1962 - 1976;CDU;2260564;6047;1976883;84649;35719;81534;6650;42770;;26312;14423;2936
Bund;Summe;1962 - 1976;SPD;3182415;11591;192976;2419770;35068;67056;68629;266421;42610;78293;37967;6030
Bund;Summe;1962 - 1976;AfD;1604324;4795;63251;40717;1356106;39205;11973;3057;13907;71311;23699;32468
Bund;Summe;1962 - 1976;FDP;1416231;6222;325011;107127;40088;758742;11098;43423;61684;62836;37341;8913
Bund;Summe;1962 - 1976;DIE LINKE;515419;1844;11504;76187;9854;7663;333245;49540;1232;24350;7091;4058
Bund;Summe;1962 - 1976;GRÜNE;1826690;3252;87681;322703;2171;25399;47725;1271990;22115;43656;10664;2590
Bund;Summe;1962 - 1976;CSU;617846;1996;;16130;5683;13234;754;9755;547646;22650;16154;444
Bund;Summe;1962 - 1976;Sonstige;1094335;13050;58276;99321;71401;56643;42106;49843;37419;666277;268426;198670
Bund;Summe;1962 - 1976;dar. FREIE WÄHLER;344203;1590;15580;19539;13787;16721;3909;5013;27861;240202;220683;7003
Bund;Summe;1962 - 1976;dar. dieBasis;221702;1151;3433;4954;16139;5842;4130;3165;1053;181836;6308;168567
Bund;Summe;1952 - 1961;Summe;8435960;95625;1965006;2607468;882411;546049;394588;944474;553345;446994;205410;105472
Bund;Summe;1952 - 1961;Ungültig;78571;52414;7361;7833;4164;1199;1246;1099;1240;2014;521;613
Bund;Summe;1952 - 1961;CDU;1702790;7806;1524926;59689;22328;43627;5090;24876;;14449;8749;1219
Bund;Summe;1952 - 1961;SPD;2646552;10929;134489;2132826;23398;38883;63223;171841;31625;39338;21523;2942
Bund;Summe;1952 - 1961;AfD;895167;5930;34161;24309;768991;17672;6717;2254;7227;27906;9384;11016
Bund;Summe;1952 - 1961;FDP;753253;3600;180943;66440;22486;399910;4872;17461;33136;24405;15047;2821
Bund;Summe;1952 - 1961;DIE LINKE;405110;1701;9384;64819;7331;4502;269969;33538;673;13194;3665;2386
Bund;Summe;1952 - 1961;GRÜNE;982493;3083;48547;195996;1292;10712;24201;669834;12037;16793;4281;1060
Bund;Summe;1952 - 1961;CSU;492873;1618;;13808;4173;9158;691;4998;445202;13225;8797;362
Bund;Summe;1952 - 1961;Sonstige;479150;8544;25195;41748;28249;20386;18581;18572;22205;295669;133443;83054
Bund;Summe;1952 - 1961;dar. FREIE WÄHLER;177435;1594;7744;11109;6272;7638;2718;2447;16919;120996;112815;2853
Bund;Summe;1952 - 1961;dar. dieBasis;95731;723;1883;2299;6937;1674;2358;1647;331;77879;2589;72916
Bund;Summe;1951 und früher;Summe;9829986;163203;3297825;3242137;567086;525178;381561;598964;789066;264964;120596;55981
Bund;Summe;1951 und früher;Ungültig;151004;87078;23105;21584;4431;3600;2492;2290;4104;2320;698;800
Bund;Summe;1951 und früher;CDU;2981532;20488;2764180;80937;18316;57436;7354;21628;;11195;5525;1090
Bund;Summe;1951 und früher;SPD;3306718;23602;169488;2792497;19349;36633;71244;134344;32794;26766;13881;1776
Bund;Summe;1951 und früher;AfD;582519;5683;31001;17681;488592;12848;6088;1190;5548;13889;4469;5306
Bund;Summe;1951 und früher;FDP;743763;5827;226081;63431;13077;377285;3997;12545;29642;11879;6671;1238
Bund;Summe;1951 und früher;DIE LINKE;374217;2698;11395;60099;5087;3162;266311;18665;867;5933;1662;927
Bund;Summe;1951 und früher;GRÜNE;640143;3563;47865;154810;735;9721;12592;393989;9574;7293;2361;712
Bund;Summe;1951 und früher;CSU;736079;4360;;17062;2928;10827;548;4441;684955;10959;6310;305
Bund;Summe;1951 und früher;Sonstige;314010;9904;24709;34036;14571;13667;10937;9872;21582;174731;79019;43827
Bund;Summe;1951 und früher;dar. FREIE WÄHLER;122408;1610;7260;9244;3844;5277;1506;1627;17118;74921;69793;1592
Bund;Summe;1951 und früher;dar. dieBasis;47478;301;1150;1704;2438;999;936;451;294;39205;1001;37106
Bund;m;Summe;Summe;22734708;220270;4982359;5737028;2854612;2110369;1107736;2831007;1344645;1546681;613091;294789
Bund;m;Summe;Ungültig;175235;120295;15999;15887;6804;3528;2709;2261;3011;4742;1438;1510
Bund;m;Summe;CDU;4111015;16263;3667770;135280;64853;128258;11024;49155;;38412;21515;3071
Bund;m;Summe;SPD;5525260;22562;297286;4382902;64210;106161;125230;356786;65699;104424;47622;6291
Bund;m;Summe;AfD;2936401;10702;125929;73619;2488038;74601;20023;5821;28523;109143;41079;39175
Bund;m;Summe;FDP;2891790;10567;644261;216485;81619;1602891;17072;84776;122040;112079;60022;11375
Bund;m;Summe;DIE LINKE;1134507;4062;19371;172154;17609;13106;729296;126725;1935;50249;8595;5265
Bund;m;Summe;GRÜNE;3034660;6597;124044;542806;4916;46835;109923;2085344;28589;85607;15105;2987
Bund;m;Summe;CSU;1147180;4102;;27649;11430;26072;1305;11167;1031731;33723;21811;908
Bund;m;Summe;Sonstige;1778661;25120;87700;170246;115133;108917;91154;108971;63118;1008302;395904;224208
Bund;m;Summe;dar. FREIE WÄHLER;516790;3809;24442;29887;22269;26165;6029;8072;47436;348681;320707;8534
Bund;m;Summe;dar. dieBasis;246452;1439;3868;5932;21036;7848;4729;2833;1435;197333;7950;180721
Bund;m;1997 - 2003;Summe;1771704;11797;226552;323416;132304;368718;114541;342015;70142;182219;52641;22052
Bund;m;1997 - 2003;Ungültig;8609;6473;538;299;162;521;89;188;;339;169;47
Bund;m;1997 - 2003;CDU;144731;263;114685;8748;3049;11870;680;2880;;2557;1078;85
Bund;m;1997 - 2003;SPD;257994;696;19503;172781;2299;15168;6361;27141;4728;9317;2874;502
Bund;m;1997 - 2003;AfD;136303;83;6707;3864;107949;8008;584;454;1765;6890;2532;2255
Bund;m;1997 - 2003;FDP;461111;861;63279;39757;8896;291217;2708;17952;15629;20811;8326;1339
Bund;m;1997 - 2003;DIE LINKE;118383;179;1021;17645;324;2209;67241;22544;139;7081;577;545
Bund;m;1997 - 2003;GRÜNE;348148;371;8810;49300;519;10209;20236;241545;1842;15315;1307;210
Bund;m;1997 - 2003;CSU;46187;38;;1484;597;2179;;605;39103;2182;1639;39
Bund;m;1997 - 2003;Sonstige;250238;2834;12009;29539;8509;27337;16641;28706;6936;117727;34140;17030
Bund;m;1997 - 2003;dar. FREIE WÄHLER;43554;348;2391;3164;1269;3495;644;1073;4460;26712;23723;791
Bund;m;1997 - 2003;dar. dieBasis;16989;3;318;641;740;1184;301;291;90;13422;1014;11703
Bund;m;1987 - 1996;Summe;3002958;22548;421268;584832;348089;416227;199337;557623;130911;322122;107029;47848
Bund;m;1987 - 1996;Ungültig;17165;13390;783;1083;273;519;98;534;56;429;;222
Bund;m;1987 - 1996;CDU;301142;719;250207;15217;6420;17418;1089;4824;;5248;2956;448
Bund;m;1987 - 1996;SPD;486974;1177;32368;349027;6614;17033;12729;44640;6725;16662;5519;686
Bund;m;1987 - 1996;AfD;356394;822;15331;10970;292265;13456;1689;756;4306;16798;6860;5042
Bund;m;1987 - 1996;FDP;530975;833;87085;42578;14715;320260;3943;18526;20098;22936;10905;2476
Bund;m;1987 - 1996;DIE LINKE;205209;543;2129;28811;1946;2913;122465;34445;81;11877;1200;1013
Bund;m;1987 - 1996;GRÜNE;592441;883;14304;89223;824;10373;31874;418517;3559;22884;2676;524
Bund;m;1987 - 1996;CSU;97649;219;;3212;1672;3675;181;1147;83363;4182;2504;239
Bund;m;1987 - 1996;Sonstige;415010;3963;19063;44711;23359;30582;25268;34233;12725;221106;74409;37198
Bund;m;1987 - 1996;dar. FREIE WÄHLER;90477;476;4316;4611;4168;5376;1007;1635;8739;60147;53965;1384
Bund;m;1987 - 1996;dar. dieBasis;38809;66;849;1258;3433;1832;772;473;347;29780;1673;26104
Bund;m;1977 - 1986;Summe;3206665;23389;585876;627164;540189;314688;160716;486298;163113;305233;113905;64151
Bund;m;1977 - 1986;Ungültig;17889;13846;636;545;717;258;371;211;231;1073;280;352
Bund;m;1977 - 1986;CDU;446837;888;383469;18972;10265;18569;1441;6250;;6982;4067;305
Bund;m;1977 - 1986;SPD;562259;1004;37447;416280;10106;13434;12389;46871;8555;16172;6665;1217
Bund;m;1977 - 1986;AfD;554369;1026;22973;13504;467321;15237;3243;774;5528;24762;9312;9002
Bund;m;1977 - 1986;FDP;435439;1109;99564;29653;15361;235102;2856;13488;17831;20477;11027;2452
Bund;m;1977 - 1986;DIE LINKE;160645;314;2838;21915;3118;1770;100421;20013;466;9790;1164;1081
Bund;m;1977 - 1986;GRÜNE;544172;513;21124;90493;934;6983;20955;381016;5131;17022;3128;715
Bund;m;1977 - 1986;CSU;131675;322;;3219;1700;4197;98;1596;115230;5313;3677;158
Bund;m;1977 - 1986;Sonstige;353382;4365;17825;32583;30667;19139;18943;16078;10141;203642;74584;48868
Bund;m;1977 - 1986;dar. FREIE WÄHLER;97270;446;5064;5663;5163;5104;1303;1238;6812;66476;60270;2121
Bund;m;1977 - 1986;dar. dieBasis;53962;396;914;1064;5554;2079;796;192;482;42486;1149;39174
Bund;m;1962 - 1976;Summe;6242161;51397;1388481;1502373;971810;513769;251947;757532;366112;438740;193687;101234
Bund;m;1962 - 1976;Ungültig;37884;27833;2791;2124;1774;633;647;349;561;1174;336;410
Bund;m;1962 - 1976;CDU;1138360;2837;1007873;36297;22266;37127;3037;16497;;12425;6773;1465
Bund;m;1962 - 1976;SPD;1489471;5554;83412;1157741;20381;28625;31416;110509;18667;33166;16223;2144
Bund;m;1962 - 1976;AfD;1003998;2604;41358;22562;860541;21159;7169;1755;9072;37779;13846;15159
Bund;m;1962 - 1976;FDP;739924;2934;185494;49364;23014;386040;4348;21056;36454;31219;19326;3781
Bund;m;1962 - 1976;DIE LINKE;255486;815;4853;38885;5472;3036;166776;23125;552;11971;3085;1353
Bund;m;1962 - 1976;GRÜNE;815974;1560;39699;151912;1421;10494;20478;561327;9849;19233;5188;954
Bund;m;1962 - 1976;CSU;307460;995;;6136;3081;6447;406;4225;274954;11216;7844;225
Bund;m;1962 - 1976;Sonstige;453603;6265;23000;37352;33861;20207;17669;18689;16004;280557;121068;75743
Bund;m;1962 - 1976;dar. FREIE WÄHLER;155698;1022;6953;8245;6882;6987;1495;2013;12787;109314;101599;2401
Bund;m;1962 - 1976;dar. dieBasis;86201;625;937;1837;7542;1957;1777;1148;451;69927;2704;64415
Bund;m;1952 - 1961;Summe;4138983;44379;936097;1262999;532726;266245;194510;428381;275965;197682;97385;41015
Bund;m;1952 - 1961;Ungültig;34988;23943;2885;3495;1823;391;608;358;533;954;285;277
Bund;m;1952 - 1961;CDU;807128;3675;724670;26214;12765;19882;2098;10814;;7010;4453;551
Bund;m;1952 - 1961;SPD;1265665;4800;57994;1037214;14004;17298;29119;72485;14741;18010;10325;1242
Bund;m;1952 - 1961;AfD;543848;3116;20769;13506;471782;9631;3847;1353;4408;15436;5751;5093
Bund;m;1952 - 1961;FDP;381053;2056;96282;29831;12606;199906;1849;7912;18564;12047;7588;1067
Bund;m;1952 - 1961;DIE LINKE;207260;873;3605;35561;3913;1939;137871;16530;306;6661;1573;843
Bund;m;1952 - 1961;GRÜNE;456634;1520;21305;95082;757;4861;10655;309516;4752;8187;1896;312
Bund;m;1952 - 1961;CSU;246294;751;;6605;2620;4521;316;2138;223038;6303;3945;109
Bund;m;1952 - 1961;Sonstige;196113;3644;8587;15491;12456;7816;8147;7275;9623;123074;61568;31522
Bund;m;1952 - 1961;dar. FREIE WÄHLER;82869;888;2981;4869;3056;3658;1106;1210;8202;56899;53803;1260
Bund;m;1952 - 1961;dar. dieBasis;35763;250;609;851;2768;616;750;587;38;29294;1033;27627
Bund;m;1951 und früher;Summe;4372237;66761;1424086;1436243;329494;230722;186686;259160;338401;100685;48443;18490
Bund;m;1951 und früher;Ungültig;58700;34810;8366;8341;2055;1206;896;622;1632;774;367;202
Bund;m;1951 und früher;CDU;1272817;7881;1186866;29831;10087;23392;2678;7890;;4191;2188;217
Bund;m;1951 und früher;SPD;1462897;9331;66562;1249860;10806;14603;33216;55139;12283;11097;6017;500
Bund;m;1951 und früher;AfD;341489;3050;18792;9214;288181;7111;3491;729;3444;7477;2778;2623
Bund;m;1951 und früher;FDP;343288;2774;112557;25302;7027;170366;1367;5842;13465;4588;2850;261
Bund;m;1951 und früher;DIE LINKE;187525;1338;4925;29336;2836;1240;134521;10068;392;2869;997;430
Bund;m;1951 und früher;GRÜNE;277292;1751;18802;66795;461;3915;5725;173423;3455;2965;910;272
Bund;m;1951 und früher;CSU;317914;1776;;6993;1760;5054;304;1457;296042;4528;2201;138
Bund;m;1951 und früher;Sonstige;110316;4050;7216;10570;6280;3836;4488;3990;7689;62196;30135;13847
Bund;m;1951 und früher;dar. FREIE WÄHLER;46922;627;2737;3336;1731;1545;474;903;6435;29134;27347;576
Bund;m;1951 und früher;dar. dieBasis;14728;100;241;281;999;181;332;142;28;12425;376;11698
Bund;w;Summe;Summe;24119800;272225;5469165;6497662;1840999;1932582;1199800;3638074;1443403;1825891;703595;439222
Bund;w;Summe;Ungültig;237250;155760;25022;23251;8053;5807;3635;4231;3934;7557;1453;2713
Bund;w;Summe;CDU;4664456;21999;4117107;189097;45384;149294;16005;79255;;46314;24244;5085
Bund;w;Summe;SPD;6430174;30077;412823;4940601;48209;132558;150320;495120;86506;133960;62641;11048
Bund;w;Summe;AfD;1867501;9241;75666;61076;1533261;59171;15152;4135;16339;93459;29310;42958
Bund;w;Summe;FDP;2428162;10031;505689;222064;57072;1336555;23727;79935;89957;103133;56328;15137
Bund;w;Summe;DIE LINKE;1136399;4364;26841;157205;14949;19639;719538;140556;2798;50509;11305;8384
Bund;w;Summe;GRÜNE;3817546;7325;170874;623877;3193;56101;156233;2661160;41662;97122;20076;5428
Bund;w;Summe;CSU;1255647;4950;;36698;7853;27272;1571;17678;1121475;38151;27280;986
Bund;w;Summe;Sonstige;2282664;28477;135144;243793;123025;146183;113619;156005;80733;1255686;470958;347482
Bund;w;Summe;dar. FREIE WÄHLER;610994;3012;29971;40682;21266;34569;8656;10622;55296;406922;368300;13315
Bund;w;Summe;dar. dieBasis;383701;1971;7859;10479;27340;12607;8407;6357;1838;306843;11401;281899
Bund;w;1997 - 2003;Summe;1753095;13715;208053;343926;85699;224144;161783;474443;62118;179212;54108;26206
Bund;w;1997 - 2003;Ungültig;11192;8597;339;558;176;527;144;137;33;681;92;229
Bund;w;1997 - 2003;CDU;142738;364;110895;10995;1624;10228;715;5226;;2691;1017;338
Bund;w;1997 - 2003;SPD;287640;522;24848;185484;1946;15098;9670;34561;5025;10486;3508;689
Bund;w;1997 - 2003;AfD;87458;300;3639;4155;66196;5568;589;151;1124;5736;2344;2035
Bund;w;1997 - 2003;FDP;258648;195;38089;26999;5013;148371;3750;13933;8493;13806;6445;1758
Bund;w;1997 - 2003;DIE LINKE;154956;554;1707;16915;581;3872;88702;33738;453;8434;644;672
Bund;w;1997 - 2003;GRÜNE;492694;500;13568;61782;210;9893;35102;349265;4146;18228;2035;611
Bund;w;1997 - 2003;CSU;43631;86;;1540;470;2520;34;1026;35868;2087;1627;65
Bund;w;1997 - 2003;Sonstige;274139;2596;14969;35499;9485;28067;23078;36407;6976;117063;36396;19808
Bund;w;1997 - 2003;dar. FREIE WÄHLER;43622;238;2250;3526;1091;3389;1176;1475;4232;26244;23644;472
Bund;w;1997 - 2003;dar. dieBasis;21626;50;425;572;1369;1276;934;705;81;16215;1168;13600
Bund;w;1987 - 1996;Summe;2989744;22407;413971;618671;240330;302229;208514;732208;122583;328829;117417;63722
Bund;w;1987 - 1996;Ungültig;18634;14121;828;854;677;483;288;212;41;1130;54;289
Bund;w;1987 - 1996;CDU;309956;829;250648;20036;5017;16765;1373;8751;;6537;3230;634
Bund;w;1987 - 1996;SPD;550848;974;42985;378046;6114;16898;14936;61883;8778;20233;8495;1718
Bund;w;1987 - 1996;AfD;238724;442;9750;7333;192516;10358;1365;603;2584;13772;5143;5468
Bund;w;1987 - 1996;FDP;357148;751;58784;32653;8713;206929;4222;15667;10762;18666;9997;2155
Bund;w;1987 - 1996;DIE LINKE;189361;298;2658;21739;1765;3152;110087;38132;429;11102;1893;1193
Bund;w;1987 - 1996;GRÜNE;770476;1055;23769;101090;702;10869;46714;557751;5245;23281;4465;1061
Bund;w;1987 - 1996;CSU;99525;200;;3492;1040;3999;287;2871;82535;5101;4012;107
Bund;w;1987 - 1996;Sonstige;455073;3739;24549;53428;23785;32777;29242;46338;12209;229006;80128;51098
Bund;w;1987 - 1996;dar. FREIE WÄHLER;96409;294;4538;6076;3375;6921;1096;2121;7708;64281;57120;2253
Bund;w;1987 - 1996;dar. dieBasis;54056;128;1347;1948;4985;2564;1193;804;211;40876;1862;36517
Bund;w;1977 - 1986;Summe;3260299;28063;611336;715426;339998;294526;162862;594873;169097;344119;129090;91087
Bund;w;1977 - 1986;Ungültig;23148;17187;1377;1338;841;511;162;436;180;1117;351;286
Bund;w;1977 - 1986;CDU;485180;857;408984;25135;7499;20106;2638;11205;;8756;4714;1101
Bund;w;1977 - 1986;SPD;674036;2143;56005;476792;7526;18517;16368;64203;11365;21117;9831;1780
Bund;w;1977 - 1986;AfD;348645;861;14784;12161;281364;11421;2928;717;2872;21537;6645;9540
Bund;w;1977 - 1986;FDP;363384;1201;71112;29910;10342;201631;3353;11716;14723;19395;10591;3360
Bund;w;1977 - 1986;DIE LINKE;147606;296;3575;21230;2553;3502;90393;16666;394;8998;2005;1774
Bund;w;1977 - 1986;GRÜNE;654950;702;29250;101286;723;8778;26757;462597;6600;18256;4265;932
Bund;w;1977 - 1986;CSU;137361;214;;4400;1021;3557;284;2406;119304;6175;4370;177
Bund;w;1977 - 1986;Sonstige;425989;4601;26249;43174;28130;26502;19980;24927;13659;238768;86317;72137
Bund;w;1977 - 1986;dar. FREIE WÄHLER;112407;224;5270;7637;4566;6812;1325;2065;8883;75625;66994;3380
Bund;w;1977 - 1986;dar. dieBasis;79799;592;1408;1971;6781;3006;1716;1463;385;62479;2587;56935
Bund;w;1962 - 1976;Summe;6361936;60350;1333156;1669275;587694;537423;271686;980652;361561;560139;222803;156260
Bund;w;1962 - 1976;Ungültig;48390;35116;3263;2920;1641;1084;807;1037;500;2022;389;975
Bund;w;1962 - 1976;CDU;1122204;3210;969010;48352;13453;44407;3612;26273;;13887;7650;1471
Bund;w;1962 - 1976;SPD;1692944;6038;109564;1262029;14687;38430;37213;155912;23943;45127;21745;3886
Bund;w;1962 - 1976;AfD;600326;2191;21893;18155;495565;18046;4804;1303;4836;33532;9853;17308
Bund;w;1962 - 1976;FDP;676307;3288;139517;57763;17075;372702;6750;22366;25230;31616;18015;5133
Bund;w;1962 - 1976;DIE LINKE;259933;1029;6651;37301;4382;4627;166469;26414;680;12379;4006;2705
Bund;w;1962 - 1976;GRÜNE;1010716;1692;47982;170791;750;14904;27246;710662;12266;24422;5477;1636
Bund;w;1962 - 1976;CSU;310385;1000;;9995;2601;6786;347;5530;272692;11433;8310;219
Bund;w;1962 - 1976;Sonstige;640732;6786;35276;61968;37540;36436;24437;31154;21415;385720;147358;122927
Bund;w;1962 - 1976;dar. FREIE WÄHLER;188505;567;8627;11294;6906;9734;2414;3000;15074;130888;119085;4602
Bund;w;1962 - 1976;dar. dieBasis;135501;527;2495;3117;8597;3885;2352;2017;602;111909;3603;104152
Bund;w;1952 - 1961;Summe;4296976;51247;1028908;1344468;349685;279804;200079;516093;277380;249313;108024;64457
Bund;w;1952 - 1961;Ungültig;43582;28471;4476;4338;2342;808;638;741;707;1060;236;337
Bund;w;1952 - 1961;CDU;895662;4131;800256;33475;9563;23745;2991;14062;;7440;4296;668
Bund;w;1952 - 1961;SPD;1380886;6129;76494;1095612;9394;21585;34104;99356;16884;21328;11199;1700
Bund;w;1952 - 1961;AfD;351319;2814;13391;10803;297209;8041;2869;901;2820;12471;3633;5923
Bund;w;1952 - 1961;FDP;372200;1544;84661;36609;9879;200003;3023;9550;14572;12358;7459;1754
Bund;w;1952 - 1961;DIE LINKE;197851;827;5779;29258;3418;2563;132097;17009;367;6533;2092;1544
Bund;w;1952 - 1961;GRÜNE;525859;1563;27242;100914;535;5851;13546;360318;7284;8605;2385;748
Bund;w;1952 - 1961;CSU;246580;866;;7203;1553;4637;375;2860;222163;6922;4851;253
Bund;w;1952 - 1961;Sonstige;283038;4901;16608;26257;15793;12570;10435;11297;12582;172595;71875;51532
Bund;w;1952 - 1961;dar. FREIE WÄHLER;94566;705;4763;6240;3216;3980;1612;1237;8717;64096;59012;1593
Bund;w;1952 - 1961;dar. dieBasis;59968;473;1274;1448;4169;1058;1608;1059;294;48586;1556;45289
Bund;w;1951 und früher;Summe;5457749;96443;1873739;1805895;237592;294456;194876;339804;450665;164279;72153;37491
Bund;w;1951 und früher;Ungültig;92304;52268;14739;13243;2377;2394;1596;1668;2473;1547;331;598
Bund;w;1951 und früher;CDU;1708716;12607;1577314;51105;8228;34044;4675;13738;;7004;3337;874
Bund;w;1951 und früher;SPD;1843821;14271;102927;1542638;8542;22030;38028;79205;20511;15668;7864;1275
Bund;w;1951 und früher;AfD;241030;2633;12209;8467;200411;5737;2597;461;2104;6412;1691;2683
Bund;w;1951 und früher;FDP;400475;3053;113524;38129;6050;206919;2630;6703;16177;7290;3822;978
Bund;w;1951 und früher;DIE LINKE;186692;1360;6470;30763;2251;1923;131789;8597;475;3064;665;496
Bund;w;1951 und früher;GRÜNE;362852;1813;29063;88015;274;5806;6866;220567;6119;4329;1451;440
Bund;w;1951 und früher;CSU;418165;2584;;10069;1168;5773;244;2984;388912;6431;4109;167
Bund;w;1951 und früher;Sonstige;203694;5854;17493;23466;8291;9831;6449;5882;13893;112534;48884;29979
Bund;w;1951 und früher;dar. FREIE WÄHLER;75485;983;4523;5908;2113;3733;1033;724;10682;45787;42445;1015
Bund;w;1951 und früher;dar. dieBasis;32750;201;909;1423;1440;818;604;309;266;26780;625;25407
SH;Summe;Summe;Summe;1776145;16132;465975;530301;113641;167191;55523;315633;;111749;27450;27446
SH;Summe;Summe;Ungültig;13391;9542;1495;952;559;402;20;80;;342;65;105
SH;Summe;Summe;CDU;388399;1076;349201;10161;3313;11842;317;8106;;4384;1220;482
SH;Summe;Summe;SPD;494055;1385;21715;394573;2943;11011;4869;47105;;10453;2965;792
SH;Summe;Summe;AfD;119566;644;8201;5044;94958;5107;958;334;;4320;1015;2089
SH;Summe;Summe;FDP;220039;878;56889;20528;3057;119819;1387;9637;;7844;2613;1667
SH;Summe;Summe;DIE LINKE;64238;189;1089;10752;787;1073;34660;11714;;3974;617;893
SH;Summe;Summe;GRÜNE;322763;695;14986;63465;420;6296;6425;223771;;6706;904;635
SH;Summe;Summe;CSU;;;;;;;;;;;;
SH;Summe;Summe;Sonstige;153694;1723;12398;24826;7605;11641;6888;14886;;73727;18051;20782
SH;Summe;Summe;dar. FREIE WÄHLER;17043;24;1799;1636;860;1880;93;247;;10503;9607;389
SH;Summe;Summe;dar. dieBasis;23407;7;289;849;1094;1077;412;702;;18977;720;17586
SH;Summe;1997 - 2003;Summe;132362;1042;17331;26156;5212;24296;8530;38850;;10944;2119;1419
SH;Summe;1997 - 2003;Ungültig;869;736;;51;;64;20;;;;;
SH;Summe;1997 - 2003;CDU;10852;29;8313;559;71;967;37;454;;421;42;
SH;Summe;1997 - 2003;SPD;22560;55;1638;14715;76;1805;322;3137;;813;95;29
SH;Summe;1997 - 2003;AfD;6159;;650;298;4300;483;15;8;;405;63;55
SH;Summe;1997 - 2003;FDP;28854;139;4853;2741;255;17158;224;2049;;1435;512;217
SH;Summe;1997 - 2003;DIE LINKE;9898;;93;1015;11;281;4741;2986;;770;;183
SH;Summe;1997 - 2003;GRÜNE;35836;;864;4168;40;1009;1456;27304;;995;235;72
SH;Summe;1997 - 2003;CSU;;;;;;;;;;;;
SH;Summe;1997 - 2003;Sonstige;17333;83;920;2611;460;2529;1714;2913;;6105;1172;863
SH;Summe;1997 - 2003;dar. FREIE WÄHLER;1445;24;86;220;55;391;;91;;579;482;24
SH;Summe;1997 - 2003;dar. dieBasis;797;;;;7;26;39;28;;697;68;505
SH;Summe;1987 - 1996;Summe;196451;1207;29852;47125;18145;26256;10505;45224;;18137;3971;3416
SH;Summe;1987 - 1996;Ungültig;1018;783;;62;62;69;;42;;;;
SH;Summe;1987 - 1996;CDU;22828;14;18010;1793;468;1326;3;633;;580;220;
SH;Summe;1987 - 1996;SPD;37953;;2050;27482;630;1349;614;4361;;1466;397;98
SH;Summe;1987 - 1996;AfD;18400;;1288;830;14389;870;226;73;;725;103;489
SH;Summe;1987 - 1996;FDP;31467;19;5490;3551;790;19274;262;1195;;886;362;187
SH;Summe;1987 - 1996;DIE LINKE;11134;40;166;1512;88;278;6122;2339;;589;118;132
SH;Summe;1987 - 1996;GRÜNE;45369;108;986;7810;;885;1444;32896;;1240;32;290
SH;Summe;1987 - 1996;CSU;;;;;;;;;;;;
SH;Summe;1987 - 1996;Sonstige;28282;243;1862;4085;1717;2205;1833;3684;;12652;2738;2219
SH;Summe;1987 - 1996;dar. FREIE WÄHLER;2764;;419;319;114;324;19;40;;1530;1355;
SH;Summe;1987 - 1996;dar. dieBasis;2711;;39;170;272;197;8;110;;1915;8;1652
SH;Summe;1977 - 1986;Summe;228536;1198;50644;59735;21181;21683;8596;43644;;21855;5946;5596
SH;Summe;1977 - 1986;Ungültig;1010;704;74;18;47;43;;;;124;;
SH;Summe;1977 - 1986;CDU;39714;62;33611;1901;748;1643;50;1072;;626;174;45
SH;Summe;1977 - 1986;SPD;51481;117;2939;39075;514;1237;620;5228;;1753;501;99
SH;Summe;1977 - 1986;AfD;22341;77;1897;1127;17128;1125;89;8;;891;301;377
SH;Summe;1977 - 1986;FDP;29227;42;7787;3033;629;14901;215;805;;1815;600;482
SH;Summe;1977 - 1986;DIE LINKE;9454;49;162;1771;48;45;5523;1053;;803;162;215
SH;Summe;1977 - 1986;GRÜNE;47511;;2157;8693;137;956;873;33356;;1338;242;18
SH;Summe;1977 - 1986;CSU;;;;;;;;;;;;
SH;Summe;1977 - 1986;Sonstige;27798;148;2018;4115;1931;1734;1226;2123;;14504;3966;4359
SH;Summe;1977 - 1986;dar. FREIE WÄHLER;3374;;208;238;207;483;18;22;;2198;2055;93
SH;Summe;1977 - 1986;dar. dieBasis;5044;;40;277;463;194;141;30;;3899;255;3597
SH;Summe;1962 - 1976;Summe;501135;3313;127122;143532;38269;46261;15354;89966;;37319;9676;10470
SH;Summe;1962 - 1976;Ungültig;2562;1890;226;73;227;19;;;;128;65;60
SH;Summe;1962 - 1976;CDU;104108;47;93043;2329;1210;3633;8;2416;;1422;492;268
SH;Summe;1962 - 1976;SPD;137241;256;6338;106039;1050;3526;1867;14282;;3883;1024;434
SH;Summe;1962 - 1976;AfD;39830;93;2258;1272;32528;1595;240;233;;1609;409;862
SH;Summe;1962 - 1976;FDP;59076;236;15896;4906;816;32277;325;2636;;1983;462;630
SH;Summe;1962 - 1976;DIE LINKE;17059;51;414;2955;210;237;9728;2292;;1173;218;171
SH;Summe;1962 - 1976;GRÜNE;93568;245;4639;18325;114;1874;1705;64535;;2130;167;121
SH;Summe;1962 - 1976;CSU;;;;;;;;;;;;
SH;Summe;1962 - 1976;Sonstige;47691;495;4308;7634;2114;3101;1479;3571;;24990;6840;7924
SH;Summe;1962 - 1976;dar. FREIE WÄHLER;6067;;696;595;326;419;48;96;;3887;3666;158
SH;Summe;1962 - 1976;dar. dieBasis;8979;;187;218;260;467;104;373;;7369;290;6921
SH;Summe;1952 - 1961;Summe;306884;2787;76765;107721;18163;21959;7870;56552;;15066;3882;4431
SH;Summe;1952 - 1961;Ungültig;2197;1506;264;298;128;;;;;;;
SH;Summe;1952 - 1961;CDU;66808;217;59889;1730;587;1805;52;1877;;651;167;57
SH;Summe;1952 - 1961;SPD;103351;186;3639;83656;313;1766;1138;11084;;1570;580;
SH;Summe;1952 - 1961;AfD;18453;169;869;697;15342;630;239;13;;495;100;270
SH;Summe;1952 - 1961;FDP;29883;170;7841;3079;380;15848;215;1206;;1144;523;90
SH;Summe;1952 - 1961;DIE LINKE;10687;39;74;2129;337;203;5216;2089;;600;116;192
SH;Summe;1952 - 1961;GRÜNE;56146;187;2454;12703;105;745;688;38619;;645;183;58
SH;Summe;1952 - 1961;CSU;;;;;;;;;;;;
SH;Summe;1952 - 1961;Sonstige;19358;314;1735;3428;971;962;322;1664;;9961;2212;3763
SH;Summe;1952 - 1961;dar. FREIE WÄHLER;2104;;273;113;97;115;8;;;1499;1314;95
SH;Summe;1952 - 1961;dar. dieBasis;4232;7;15;82;77;155;81;113;;3701;99;3524
SH;Summe;1951 und früher;Summe;410777;6584;164261;146032;12672;26735;4668;41396;;8428;1856;2115
SH;Summe;1951 und früher;Ungültig;5735;3924;931;449;95;207;;38;;91;;45
SH;Summe;1951 und früher;CDU;144090;707;136335;1849;229;2468;166;1653;;683;125;113
SH;Summe;1951 und früher;SPD;141469;771;5112;123607;360;1329;308;9013;;969;367;132
SH;Summe;1951 und früher;AfD;14383;305;1240;820;11271;404;149;;;196;39;36
SH;Summe;1951 und früher;FDP;41532;272;15022;3218;187;20361;146;1745;;581;153;60
SH;Summe;1951 und früher;DIE LINKE;6006;11;181;1370;93;29;3329;955;;38;3;
SH;Summe;1951 und früher;GRÜNE;44332;154;3886;11766;24;827;259;27060;;357;45;75
SH;Summe;1951 und früher;CSU;;;;;;;;;;;;
SH;Summe;1951 und früher;Sonstige;13231;441;1556;2953;412;1111;312;932;;5515;1123;1655
SH;Summe;1951 und früher;dar. FREIE WÄHLER;1288;;118;151;62;149;;;;809;734;19
SH;Summe;1951 und früher;dar. dieBasis;1643;;8;102;15;37;39;47;;1395;;1388
SH;m;Summe;Summe;855889;8095;228312;247431;70684;87016;26554;134598;;53200;12897;10879
SH;m;Summe;Ungültig;6381;4502;812;372;332;166;;42;;155;;45
SH;m;Summe;CDU;186734;693;168758;4005;2090;5539;128;3247;;2273;599;63
SH;m;Summe;SPD;229377;724;9250;186521;1635;4803;2430;19145;;4869;1302;294
SH;m;Summe;AfD;73995;286;5142;2409;60398;2785;478;149;;2348;455;1075
SH;m;Summe;FDP;118832;537;32258;9338;1711;66059;555;4552;;3822;1239;632
SH;m;Summe;DIE LINKE;32040;97;580;5838;448;422;17221;5136;;2298;170;610
SH;m;Summe;GRÜNE;139326;388;6408;27819;272;2570;2426;96517;;2926;476;222
SH;m;Summe;CSU;;;;;;;;;;;;
SH;m;Summe;Sonstige;69204;867;5105;11128;3797;4672;3316;5809;;34510;8656;7939
SH;m;Summe;dar. FREIE WÄHLER;8171;21;697;643;447;735;45;18;;5567;5163;111
SH;m;Summe;dar. dieBasis;8779;;59;316;425;380;143;199;;7257;354;6598
SH;m;1997 - 2003;Summe;66529;694;9478;12901;3319;14435;3857;16164;;5681;863;554
SH;m;1997 - 2003;Ungültig;593;479;;51;;64;;;;;;
SH;m;1997 - 2003;CDU;5550;29;4254;228;68;541;8;140;;281;28;
SH;m;1997 - 2003;SPD;11466;;817;7674;76;742;118;1561;;478;8;
SH;m;1997 - 2003;AfD;3653;;284;113;2692;219;8;;;338;63;44
SH;m;1997 - 2003;FDP;17629;130;2962;1091;162;11298;130;1168;;688;258;30
SH;m;1997 - 2003;DIE LINKE;4253;;77;530;;48;2025;1021;;553;;183
SH;m;1997 - 2003;GRÜNE;14872;;504;1842;40;348;599;10993;;546;147;
SH;m;1997 - 2003;CSU;;;;;;;;;;;;
SH;m;1997 - 2003;Sonstige;8512;55;580;1373;282;1176;969;1281;;2798;360;298
SH;m;1997 - 2003;dar. FREIE WÄHLER;527;21;42;82;55;116;;;;211;175;
SH;m;1997 - 2003;dar. dieBasis;349;;;;;15;39;3;;292;68;154
SH;m;1987 - 1996;Summe;96579;578;14851;20904;10100;15494;5186;20209;;9256;1683;1519
SH;m;1987 - 1996;Ungültig;390;341;;7;;;;42;;;;
SH;m;1987 - 1996;CDU;11268;;8844;724;353;817;3;182;;344;90;
SH;m;1987 - 1996;SPD;17128;;990;12670;274;584;236;1819;;556;100;37
SH;m;1987 - 1996;AfD;10723;;735;367;8515;455;171;70;;410;63;218
SH;m;1987 - 1996;FDP;18734;19;3216;1869;359;12261;48;471;;491;151;127
SH;m;1987 - 1996;DIE LINKE;5871;40;72;727;68;85;3481;1028;;371;21;110
SH;m;1987 - 1996;GRÜNE;19996;90;339;2877;;548;481;15102;;559;;113
SH;m;1987 - 1996;CSU;;;;;;;;;;;;
SH;m;1987 - 1996;Sonstige;12469;89;655;1663;532;745;765;1495;;6526;1259;914
SH;m;1987 - 1996;dar. FREIE WÄHLER;1155;;79;138;7;32;19;15;;865;768;
SH;m;1987 - 1996;dar. dieBasis;929;;26;64;44;;8;;;788;;623
SH;m;1977 - 1986;Summe;107371;549;23770;27281;13607;10462;4101;17679;;9922;2686;2488
SH;m;1977 - 1986;Ungültig;414;281;53;18;;;;;;62;;
SH;m;1977 - 1986;CDU;17920;62;15381;527;430;687;42;464;;327;77;
SH;m;1977 - 1986;SPD;23417;62;1182;18234;359;544;249;2078;;709;141;18
SH;m;1977 - 1986;AfD;13783;;1056;512;11293;584;39;8;;291;102;160
SH;m;1977 - 1986;FDP;14787;42;4484;1438;406;7450;84;146;;738;219;175
SH;m;1977 - 1986;DIE LINKE;4559;7;124;750;48;;2717;518;;396;35;96
SH;m;1977 - 1986;GRÜNE;20032;;974;4032;71;402;343;13710;;500;117;11
SH;m;1977 - 1986;CSU;;;;;;;;;;;;
SH;m;1977 - 1986;Sonstige;12458;95;515;1770;1001;794;628;756;;6900;1994;2028
SH;m;1977 - 1986;dar. FREIE WÄHLER;1570;;70;80;53;300;18;;;1048;986;54
SH;m;1977 - 1986;dar. dieBasis;2390;;19;130;260;121;11;23;;1826;117;1676
SH;m;1962 - 1976;Summe;245329;1772;66001;68443;24942;22852;6835;37377;;17108;4746;3984
SH;m;1962 - 1976;Ungültig;1154;986;28;29;109;;;;;3;;
SH;m;1962 - 1976;CDU;53882;26;48327;1158;865;1890;8;987;;621;234;63
SH;m;1962 - 1976;SPD;64224;183;2838;51127;539;1486;977;5314;;1761;588;218
SH;m;1962 - 1976;AfD;25932;93;1512;750;21608;854;96;65;;953;213;458
SH;m;1962 - 1976;FDP;31064;164;9154;1895;461;16818;91;1439;;1042;264;229
SH;m;1962 - 1976;DIE LINKE;7755;;159;1429;111;140;4324;992;;600;76;115
SH;m;1962 - 1976;GRÜNE;40332;49;2085;8546;81;783;719;27328;;741;58;48
SH;m;1962 - 1976;CSU;;;;;;;;;;;;
SH;m;1962 - 1976;Sonstige;20986;272;1899;3510;1168;881;621;1251;;11385;3313;2852
SH;m;1962 - 1976;dar. FREIE WÄHLER;3108;;349;250;195;171;;3;;2140;2050;28
SH;m;1962 - 1976;dar. dieBasis;3057;;8;87;37;141;85;133;;2566;95;2435
SH;m;1952 - 1961;Summe;150261;1634;38538;52157;11096;10622;3944;24632;;7639;2138;1747
SH;m;1952 - 1961;Ungültig;1307;867;184;127;128;;;;;;;
SH;m;1952 - 1961;CDU;32503;188;29765;698;246;611;8;602;;387;120;
SH;m;1952 - 1961;SPD;49395;94;1749;40623;211;813;661;4389;;856;265;
SH;m;1952 - 1961;AfD;11444;86;750;305;9528;380;88;6;;301;;179
SH;m;1952 - 1961;FDP;15210;121;4315;1474;193;7866;120;425;;695;320;40
SH;m;1952 - 1961;DIE LINKE;5993;39;10;1426;221;128;2697;1099;;372;35;106
SH;m;1952 - 1961;GRÜNE;25324;140;1037;5712;60;273;220;17473;;409;148;51
SH;m;1952 - 1961;CSU;;;;;;;;;;;;
SH;m;1952 - 1961;Sonstige;9086;98;727;1792;510;550;150;638;;4620;1251;1371
SH;m;1952 - 1961;dar. FREIE WÄHLER;1347;;117;92;76;115;8;;;940;822;28
SH;m;1952 - 1961;dar. dieBasis;1651;;8;35;77;76;;39;;1417;74;1343
SH;m;1951 und früher;Summe;189819;2868;75673;65744;7620;13152;2630;18538;;3594;781;587
SH;m;1951 und früher;Ungültig;2523;1548;547;140;95;103;;;;91;;45
SH;m;1951 und früher;CDU;65610;388;62187;669;129;993;60;871;;313;49;
SH;m;1951 und früher;SPD;63747;386;1675;56193;177;634;188;3985;;509;201;21
SH;m;1951 und früher;AfD;8461;107;804;362;6763;294;77;;;54;14;15
SH;m;1951 und früher;FDP;21407;60;8126;1572;130;10366;82;902;;168;28;30
SH;m;1951 und früher;DIE LINKE;3609;11;138;977;;21;1977;478;;6;3;
SH;m;1951 und früher;GRÜNE;18770;110;1468;4810;21;215;64;11912;;171;6;
SH;m;1951 und früher;CSU;;;;;;;;;;;;
SH;m;1951 und früher;Sonstige;5693;257;729;1021;305;526;183;390;;2281;480;475
SH;m;1951 und früher;dar. FREIE WÄHLER;463;;39;;62;;;;;362;362;
SH;m;1951 und früher;dar. dieBasis;403;;;;7;28;;;;368;;368
SH;w;Summe;Summe;920256;8037;237663;282870;42957;80175;28969;181035;;58549;14553;16567
SH;w;Summe;Ungültig;7010;5040;683;580;226;235;20;38;;187;65;60
SH;w;Summe;CDU;201665;383;180443;6156;1223;6303;189;4859;;2110;621;419
SH;w;Summe;SPD;264678;661;12465;208052;1309;6208;2439;27960;;5584;1663;498
SH;w;Summe;AfD;45571;357;3060;2635;34560;2322;480;185;;1973;561;1015
SH;w;Summe;FDP;101207;341;24632;11190;1346;53760;832;5085;;4022;1373;1035
SH;w;Summe;DIE LINKE;32198;93;510;4914;339;650;17439;6578;;1676;447;283
SH;w;Summe;GRÜNE;183437;306;8578;35645;148;3726;3999;127254;;3780;429;413
SH;w;Summe;CSU;;;;;;;;;;;;
SH;w;Summe;Sonstige;84490;856;7293;13698;3807;6970;3572;9077;;39217;9395;12844
SH;w;Summe;dar. FREIE WÄHLER;8872;3;1102;994;413;1146;48;230;;4936;4444;279
SH;w;Summe;dar. dieBasis;14628;7;229;534;669;697;269;502;;11720;366;10988
SH;w;1997 - 2003;Summe;65832;349;7852;13255;1893;9861;4674;22686;;5263;1255;864
SH;w;1997 - 2003;Ungültig;276;257;;;;;20;;;;;
SH;w;1997 - 2003;CDU;5302;;4059;331;3;426;29;314;;140;14;
SH;w;1997 - 2003;SPD;11094;55;821;7041;;1063;204;1576;;335;88;29
SH;w;1997 - 2003;AfD;2506;;366;185;1608;265;8;8;;67;;11
SH;w;1997 - 2003;FDP;11224;9;1890;1650;92;5860;94;881;;747;254;187
SH;w;1997 - 2003;DIE LINKE;5644;;16;485;11;234;2717;1964;;217;;
SH;w;1997 - 2003;GRÜNE;20965;;360;2326;;661;857;16312;;450;88;72
SH;w;1997 - 2003;CSU;;;;;;;;;;;;
SH;w;1997 - 2003;Sonstige;8821;28;340;1238;178;1353;746;1632;;3307;811;565
SH;w;1997 - 2003;dar. FREIE WÄHLER;918;3;44;138;;274;;91;;368;307;24
SH;w;1997 - 2003;dar. dieBasis;449;;;;7;11;;25;;405;;351
SH;w;1987 - 1996;Summe;99872;629;15001;26221;8045;10762;5318;25015;;8881;2287;1897
SH;w;1987 - 1996;Ungültig;628;442;;56;62;69;;;;;;
SH;w;1987 - 1996;CDU;11560;14;9166;1069;115;509;;451;;236;130;
SH;w;1987 - 1996;SPD;20824;;1060;14812;357;765;378;2543;;910;297;62
SH;w;1987 - 1996;AfD;7678;;553;463;5874;415;55;3;;315;41;271
SH;w;1987 - 1996;FDP;12733;;2274;1683;431;7013;214;724;;395;211;60
SH;w;1987 - 1996;DIE LINKE;5263;;94;785;21;193;2641;1311;;218;98;21
SH;w;1987 - 1996;GRÜNE;25373;18;647;4932;;337;963;17795;;681;32;178
SH;w;1987 - 1996;CSU;;;;;;;;;;;;
SH;w;1987 - 1996;Sonstige;15813;154;1207;2422;1185;1461;1068;2189;;6126;1479;1305
SH;w;1987 - 1996;dar. FREIE WÄHLER;1609;;340;181;106;292;;25;;665;586;
SH;w;1987 - 1996;dar. dieBasis;1783;;14;107;228;197;;110;;1126;8;1029
SH;w;1977 - 1986;Summe;121165;650;26874;32453;7574;11222;4495;25966;;11933;3261;3107
SH;w;1977 - 1986;Ungültig;596;423;21;;47;43;;;;63;;
SH;w;1977 - 1986;CDU;21794;;18230;1374;318;956;8;608;;300;97;45
SH;w;1977 - 1986;SPD;28064;55;1756;20841;155;693;370;3150;;1044;360;80
SH;w;1977 - 1986;AfD;8558;77;841;615;5835;541;50;;;600;199;217
SH;w;1977 - 1986;FDP;14440;;3303;1595;223;7451;132;659;;1077;381;307
SH;w;1977 - 1986;DIE LINKE;4895;42;38;1021;;45;2806;535;;407;127;119
SH;w;1977 - 1986;GRÜNE;27479;;1182;4661;67;554;530;19646;;838;125;8
SH;w;1977 - 1986;CSU;;;;;;;;;;;;
SH;w;1977 - 1986;Sonstige;15340;53;1502;2345;930;940;599;1367;;7605;1972;2331
SH;w;1977 - 1986;dar. FREIE WÄHLER;1804;;138;158;154;182;;22;;1150;1070;39
SH;w;1977 - 1986;dar. dieBasis;2654;;21;146;203;74;130;7;;2074;138;1921
SH;w;1962 - 1976;Summe;255806;1541;61120;75089;13327;23409;8519;52590;;20211;4930;6486
SH;w;1962 - 1976;Ungültig;1408;905;198;44;118;19;;;;125;65;60
SH;w;1962 - 1976;CDU;50226;21;44716;1171;345;1743;;1430;;801;257;205
SH;w;1962 - 1976;SPD;73017;73;3500;54912;511;2040;890;8968;;2123;436;216
SH;w;1962 - 1976;AfD;13898;;745;522;10920;742;145;168;;656;196;404
SH;w;1962 - 1976;FDP;28012;72;6743;3011;355;15459;235;1197;;941;198;401
SH;w;1962 - 1976;DIE LINKE;9304;51;255;1526;98;96;5404;1300;;573;142;56
SH;w;1962 - 1976;GRÜNE;53236;197;2554;9779;33;1091;987;37206;;1389;109;73
SH;w;1962 - 1976;CSU;;;;;;;;;;;;
SH;w;1962 - 1976;Sonstige;26705;223;2409;4123;946;2220;858;2321;;13605;3527;5071
SH;w;1962 - 1976;dar. FREIE WÄHLER;2958;;347;344;132;248;48;93;;1747;1617;130
SH;w;1962 - 1976;dar. dieBasis;5922;;179;131;224;327;19;239;;4803;195;4486
SH;w;1952 - 1961;Summe;156623;1153;38228;55563;7067;11338;3926;31921;;7427;1745;2684
SH;w;1952 - 1961;Ungültig;890;638;80;171;;;;;;;;
SH;w;1952 - 1961;CDU;34304;29;30124;1031;341;1195;45;1275;;264;46;57
SH;w;1952 - 1961;SPD;53956;92;1890;43032;102;953;477;6695;;714;316;
SH;w;1952 - 1961;AfD;7009;83;119;392;5814;250;151;7;;194;100;91
SH;w;1952 - 1961;FDP;14673;48;3526;1606;188;7982;94;781;;449;204;50
SH;w;1952 - 1961;DIE LINKE;4695;;64;703;115;75;2519;990;;228;81;86
SH;w;1952 - 1961;GRÜNE;30823;48;1417;6991;45;472;468;21146;;236;36;8
SH;w;1952 - 1961;CSU;;;;;;;;;;;;
SH;w;1952 - 1961;Sonstige;10273;215;1008;1636;462;412;172;1026;;5341;962;2392
SH;w;1952 - 1961;dar. FREIE WÄHLER;757;;156;21;21;;;;;559;492;67
SH;w;1952 - 1961;dar. dieBasis;2581;7;7;48;;79;81;73;;2284;25;2181
SH;w;1951 und früher;Summe;220958;3716;88588;80288;5052;13583;2038;22858;;4834;1075;1529
SH;w;1951 und früher;Ungültig;3212;2376;384;309;;105;;38;;;;
SH;w;1951 und früher;CDU;78480;318;74149;1180;100;1474;107;782;;369;76;113
SH;w;1951 und früher;SPD;77722;385;3437;67414;183;695;120;5028;;459;166;111
SH;w;1951 und früher;AfD;5923;198;436;458;4508;110;72;;;141;25;21
SH;w;1951 und früher;FDP;20125;212;6895;1645;57;9995;63;843;;413;125;29
SH;w;1951 und früher;DIE LINKE;2398;;43;393;93;8;1352;477;;32;;
SH;w;1951 und früher;GRÜNE;25561;44;2418;6956;3;612;195;15148;;185;39;75
SH;w;1951 und früher;CSU;;;;;;;;;;;;
SH;w;1951 und früher;Sonstige;7538;183;826;1933;106;584;129;542;;3234;643;1180
SH;w;1951 und früher;dar. FREIE WÄHLER;825;;78;151;;149;;;;447;372;19
SH;w;1951 und früher;dar. dieBasis;1240;;8;102;7;9;39;47;;1027;;1020
HH;Summe;Summe;Summe;1011044;7720;179572;334831;49828;84603;72507;237328;;44655;6406;16396
HH;Summe;Summe;Ungültig;5500;4520;254;482;15;98;48;52;;31;;
HH;Summe;Summe;CDU;155220;737;135350;7166;1499;5990;576;3177;;724;316;56
HH;Summe;Summe;SPD;298342;704;7527;250615;1239;3449;5824;26788;;2195;546;336
HH;Summe;Summe;AfD;50537;164;2178;1988;42478;1538;246;130;;1815;111;1207
HH;Summe;Summe;FDP;114602;238;26489;11327;1437;66380;884;5823;;2025;633;242
HH;Summe;Summe;DIE LINKE;67578;186;289;9777;207;472;43514;10881;;2253;165;270
HH;Summe;Summe;GRÜNE;250532;311;4311;43637;78;2563;14562;181810;;3260;114;203
HH;Summe;Summe;CSU;;;;;;;;;;;;
HH;Summe;Summe;Sonstige;68733;860;3174;9838;2876;4113;6852;8667;;32353;4522;14081
HH;Summe;Summe;dar. FREIE WÄHLER;5601;46;412;529;362;240;114;71;;3827;3078;365
HH;Summe;Summe;dar. dieBasis;13961;;228;369;777;192;285;101;;12007;71;11855
HH;Summe;1997 - 2003;Summe;89379;573;8688;19201;3383;12900;10561;29178;;4895;278;1268
HH;Summe;1997 - 2003;Ungültig;417;401;;4;;;;12;;;;
HH;Summe;1997 - 2003;CDU;5487;;4340;384;17;459;26;197;;64;16;
HH;Summe;1997 - 2003;SPD;14002;;604;10211;64;554;439;1982;;149;;82
HH;Summe;1997 - 2003;AfD;3472;;203;70;2874;227;;;;98;;98
HH;Summe;1997 - 2003;FDP;17015;;2632;2001;247;10283;199;1311;;343;;
HH;Summe;1997 - 2003;DIE LINKE;9626;;;1085;;139;5947;2017;;438;29;86
HH;Summe;1997 - 2003;GRÜNE;29373;33;443;3899;;410;2714;21257;;616;;37
HH;Summe;1997 - 2003;CSU;;;;;;;;;;;;
HH;Summe;1997 - 2003;Sonstige;9985;139;467;1546;181;828;1236;2402;;3187;234;966
HH;Summe;1997 - 2003;dar. FREIE WÄHLER;487;;37;36;37;96;4;37;;239;179;
HH;Summe;1997 - 2003;dar. dieBasis;849;;;35;;;;;;815;;738
HH;Summe;1987 - 1996;Summe;192641;1051;19087;45274;5719;19120;20788;69829;;11772;1967;3084
HH;Summe;1987 - 1996;Ungültig;505;403;44;44;;;;;;13;;
HH;Summe;1987 - 1996;CDU;15065;294;12276;826;64;613;7;896;;90;20;
HH;Summe;1987 - 1996;SPD;35735;69;1086;25890;136;865;1180;6079;;429;7;94
HH;Summe;1987 - 1996;AfD;5399;4;273;83;4559;232;44;;;204;46;54
HH;Summe;1987 - 1996;FDP;24609;4;4074;2926;95;14852;292;1549;;816;395;119
HH;Summe;1987 - 1996;DIE LINKE;17976;128;84;2093;4;166;11186;3701;;614;39;4
HH;Summe;1987 - 1996;GRÜNE;73391;37;727;10565;71;800;5632;54387;;1172;86;30
HH;Summe;1987 - 1996;CSU;;;;;;;;;;;;
HH;Summe;1987 - 1996;Sonstige;19961;111;524;2847;790;1591;2447;3217;;8433;1373;2783
HH;Summe;1987 - 1996;dar. FREIE WÄHLER;1689;;64;211;136;62;48;;;1167;909;148
HH;Summe;1987 - 1996;dar. dieBasis;2378;;64;88;189;;23;;;2014;;2010
HH;Summe;1977 - 1986;Summe;167583;999;22388;48109;10083;13198;12482;50765;;9558;1356;3794
HH;Summe;1977 - 1986;Ungültig;615;481;;64;;12;48;10;;;;
HH;Summe;1977 - 1986;CDU;18174;58;14654;1080;392;1249;142;473;;127;76;
HH;Summe;1977 - 1986;SPD;40378;127;1166;32018;154;431;862;5401;;219;131;7
HH;Summe;1977 - 1986;AfD;10762;40;232;608;8730;423;103;30;;596;64;392
HH;Summe;1977 - 1986;FDP;17295;38;4615;1527;247;9562;184;738;;384;82;7
HH;Summe;1977 - 1986;DIE LINKE;11012;;4;1566;27;74;7255;1532;;554;;137
HH;Summe;1977 - 1986;GRÜNE;54994;65;742;9132;7;805;2687;41148;;407;;17
HH;Summe;1977 - 1986;CSU;;;;;;;;;;;;
HH;Summe;1977 - 1986;Sonstige;14354;190;974;2113;527;643;1201;1434;;7273;1003;3234
HH;Summe;1977 - 1986;dar. FREIE WÄHLER;1399;11;277;134;42;26;4;30;;875;665;123
HH;Summe;1977 - 1986;dar. dieBasis;3204;;46;103;159;66;;44;;2786;58;2728
HH;Summe;1962 - 1976;Summe;250177;1807;44481;87305;16819;18600;15987;52598;;12580;2262;4873
HH;Summe;1962 - 1976;Ungültig;1208;1078;12;71;;;;30;;17;;
HH;Summe;1962 - 1976;CDU;38434;92;32735;1846;538;1793;213;938;;279;139;20
HH;Summe;1962 - 1976;SPD;80305;98;1874;67183;536;645;1702;7046;;1221;407;149
HH;Summe;1962 - 1976;AfD;16764;57;823;583;14224;311;98;19;;647;;424
HH;Summe;1962 - 1976;FDP;26545;175;7146;2373;426;14552;169;1463;;240;52;50
HH;Summe;1962 - 1976;DIE LINKE;15532;40;65;2478;162;89;10070;2093;;534;97;43
HH;Summe;1962 - 1976;GRÜNE;55743;42;1384;10568;;430;2613;39798;;909;;81
HH;Summe;1962 - 1976;CSU;;;;;;;;;;;;
HH;Summe;1962 - 1976;Sonstige;15647;225;441;2203;933;780;1122;1211;;8733;1567;4105
HH;Summe;1962 - 1976;dar. FREIE WÄHLER;1603;35;19;44;100;38;58;4;;1306;1153;31
HH;Summe;1962 - 1976;dar. dieBasis;4393;;84;144;223;40;182;57;;3663;13;3650
HH;Summe;1952 - 1961;Summe;130271;780;24555;56495;7407;9200;8345;20011;;3480;327;1921
HH;Summe;1952 - 1961;Ungültig;806;583;67;142;;15;;;;;;
HH;Summe;1952 - 1961;CDU;22916;89;20066;1171;327;708;88;310;;157;64;29
HH;Summe;1952 - 1961;SPD;51897;59;917;45966;192;467;1100;3087;;108;;
HH;Summe;1952 - 1961;AfD;7556;;267;473;6367;305;;;;143;;143
HH;Summe;1952 - 1961;FDP;12081;;2372;1358;268;7522;4;366;;191;71;66
HH;Summe;1952 - 1961;DIE LINKE;8419;;69;1468;14;4;5960;792;;113;;
HH;Summe;1952 - 1961;GRÜNE;21744;;493;5301;;56;639;15214;;41;;
HH;Summe;1952 - 1961;CSU;;;;;;;;;;;;
HH;Summe;1952 - 1961;Sonstige;4853;49;304;617;239;122;553;242;;2726;192;1682
HH;Summe;1952 - 1961;dar. FREIE WÄHLER;131;;;104;;;;;;27;23;
HH;Summe;1952 - 1961;dar. dieBasis;1847;;;;111;40;80;;;1616;;1616
HH;Summe;1951 und früher;Summe;180993;2511;60373;78447;6416;11585;4344;14946;;2370;215;1456
HH;Summe;1951 und früher;Ungültig;1950;1575;132;157;15;71;;;;;;
HH;Summe;1951 und früher;CDU;55144;204;51279;1860;161;1168;101;364;;7;;7
HH;Summe;1951 und früher;SPD;76024;352;1880;69347;156;487;541;3192;;68;;4
HH;Summe;1951 und früher;AfD;6584;63;380;171;5723;39;;81;;127;;95
HH;Summe;1951 und früher;FDP;17058;20;5649;1142;155;9609;36;396;;51;34;
HH;Summe;1951 und früher;DIE LINKE;5013;18;67;1087;;;3096;746;;;;
HH;Summe;1951 und früher;GRÜNE;15287;134;522;4172;;61;277;10005;;116;28;39
HH;Summe;1951 und früher;CSU;;;;;;;;;;;;
HH;Summe;1951 und früher;Sonstige;3932;146;463;511;206;149;294;162;;2001;154;1311
HH;Summe;1951 und früher;dar. FREIE WÄHLER;292;;15;;47;18;;;;213;149;64
HH;Summe;1951 und früher;dar. dieBasis;1290;;34;;96;47;;;;1114;;1114
HH;m;Summe;Summe;481101;3720;85101;158639;30823;47440;33893;99706;;21779;3319;6529
HH;m;Summe;Ungültig;2534;2018;40;368;15;52;;33;;7;;
HH;m;Summe;CDU;70372;472;61715;3033;1019;2702;179;886;;366;103;40
HH;m;Summe;SPD;135497;273;3078;116363;699;1958;2839;9482;;805;197;95
HH;m;Summe;AfD;31574;112;1335;1307;27009;770;180;63;;800;111;461
HH;m;Summe;FDP;67060;238;15851;6300;853;38675;373;3445;;1326;390;89
HH;m;Summe;DIE LINKE;34904;157;71;5726;196;206;22294;5086;;1169;88;86
HH;m;Summe;GRÜNE;108092;146;1908;21015;70;1223;5285;76973;;1473;58;86
HH;m;Summe;CSU;;;;;;;;;;;;
HH;m;Summe;Sonstige;31068;304;1101;4529;962;1855;2743;3738;;15835;2375;5672
HH;m;Summe;dar. FREIE WÄHLER;2876;35;213;179;83;117;48;67;;2135;1794;114
HH;m;Summe;dar. dieBasis;5128;;133;106;132;40;40;42;;4634;13;4540
HH;m;1997 - 2003;Summe;44532;234;4277;10023;2119;8828;4112;12040;;2899;231;773
HH;m;1997 - 2003;Ungültig;153;153;;;;;;;;;;
HH;m;1997 - 2003;CDU;2668;;1946;232;17;308;;128;;37;;
HH;m;1997 - 2003;SPD;6807;;227;5197;64;341;171;727;;80;;39
HH;m;1997 - 2003;AfD;2107;;146;29;1835;;;;;98;;98
HH;m;1997 - 2003;FDP;11628;;1667;1227;159;7456;38;872;;209;;
HH;m;1997 - 2003;DIE LINKE;4173;;;593;;64;2565;772;;179;29;42
HH;m;1997 - 2003;GRÜNE;11902;;134;2006;;205;905;8474;;178;;
HH;m;1997 - 2003;CSU;;;;;;;;;;;;
HH;m;1997 - 2003;Sonstige;5095;81;158;739;43;454;434;1067;;2118;202;595
HH;m;1997 - 2003;dar. FREIE WÄHLER;360;;37;;;79;;37;;207;147;
HH;m;1997 - 2003;dar. dieBasis;536;;;35;;;;;;502;;425
HH;m;1987 - 1996;Summe;91419;582;9410;22854;3649;11401;9015;28076;;6433;1114;1357
HH;m;1987 - 1996;Ungültig;334;283;;44;;;;;;7;;
HH;m;1987 - 1996;CDU;7217;155;6216;379;;190;;257;;20;20;
HH;m;1987 - 1996;SPD;16989;23;303;12766;38;477;697;2422;;262;7;45
HH;m;1987 - 1996;AfD;3714;;157;54;3134;232;44;;;93;46;
HH;m;1987 - 1996;FDP;14598;4;2205;1621;63;9207;144;822;;532;227;39
HH;m;1987 - 1996;DIE LINKE;8773;117;;1248;;108;5399;1587;;315;;
HH;m;1987 - 1996;GRÜNE;30129;;231;5302;64;371;1991;21584;;585;58;
HH;m;1987 - 1996;CSU;;;;;;;;;;;;
HH;m;1987 - 1996;Sonstige;9666;;298;1440;351;815;739;1403;;4620;755;1273
HH;m;1987 - 1996;dar. FREIE WÄHLER;857;;64;72;29;;48;;;644;500;35
HH;m;1987 - 1996;dar. dieBasis;1025;;64;;10;;;;;951;;947
HH;m;1977 - 1986;Summe;81779;611;11341;23018;6277;7260;6347;22181;;4746;803;1313
HH;m;1977 - 1986;Ungültig;360;286;;64;;;;10;;;;
HH;m;1977 - 1986;CDU;8656;58;6983;512;289;597;34;119;;65;18;
HH;m;1977 - 1986;SPD;17768;10;533;14787;117;157;424;1664;;77;47;7
HH;m;1977 - 1986;AfD;6391;40;132;330;5508;156;37;30;;159;64;56
HH;m;1977 - 1986;FDP;10486;38;2957;902;107;5764;84;402;;231;61;7
HH;m;1977 - 1986;DIE LINKE;5951;;4;758;27;30;4144;628;;360;;44
HH;m;1977 - 1986;GRÜNE;25334;57;353;4581;7;370;921;18847;;198;;17
HH;m;1977 - 1986;CSU;;;;;;;;;;;;
HH;m;1977 - 1986;Sonstige;6833;122;380;1084;222;186;702;481;;3656;612;1182
HH;m;1977 - 1986;dar. FREIE WÄHLER;871;;97;85;42;;;30;;618;486;79
HH;m;1977 - 1986;dar. dieBasis;961;;;60;;;;;;901;;901
HH;m;1962 - 1976;Summe;124527;976;23460;43389;10742;10065;8062;22612;;5220;982;1908
HH;m;1962 - 1976;Ungültig;544;473;;48;;;;23;;;;
HH;m;1962 - 1976;CDU;19043;53;16551;660;449;889;101;260;;80;;4
HH;m;1962 - 1976;SPD;38797;76;655;33858;279;438;871;2287;;332;143;
HH;m;1962 - 1976;AfD;11035;57;605;418;9377;234;98;;;246;;134
HH;m;1962 - 1976;FDP;15696;175;4698;1314;300;7976;108;925;;200;18;43
HH;m;1962 - 1976;DIE LINKE;8363;40;;1378;162;;5323;1258;;202;59;
HH;m;1962 - 1976;GRÜNE;24577;;797;4867;;212;1062;17215;;425;;69
HH;m;1962 - 1976;CSU;;;;;;;;;;;;
HH;m;1962 - 1976;Sonstige;6473;101;154;846;175;316;499;644;;3736;763;1658
HH;m;1962 - 1976;dar. FREIE WÄHLER;745;35;;;12;38;;;;661;661;
HH;m;1962 - 1976;dar. dieBasis;1534;;70;12;12;;7;42;;1392;13;1379
HH;m;1952 - 1961;Summe;61883;523;10954;26896;4408;4626;4212;8723;;1540;174;727
HH;m;1952 - 1961;Ungültig;464;375;20;69;;;;;;;;
HH;m;1952 - 1961;CDU;10072;89;8578;591;239;327;44;47;;157;64;29
HH;m;1952 - 1961;SPD;23813;59;441;21380;77;226;419;1206;;4;;
HH;m;1952 - 1961;AfD;4614;;216;397;3754;113;;;;133;;133
HH;m;1952 - 1961;FDP;6395;;1420;618;225;3839;;174;;120;67;
HH;m;1952 - 1961;DIE LINKE;4705;;;967;7;4;3235;379;;113;;
HH;m;1952 - 1961;GRÜNE;10162;;240;2688;;34;301;6863;;37;;
HH;m;1952 - 1961;CSU;;;;;;;;;;;;
HH;m;1952 - 1961;Sonstige;1658;;39;186;107;84;213;53;;976;43;564
HH;m;1952 - 1961;dar. FREIE WÄHLER;27;;;23;;;;;;4;;
HH;m;1952 - 1961;dar. dieBasis;673;;;;47;40;33;;;553;;553
HH;m;1951 und früher;Summe;76961;794;25658;32459;3628;5260;2145;6074;;942;16;452
HH;m;1951 und früher;Ungültig;679;449;20;143;15;52;;;;;;
HH;m;1951 und früher;CDU;22716;116;21442;660;25;393;;73;;7;;7
HH;m;1951 und früher;SPD;31323;105;920;28374;124;317;257;1176;;50;;4
HH;m;1951 und früher;AfD;3713;15;79;79;3401;35;;33;;72;;40
HH;m;1951 und früher;FDP;8258;20;2905;618;;4432;;250;;34;16;
HH;m;1951 und früher;DIE LINKE;2939;;67;781;;;1628;463;;;;
HH;m;1951 und früher;GRÜNE;5988;89;153;1570;;31;105;3990;;50;;
HH;m;1951 und früher;CSU;;;;;;;;;;;;
HH;m;1951 und früher;Sonstige;1344;;73;234;64;;155;89;;730;;400
HH;m;1951 und früher;dar. FREIE WÄHLER;15;;15;;;;;;;;;
HH;m;1951 und früher;dar. dieBasis;400;;;;64;;;;;337;;337
HH;w;Summe;Summe;529943;4000;94471;176192;19005;37163;38614;137622;;22876;3087;9867
HH;w;Summe;Ungültig;2966;2502;214;114;;45;48;19;;24;;
HH;w;Summe;CDU;84848;265;73635;4133;479;3288;397;2292;;358;213;16
HH;w;Summe;SPD;162845;432;4449;134253;540;1492;2984;17306;;1390;349;241
HH;w;Summe;AfD;18963;52;844;682;15469;768;66;67;;1015;;746
HH;w;Summe;FDP;47542;;10637;5027;583;27705;511;2379;;699;243;153
HH;w;Summe;DIE LINKE;32674;29;218;4051;12;266;21220;5795;;1084;77;185
HH;w;Summe;GRÜNE;142440;165;2402;22623;7;1340;9278;104837;;1787;57;117
HH;w;Summe;CSU;;;;;;;;;;;;
HH;w;Summe;Sonstige;37665;555;2072;5309;1914;2258;4110;4929;;16517;2147;8409
HH;w;Summe;dar. FREIE WÄHLER;2725;11;199;350;279;124;66;4;;1692;1285;252
HH;w;Summe;dar. dieBasis;8833;;95;263;645;152;245;60;;7373;58;7314
HH;w;1997 - 2003;Summe;44847;339;4411;9178;1265;4072;6449;17138;;1995;48;495
HH;w;1997 - 2003;Ungültig;265;249;;4;;;;12;;;;
HH;w;1997 - 2003;CDU;2819;;2394;152;;151;26;68;;28;16;
HH;w;1997 - 2003;SPD;7196;;377;5014;;213;268;1255;;69;;43
HH;w;1997 - 2003;AfD;1365;;58;41;1039;227;;;;;;
HH;w;1997 - 2003;FDP;5388;;964;774;88;2827;161;439;;134;;
HH;w;1997 - 2003;DIE LINKE;5453;;;492;;75;3382;1245;;259;;45
HH;w;1997 - 2003;GRÜNE;17471;33;309;1893;;205;1810;12784;;437;;37
HH;w;1997 - 2003;CSU;;;;;;;;;;;;
HH;w;1997 - 2003;Sonstige;4891;58;309;807;138;374;802;1334;;1068;32;371
HH;w;1997 - 2003;dar. FREIE WÄHLER;127;;;36;37;18;4;;;32;32;
HH;w;1997 - 2003;dar. dieBasis;313;;;;;;;;;313;;313
HH;w;1987 - 1996;Summe;101221;469;9677;22420;2070;7719;11774;41754;;5339;854;1727
HH;w;1987 - 1996;Ungültig;171;120;44;;;;;;;7;;
HH;w;1987 - 1996;CDU;7848;139;6060;447;64;423;7;639;;70;;
HH;w;1987 - 1996;SPD;18746;46;782;13124;99;388;483;3657;;167;;49
HH;w;1987 - 1996;AfD;1685;4;115;29;1425;;;;;111;;54
HH;w;1987 - 1996;FDP;10011;;1869;1305;32;5645;148;728;;284;168;80
HH;w;1987 - 1996;DIE LINKE;9203;11;84;845;4;58;5787;2114;;299;39;4
HH;w;1987 - 1996;GRÜNE;43262;37;496;5263;7;429;3641;32803;;587;29;30
HH;w;1987 - 1996;CSU;;;;;;;;;;;;
HH;w;1987 - 1996;Sonstige;10295;111;226;1407;439;776;1708;1814;;3814;618;1511
HH;w;1987 - 1996;dar. FREIE WÄHLER;831;;;139;107;62;;;;523;410;113
HH;w;1987 - 1996;dar. dieBasis;1353;;;88;179;;23;;;1063;;1063
HH;w;1977 - 1986;Summe;85804;388;11046;25091;3806;5939;6135;28585;;4813;553;2481
HH;w;1977 - 1986;Ungültig;254;195;;;;12;48;;;;;
HH;w;1977 - 1986;CDU;9518;;7671;569;102;653;108;353;;62;58;
HH;w;1977 - 1986;SPD;22610;117;633;17231;37;274;438;3738;;142;85;
HH;w;1977 - 1986;AfD;4371;;101;278;3222;267;66;;;437;;336
HH;w;1977 - 1986;FDP;6809;;1658;625;139;3798;100;336;;152;20;
HH;w;1977 - 1986;DIE LINKE;5061;;;809;;44;3110;904;;194;;93
HH;w;1977 - 1986;GRÜNE;29660;9;389;4551;;435;1766;22302;;208;;
HH;w;1977 - 1986;CSU;;;;;;;;;;;;
HH;w;1977 - 1986;Sonstige;7521;68;594;1029;305;456;499;952;;3617;391;2053
HH;w;1977 - 1986;dar. FREIE WÄHLER;528;11;180;49;;26;4;;;257;179;44
HH;w;1977 - 1986;dar. dieBasis;2244;;46;43;159;66;;44;;1885;58;1827
HH;w;1962 - 1976;Summe;125650;830;21020;43916;6077;8535;7925;29986;;7361;1280;2965
HH;w;1962 - 1976;Ungültig;663;604;12;23;;;;7;;17;;
HH;w;1962 - 1976;CDU;19391;39;16184;1186;89;904;112;678;;199;139;16
HH;w;1962 - 1976;SPD;41509;22;1219;33325;257;206;832;4759;;889;265;149
HH;w;1962 - 1976;AfD;5728;;218;166;4847;77;;19;;402;;291
HH;w;1962 - 1976;FDP;10849;;2449;1059;126;6576;61;538;;41;33;7
HH;w;1962 - 1976;DIE LINKE;7169;;65;1100;;89;4748;835;;332;39;43
HH;w;1962 - 1976;GRÜNE;31166;42;587;5701;;219;1551;22583;;484;;12
HH;w;1962 - 1976;CSU;;;;;;;;;;;;
HH;w;1962 - 1976;Sonstige;9175;124;287;1357;758;464;622;566;;4997;804;2447
HH;w;1962 - 1976;dar. FREIE WÄHLER;858;;19;44;89;;58;4;;645;492;31
HH;w;1962 - 1976;dar. dieBasis;2859;;15;132;211;40;175;16;;2271;;2271
HH;w;1952 - 1961;Summe;68389;257;13601;29599;2999;4574;4132;11288;;1939;153;1194
HH;w;1952 - 1961;Ungültig;342;208;47;72;;15;;;;;;
HH;w;1952 - 1961;CDU;12844;;11488;580;88;381;44;262;;;;
HH;w;1952 - 1961;SPD;28084;;477;24586;115;241;681;1881;;104;;
HH;w;1952 - 1961;AfD;2942;;50;76;2613;193;;;;10;;10
HH;w;1952 - 1961;FDP;5685;;952;740;43;3683;4;192;;70;4;66
HH;w;1952 - 1961;DIE LINKE;3714;;69;501;7;;2725;413;;;;
HH;w;1952 - 1961;GRÜNE;11582;;253;2613;;22;338;8351;;4;;
HH;w;1952 - 1961;CSU;;;;;;;;;;;;
HH;w;1952 - 1961;Sonstige;3195;49;265;431;132;39;340;188;;1751;149;1118
HH;w;1952 - 1961;dar. FREIE WÄHLER;104;;;81;;;;;;23;23;
HH;w;1952 - 1961;dar. dieBasis;1174;;;;64;;46;;;1064;;1064
HH;w;1951 und früher;Summe;104032;1717;34715;45988;2788;6325;2199;8872;;1428;199;1004
HH;w;1951 und früher;Ungültig;1271;1126;112;15;;19;;;;;;
HH;w;1951 und früher;CDU;32428;88;29837;1200;136;775;101;291;;;;
HH;w;1951 und früher;SPD;44701;247;961;40973;32;170;284;2016;;18;;
HH;w;1951 und früher;AfD;2871;48;302;92;2322;4;;48;;55;;55
HH;w;1951 und früher;FDP;8800;;2744;524;155;5177;36;146;;18;18;
HH;w;1951 und früher;DIE LINKE;2074;18;;305;;;1468;283;;;;
HH;w;1951 und früher;GRÜNE;9299;45;369;2602;;29;172;6015;;67;28;39
HH;w;1951 und früher;CSU;;;;;;;;;;;;
HH;w;1951 und früher;Sonstige;2588;146;390;277;142;149;139;73;;1271;154;910
HH;w;1951 und früher;dar. FREIE WÄHLER;278;;;;47;18;;;;213;149;64
HH;w;1951 und früher;dar. dieBasis;889;;34;;32;47;;;;777;;777
NI;Summe;Summe;Summe;4563142;44570;1323070;1603785;292032;347802;142785;646848;;162250;46688;53097
NI;Summe;Summe;Ungültig;39921;20703;6325;8238;1243;1244;335;931;;902;40;351
NI;Summe;Summe;CDU;1093579;4371;987265;51814;6508;25730;1347;11741;;4804;2351;545
NI;Summe;Summe;SPD;1498500;6989;110118;1247386;7284;24500;12069;79175;;10979;3234;1325
NI;Summe;Summe;AfD;336434;3693;22812;18875;251331;15449;4237;1257;;18780;5526;9441
NI;Summe;Summe;FDP;474638;1891;134842;53363;8904;251865;2705;12804;;8262;2871;1756
NI;Summe;Summe;DIE LINKE;148657;582;2537;27345;1925;2377;86828;22766;;4297;753;842
NI;Summe;Summe;GRÜNE;726613;1863;39885;158331;996;8868;17351;492042;;7278;1544;561
NI;Summe;Summe;CSU;;;;;;;;;;;;
NI;Summe;Summe;Sonstige;244800;4478;19285;38434;13841;17770;17913;26132;;106947;30367;38276
NI;Summe;Summe;dar. FREIE WÄHLER;37214;305;4288;3737;1417;3214;573;1301;;22378;19529;1095
NI;Summe;Summe;dar. dieBasis;46369;604;1334;2352;3794;1504;1281;1007;;34493;1621;30064
NI;Summe;1997 - 2003;Summe;352955;2648;61620;91685;14890;57905;24245;82284;;17678;3830;3735
NI;Summe;1997 - 2003;Ungültig;2557;1668;166;212;11;278;51;;;171;;88
NI;Summe;1997 - 2003;CDU;39296;123;32090;3322;157;2181;128;681;;615;208;92
NI;Summe;1997 - 2003;SPD;70461;306;8250;50883;202;3831;883;5048;;1059;241;148
NI;Summe;1997 - 2003;AfD;17377;36;1326;1277;12187;1453;161;171;;767;167;371
NI;Summe;1997 - 2003;FDP;72098;;13205;9551;994;43924;701;2286;;1438;347;119
NI;Summe;1997 - 2003;DIE LINKE;24947;31;205;3924;33;427;14785;4661;;881;;115
NI;Summe;1997 - 2003;GRÜNE;88173;137;3333;15699;68;1687;3826;62382;;1040;108;124
NI;Summe;1997 - 2003;CSU;;;;;;;;;;;;
NI;Summe;1997 - 2003;Sonstige;38045;346;3045;6816;1239;4125;3711;7055;;11708;2760;2679
NI;Summe;1997 - 2003;dar. FREIE WÄHLER;3049;44;407;277;46;325;46;41;;1864;1523;21
NI;Summe;1997 - 2003;dar. dieBasis;2938;50;118;171;167;197;211;171;;1852;106;1499
NI;Summe;1987 - 1996;Summe;568713;4150;115624;163900;38211;61636;30103;122901;;32187;9609;7618
NI;Summe;1987 - 1996;Ungültig;3044;1866;231;271;92;283;42;116;;144;;
NI;Summe;1987 - 1996;CDU;83101;122;71235;5785;727;3388;304;755;;785;396;64
NI;Summe;1987 - 1996;SPD;137743;270;13345;106341;1041;3706;2067;9015;;1960;445;180
NI;Summe;1987 - 1996;AfD;45384;325;3739;3014;31681;3235;596;104;;2689;830;1219
NI;Summe;1987 - 1996;FDP;78875;230;17159;10388;1757;43953;581;2647;;2161;898;170
NI;Summe;1987 - 1996;DIE LINKE;28904;74;600;4777;393;602;15950;5280;;1228;144;308
NI;Summe;1987 - 1996;GRÜNE;133860;278;5672;23188;130;1398;4934;96426;;1833;368;129
NI;Summe;1987 - 1996;CSU;;;;;;;;;;;;
NI;Summe;1987 - 1996;Sonstige;57801;986;3642;10136;2390;5072;5629;8559;;21387;6528;5548
NI;Summe;1987 - 1996;dar. FREIE WÄHLER;6888;;758;793;358;624;92;396;;3868;3363;229
NI;Summe;1987 - 1996;dar. dieBasis;6058;;166;350;444;480;456;100;;4061;229;3374
NI;Summe;1977 - 1986;Summe;598351;5573;154881;177066;58226;47961;23617;97894;;33135;9461;11797
NI;Summe;1977 - 1986;Ungültig;3810;2565;300;437;188;50;;157;;114;;
NI;Summe;1977 - 1986;CDU;117830;427;102451;6849;1575;3875;283;1522;;848;382;156
NI;Summe;1977 - 1986;SPD;155811;777;15984;122275;1588;2387;1710;9429;;1661;558;287
NI;Summe;1977 - 1986;AfD;67459;404;4388;4446;49251;3133;924;199;;4714;1180;2510
NI;Summe;1977 - 1986;FDP;66304;203;20977;6520;1446;34405;345;1348;;1061;285;333
NI;Summe;1977 - 1986;DIE LINKE;22153;;329;3993;325;403;13048;3150;;906;249;150
NI;Summe;1977 - 1986;GRÜNE;116813;231;6162;25931;240;1001;3271;78524;;1454;507;66
NI;Summe;1977 - 1986;CSU;;;;;;;;;;;;
NI;Summe;1977 - 1986;Sonstige;48171;965;4290;6615;3613;2707;4037;3566;;22378;6299;8295
NI;Summe;1977 - 1986;dar. FREIE WÄHLER;7494;;722;656;324;432;138;318;;4904;4010;389
NI;Summe;1977 - 1986;dar. dieBasis;10395;345;345;497;1179;299;242;165;;7322;348;6140
NI;Summe;1962 - 1976;Summe;1252810;9882;348666;445780;100287;89580;34880;174964;;48772;14691;18126
NI;Summe;1962 - 1976;Ungültig;7760;4828;1218;1030;80;131;87;231;;155;40;67
NI;Summe;1962 - 1976;CDU;283757;630;253207;15018;1831;7265;284;4166;;1356;763;95
NI;Summe;1962 - 1976;SPD;429004;1560;32836;351220;2252;8075;4167;25235;;3658;1271;399
NI;Summe;1962 - 1976;AfD;114398;631;6719;5686;88343;4720;1492;445;;6362;1792;3493
NI;Summe;1962 - 1976;FDP;121562;570;36594;13107;2274;62368;698;3577;;2375;959;726
NI;Summe;1962 - 1976;DIE LINKE;36044;159;842;6860;672;627;21699;4448;;737;221;165
NI;Summe;1962 - 1976;GRÜNE;197361;339;12432;43998;357;2515;2967;132622;;2132;428;120
NI;Summe;1962 - 1976;CSU;;;;;;;;;;;;
NI;Summe;1962 - 1976;Sonstige;62924;1166;4818;8862;4477;3879;3487;4239;;31997;9216;13062
NI;Summe;1962 - 1976;dar. FREIE WÄHLER;11888;71;1441;1080;397;1025;187;297;;7391;6667;250
NI;Summe;1962 - 1976;dar. dieBasis;15944;108;395;540;1504;311;279;225;;12582;350;11338
NI;Summe;1952 - 1961;Summe;807735;7910;232116;333077;48477;44332;18551;105125;;18149;5491;6976
NI;Summe;1952 - 1961;Ungültig;7385;3514;1011;1863;470;75;108;126;;217;;118
NI;Summe;1952 - 1961;CDU;196595;713;179031;8371;1034;3702;186;2802;;755;462;68
NI;Summe;1952 - 1961;SPD;321830;1371;19368;275168;1145;3429;1746;18225;;1378;369;202
NI;Summe;1952 - 1961;AfD;55811;1297;3677;3068;42589;1639;820;202;;2520;807;1121
NI;Summe;1952 - 1961;FDP;65286;206;20718;7637;1567;32632;268;1519;;738;216;288
NI;Summe;1952 - 1961;DIE LINKE;23166;156;291;5391;461;184;13064;3277;;341;;104
NI;Summe;1952 - 1961;GRÜNE;115471;400;6128;28534;160;1340;1491;76995;;423;;94
NI;Summe;1952 - 1961;CSU;;;;;;;;;;;;
NI;Summe;1952 - 1961;Sonstige;22192;252;1891;3044;1052;1330;867;1978;;11776;3637;4981
NI;Summe;1952 - 1961;dar. FREIE WÄHLER;4878;46;657;622;116;540;61;104;;2732;2436;142
NI;Summe;1952 - 1961;dar. dieBasis;6454;;151;442;261;192;47;244;;5118;489;4465
NI;Summe;1951 und früher;Summe;982576;14407;410164;392277;31942;46388;11390;63680;;12329;3605;4845
NI;Summe;1951 und früher;Ungültig;15365;6261;3399;4425;402;427;46;303;;101;;78
NI;Summe;1951 und früher;CDU;372999;2355;349251;12469;1184;5318;162;1814;;444;140;70
NI;Summe;1951 und früher;SPD;383650;2705;20335;341499;1057;3072;1496;12222;;1264;350;110
NI;Summe;1951 und früher;AfD;36005;1001;2962;1383;27281;1268;244;137;;1729;751;726
NI;Summe;1951 und früher;FDP;70513;682;26190;6160;867;34583;113;1427;;489;165;121
NI;Summe;1951 und früher;DIE LINKE;13444;162;270;2400;41;134;8283;1949;;204;140;
NI;Summe;1951 und früher;GRÜNE;74935;479;6157;20981;39;927;862;45093;;396;132;28
NI;Summe;1951 und früher;CSU;;;;;;;;;;;;
NI;Summe;1951 und früher;Sonstige;15667;763;1598;2961;1069;657;182;735;;7701;1927;3713
NI;Summe;1951 und früher;dar. FREIE WÄHLER;3016;144;303;310;177;269;49;145;;1619;1530;63
NI;Summe;1951 und früher;dar. dieBasis;4581;100;159;351;239;26;47;103;;3557;98;3248
NI;m;Summe;Summe;2207010;15783;640238;765609;179374;188337;70871;275545;;71253;22393;22672
NI;m;Summe;Ungültig;12870;6231;2389;2961;330;314;97;380;;169;40;
NI;m;Summe;CDU;519872;1733;471082;23580;3787;12033;729;4770;;2157;1205;182
NI;m;Summe;SPD;700417;2707;47393;594352;4315;10863;5335;31025;;4427;1624;403
NI;m;Summe;AfD;209616;1854;15721;11275;157157;9832;2233;713;;10831;3462;5335
NI;m;Summe;FDP;266093;832;78032;28780;5774;141976;1056;5621;;4023;1397;1043
NI;m;Summe;DIE LINKE;77179;137;1199;14876;880;657;46486;10879;;2066;331;272
NI;m;Summe;GRÜNE;315417;743;16324;73431;457;3998;7243;210737;;2483;613;129
NI;m;Summe;CSU;;;;;;;;;;;;
NI;m;Summe;Sonstige;105547;1546;8096;16354;6674;8666;7691;11420;;45098;13721;15308
NI;m;Summe;dar. FREIE WÄHLER;16861;115;2023;1667;803;1674;237;469;;9873;8581;583
NI;m;Summe;dar. dieBasis;17873;122;388;669;1954;550;363;247;;13581;689;12054
NI;m;1997 - 2003;Summe;173912;740;32682;44082;8705;35933;10412;33132;;8226;1995;1620
NI;m;1997 - 2003;Ungültig;651;382;126;40;;51;51;;;;;
NI;m;1997 - 2003;CDU;19713;40;16404;1557;83;1179;45;179;;226;97;41
NI;m;1997 - 2003;SPD;31832;128;3792;23335;63;1785;484;1893;;352;68;85
NI;m;1997 - 2003;AfD;10451;;948;781;7351;818;77;126;;349;50;186
NI;m;1997 - 2003;FDP;45626;;8272;6515;617;28670;203;832;;517;107;39
NI;m;1997 - 2003;DIE LINKE;11591;;57;2053;;61;7012;2050;;358;;
NI;m;1997 - 2003;GRÜNE;35423;77;1346;6669;33;901;1313;24706;;378;108;30
NI;m;1997 - 2003;CSU;;;;;;;;;;;;
NI;m;1997 - 2003;Sonstige;18624;113;1737;3131;558;2467;1226;3345;;6047;1566;1240
NI;m;1997 - 2003;dar. FREIE WÄHLER;1854;;290;204;46;193;46;;;1075;919;21
NI;m;1997 - 2003;dar. dieBasis;1056;;86;38;17;96;;;;818;;763
NI;m;1987 - 1996;Summe;283239;1990;58847;79401;22522;36855;15584;52020;;16020;5409;3554
NI;m;1987 - 1996;Ungültig;1157;806;145;57;36;56;;56;;;;
NI;m;1987 - 1996;CDU;40805;76;35338;2600;456;1529;204;152;;450;291;25
NI;m;1987 - 1996;SPD;63686;199;5982;49777;513;1793;863;3543;;1016;360;
NI;m;1987 - 1996;AfD;27990;286;2449;1985;19073;2048;334;46;;1769;558;831
NI;m;1987 - 1996;FDP;49618;87;11069;6215;1167;28074;251;1501;;1254;529;99
NI;m;1987 - 1996;DIE LINKE;15723;23;282;2679;203;356;9052;2581;;548;144;103
NI;m;1987 - 1996;GRÜNE;56735;74;2048;11223;79;445;1891;40240;;736;103;
NI;m;1987 - 1996;CSU;;;;;;;;;;;;
NI;m;1987 - 1996;Sonstige;27525;439;1533;4865;995;2555;2989;3901;;10247;3425;2497
NI;m;1987 - 1996;dar. FREIE WÄHLER;3113;;291;249;184;334;92;82;;1880;1692;105
NI;m;1987 - 1996;dar. dieBasis;2761;;36;138;194;193;148;28;;2023;138;1644
NI;m;1977 - 1986;Summe;289724;1580;76812;82218;36117;25014;11322;42500;;14161;4201;4896
NI;m;1977 - 1986;Ungültig;1052;762;67;59;58;50;;56;;;;
NI;m;1977 - 1986;CDU;57380;106;50001;3354;1133;1782;124;658;;222;122;
NI;m;1977 - 1986;SPD;69660;163;6338;56805;925;852;603;3380;;593;178;175
NI;m;1977 - 1986;AfD;41631;215;2939;2425;30941;2023;442;112;;2534;604;1415
NI;m;1977 - 1986;FDP;36432;;12946;3038;899;18198;196;511;;644;209;204
NI;m;1977 - 1986;DIE LINKE;11224;;258;1958;168;57;6724;1688;;370;40;47
NI;m;1977 - 1986;GRÜNE;51570;22;2650;11577;102;463;1415;34936;;403;137;
NI;m;1977 - 1986;CSU;;;;;;;;;;;;
NI;m;1977 - 1986;Sonstige;20775;312;1614;3001;1889;1588;1818;1159;;9394;2910;3055
NI;m;1977 - 1986;dar. FREIE WÄHLER;3448;;399;354;148;282;24;102;;2138;1825;133
NI;m;1977 - 1986;dar. dieBasis;4007;;92;198;759;171;157;11;;2618;122;2308
NI;m;1962 - 1976;Summe;616405;3565;178935;213438;63032;45184;17341;74160;;20750;6766;7478
NI;m;1962 - 1976;Ungültig;2360;1404;348;308;48;;46;118;;88;40;
NI;m;1962 - 1976;CDU;145006;332;131269;6684;974;3046;149;1906;;647;429;22
NI;m;1962 - 1976;SPD;204026;753;14221;169885;1441;3633;2165;10434;;1493;650;63
NI;m;1962 - 1976;AfD;72642;293;5072;3198;56523;2903;752;196;;3705;1273;1857
NI;m;1962 - 1976;FDP;64632;248;20676;6518;1329;33217;199;1428;;1018;360;400
NI;m;1962 - 1976;DIE LINKE;18361;;317;3525;306;171;11488;2143;;411;77;44
NI;m;1962 - 1976;GRÜNE;84218;96;5080;19930;189;871;1272;56041;;739;210;28
NI;m;1962 - 1976;CSU;;;;;;;;;;;;
NI;m;1962 - 1976;Sonstige;25159;439;1953;3390;2222;1343;1269;1894;;12649;3726;5063
NI;m;1962 - 1976;dar. FREIE WÄHLER;5148;27;685;432;283;575;57;113;;2976;2592;181
NI;m;1962 - 1976;dar. dieBasis;5990;73;90;202;705;49;59;74;;4738;185;4359
NI;m;1952 - 1961;Summe;391551;3279;109898;162653;30320;22262;10323;45479;;7337;2377;3047
NI;m;1952 - 1961;Ungültig;2856;1365;384;923;90;38;;;;57;;
NI;m;1952 - 1961;CDU;92381;292;84126;3742;531;1813;129;1321;;427;238;68
NI;m;1952 - 1961;SPD;153875;515;8671;134217;706;1498;746;7049;;473;160;55
NI;m;1952 - 1961;AfD;35108;616;2246;1887;27041;1145;556;96;;1521;507;660
NI;m;1952 - 1961;FDP;33941;124;11301;3659;1171;16417;125;821;;323;84;181
NI;m;1952 - 1961;DIE LINKE;12832;80;95;3345;203;;7687;1145;;278;;78
NI;m;1952 - 1961;GRÜNE;52973;289;2537;13988;54;915;715;34331;;144;;44
NI;m;1952 - 1961;CSU;;;;;;;;;;;;
NI;m;1952 - 1961;Sonstige;7585;;540;892;524;435;364;716;;4114;1388;1963
NI;m;1952 - 1961;dar. FREIE WÄHLER;2072;;262;265;72;200;17;93;;1163;912;142
NI;m;1952 - 1961;dar. dieBasis;2416;;39;93;162;40;;95;;1988;243;1675
NI;m;1951 und früher;Summe;452178;4629;183063;183816;18679;23089;5889;28254;;4759;1645;2076
NI;m;1951 und früher;Ungültig;4793;1512;1319;1573;98;118;;150;;23;;
NI;m;1951 und früher;CDU;164586;888;153944;5643;611;2684;78;554;;185;28;26
NI;m;1951 und früher;SPD;177338;949;8389;160332;667;1300;473;4726;;500;208;25
NI;m;1951 und früher;AfD;21794;444;2068;998;16228;894;72;137;;953;470;385
NI;m;1951 und früher;FDP;35844;373;13770;2835;590;17400;82;527;;267;108;121
NI;m;1951 und früher;DIE LINKE;7447;35;190;1316;;12;4523;1272;;100;69;
NI;m;1951 und früher;GRÜNE;34497;185;2664;10043;;403;636;20482;;84;56;28
NI;m;1951 und früher;CSU;;;;;;;;;;;;
NI;m;1951 und früher;Sonstige;5879;244;720;1076;486;278;25;405;;2647;705;1491
NI;m;1951 und früher;dar. FREIE WÄHLER;1226;88;95;163;70;90;;78;;641;641;
NI;m;1951 und früher;dar. dieBasis;1644;49;45;;117;;;38;;1395;;1303
NI;w;Summe;Summe;2356132;28787;682832;838176;112658;159465;71914;371303;;90997;24295;30425
NI;w;Summe;Ungültig;27051;14472;3936;5277;914;930;237;551;;734;;351
NI;w;Summe;CDU;573707;2637;516183;28233;2720;13697;618;6971;;2648;1146;363
NI;w;Summe;SPD;798083;4282;62725;653034;2969;13637;6734;48150;;6553;1610;922
NI;w;Summe;AfD;126818;1839;7091;7600;94174;5617;2004;544;;7949;2064;4106
NI;w;Summe;FDP;208545;1060;56810;24583;3130;109890;1648;7184;;4240;1474;713
NI;w;Summe;DIE LINKE;71478;445;1338;12469;1045;1720;40343;11887;;2231;423;570
NI;w;Summe;GRÜNE;411196;1121;23561;84900;539;4870;10108;281305;;4794;931;432
NI;w;Summe;CSU;;;;;;;;;;;;
NI;w;Summe;Sonstige;139253;2932;11188;22079;7166;9104;10222;14712;;61849;16647;22968
NI;w;Summe;dar. FREIE WÄHLER;20353;190;2265;2071;614;1539;336;832;;12505;10948;512
NI;w;Summe;dar. dieBasis;28496;482;946;1683;1840;955;917;760;;20912;932;18010
NI;w;1997 - 2003;Summe;179043;1908;28938;47603;6185;21972;13833;49152;;9452;1834;2115
NI;w;1997 - 2003;Ungültig;1905;1287;40;171;11;226;;;;171;;88
NI;w;1997 - 2003;CDU;19583;82;15685;1765;74;1003;82;503;;389;111;50
NI;w;1997 - 2003;SPD;38629;178;4458;27548;139;2045;399;3155;;707;173;63
NI;w;1997 - 2003;AfD;6927;36;378;496;4836;635;84;44;;419;116;186
NI;w;1997 - 2003;FDP;26472;;4933;3036;376;15253;497;1454;;921;240;80
NI;w;1997 - 2003;DIE LINKE;13355;31;148;1871;33;366;7772;2610;;523;;115
NI;w;1997 - 2003;GRÜNE;52750;60;1987;9030;36;785;2513;37676;;662;;94
NI;w;1997 - 2003;CSU;;;;;;;;;;;;
NI;w;1997 - 2003;Sonstige;19421;233;1308;3686;681;1658;2485;3709;;5660;1194;1439
NI;w;1997 - 2003;dar. FREIE WÄHLER;1195;44;117;73;;132;;41;;789;604;
NI;w;1997 - 2003;dar. dieBasis;1882;50;32;133;150;100;211;171;;1034;106;736
NI;w;1987 - 1996;Summe;285474;2161;56777;84499;15689;24781;14519;70881;;16167;4200;4063
NI;w;1987 - 1996;Ungültig;1887;1060;85;214;56;226;42;60;;144;;
NI;w;1987 - 1996;CDU;42297;46;35898;3184;272;1860;100;603;;335;105;39
NI;w;1987 - 1996;SPD;74057;71;7363;56564;528;1912;1203;5472;;944;85;180
NI;w;1987 - 1996;AfD;17394;39;1290;1029;12608;1187;262;58;;920;272;388
NI;w;1987 - 1996;FDP;29257;143;6090;4173;589;15879;330;1145;;907;370;72
NI;w;1987 - 1996;DIE LINKE;13181;51;318;2098;190;246;6899;2700;;680;;205
NI;w;1987 - 1996;GRÜNE;77124;204;3624;11966;51;953;3043;56185;;1098;266;129
NI;w;1987 - 1996;CSU;;;;;;;;;;;;
NI;w;1987 - 1996;Sonstige;30277;546;2108;5271;1395;2517;2641;4658;;11140;3103;3051
NI;w;1987 - 1996;dar. FREIE WÄHLER;3775;;467;543;174;290;;314;;1987;1671;124
NI;w;1987 - 1996;dar. dieBasis;3297;;130;212;250;286;309;72;;2038;91;1730
NI;w;1977 - 1986;Summe;308627;3993;78069;94847;22109;22947;12295;55394;;18974;5260;6901
NI;w;1977 - 1986;Ungültig;2758;1803;233;378;130;;;101;;114;;
NI;w;1977 - 1986;CDU;60449;321;52450;3495;442;2093;159;864;;626;260;156
NI;w;1977 - 1986;SPD;86151;614;9646;65470;663;1535;1107;6049;;1068;380;111
NI;w;1977 - 1986;AfD;25828;189;1450;2021;18310;1110;482;87;;2179;576;1095
NI;w;1977 - 1986;FDP;29872;203;8031;3482;547;16208;149;836;;417;76;129
NI;w;1977 - 1986;DIE LINKE;10929;;70;2035;157;346;6324;1462;;536;208;103
NI;w;1977 - 1986;GRÜNE;65243;209;3512;14353;138;537;1855;43588;;1051;370;66
NI;w;1977 - 1986;CSU;;;;;;;;;;;;
NI;w;1977 - 1986;Sonstige;27395;654;2676;3613;1723;1118;2219;2407;;12984;3389;5240
NI;w;1977 - 1986;dar. FREIE WÄHLER;4046;;323;302;176;150;114;216;;2766;2185;255
NI;w;1977 - 1986;dar. dieBasis;6388;345;253;299;420;128;85;154;;4704;226;3831
NI;w;1962 - 1976;Summe;636406;6317;169731;232342;37255;44396;17539;100804;;28023;7925;10648
NI;w;1962 - 1976;Ungültig;5401;3424;870;723;33;131;41;113;;67;;67
NI;w;1962 - 1976;CDU;138751;299;121938;8334;857;4219;134;2260;;710;334;73
NI;w;1962 - 1976;SPD;224978;807;18616;181335;811;4442;2002;14801;;2165;621;335
NI;w;1962 - 1976;AfD;41756;338;1647;2488;31820;1817;740;249;;2657;519;1635
NI;w;1962 - 1976;FDP;56930;321;15919;6589;945;29152;498;2149;;1357;599;326
NI;w;1962 - 1976;DIE LINKE;17682;159;525;3335;366;456;10211;2305;;326;143;121
NI;w;1962 - 1976;GRÜNE;113143;243;7352;24067;168;1644;1695;76581;;1393;219;92
NI;w;1962 - 1976;CSU;;;;;;;;;;;;
NI;w;1962 - 1976;Sonstige;37765;727;2865;5471;2256;2536;2218;2345;;19348;5490;7999
NI;w;1962 - 1976;dar. FREIE WÄHLER;6740;44;755;648;114;450;130;183;;4416;4075;69
NI;w;1962 - 1976;dar. dieBasis;9954;35;305;338;799;262;220;151;;7844;165;6979
NI;w;1952 - 1961;Summe;416184;4630;122218;170424;18157;22070;8228;59646;;10811;3114;3928
NI;w;1952 - 1961;Ungültig;4528;2149;627;940;380;38;108;126;;160;;118
NI;w;1952 - 1961;CDU;104214;421;94905;4629;503;1890;58;1481;;328;223;
NI;w;1952 - 1961;SPD;167955;856;10697;140951;439;1931;1000;11176;;905;209;147
NI;w;1952 - 1961;AfD;20703;681;1432;1181;15547;494;264;106;;999;300;461
NI;w;1952 - 1961;FDP;31344;83;9417;3978;396;16214;143;698;;415;133;107
NI;w;1952 - 1961;DIE LINKE;10334;77;197;2046;258;184;5377;2133;;63;;26
NI;w;1952 - 1961;GRÜNE;62498;111;3592;14546;107;424;775;42664;;279;;50
NI;w;1952 - 1961;CSU;;;;;;;;;;;;
NI;w;1952 - 1961;Sonstige;14607;252;1352;2153;527;895;503;1263;;7663;2249;3019
NI;w;1952 - 1961;dar. FREIE WÄHLER;2806;46;396;358;43;339;44;11;;1569;1524;
NI;w;1952 - 1961;dar. dieBasis;4037;;113;349;99;152;47;148;;3130;246;2790
NI;w;1951 und früher;Summe;530398;9779;227100;208461;13262;23299;5501;35427;;7570;1961;2769
NI;w;1951 und früher;Ungültig;10572;4750;2081;2852;305;309;46;153;;78;;78
NI;w;1951 und früher;CDU;208412;1468;195307;6826;573;2634;85;1260;;260;112;44
NI;w;1951 und früher;SPD;206312;1756;11945;181166;390;1772;1023;7496;;764;142;85
NI;w;1951 und früher;AfD;14211;556;895;385;11053;374;172;;;776;280;341
NI;w;1951 und früher;FDP;34669;309;12420;3324;278;17184;31;900;;223;57;
NI;w;1951 und früher;DIE LINKE;5996;127;80;1085;41;122;3760;677;;104;71;
NI;w;1951 und früher;GRÜNE;40438;294;3494;10937;39;525;226;24611;;312;76;
NI;w;1951 und früher;CSU;;;;;;;;;;;;
NI;w;1951 und früher;Sonstige;9788;519;879;1885;584;380;158;330;;5054;1221;2221
NI;w;1951 und früher;dar. FREIE WÄHLER;1790;56;208;147;106;179;49;67;;978;889;63
NI;w;1951 und früher;dar. dieBasis;2937;51;113;351;122;26;47;65;;2162;98;1945
HB;Summe;Summe;Summe;330431;3374;67992;108432;21565;22398;25923;60490;;20257;3794;4103
HB;Summe;Summe;Ungültig;2391;1599;93;352;182;10;9;80;;66;;35
HB;Summe;Summe;CDU;56499;418;50105;2720;535;1538;141;688;;354;146;36
HB;Summe;Summe;SPD;103224;573;4873;84205;751;1163;2913;7716;;1029;244;74
HB;Summe;Summe;AfD;22575;110;1272;974;18520;451;211;112;;926;309;279
HB;Summe;Summe;FDP;30481;209;7683;2606;556;17321;344;715;;1047;403;57
HB;Summe;Summe;DIE LINKE;25352;73;388;4055;308;164;16264;3061;;1038;26;99
HB;Summe;Summe;GRÜNE;68427;125;2621;11249;55;815;4524;47063;;1975;48;68
HB;Summe;Summe;CSU;;;;;;;;;;;;
HB;Summe;Summe;Sonstige;21482;266;957;2270;658;937;1517;1055;;13822;2618;3454
HB;Summe;Summe;dar. FREIE WÄHLER;2911;15;111;274;42;86;49;28;;2305;2121;72
HB;Summe;Summe;dar. dieBasis;3461;33;21;61;132;98;103;2;;3010;53;2907
HB;Summe;1997 - 2003;Summe;25019;144;2399;4617;1178;3679;3573;6864;;2567;252;228
HB;Summe;1997 - 2003;Ungültig;47;47;;;;;;;;;;
HB;Summe;1997 - 2003;CDU;1798;22;1302;245;4;166;12;40;;7;7;
HB;Summe;1997 - 2003;SPD;3693;29;150;2317;39;192;313;578;;76;17;
HB;Summe;1997 - 2003;AfD;1250;3;104;33;972;70;22;2;;44;28;14
HB;Summe;1997 - 2003;FDP;4165;23;569;225;78;2858;108;162;;143;45;9
HB;Summe;1997 - 2003;DIE LINKE;3382;4;51;406;10;20;2019;639;;233;3;33
HB;Summe;1997 - 2003;GRÜNE;7631;10;109;925;;209;753;5043;;583;;
HB;Summe;1997 - 2003;CSU;;;;;;;;;;;;
HB;Summe;1997 - 2003;Sonstige;3054;8;112;467;76;164;345;400;;1481;152;172
HB;Summe;1997 - 2003;dar. FREIE WÄHLER;176;;;12;;13;2;21;;128;128;
HB;Summe;1997 - 2003;dar. dieBasis;159;3;;2;7;;;;;147;3;137
HB;Summe;1987 - 1996;Summe;45646;402;5357;9466;2099;4835;5757;13334;;4396;651;627
HB;Summe;1987 - 1996;Ungültig;215;159;;;22;;9;7;;19;;
HB;Summe;1987 - 1996;CDU;3865;58;3061;238;81;320;3;66;;39;28;
HB;Summe;1987 - 1996;SPD;8197;54;506;6072;65;180;308;788;;224;33;43
HB;Summe;1987 - 1996;AfD;2460;23;124;160;1821;157;20;24;;130;44;36
HB;Summe;1987 - 1996;FDP;5641;43;999;464;42;3599;61;190;;244;108;20
HB;Summe;1987 - 1996;DIE LINKE;5446;10;19;607;22;54;3782;774;;178;;12
HB;Summe;1987 - 1996;GRÜNE;15051;7;369;1532;;219;1327;11112;;485;2;
HB;Summe;1987 - 1996;CSU;;;;;;;;;;;;
HB;Summe;1987 - 1996;Sonstige;4772;49;280;394;46;305;248;372;;3078;436;516
HB;Summe;1987 - 1996;dar. FREIE WÄHLER;430;5;52;44;;10;;;;320;284;10
HB;Summe;1987 - 1996;dar. dieBasis;451;3;;21;8;9;;;;411;7;401
HB;Summe;1977 - 1986;Summe;41839;507;7500;10358;3810;2647;3970;9590;;3456;456;852
HB;Summe;1977 - 1986;Ungültig;332;249;;;22;10;;26;;26;;13
HB;Summe;1977 - 1986;CDU;5822;40;5006;346;38;204;24;60;;103;22;34
HB;Summe;1977 - 1986;SPD;9366;59;571;7204;140;130;344;807;;110;9;
HB;Summe;1977 - 1986;AfD;3724;20;222;96;3117;49;11;3;;206;37;89
HB;Summe;1977 - 1986;FDP;3777;58;1139;240;136;1953;20;83;;147;52;7
HB;Summe;1977 - 1986;DIE LINKE;3825;13;37;627;121;21;2449;347;;211;1;13
HB;Summe;1977 - 1986;GRÜNE;11270;28;410;1468;42;85;800;8122;;315;2;31
HB;Summe;1977 - 1986;CSU;;;;;;;;;;;;
HB;Summe;1977 - 1986;Sonstige;3723;40;115;376;193;194;322;142;;2340;332;665
HB;Summe;1977 - 1986;dar. FREIE WÄHLER;454;;25;47;12;;33;7;;329;320;7
HB;Summe;1977 - 1986;dar. dieBasis;626;;;;40;50;58;;;478;2;447
HB;Summe;1962 - 1976;Summe;86073;928;17759;27220;7600;5332;5838;15072;;6325;1484;1445
HB;Summe;1962 - 1976;Ungültig;560;411;11;57;45;;;37;;;;
HB;Summe;1962 - 1976;CDU;14294;164;12749;441;206;391;4;196;;143;67;2
HB;Summe;1962 - 1976;SPD;26647;135;1321;20705;288;392;845;2583;;377;75;11
HB;Summe;1962 - 1976;AfD;7866;41;358;283;6591;85;50;40;;417;138;120
HB;Summe;1962 - 1976;FDP;7548;35;2068;666;230;4040;129;106;;274;89;
HB;Summe;1962 - 1976;DIE LINKE;5514;37;97;1163;40;49;3416;479;;233;2;19
HB;Summe;1962 - 1976;GRÜNE;17252;20;855;3179;12;178;995;11535;;477;41;31
HB;Summe;1962 - 1976;CSU;;;;;;;;;;;;
HB;Summe;1962 - 1976;Sonstige;6393;84;301;726;189;196;398;95;;4404;1070;1263
HB;Summe;1962 - 1976;dar. FREIE WÄHLER;1168;5;19;99;24;39;7;;;974;870;44
HB;Summe;1962 - 1976;dar. dieBasis;1283;15;17;3;23;2;43;;;1180;41;1132
HB;Summe;1952 - 1961;Summe;55863;548;11155;22237;4348;2403;4248;8865;;2059;576;578
HB;Summe;1952 - 1961;Ungültig;378;300;5;73;;;;;;;;
HB;Summe;1952 - 1961;CDU;9677;61;8567;558;154;151;80;88;;20;;
HB;Summe;1952 - 1961;SPD;21566;84;872;18189;92;110;731;1375;;112;79;
HB;Summe;1952 - 1961;AfD;4654;21;262;221;3934;65;54;24;;72;29;21
HB;Summe;1952 - 1961;FDP;3547;32;863;379;39;1984;24;53;;173;88;20
HB;Summe;1952 - 1961;DIE LINKE;4235;9;95;647;81;20;2826;437;;119;11;
HB;Summe;1952 - 1961;GRÜNE;9882;20;411;2021;;61;422;6855;;93;2;7
HB;Summe;1952 - 1961;CSU;;;;;;;;;;;;
HB;Summe;1952 - 1961;Sonstige;1924;22;80;149;48;11;111;33;;1471;367;531
HB;Summe;1952 - 1961;dar. FREIE WÄHLER;408;5;6;54;2;;;;;340;325;12
HB;Summe;1952 - 1961;dar. dieBasis;515;;;;26;2;;;;487;;484
HB;Summe;1951 und früher;Summe;75991;844;23822;34535;2530;3504;2538;6766;;1453;374;372
HB;Summe;1951 und früher;Ungültig;859;434;76;223;93;;;10;;22;;22
HB;Summe;1951 und früher;CDU;21042;73;19420;892;52;306;18;237;;43;21;
HB;Summe;1951 und früher;SPD;33755;212;1452;29718;128;159;371;1585;;130;30;20
HB;Summe;1951 und früher;AfD;2622;3;201;181;2086;24;53;18;;57;33;
HB;Summe;1951 und früher;FDP;5803;19;2045;632;31;2885;1;122;;67;20;
HB;Summe;1951 und früher;DIE LINKE;2951;;88;605;35;;1773;386;;64;8;22
HB;Summe;1951 und früher;GRÜNE;7342;41;469;2125;;62;228;4395;;22;;
HB;Summe;1951 und früher;CSU;;;;;;;;;;;;
HB;Summe;1951 und früher;Sonstige;1617;62;70;159;106;68;93;13;;1047;262;308
HB;Summe;1951 und früher;dar. FREIE WÄHLER;275;;9;17;3;24;7;;;214;194;
HB;Summe;1951 und früher;dar. dieBasis;427;13;4;35;28;35;2;2;;307;;306
HB;m;Summe;Summe;157656;1621;32475;50861;13278;12114;12726;24693;;9889;1845;1715
HB;m;Summe;Ungültig;964;675;54;122;59;;9;45;;;;
HB;m;Summe;CDU;26511;216;23789;1115;282;690;56;240;;123;77;11
HB;m;Summe;SPD;47491;279;2334;39367;374;511;1290;2808;;527;100;11
HB;m;Summe;AfD;14177;85;804;573;11698;299;132;76;;510;189;154
HB;m;Summe;FDP;16413;106;3979;1271;285;9701;202;340;;528;207;30
HB;m;Summe;DIE LINKE;13041;54;126;2350;187;82;8346;1379;;518;19;37
HB;m;Summe;GRÜNE;29056;71;985;5174;46;422;1806;19354;;1198;25;37
HB;m;Summe;CSU;;;;;;;;;;;;
HB;m;Summe;Sonstige;10002;135;403;887;349;409;883;450;;6485;1229;1435
HB;m;Summe;dar. FREIE WÄHLER;1335;5;65;104;15;37;39;7;;1062;950;27
HB;m;Summe;dar. dieBasis;1409;10;;33;79;27;49;2;;1209;31;1173
HB;m;1997 - 2003;Summe;12350;90;1172;2117;707;2453;1418;2983;;1408;161;92
HB;m;1997 - 2003;Ungültig;38;38;;;;;;;;;;
HB;m;1997 - 2003;CDU;829;10;632;93;4;84;;;;7;7;
HB;m;1997 - 2003;SPD;1654;12;69;1033;13;110;125;273;;19;;
HB;m;1997 - 2003;AfD;791;3;92;33;577;59;;;;28;28;
HB;m;1997 - 2003;FDP;2654;18;298;97;49;1988;61;60;;83;26;
HB;m;1997 - 2003;DIE LINKE;1394;;;235;;;817;243;;99;;
HB;m;1997 - 2003;GRÜNE;3412;3;44;462;;122;211;2227;;344;;
HB;m;1997 - 2003;CSU;;;;;;;;;;;;
HB;m;1997 - 2003;Sonstige;1577;8;37;165;64;90;204;181;;828;100;92
HB;m;1997 - 2003;dar. FREIE WÄHLER;88;;;12;;;;;;76;76;
HB;m;1997 - 2003;dar. dieBasis;65;3;;;;;;;;62;3;60
HB;m;1987 - 1996;Summe;22574;207;2760;4973;1284;2795;2965;5471;;2119;258;299
HB;m;1987 - 1996;Ungültig;58;49;;;;;9;;;;;
HB;m;1987 - 1996;CDU;1964;43;1583;102;46;139;;21;;28;28;
HB;m;1987 - 1996;SPD;3997;29;262;3188;20;79;125;220;;75;;
HB;m;1987 - 1996;AfD;1540;15;68;136;1158;96;20;;;46;7;20
HB;m;1987 - 1996;FDP;3405;25;594;216;34;2284;49;107;;94;49;10
HB;m;1987 - 1996;DIE LINKE;2919;8;12;412;;17;2116;291;;63;;
HB;m;1987 - 1996;GRÜNE;6444;7;119;756;;99;510;4641;;312;2;
HB;m;1987 - 1996;CSU;;;;;;;;;;;;
HB;m;1987 - 1996;Sonstige;2248;32;122;161;25;81;135;190;;1501;171;270
HB;m;1987 - 1996;dar. FREIE WÄHLER;123;;27;2;;;;;;94;84;2
HB;m;1987 - 1996;dar. dieBasis;248;;;21;5;;;;;222;7;214
HB;m;1977 - 1986;Summe;20338;180;3749;4946;2283;1443;2137;3917;;1683;239;307
HB;m;1977 - 1986;Ungültig;55;55;;;;;;;;;;
HB;m;1977 - 1986;CDU;2870;5;2528;189;36;97;2;2;;11;;9
HB;m;1977 - 1986;SPD;4517;32;304;3426;118;49;222;312;;54;8;
HB;m;1977 - 1986;AfD;2213;15;107;58;1877;29;2;;;125;33;44
HB;m;1977 - 1986;FDP;2071;15;650;121;67;1071;20;51;;75;26;
HB;m;1977 - 1986;DIE LINKE;2048;5;26;382;65;2;1287;180;;102;;
HB;m;1977 - 1986;GRÜNE;4786;18;112;614;42;68;405;3309;;217;2;
HB;m;1977 - 1986;CSU;;;;;;;;;;;;
HB;m;1977 - 1986;Sonstige;1777;35;21;155;79;126;198;64;;1099;171;255
HB;m;1977 - 1986;dar. FREIE WÄHLER;242;;12;12;12;;33;7;;165;165;
HB;m;1977 - 1986;dar. dieBasis;241;;;;10;24;33;;;174;;172
HB;m;1962 - 1976;Summe;42364;522;8903;13313;4835;2720;2914;6202;;2957;740;558
HB;m;1962 - 1976;Ungültig;385;268;;57;26;;;35;;;;
HB;m;1962 - 1976;CDU;6922;82;6232;147;123;199;2;92;;45;32;2
HB;m;1962 - 1976;SPD;12513;62;629;9975;102;139;448;869;;290;45;11
HB;m;1962 - 1976;AfD;5241;34;211;173;4410;85;50;40;;239;93;70
HB;m;1962 - 1976;FDP;4038;18;1248;373;73;2069;70;49;;138;50;
HB;m;1962 - 1976;DIE LINKE;2967;37;32;666;28;42;1755;300;;105;;15
HB;m;1962 - 1976;GRÜNE;7546;5;397;1594;3;77;401;4808;;261;20;31
HB;m;1962 - 1976;CSU;;;;;;;;;;;;
HB;m;1962 - 1976;Sonstige;2753;16;155;328;71;109;188;9;;1879;500;429
HB;m;1962 - 1976;dar. FREIE WÄHLER;554;3;17;60;;37;;;;438;367;12
HB;m;1962 - 1976;dar. dieBasis;440;8;;3;10;;15;;;405;21;381
HB;m;1952 - 1961;Summe;26975;213;5688;10650;2720;1125;2011;3531;;1037;278;302
HB;m;1952 - 1961;Ungültig;128;88;2;37;;;;;;;;
HB;m;1952 - 1961;CDU;4817;36;4307;271;36;49;52;46;;20;;
HB;m;1952 - 1961;SPD;10273;45;460;8810;59;78;226;552;;43;27;
HB;m;1952 - 1961;AfD;2924;17;195;91;2500;8;48;24;;41;20;21
HB;m;1952 - 1961;FDP;1762;16;483;161;37;938;2;4;;120;56;20
HB;m;1952 - 1961;DIE LINKE;2132;4;30;260;59;20;1437;238;;84;11;
HB;m;1952 - 1961;GRÜNE;4098;2;175;1000;;28;169;2661;;61;;7
HB;m;1952 - 1961;CSU;;;;;;;;;;;;
HB;m;1952 - 1961;Sonstige;842;6;37;20;28;2;77;4;;668;164;254
HB;m;1952 - 1961;dar. FREIE WÄHLER;184;3;;9;2;;;;;171;159;12
HB;m;1952 - 1961;dar. dieBasis;240;;;;26;2;;;;212;;212
HB;m;1951 und früher;Summe;33055;409;10202;14862;1449;1579;1281;2589;;685;168;157
HB;m;1951 und früher;Ungültig;300;177;52;28;33;;;10;;;;
HB;m;1951 und früher;CDU;9109;39;8508;313;37;122;;79;;12;10;
HB;m;1951 und früher;SPD;14536;99;611;12935;62;56;143;582;;47;20;
HB;m;1951 und früher;AfD;1468;3;131;83;1177;22;12;11;;30;9;
HB;m;1951 und früher;FDP;2484;15;706;302;24;1351;;68;;17;;
HB;m;1951 und früher;DIE LINKE;1580;;25;395;35;;934;127;;64;8;22
HB;m;1951 und früher;GRÜNE;2771;37;139;748;;28;109;1708;;2;;
HB;m;1951 und früher;CSU;;;;;;;;;;;;
HB;m;1951 und früher;Sonstige;806;38;31;58;82;;82;2;;511;122;135
HB;m;1951 und früher;dar. FREIE WÄHLER;142;;9;9;;;7;;;118;98;
HB;m;1951 und früher;dar. dieBasis;175;;;10;28;;;2;;135;;135
HB;w;Summe;Summe;172775;1753;35517;57571;8287;10284;13197;35797;;10368;1949;2387
HB;w;Summe;Ungültig;1427;925;38;230;123;10;;35;;66;;35
HB;w;Summe;CDU;29988;202;26316;1605;253;848;85;448;;232;69;26
HB;w;Summe;SPD;55733;294;2539;44838;378;652;1622;4908;;502;144;63
HB;w;Summe;AfD;8398;25;468;401;6822;151;79;36;;416;119;125
HB;w;Summe;FDP;14068;103;3703;1336;271;7620;141;375;;519;196;27
HB;w;Summe;DIE LINKE;12311;19;262;1705;122;83;7918;1682;;521;7;62
HB;w;Summe;GRÜNE;39371;54;1636;6075;9;393;2718;27709;;777;23;31
HB;w;Summe;CSU;;;;;;;;;;;;
HB;w;Summe;Sonstige;11480;131;554;1382;309;528;634;605;;7336;1390;2019
HB;w;Summe;dar. FREIE WÄHLER;1576;10;46;170;28;49;10;21;;1243;1171;46
HB;w;Summe;dar. dieBasis;2052;23;21;28;53;72;54;;;1801;22;1734
HB;w;1997 - 2003;Summe;12670;54;1226;2500;471;1226;2154;3880;;1158;91;135
HB;w;1997 - 2003;Ungültig;9;9;;;;;;;;;;
HB;w;1997 - 2003;CDU;970;11;671;153;;82;12;40;;;;
HB;w;1997 - 2003;SPD;2038;17;81;1284;26;82;187;305;;57;17;
HB;w;1997 - 2003;AfD;458;;12;;395;11;22;2;;16;;14
HB;w;1997 - 2003;FDP;1511;5;271;129;28;870;47;101;;60;19;9
HB;w;1997 - 2003;DIE LINKE;1988;4;51;171;10;20;1202;396;;134;3;33
HB;w;1997 - 2003;GRÜNE;4219;7;65;463;;87;542;2817;;238;;
HB;w;1997 - 2003;CSU;;;;;;;;;;;;
HB;w;1997 - 2003;Sonstige;1477;;76;301;12;74;141;219;;653;52;80
HB;w;1997 - 2003;dar. FREIE WÄHLER;88;;;;;13;2;21;;52;52;
HB;w;1997 - 2003;dar. dieBasis;95;;;2;7;;;;;85;;77
HB;w;1987 - 1996;Summe;23073;195;2597;4493;815;2039;2792;7864;;2277;394;328
HB;w;1987 - 1996;Ungültig;157;110;;;22;;;7;;19;;
HB;w;1987 - 1996;CDU;1901;15;1478;135;35;181;3;45;;10;;
HB;w;1987 - 1996;SPD;4199;25;244;2884;45;102;183;568;;150;33;43
HB;w;1987 - 1996;AfD;920;8;57;24;663;61;;24;;83;37;16
HB;w;1987 - 1996;FDP;2237;18;405;248;7;1316;11;83;;149;59;11
HB;w;1987 - 1996;DIE LINKE;2527;3;7;194;22;37;1666;483;;115;;12
HB;w;1987 - 1996;GRÜNE;8607;;250;776;;120;816;6472;;173;;
HB;w;1987 - 1996;CSU;;;;;;;;;;;;
HB;w;1987 - 1996;Sonstige;2524;17;158;232;21;223;113;182;;1577;265;246
HB;w;1987 - 1996;dar. FREIE WÄHLER;307;5;25;41;;10;;;;226;200;7
HB;w;1987 - 1996;dar. dieBasis;202;3;;;2;9;;;;189;;187
HB;w;1977 - 1986;Summe;21501;327;3752;5412;1527;1204;1832;5673;;1773;216;544
HB;w;1977 - 1986;Ungültig;277;194;;;22;10;;26;;26;;13
HB;w;1977 - 1986;CDU;2952;35;2478;156;2;107;22;58;;92;22;26
HB;w;1977 - 1986;SPD;4849;28;268;3778;22;81;122;495;;56;1;
HB;w;1977 - 1986;AfD;1511;5;115;39;1241;20;9;3;;81;4;45
HB;w;1977 - 1986;FDP;1706;43;489;119;69;883;;32;;71;26;7
HB;w;1977 - 1986;DIE LINKE;1777;8;11;245;57;19;1162;167;;109;1;13
HB;w;1977 - 1986;GRÜNE;6484;10;298;854;;17;395;4813;;98;;31
HB;w;1977 - 1986;CSU;;;;;;;;;;;;
HB;w;1977 - 1986;Sonstige;1945;5;94;221;114;68;124;79;;1241;161;410
HB;w;1977 - 1986;dar. FREIE WÄHLER;212;;13;35;;;;;;164;155;7
HB;w;1977 - 1986;dar. dieBasis;385;;;;31;26;24;;;304;2;276
HB;w;1962 - 1976;Summe;43708;406;8856;13907;2765;2612;2924;8870;;3369;743;888
HB;w;1962 - 1976;Ungültig;174;143;11;;19;;;2;;;;
HB;w;1962 - 1976;CDU;7372;81;6517;294;83;192;2;104;;98;35;
HB;w;1962 - 1976;SPD;14135;73;692;10730;186;253;397;1714;;88;31;
HB;w;1962 - 1976;AfD;2625;8;148;110;2181;;;;;178;46;50
HB;w;1962 - 1976;FDP;3510;18;820;293;157;1971;59;57;;135;39;
HB;w;1962 - 1976;DIE LINKE;2547;;65;496;12;7;1660;179;;128;2;4
HB;w;1962 - 1976;GRÜNE;9705;15;458;1585;9;101;594;6727;;216;21;
HB;w;1962 - 1976;CSU;;;;;;;;;;;;
HB;w;1962 - 1976;Sonstige;3640;69;146;398;118;87;210;86;;2526;569;834
HB;w;1962 - 1976;dar. FREIE WÄHLER;614;3;2;39;24;2;7;;;536;502;32
HB;w;1962 - 1976;dar. dieBasis;843;8;17;;13;2;28;;;775;20;750
HB;w;1952 - 1961;Summe;28888;335;5467;11586;1628;1278;2237;5334;;1023;298;277
HB;w;1952 - 1961;Ungültig;250;212;3;35;;;;;;;;
HB;w;1952 - 1961;CDU;4861;25;4260;287;117;102;27;42;;;;
HB;w;1952 - 1961;SPD;11293;39;413;9379;33;32;505;823;;69;52;
HB;w;1952 - 1961;AfD;1730;5;67;130;1433;57;7;;;31;8;
HB;w;1952 - 1961;FDP;1785;16;379;218;2;1046;22;48;;53;33;
HB;w;1952 - 1961;DIE LINKE;2103;5;65;388;22;;1390;198;;35;;
HB;w;1952 - 1961;GRÜNE;5784;18;236;1020;;32;252;4194;;31;2;
HB;w;1952 - 1961;CSU;;;;;;;;;;;;
HB;w;1952 - 1961;Sonstige;1082;16;43;129;20;9;34;29;;803;203;277
HB;w;1952 - 1961;dar. FREIE WÄHLER;223;3;6;46;;;;;;169;166;
HB;w;1952 - 1961;dar. dieBasis;275;;;;;;;;;275;;273
HB;w;1951 und früher;Summe;42936;436;13619;19673;1081;1925;1257;4177;;768;207;215
HB;w;1951 und früher;Ungültig;559;257;24;195;61;;;;;22;;22
HB;w;1951 und früher;CDU;11933;34;10913;580;15;184;18;159;;31;12;
HB;w;1951 und früher;SPD;19219;112;841;16783;66;102;228;1003;;83;10;20
HB;w;1951 und früher;AfD;1154;;70;98;909;2;41;7;;26;24;
HB;w;1951 und früher;FDP;3318;4;1340;329;7;1534;1;53;;50;20;
HB;w;1951 und früher;DIE LINKE;1370;;63;210;;;838;258;;;;
HB;w;1951 und früher;GRÜNE;4571;4;330;1377;;35;119;2686;;20;;
HB;w;1951 und früher;CSU;;;;;;;;;;;;
HB;w;1951 und früher;Sonstige;812;24;38;101;24;68;11;10;;536;140;173
HB;w;1951 und früher;dar. FREIE WÄHLER;132;;;9;3;24;;;;96;96;
HB;w;1951 und früher;dar. dieBasis;252;13;4;26;;35;2;;;172;;171
NW;Summe;Summe;Summe;9960984;92465;2973458;3068628;705020;851337;317869;1500696;;451511;97511;109356
NW;Summe;Summe;Ungültig;72954;52290;8609;5961;1959;1280;916;666;;1273;278;531
NW;Summe;Summe;CDU;2566719;9593;2286437;97204;26630;85457;4163;40812;;16424;6105;1817
NW;Summe;Summe;SPD;2880226;9320;171682;2348191;22957;58046;31399;204776;;33855;8422;2097
NW;Summe;Summe;AfD;717510;3907;42870;32052;584573;25184;4300;2489;;22136;3979;10978
NW;Summe;Summe;FDP;1130154;3705;318548;113853;24209;599307;7524;37717;;25291;7726;2829
NW;Summe;Summe;DIE LINKE;366947;1864;8621;71079;7551;7002;192728;57729;;20372;2876;2078
NW;Summe;Summe;GRÜNE;1587067;2857;84823;300673;2210;26557;40165;1093649;;36132;2595;1299
NW;Summe;Summe;CSU;;;;;;;;;;;;
NW;Summe;Summe;Sonstige;639407;8930;51868;99615;34932;48504;36674;62858;;296027;65531;87728
NW;Summe;Summe;dar. FREIE WÄHLER;64990;595;6735;4707;2666;4101;1335;2163;;42688;38540;1131
NW;Summe;Summe;dar. dieBasis;99217;811;2896;2743;7070;3859;2511;2041;;77287;2480;71879
NW;Summe;1997 - 2003;Summe;789205;4801;128286;172485;33526;132021;52650;206543;;58892;7975;7376
NW;Summe;1997 - 2003;Ungültig;3739;2605;444;132;54;203;59;58;;185;49;47
NW;Summe;1997 - 2003;CDU;88445;169;69493;6311;1463;6840;255;2825;;1091;327;101
NW;Summe;1997 - 2003;SPD;136324;202;12076;92896;674;7534;3046;16222;;3674;630;107
NW;Summe;1997 - 2003;AfD;35483;48;2417;2175;25918;3150;314;104;;1357;131;677
NW;Summe;1997 - 2003;FDP;159048;135;29912;18071;2518;94940;1533;7336;;4602;810;290
NW;Summe;1997 - 2003;DIE LINKE;54961;166;818;7639;235;1644;28049;13393;;3017;188;48
NW;Summe;1997 - 2003;GRÜNE;208571;160;6363;28501;136;5276;11229;149491;;7415;126;146
NW;Summe;1997 - 2003;CSU;;;;;;;;;;;;
NW;Summe;1997 - 2003;Sonstige;102635;1315;6764;16760;2528;12436;8165;17115;;37551;5714;5960
NW;Summe;1997 - 2003;dar. FREIE WÄHLER;5585;83;596;518;81;738;265;287;;3017;2799;70
NW;Summe;1997 - 2003;dar. dieBasis;6265;;274;266;218;433;351;178;;4545;202;4138
NW;Summe;1987 - 1996;Summe;1287745;9364;244023;312874;93779;155515;68055;302213;;101922;17886;17170
NW;Summe;1987 - 1996;Ungültig;8155;6487;558;394;104;111;125;109;;267;54;117
NW;Summe;1987 - 1996;CDU;184537;355;151503;11865;3189;10936;522;4013;;2154;675;182
NW;Summe;1987 - 1996;SPD;249781;259;20032;182329;2441;8605;4686;25387;;6043;763;262
NW;Summe;1987 - 1996;AfD;93822;150;5551;5349;74162;4589;209;336;;3478;537;1410
NW;Summe;1987 - 1996;FDP;194619;380;42214;19593;4661;111707;1749;8596;;5720;1605;637
NW;Summe;1987 - 1996;DIE LINKE;76925;287;1160;13402;1072;1361;38766;15489;;5388;283;198
NW;Summe;1987 - 1996;GRÜNE;318537;331;10675;52791;607;5497;11353;227362;;9922;779;185
NW;Summe;1987 - 1996;CSU;;;;;;;;;;;;
NW;Summe;1987 - 1996;Sonstige;161368;1117;12330;27151;7542;12710;10646;20921;;68951;13189;14180
NW;Summe;1987 - 1996;dar. FREIE WÄHLER;11009;21;1166;881;503;868;293;540;;6734;5775;168
NW;Summe;1987 - 1996;dar. dieBasis;15056;103;672;479;1574;998;236;399;;10593;506;9483
NW;Summe;1977 - 1986;Summe;1274065;7614;323596;319466;133618;123488;46257;235147;;84878;15941;22254
NW;Summe;1977 - 1986;Ungültig;5787;4757;293;337;140;71;97;;;91;;
NW;Summe;1977 - 1986;CDU;261350;383;222122;13089;4669;11515;842;5577;;3153;1031;246
NW;Summe;1977 - 1986;SPD;277446;342;21902;210175;4004;7694;4091;24262;;4976;878;384
NW;Summe;1977 - 1986;AfD;133968;227;8108;5438;109372;5172;802;301;;4547;948;2420
NW;Summe;1977 - 1986;FDP;159764;305;44573;15113;4384;85163;940;4968;;4317;1433;550
NW;Summe;1977 - 1986;DIE LINKE;51759;95;1656;9847;1426;941;26420;7186;;4189;400;558
NW;Summe;1977 - 1986;GRÜNE;262523;152;14287;45999;268;4317;6094;184122;;7284;386;263
NW;Summe;1977 - 1986;CSU;;;;;;;;;;;;
NW;Summe;1977 - 1986;Sonstige;121469;1353;10653;19467;9355;8614;6972;8733;;56322;10865;17832
NW;Summe;1977 - 1986;dar. FREIE WÄHLER;11329;25;1139;954;526;589;325;528;;7244;6511;197
NW;Summe;1977 - 1986;dar. dieBasis;20508;38;587;610;2225;923;585;294;;15247;321;14394
NW;Summe;1962 - 1976;Summe;2733306;22295;786046;846291;241348;218787;76955;413183;;128402;32687;39342
NW;Summe;1962 - 1976;Ungültig;17455;14137;1314;562;555;115;289;193;;290;41;174
NW;Summe;1962 - 1976;CDU;673861;1266;591061;26538;8952;24654;1528;14171;;5691;2395;688
NW;Summe;1962 - 1976;SPD;819110;2162;48433;651373;9476;17685;9896;68177;;11908;3440;895
NW;Summe;1962 - 1976;AfD;244170;1236;13823;11140;200857;6599;1557;933;;8025;1573;3973
NW;Summe;1962 - 1976;FDP;297665;670;89346;29410;7422;151301;2030;10713;;6773;2630;997
NW;Summe;1962 - 1976;DIE LINKE;88894;402;2184;17538;2568;1461;48599;10991;;5151;1522;861
NW;Summe;1962 - 1976;GRÜNE;430433;724;26069;85821;630;6460;6216;296802;;7711;1028;398
NW;Summe;1962 - 1976;CSU;;;;;;;;;;;;
NW;Summe;1962 - 1976;Sonstige;161718;1697;13815;23909;10888;10513;6839;11204;;82853;20058;31355
NW;Summe;1962 - 1976;dar. FREIE WÄHLER;20597;119;2256;1256;833;1278;220;481;;14155;12601;423
NW;Summe;1962 - 1976;dar. dieBasis;36119;315;882;1011;2091;1136;567;811;;29306;942;27251
NW;Summe;1952 - 1961;Summe;1777011;18836;545285;661171;128511;107075;48397;217681;;50056;14910;14799
NW;Summe;1952 - 1961;Ungültig;14205;10185;1440;1045;544;215;253;205;;319;111;96
NW;Summe;1952 - 1961;CDU;484801;1685;435132;18596;4988;13404;441;8174;;2381;1056;247
NW;Summe;1952 - 1961;SPD;644950;2042;32472;545379;4325;7904;6470;41853;;4504;1770;394
NW;Summe;1952 - 1961;AfD;132293;973;7329;5274;110613;3422;867;460;;3356;550;1646
NW;Summe;1952 - 1961;FDP;151695;838;48251;16621;3039;76021;893;3764;;2268;784;223
NW;Summe;1952 - 1961;DIE LINKE;60361;502;1465;14275;1344;864;32992;7078;;1841;334;301
NW;Summe;1952 - 1961;GRÜNE;231028;682;14929;52910;330;2649;3797;153007;;2724;182;217
NW;Summe;1952 - 1961;CSU;;;;;;;;;;;;
NW;Summe;1952 - 1961;Sonstige;57677;1930;4267;7071;3326;2597;2684;3140;;32662;10122;11676
NW;Summe;1952 - 1961;dar. FREIE WÄHLER;9583;142;817;504;473;474;92;293;;6788;6388;171
NW;Summe;1952 - 1961;dar. dieBasis;13806;226;262;212;797;167;481;288;;11373;378;10541
NW;Summe;1951 und früher;Summe;2099652;29554;946222;756342;74239;114451;25555;125928;;27361;8113;8415
NW;Summe;1951 und früher;Ungültig;23612;14118;4561;3490;562;566;93;102;;120;22;98
NW;Summe;1951 und früher;CDU;873725;5735;817125;20805;3368;18109;575;6053;;1954;620;353
NW;Summe;1951 und früher;SPD;752615;4312;36767;666039;2036;8625;3210;28876;;2750;940;54
NW;Summe;1951 und früher;AfD;77774;1273;5642;2675;63651;2253;552;356;;1373;240;853
NW;Summe;1951 und früher;FDP;167364;1377;64252;15045;2185;80175;378;2341;;1611;464;132
NW;Summe;1951 und früher;DIE LINKE;34047;413;1338;8378;906;731;17903;3591;;787;148;113
NW;Summe;1951 und früher;GRÜNE;135975;808;12499;34651;240;2359;1476;82866;;1076;95;89
NW;Summe;1951 und früher;CSU;;;;;;;;;;;;
NW;Summe;1951 und früher;Sonstige;34540;1518;4037;5258;1292;1634;1367;1745;;17690;5583;6724
NW;Summe;1951 und früher;dar. FREIE WÄHLER;6887;205;761;594;250;154;140;34;;4749;4465;102
NW;Summe;1951 und früher;dar. dieBasis;7464;129;220;165;165;202;291;69;;6223;130;6071
NW;m;Summe;Summe;4811771;42103;1407497;1454496;435730;445398;154788;648147;;223612;48051;46455
NW;m;Summe;Ungültig;32806;23462;3854;2692;858;547;438;264;;689;175;331
NW;m;Summe;CDU;1189723;3924;1064950;41035;16342;38850;1612;15508;;7502;2947;793
NW;m;Summe;SPD;1341358;4192;71536;1111516;13276;26408;14510;82649;;17272;4228;941
NW;m;Summe;AfD;447270;2087;27004;18895;368280;14614;2720;1148;;12523;2223;6004
NW;m;Summe;FDP;617863;1860;180229;55132;14736;328931;3223;19360;;14391;4718;1161
NW;m;Summe;DIE LINKE;189678;1219;3922;38952;4583;2869;99767;27219;;11148;1006;800
NW;m;Summe;GRÜNE;708261;1374;35585;145614;1177;12620;15851;477386;;18655;1149;517
NW;m;Summe;CSU;;;;;;;;;;;;
NW;m;Summe;Sonstige;284811;3985;20417;40659;16479;20561;16667;24612;;141432;31605;35909
NW;m;Summe;dar. FREIE WÄHLER;32788;283;3364;2405;1409;2079;724;890;;21635;19420;462
NW;m;Summe;dar. dieBasis;40422;339;1120;1110;3214;1311;909;659;;31759;1155;29386
NW;m;1997 - 2003;Summe;396603;2583;66356;82936;20621;85052;20689;86623;;31743;4468;3588
NW;m;1997 - 2003;Ungültig;1955;1331;246;81;;154;;58;;86;;47
NW;m;1997 - 2003;CDU;44697;96;35288;3068;1020;3462;93;1014;;658;246;
NW;m;1997 - 2003;SPD;63104;94;4849;44497;266;3475;1124;6785;;2013;373;107
NW;m;1997 - 2003;AfD;22065;;1573;949;16381;1922;270;60;;909;131;451
NW;m;1997 - 2003;FDP;105511;135;18881;10697;1620;66173;534;4374;;3096;708;50
NW;m;1997 - 2003;DIE LINKE;22368;81;261;3523;51;514;11450;4921;;1569;58;48
NW;m;1997 - 2003;GRÜNE;87848;49;2593;12763;85;2990;3637;62346;;3384;33;56
NW;m;1997 - 2003;CSU;;;;;;;;;;;;
NW;m;1997 - 2003;Sonstige;49054;797;2665;7358;1198;6361;3581;7065;;20029;2919;2829
NW;m;1997 - 2003;dar. FREIE WÄHLER;2948;58;368;358;46;344;162;112;;1502;1406;39
NW;m;1997 - 2003;dar. dieBasis;2957;;131;161;107;186;51;46;;2275;159;2069
NW;m;1987 - 1996;Summe;649255;4363;124013;153656;58191;90538;32809;129522;;56162;8380;8156
NW;m;1987 - 1996;Ungültig;3927;2919;314;337;57;27;;109;;164;;117
NW;m;1987 - 1996;CDU;92872;92;77032;5344;1928;5713;111;1729;;923;235;77
NW;m;1987 - 1996;SPD;117949;154;8186;87212;1391;4957;2193;10243;;3614;263;104
NW;m;1987 - 1996;AfD;57699;41;3257;3416;46332;2501;60;105;;1985;258;723
NW;m;1987 - 1996;FDP;117062;184;25518;11080;3516;67975;805;4489;;3496;760;426
NW;m;1987 - 1996;DIE LINKE;40852;223;483;7655;776;677;20326;7423;;3289;94;36
NW;m;1987 - 1996;GRÜNE;140113;137;3981;26171;246;2624;4292;97034;;5627;287;176
NW;m;1987 - 1996;CSU;;;;;;;;;;;;
NW;m;1987 - 1996;Sonstige;78782;613;5242;12440;3946;6065;5022;8390;;37064;6482;6496
NW;m;1987 - 1996;dar. FREIE WÄHLER;5974;21;650;415;275;466;126;254;;3767;3128;51
NW;m;1987 - 1996;dar. dieBasis;6838;54;245;299;841;411;52;118;;4817;254;4203
NW;m;1977 - 1986;Summe;621713;3324;155806;148544;81943;63268;22473;103282;;43071;8215;10019
NW;m;1977 - 1986;Ungültig;2288;1936;177;45;;34;97;;;;;
NW;m;1977 - 1986;CDU;123894;284;106142;5506;2812;5247;314;2049;;1540;564;72
NW;m;1977 - 1986;SPD;125064;118;8114;97211;2198;3328;1523;10027;;2545;343;143
NW;m;1977 - 1986;AfD;83317;155;4938;3273;68707;2966;493;84;;2701;452;1638
NW;m;1977 - 1986;FDP;87960;206;25807;7131;2754;46339;545;2756;;2424;909;240
NW;m;1977 - 1986;DIE LINKE;27209;95;747;5132;897;257;13759;3952;;2371;215;308
NW;m;1977 - 1986;GRÜNE;117268;113;5543;22410;83;1836;2578;80947;;3759;133;44
NW;m;1977 - 1986;CSU;;;;;;;;;;;;
NW;m;1977 - 1986;Sonstige;54711;418;4340;7835;4494;3262;3164;3468;;27730;5600;7573
NW;m;1977 - 1986;dar. FREIE WÄHLER;6037;25;550;428;389;257;187;142;;4060;3578;128
NW;m;1977 - 1986;dar. dieBasis;8426;;318;164;812;304;223;;;6605;21;6337
NW;m;1962 - 1976;Summe;1346033;10333;397526;405263;152794;105737;38259;176706;;59413;15937;15875
NW;m;1962 - 1976;Ungültig;7733;6337;551;239;257;47;164;;;138;41;71
NW;m;1962 - 1976;CDU;334142;586;296528;11385;5772;11465;633;5119;;2653;1087;481
NW;m;1962 - 1976;SPD;385712;892;21547;313387;5827;7496;4622;26608;;5333;1757;304
NW;m;1962 - 1976;AfD;155311;720;8656;6610;129710;3645;1001;566;;4404;802;2020
NW;m;1962 - 1976;FDP;153911;232;51565;12938;3883;75935;806;4926;;3626;1675;347
NW;m;1962 - 1976;DIE LINKE;46284;347;1155;9311;1549;723;25590;5191;;2418;408;288
NW;m;1962 - 1976;GRÜNE;195638;367;11976;42188;429;3017;2791;130609;;4262;621;114
NW;m;1962 - 1976;CSU;;;;;;;;;;;;
NW;m;1962 - 1976;Sonstige;67302;852;5550;9205;5367;3409;2652;3688;;36578;9547;12250
NW;m;1962 - 1976;dar. FREIE WÄHLER;10126;65;1220;640;334;565;75;231;;6994;6237;160
NW;m;1962 - 1976;dar. dieBasis;14406;140;332;259;1237;376;218;264;;11580;464;10634
NW;m;1952 - 1961;Summe;868696;8663;259240;325008;78296;51498;26000;97320;;22672;7386;5908
NW;m;1952 - 1961;Ungültig;6555;4540;760;467;168;103;177;61;;279;111;96
NW;m;1952 - 1961;CDU;227267;935;204407;8242;2969;5784;253;3644;;1033;519;80
NW;m;1952 - 1961;SPD;313641;1092;14552;268538;2585;3619;3375;17492;;2387;1012;228
NW;m;1952 - 1961;AfD;81648;387;4570;3228;68954;2116;552;174;;1668;385;640
NW;m;1952 - 1961;FDP;76473;448;26373;7189;1613;37393;435;1912;;1109;421;71
NW;m;1952 - 1961;DIE LINKE;33628;246;530;8788;753;403;17959;3798;;1152;149;101
NW;m;1952 - 1961;GRÜNE;106377;385;6594;26343;204;1073;1703;68985;;1089;37;38
NW;m;1952 - 1961;CSU;;;;;;;;;;;;
NW;m;1952 - 1961;Sonstige;23107;630;1453;2212;1050;1007;1548;1254;;13954;4751;4656
NW;m;1952 - 1961;dar. FREIE WÄHLER;4598;37;368;210;149;329;92;152;;3262;3068;84
NW;m;1952 - 1961;dar. dieBasis;5462;99;36;181;162;34;258;180;;4511;257;4171
NW;m;1951 und früher;Summe;929471;12837;404555;339089;43885;49304;14556;54694;;10551;3664;2909
NW;m;1951 und früher;Ungültig;10348;6400;1807;1523;376;183;;37;;22;22;
NW;m;1951 und früher;CDU;366851;1931;345553;7490;1842;7178;208;1953;;695;297;84
NW;m;1951 und früher;SPD;335888;1842;14288;300670;1010;3533;1673;11494;;1379;479;54
NW;m;1951 und früher;AfD;47229;783;4011;1419;38195;1464;344;159;;855;195;532
NW;m;1951 und früher;FDP;76945;655;32086;6098;1349;35116;99;903;;639;245;27
NW;m;1951 und früher;DIE LINKE;19337;228;747;4543;557;294;10684;1935;;350;82;18
NW;m;1951 und früher;GRÜNE;61018;323;4897;15738;131;1080;850;37465;;534;38;89
NW;m;1951 und früher;CSU;;;;;;;;;;;;
NW;m;1951 und früher;Sonstige;11854;675;1167;1608;424;457;699;748;;6077;2305;2105
NW;m;1951 und früher;dar. FREIE WÄHLER;3105;77;208;353;217;118;82;;;2050;2003;
NW;m;1951 und früher;dar. dieBasis;2333;45;58;46;55;;107;50;;1971;;1971
NW;w;Summe;Summe;5149213;50362;1565961;1614132;269290;405939;163081;852549;;227899;49460;62901
NW;w;Summe;Ungültig;40148;28828;4755;3269;1101;733;477;402;;583;103;200
NW;w;Summe;CDU;1376996;5668;1221487;56169;10288;46608;2551;25304;;8921;3157;1024
NW;w;Summe;SPD;1538868;5128;100146;1236675;9681;31639;16889;122127;;16584;4195;1156
NW;w;Summe;AfD;270240;1820;15866;13156;216293;10570;1580;1341;;9613;1756;4974
NW;w;Summe;FDP;512291;1845;138319;58721;9473;270376;4301;18357;;10901;3008;1667
NW;w;Summe;DIE LINKE;177269;645;4699;32128;2968;4133;92961;30510;;9224;1870;1278
NW;w;Summe;GRÜNE;878806;1483;49239;155059;1034;13937;24314;616263;;17477;1446;782
NW;w;Summe;CSU;;;;;;;;;;;;
NW;w;Summe;Sonstige;354596;4945;31451;58956;18453;27943;20007;38246;;154595;33926;51819
NW;w;Summe;dar. FREIE WÄHLER;32202;312;3371;2302;1257;2022;611;1273;;21053;19120;669
NW;w;Summe;dar. dieBasis;58795;471;1776;1633;3856;2548;1602;1382;;45528;1325;42493
NW;w;1997 - 2003;Summe;392602;2218;61930;89549;12905;46970;31961;119920;;27149;3506;3787
NW;w;1997 - 2003;Ungültig;1784;1274;198;52;54;49;59;;;99;49;
NW;w;1997 - 2003;CDU;43748;73;34205;3243;443;3378;162;1811;;433;82;101
NW;w;1997 - 2003;SPD;73220;108;7227;48399;408;4059;1922;9437;;1661;256;
NW;w;1997 - 2003;AfD;13417;48;844;1225;9536;1228;44;44;;449;;225
NW;w;1997 - 2003;FDP;53537;;11031;7375;898;28766;999;2962;;1506;102;240
NW;w;1997 - 2003;DIE LINKE;32592;85;556;4116;185;1130;16599;8473;;1448;130;
NW;w;1997 - 2003;GRÜNE;120723;111;3770;15738;51;2286;7592;87145;;4031;92;90
NW;w;1997 - 2003;CSU;;;;;;;;;;;;
NW;w;1997 - 2003;Sonstige;53580;518;4099;9401;1331;6075;4583;10050;;17522;2796;3131
NW;w;1997 - 2003;dar. FREIE WÄHLER;2637;25;228;161;36;395;103;175;;1515;1393;31
NW;w;1997 - 2003;dar. dieBasis;3308;;143;106;111;246;300;132;;2270;44;2069
NW;w;1987 - 1996;Summe;638489;5001;120009;159218;35587;64976;35246;172691;;45760;9506;9015
NW;w;1987 - 1996;Ungültig;4228;3568;243;57;47;84;125;;;103;54;
NW;w;1987 - 1996;CDU;91665;262;74471;6521;1261;5223;411;2284;;1232;440;105
NW;w;1987 - 1996;SPD;131832;105;11846;95116;1051;3649;2493;15144;;2429;500;158
NW;w;1987 - 1996;AfD;36123;109;2294;1933;27830;2087;149;231;;1492;280;687
NW;w;1987 - 1996;FDP;77557;196;16696;8513;1145;43732;944;4107;;2224;845;210
NW;w;1987 - 1996;DIE LINKE;36073;64;677;5747;296;684;18440;8066;;2099;189;162
NW;w;1987 - 1996;GRÜNE;178425;194;6694;26619;361;2872;7061;130328;;4295;492;9
NW;w;1987 - 1996;CSU;;;;;;;;;;;;
NW;w;1987 - 1996;Sonstige;82586;504;7088;14711;3596;6645;5623;12532;;31887;6707;7684
NW;w;1987 - 1996;dar. FREIE WÄHLER;5035;;517;466;229;402;167;286;;2967;2647;117
NW;w;1987 - 1996;dar. dieBasis;8218;49;427;180;733;587;185;281;;5777;252;5280
NW;w;1977 - 1986;Summe;652352;4289;167789;170922;51675;60220;23784;131865;;41807;7725;12235
NW;w;1977 - 1986;Ungültig;3499;2822;116;292;140;38;;;;91;;
NW;w;1977 - 1986;CDU;137456;99;115980;7583;1857;6268;527;3528;;1613;467;174
NW;w;1977 - 1986;SPD;152382;225;13789;112963;1806;4366;2567;14235;;2431;536;241
NW;w;1977 - 1986;AfD;50651;72;3171;2165;40665;2207;308;216;;1846;496;782
NW;w;1977 - 1986;FDP;71804;99;18767;7982;1630;38825;395;2212;;1893;524;310
NW;w;1977 - 1986;DIE LINKE;24550;;910;4715;529;684;12661;3234;;1818;186;250
NW;w;1977 - 1986;GRÜNE;145255;39;8744;23589;185;2481;3516;103175;;3525;253;220
NW;w;1977 - 1986;CSU;;;;;;;;;;;;
NW;w;1977 - 1986;Sonstige;66758;934;6314;11632;4862;5352;3808;5265;;28592;5264;10259
NW;w;1977 - 1986;dar. FREIE WÄHLER;5292;;589;526;137;331;138;386;;3184;2933;69
NW;w;1977 - 1986;dar. dieBasis;12083;38;268;446;1413;619;362;294;;8642;300;8057
NW;w;1962 - 1976;Summe;1387273;11962;388520;441028;88554;113050;38695;236477;;68988;16750;23467
NW;w;1962 - 1976;Ungültig;9722;7800;763;323;298;67;125;193;;152;;103
NW;w;1962 - 1976;CDU;339719;680;294533;15153;3180;13188;895;9052;;3037;1309;207
NW;w;1962 - 1976;SPD;433398;1270;26886;337986;3650;10189;5274;41569;;6575;1684;591
NW;w;1962 - 1976;AfD;88859;517;5168;4530;71147;2953;556;367;;3621;771;1953
NW;w;1962 - 1976;FDP;143754;438;37781;16472;3538;75366;1225;5787;;3147;955;650
NW;w;1962 - 1976;DIE LINKE;42610;55;1030;8228;1018;738;23009;5800;;2733;1114;573
NW;w;1962 - 1976;GRÜNE;234795;358;14093;43632;201;3444;3425;166193;;3449;407;284
NW;w;1962 - 1976;CSU;;;;;;;;;;;;
NW;w;1962 - 1976;Sonstige;94416;845;8265;14703;5521;7104;4187;7516;;46274;10510;19105
NW;w;1962 - 1976;dar. FREIE WÄHLER;10472;54;1035;616;499;712;144;250;;7161;6365;263
NW;w;1962 - 1976;dar. dieBasis;21712;175;550;752;854;761;349;547;;17725;478;16617
NW;w;1952 - 1961;Summe;908315;10174;286045;336163;50215;55577;22397;120361;;27384;7524;8890
NW;w;1952 - 1961;Ungültig;7651;5645;680;578;377;112;76;144;;40;;
NW;w;1952 - 1961;CDU;257534;750;230725;10354;2019;7619;189;4530;;1348;537;168
NW;w;1952 - 1961;SPD;331309;950;17920;276841;1741;4284;3095;24361;;2117;758;166
NW;w;1952 - 1961;AfD;50646;586;2759;2046;41660;1306;315;286;;1688;165;1006
NW;w;1952 - 1961;FDP;75221;390;21878;9431;1426;38628;458;1852;;1158;363;152
NW;w;1952 - 1961;DIE LINKE;26733;256;935;5487;592;461;15033;3281;;689;185;199
NW;w;1952 - 1961;GRÜNE;124651;297;8335;26567;126;1576;2094;84022;;1635;145;180
NW;w;1952 - 1961;CSU;;;;;;;;;;;;
NW;w;1952 - 1961;Sonstige;34570;1301;2814;4858;2276;1591;1136;1886;;18708;5371;7020
NW;w;1952 - 1961;dar. FREIE WÄHLER;4984;105;449;293;324;145;;142;;3526;3320;86
NW;w;1952 - 1961;dar. dieBasis;8344;127;225;31;635;133;222;108;;6861;120;6370
NW;w;1951 und früher;Summe;1170182;16717;541668;417252;30354;65147;10999;71235;;16810;4449;5506
NW;w;1951 und früher;Ungültig;13264;7718;2755;1967;186;383;93;65;;98;;98
NW;w;1951 und früher;CDU;506874;3804;471572;13315;1526;10931;368;4100;;1258;323;270
NW;w;1951 und früher;SPD;416727;2470;22479;365369;1026;5092;1537;17382;;1371;461;
NW;w;1951 und früher;AfD;30545;490;1631;1256;25456;789;209;197;;517;44;321
NW;w;1951 und früher;FDP;90419;722;32166;8947;836;45059;279;1438;;973;219;105
NW;w;1951 und früher;DIE LINKE;14710;184;592;3835;349;437;7220;1657;;437;66;94
NW;w;1951 und früher;GRÜNE;74957;485;7602;18913;109;1279;625;45400;;543;58;
NW;w;1951 und früher;CSU;;;;;;;;;;;;
NW;w;1951 und früher;Sonstige;22686;843;2871;3650;867;1177;669;997;;11612;3278;4619
NW;w;1951 und früher;dar. FREIE WÄHLER;3783;128;553;241;33;36;58;34;;2700;2462;102
NW;w;1951 und früher;dar. dieBasis;5131;83;162;119;110;202;184;19;;4252;130;4100
HE;Summe;Summe;Summe;3340639;44706;909147;1000129;285337;315712;130457;480535;;174616;77360;48081
HE;Summe;Summe;Ungültig;39829;26547;4221;4753;1178;1162;220;815;;933;316;427
HE;Summe;Summe;CDU;753512;3444;676577;26703;7109;22118;1003;10079;;6477;4285;895
HE;Summe;Summe;SPD;910035;4487;51574;754155;6336;14177;11012;57365;;10930;6220;884
HE;Summe;Summe;AfD;290978;728;17360;9262;243953;8760;1217;647;;9051;3866;4256
HE;Summe;Summe;FDP;421621;1653;112273;35968;9720;237241;1986;12550;;10230;5826;1802
HE;Summe;Summe;DIE LINKE;142585;226;1946;28308;1669;2591;80462;22316;;5068;1452;789
HE;Summe;Summe;GRÜNE;521411;1559;26460;103735;698;8987;16353;354489;;9129;2732;458
HE;Summe;Summe;CSU;;;;;;;;;;;;
HE;Summe;Summe;Sonstige;260668;6063;18736;37245;14674;20675;18204;22274;;122798;52664;38570
HE;Summe;Summe;dar. FREIE WÄHLER;56155;319;5583;4930;1540;2775;552;674;;39783;37884;520
HE;Summe;Summe;dar. dieBasis;43106;244;947;982;3878;1918;1097;448;;33591;1095;31873
HE;Summe;1997 - 2003;Summe;257221;2377;37401;57759;12066;47166;19462;60994;;19996;7941;2948
HE;Summe;1997 - 2003;Ungültig;1792;1396;;193;9;100;36;;;58;;
HE;Summe;1997 - 2003;CDU;24617;109;19035;2078;453;2028;24;616;;273;115;48
HE;Summe;1997 - 2003;SPD;42482;147;3864;29518;390;2025;1425;4004;;1109;497;5
HE;Summe;1997 - 2003;AfD;11660;38;837;331;9157;527;12;35;;724;425;266
HE;Summe;1997 - 2003;FDP;55775;109;9505;5239;1090;34951;367;2579;;1936;968;218
HE;Summe;1997 - 2003;DIE LINKE;20843;;5;3347;62;722;11519;4404;;783;53;54
HE;Summe;1997 - 2003;GRÜNE;63129;12;1502;10762;144;1711;3049;44390;;1559;370;73
HE;Summe;1997 - 2003;CSU;;;;;;;;;;;;
HE;Summe;1997 - 2003;Sonstige;36923;567;2654;6290;761;5102;3029;4967;;13553;5512;2285
HE;Summe;1997 - 2003;dar. FREIE WÄHLER;4507;;516;346;;276;57;199;;3113;2929;
HE;Summe;1997 - 2003;dar. dieBasis;2453;;49;102;135;273;;45;;1850;222;1628
HE;Summe;1987 - 1996;Summe;430888;4856;73829;102151;36050;55420;31703;93390;;33490;13135;7627
HE;Summe;1987 - 1996;Ungültig;4059;3042;71;470;172;152;;;;153;;49
HE;Summe;1987 - 1996;CDU;54725;216;45162;2887;637;2849;117;1768;;1089;661;86
HE;Summe;1987 - 1996;SPD;80352;87;5226;61758;969;1882;1316;7463;;1650;664;199
HE;Summe;1987 - 1996;AfD;37282;49;2149;1541;29894;1651;236;297;;1465;451;844
HE;Summe;1987 - 1996;FDP;66711;111;13502;6094;1132;41166;528;2469;;1710;951;304
HE;Summe;1987 - 1996;DIE LINKE;29849;;247;4991;197;249;17552;5746;;867;205;68
HE;Summe;1987 - 1996;GRÜNE;97926;147;3663;15041;123;2054;5808;68545;;2545;707;
HE;Summe;1987 - 1996;CSU;;;;;;;;;;;;
HE;Summe;1987 - 1996;Sonstige;59984;1204;3810;9369;2925;5416;6146;7102;;24011;9496;6077
HE;Summe;1987 - 1996;dar. FREIE WÄHLER;9621;46;840;857;140;511;208;63;;6957;6348;307
HE;Summe;1987 - 1996;dar. dieBasis;6646;;146;228;693;607;291;78;;4604;270;4230
HE;Summe;1977 - 1986;Summe;446295;4819;103099;110212;46542;48070;21088;78763;;33701;13406;11349
HE;Summe;1977 - 1986;Ungültig;3929;3096;223;101;66;98;;52;;293;147;146
HE;Summe;1977 - 1986;CDU;79216;;68314;3730;1299;3174;429;1140;;1131;700;210
HE;Summe;1977 - 1986;SPD;91964;355;7238;71015;702;1958;1403;7616;;1677;788;141
HE;Summe;1977 - 1986;AfD;48968;;3217;1757;39276;2435;278;136;;1869;853;834
HE;Summe;1977 - 1986;FDP;60756;284;14972;5189;1342;35424;235;1534;;1776;869;567
HE;Summe;1977 - 1986;DIE LINKE;22278;;511;4499;337;460;12565;3363;;541;197;28
HE;Summe;1977 - 1986;GRÜNE;88554;66;4384;16925;126;1013;2985;61029;;2026;453;136
HE;Summe;1977 - 1986;CSU;;;;;;;;;;;;
HE;Summe;1977 - 1986;Sonstige;50630;1017;4241;6996;3394;3508;3193;3893;;24389;9399;9286
HE;Summe;1977 - 1986;dar. FREIE WÄHLER;11208;37;1444;1026;409;705;68;130;;7390;7077;70
HE;Summe;1977 - 1986;dar. dieBasis;9610;85;206;147;875;400;239;80;;7579;173;7380
HE;Summe;1962 - 1976;Summe;892010;11127;231090;260821;97344;79075;28785;131416;;52352;24759;15996
HE;Summe;1962 - 1976;Ungültig;9340;7106;725;636;180;275;37;180;;199;116;82
HE;Summe;1962 - 1976;CDU;187006;563;164131;7978;2132;6363;123;3527;;2187;1375;377
HE;Summe;1962 - 1976;SPD;242834;827;15151;195538;1971;4179;3059;18101;;4009;2465;410
HE;Summe;1962 - 1976;AfD;98468;170;5491;2891;84436;2316;343;90;;2730;1107;1358
HE;Summe;1962 - 1976;FDP;111028;605;33031;8440;3297;58182;576;3665;;3232;1910;547
HE;Summe;1962 - 1976;DIE LINKE;32634;5;437;7347;508;825;18174;3795;;1543;567;341
HE;Summe;1962 - 1976;GRÜNE;142256;513;7987;29199;265;2524;2407;97719;;1641;623;131
HE;Summe;1962 - 1976;CSU;;;;;;;;;;;;
HE;Summe;1962 - 1976;Sonstige;68444;1337;4136;8791;4554;4410;4066;4340;;36810;16595;12749
HE;Summe;1962 - 1976;dar. FREIE WÄHLER;17868;164;1463;1376;479;838;219;258;;13071;12399;143
HE;Summe;1962 - 1976;dar. dieBasis;14706;159;201;287;1352;506;385;113;;11704;302;11053
HE;Summe;1952 - 1961;Summe;595768;9157;165592;208218;55407;42644;18053;73467;;23231;11507;6864
HE;Summe;1952 - 1961;Ungültig;7260;5234;873;477;423;63;94;98;;;;
HE;Summe;1952 - 1961;CDU;142693;884;129557;4234;1347;3554;146;1817;;1154;885;113
HE;Summe;1952 - 1961;SPD;197760;923;8064;169960;1337;1962;2412;11362;;1739;1262;120
HE;Summe;1952 - 1961;AfD;55569;81;2637;1729;48378;1106;212;32;;1394;601;642
HE;Summe;1952 - 1961;FDP;60489;396;17495;5467;1468;33279;51;1457;;877;562;166
HE;Summe;1952 - 1961;DIE LINKE;22703;114;466;4782;289;180;12414;3282;;1174;360;272
HE;Summe;1952 - 1961;GRÜNE;80817;628;4743;18127;36;915;1394;53984;;990;334;68
HE;Summe;1952 - 1961;CSU;;;;;;;;;;;;
HE;Summe;1952 - 1961;Sonstige;28476;896;1756;3442;2130;1584;1330;1434;;15903;7504;5483
HE;Summe;1952 - 1961;dar. FREIE WÄHLER;7497;;601;625;234;275;;;;5762;5689;
HE;Summe;1952 - 1961;dar. dieBasis;6586;;141;153;443;61;183;85;;5519;128;5305
HE;Summe;1951 und früher;Summe;718457;12370;298135;260968;37929;43337;11365;42505;;11847;6612;3297
HE;Summe;1951 und früher;Ungültig;13448;6673;2329;2876;327;473;53;485;;230;53;149
HE;Summe;1951 und früher;CDU;265256;1672;250378;5796;1241;4151;163;1211;;644;548;61
HE;Summe;1951 und früher;SPD;254643;2147;12030;226365;968;2171;1397;8820;;746;545;10
HE;Summe;1951 und früher;AfD;39031;391;3029;1011;32812;724;136;58;;869;428;313
HE;Summe;1951 und früher;FDP;66860;147;23769;5539;1390;34241;229;847;;699;566;
HE;Summe;1951 und früher;DIE LINKE;14278;106;279;3342;276;154;8237;1725;;159;69;25
HE;Summe;1951 und früher;GRÜNE;48730;193;4182;13681;5;769;710;28822;;368;245;50
HE;Summe;1951 und früher;CSU;;;;;;;;;;;;
HE;Summe;1951 und früher;Sonstige;16211;1041;2139;2357;909;654;440;538;;8132;4158;2689
HE;Summe;1951 und früher;dar. FREIE WÄHLER;5454;72;720;700;279;169;;25;;3490;3441;
HE;Summe;1951 und früher;dar. dieBasis;3104;;205;65;379;72;;48;;2335;;2276
HE;m;Summe;Summe;1612475;20893;435455;468464;172460;163950;64255;206459;;80539;36603;19660
HE;m;Summe;Ungültig;17310;11954;1616;2156;536;565;74;48;;360;147;213
HE;m;Summe;CDU;354719;1991;320016;10594;4416;9809;412;4312;;3168;2250;306
HE;m;Summe;SPD;421112;1975;20415;356253;3704;6408;4801;22383;;5174;3165;357
HE;m;Summe;AfD;175682;405;10828;4060;149781;5095;762;513;;4237;1907;1850
HE;m;Summe;FDP;226928;822;63227;17261;5349;128268;738;6071;;5192;2796;924
HE;m;Summe;DIE LINKE;74959;182;830;15492;995;1085;42881;11034;;2460;437;182
HE;m;Summe;GRÜNE;225883;659;10577;46846;471;3592;5915;153446;;4376;1323;253
HE;m;Summe;CSU;;;;;;;;;;;;
HE;m;Summe;Sonstige;115882;2903;7945;15802;7208;9129;8671;8651;;55572;24577;15574
HE;m;Summe;dar. FREIE WÄHLER;26836;201;2685;2207;862;1122;300;259;;19199;18234;156
HE;m;Summe;dar. dieBasis;17504;137;112;458;1643;899;462;134;;13659;663;12750
HE;m;1997 - 2003;Summe;127085;1191;19652;27807;7092;29323;7810;24489;;9722;3971;1520
HE;m;1997 - 2003;Ungültig;631;524;;36;;71;;;;;;
HE;m;1997 - 2003;CDU;12430;52;9797;678;226;1241;24;376;;35;;
HE;m;1997 - 2003;SPD;20936;147;1822;14833;280;1240;294;1780;;540;341;
HE;m;1997 - 2003;AfD;6553;38;513;78;5355;272;;35;;261;127;125
HE;m;1997 - 2003;FDP;34937;98;5873;3148;595;22970;91;1128;;1034;373;109
HE;m;1997 - 2003;DIE LINKE;9085;;;1691;19;274;5190;1625;;285;;
HE;m;1997 - 2003;GRÜNE;24881;12;516;4348;144;857;894;17395;;715;129;73
HE;m;1997 - 2003;CSU;;;;;;;;;;;;
HE;m;1997 - 2003;Sonstige;17631;321;1131;2995;474;2396;1316;2149;;6851;3001;1213
HE;m;1997 - 2003;dar. FREIE WÄHLER;2403;;276;84;;101;57;82;;1803;1620;
HE;m;1997 - 2003;dar. dieBasis;1223;;;;52;173;;;;998;155;843
HE;m;1987 - 1996;Summe;216372;2353;37934;48192;20747;32330;16459;40703;;17655;7332;3371
HE;m;1987 - 1996;Ungültig;2236;1700;35;261;87;152;;;;;;
HE;m;1987 - 1996;CDU;27709;73;23168;883;435;1660;71;762;;658;410;34
HE;m;1987 - 1996;SPD;36836;16;1931;29192;482;1071;744;2440;;960;418;165
HE;m;1987 - 1996;AfD;21916;;1305;1056;17127;1058;170;238;;962;388;472
HE;m;1987 - 1996;FDP;39326;73;8171;2926;769;24862;198;1548;;779;377;219
HE;m;1987 - 1996;DIE LINKE;16088;;12;3097;74;99;9679;2643;;483;;68
HE;m;1987 - 1996;GRÜNE;42555;51;1403;6379;50;762;2407;30273;;1232;380;
HE;m;1987 - 1996;CSU;;;;;;;;;;;;
HE;m;1987 - 1996;Sonstige;29706;440;1908;4397;1722;2666;3192;2799;;12582;5358;2413
HE;m;1987 - 1996;dar. FREIE WÄHLER;5581;;499;505;140;181;127;;;4130;3833;112
HE;m;1987 - 1996;dar. dieBasis;2808;;;125;239;318;144;78;;1905;183;1722
HE;m;1977 - 1986;Summe;220187;2087;50836;51258;28580;25000;10248;35916;;16263;6262;5465
HE;m;1977 - 1986;Ungültig;1560;1169;41;;66;65;;;;220;73;146
HE;m;1977 - 1986;CDU;37997;;33256;1625;610;1517;159;425;;404;390;
HE;m;1977 - 1986;SPD;41759;161;2815;33414;366;718;712;2704;;870;422;66
HE;m;1977 - 1986;AfD;29684;;1667;660;24850;1502;140;73;;792;280;426
HE;m;1977 - 1986;FDP;32883;134;8797;2688;767;18970;32;704;;789;371;277
HE;m;1977 - 1986;DIE LINKE;12534;;316;2535;185;230;6746;2212;;309;44;14
HE;m;1977 - 1986;GRÜNE;40267;29;1732;7540;67;488;1062;28311;;1038;238;131
HE;m;1977 - 1986;CSU;;;;;;;;;;;;
HE;m;1977 - 1986;Sonstige;23504;594;2212;2794;1669;1510;1396;1486;;11842;4444;4404
HE;m;1977 - 1986;dar. FREIE WÄHLER;5553;37;767;421;277;375;;130;;3547;3401;
HE;m;1977 - 1986;dar. dieBasis;4236;85;17;95;361;99;55;;;3524;74;3424
HE;m;1962 - 1976;Summe;437793;4885;118393;123409;60550;38795;14294;55253;;22214;10893;5839
HE;m;1962 - 1976;Ungültig;4093;2932;547;281;91;125;28;48;;41;41;
HE;m;1962 - 1976;CDU;94035;249;83659;3339;1515;2728;65;1303;;1178;624;272
HE;m;1962 - 1976;SPD;113062;404;6009;93237;1339;1807;1368;7163;;1735;1109;79
HE;m;1962 - 1976;AfD;61311;70;3800;1401;53424;1220;212;78;;1107;506;506
HE;m;1962 - 1976;FDP;58452;303;18998;3974;1684;29942;254;1641;;1656;989;208
HE;m;1962 - 1976;DIE LINKE;16922;;128;3863;264;338;9702;2008;;619;170;75
HE;m;1962 - 1976;GRÜNE;61926;254;3692;13763;170;833;821;41677;;716;286;
HE;m;1962 - 1976;CSU;;;;;;;;;;;;
HE;m;1962 - 1976;Sonstige;27992;673;1562;3551;2064;1801;1844;1335;;15162;7167;4700
HE;m;1962 - 1976;dar. FREIE WÄHLER;7967;164;566;621;168;340;116;23;;5969;5678;44
HE;m;1962 - 1976;dar. dieBasis;5979;52;55;158;720;249;186;57;;4503;199;4171
HE;m;1952 - 1961;Summe;293585;4512;80877;102149;32741;20806;9510;32702;;10288;5748;2248
HE;m;1952 - 1961;Ungültig;3188;2720;229;84;109;;46;;;;;
HE;m;1952 - 1961;CDU;69476;487;63491;1893;760;1445;58;762;;579;521;
HE;m;1952 - 1961;SPD;96804;378;3780;84759;800;709;1040;4529;;809;696;42
HE;m;1952 - 1961;AfD;33067;13;1731;620;29199;661;172;32;;638;266;245
HE;m;1952 - 1961;FDP;30725;178;8989;2406;805;16901;39;817;;590;405;112
HE;m;1952 - 1961;DIE LINKE;12252;76;262;2462;219;71;6907;1605;;650;199;
HE;m;1952 - 1961;GRÜNE;36295;268;1785;8613;36;320;504;24276;;493;157;
HE;m;1952 - 1961;CSU;;;;;;;;;;;;
HE;m;1952 - 1961;Sonstige;11777;392;608;1312;813;699;743;681;;6528;3505;1849
HE;m;1952 - 1961;dar. FREIE WÄHLER;3618;;219;335;73;126;;;;2867;2867;
HE;m;1952 - 1961;dar. dieBasis;2382;;;80;177;61;77;;;1988;52;1849
HE;m;1951 und früher;Summe;317452;5865;127762;115650;22751;17696;5934;17397;;4398;2398;1217
HE;m;1951 und früher;Ungültig;5602;2910;764;1494;184;151;;;;99;32;67
HE;m;1951 und früher;CDU;113071;1130;106645;2176;870;1218;35;684;;314;305;
HE;m;1951 und früher;SPD;111714;869;4058;100817;437;862;644;3767;;261;179;5
HE;m;1951 und früher;AfD;23151;285;1811;246;19825;382;68;58;;477;340;77
HE;m;1951 und früher;FDP;30606;37;12398;2119;730;14622;124;233;;343;282;
HE;m;1951 und früher;DIE LINKE;8078;106;113;1842;234;72;4656;940;;114;25;25
HE;m;1951 und früher;GRÜNE;19959;46;1449;6203;5;332;228;11513;;182;133;50
HE;m;1951 und früher;CSU;;;;;;;;;;;;
HE;m;1951 und früher;Sonstige;5271;482;524;753;467;57;179;201;;2607;1103;994
HE;m;1951 und früher;dar. FREIE WÄHLER;1712;;359;241;204;;;25;;884;835;
HE;m;1951 und früher;dar. dieBasis;875;;40;;94;;;;;741;;741
HE;w;Summe;Summe;1728164;23813;473692;531665;112877;151762;66202;274076;;94077;40757;28421
HE;w;Summe;Ungültig;22519;14593;2605;2596;642;597;146;768;;573;169;214
HE;w;Summe;CDU;398793;1453;356561;16109;2693;12309;591;5767;;3310;2035;589
HE;w;Summe;SPD;488923;2512;31158;397902;2633;7769;6211;34982;;5756;3055;527
HE;w;Summe;AfD;115296;323;6533;5202;94172;3665;455;134;;4813;1959;2407
HE;w;Summe;FDP;194693;830;49046;18707;4371;108973;1248;6479;;5038;3029;877
HE;w;Summe;DIE LINKE;67626;44;1115;12817;673;1507;37581;11282;;2608;1015;607
HE;w;Summe;GRÜNE;295528;899;15883;56889;228;5396;10438;201043;;4753;1409;204
HE;w;Summe;CSU;;;;;;;;;;;;
HE;w;Summe;Sonstige;144786;3160;10791;21443;7466;11546;9533;13623;;67226;28087;22995
HE;w;Summe;dar. FREIE WÄHLER;29319;118;2898;2723;678;1652;252;414;;20584;19650;364
HE;w;Summe;dar. dieBasis;25602;108;835;524;2235;1019;636;314;;19932;432;19123
HE;w;1997 - 2003;Summe;130136;1186;17749;29953;4974;17843;11652;36505;;10274;3970;1428
HE;w;1997 - 2003;Ungültig;1161;872;;157;9;29;36;;;58;;
HE;w;1997 - 2003;CDU;12187;57;9238;1400;227;787;;239;;238;115;48
HE;w;1997 - 2003;SPD;21545;;2041;14686;110;785;1131;2223;;569;156;5
HE;w;1997 - 2003;AfD;5108;;324;253;3802;254;12;;;462;298;141
HE;w;1997 - 2003;FDP;20838;11;3632;2092;496;11980;276;1450;;902;595;108
HE;w;1997 - 2003;DIE LINKE;11758;;5;1656;42;448;6329;2780;;498;53;54
HE;w;1997 - 2003;GRÜNE;38247;;986;6414;;854;2155;26994;;844;241;
HE;w;1997 - 2003;CSU;;;;;;;;;;;;
HE;w;1997 - 2003;Sonstige;19291;246;1523;3295;287;2706;1713;2818;;6702;2511;1072
HE;w;1997 - 2003;dar. FREIE WÄHLER;2104;;240;262;;175;;117;;1310;1310;
HE;w;1997 - 2003;dar. dieBasis;1230;;49;102;83;100;;45;;852;67;785
HE;w;1987 - 1996;Summe;214516;2503;35895;53958;15303;23090;15244;52687;;15835;5803;4256
HE;w;1987 - 1996;Ungültig;1823;1342;35;208;85;;;;;153;;49
HE;w;1987 - 1996;CDU;27016;143;21994;2004;202;1189;47;1005;;431;252;52
HE;w;1987 - 1996;SPD;43516;71;3295;32566;487;811;573;5023;;690;246;34
HE;w;1987 - 1996;AfD;15366;49;843;486;12767;593;66;59;;503;63;372
HE;w;1987 - 1996;FDP;27385;38;5331;3167;363;16304;330;921;;932;573;85
HE;w;1987 - 1996;DIE LINKE;13761;;235;1893;123;150;7873;3103;;384;205;
HE;w;1987 - 1996;GRÜNE;55371;97;2260;8662;73;1293;3402;38272;;1313;327;
HE;w;1987 - 1996;CSU;;;;;;;;;;;;
HE;w;1987 - 1996;Sonstige;30278;763;1902;4972;1203;2750;2955;4303;;11429;4137;3663
HE;w;1987 - 1996;dar. FREIE WÄHLER;4040;46;341;351;;331;82;63;;2827;2515;195
HE;w;1987 - 1996;dar. dieBasis;3838;;146;104;454;289;146;;;2698;87;2508
HE;w;1977 - 1986;Summe;226107;2732;52264;58954;17962;23070;10840;42847;;17438;7144;5884
HE;w;1977 - 1986;Ungültig;2369;1927;182;101;;34;;52;;73;73;
HE;w;1977 - 1986;CDU;41219;;35058;2104;689;1656;270;715;;727;310;210
HE;w;1977 - 1986;SPD;50205;195;4423;37601;336;1240;692;4912;;807;366;74
HE;w;1977 - 1986;AfD;19284;;1550;1097;14426;933;138;63;;1077;573;408
HE;w;1977 - 1986;FDP;27873;150;6174;2501;575;16454;203;830;;987;499;290
HE;w;1977 - 1986;DIE LINKE;9745;;196;1964;152;230;5819;1151;;233;153;14
HE;w;1977 - 1986;GRÜNE;48287;37;2652;9384;59;525;1923;32718;;988;215;5
HE;w;1977 - 1986;CSU;;;;;;;;;;;;
HE;w;1977 - 1986;Sonstige;27126;423;2029;4201;1725;1998;1797;2407;;12547;4956;4882
HE;w;1977 - 1986;dar. FREIE WÄHLER;5655;;677;604;131;330;68;;;3843;3675;70
HE;w;1977 - 1986;dar. dieBasis;5374;;189;52;514;301;184;80;;4055;99;3956
HE;w;1962 - 1976;Summe;454217;6242;112697;137413;36793;40281;14491;76163;;30137;13866;10157
HE;w;1962 - 1976;Ungültig;5248;4174;179;355;90;150;9;132;;157;75;82
HE;w;1962 - 1976;CDU;92971;314;80472;4639;617;3635;58;2225;;1009;751;105
HE;w;1962 - 1976;SPD;129772;423;9143;102301;632;2371;1690;10938;;2274;1356;331
HE;w;1962 - 1976;AfD;37157;100;1692;1491;31012;1097;131;12;;1623;601;852
HE;w;1962 - 1976;FDP;52577;303;14033;4467;1613;28240;322;2023;;1576;920;339
HE;w;1962 - 1976;DIE LINKE;15712;5;309;3484;244;487;8472;1787;;924;397;267
HE;w;1962 - 1976;GRÜNE;80330;259;4295;15436;95;1691;1586;56041;;926;338;131
HE;w;1962 - 1976;CSU;;;;;;;;;;;;
HE;w;1962 - 1976;Sonstige;40451;664;2574;5240;2490;2609;2222;3005;;21648;9428;8050
HE;w;1962 - 1976;dar. FREIE WÄHLER;9900;;896;755;311;498;103;235;;7103;6722;99
HE;w;1962 - 1976;dar. dieBasis;8727;108;146;128;632;257;199;56;;7201;104;6882
HE;w;1952 - 1961;Summe;302184;4645;84715;106069;22666;21838;8543;40764;;12943;5759;4616
HE;w;1952 - 1961;Ungültig;4073;2514;644;393;314;63;47;98;;;;
HE;w;1952 - 1961;CDU;73216;397;66066;2341;586;2109;88;1055;;575;364;113
HE;w;1952 - 1961;SPD;100956;545;4284;85201;537;1253;1372;6833;;930;566;78
HE;w;1952 - 1961;AfD;22502;68;906;1109;19178;445;40;;;755;336;397
HE;w;1952 - 1961;FDP;29765;218;8506;3061;663;16377;12;640;;286;157;55
HE;w;1952 - 1961;DIE LINKE;10451;39;204;2320;70;109;5507;1677;;525;162;272
HE;w;1952 - 1961;GRÜNE;44522;360;2958;9513;;595;890;29708;;497;177;68
HE;w;1952 - 1961;CSU;;;;;;;;;;;;
HE;w;1952 - 1961;Sonstige;16699;504;1148;2130;1317;885;586;753;;9375;3999;3633
HE;w;1952 - 1961;dar. FREIE WÄHLER;3879;;383;291;161;150;;;;2895;2822;
HE;w;1952 - 1961;dar. dieBasis;4204;;141;73;266;;106;85;;3532;76;3456
HE;w;1951 und früher;Summe;401005;6505;170373;145319;15178;25641;5431;25109;;7449;4214;2079
HE;w;1951 und früher;Ungültig;7846;3764;1565;1383;143;322;53;485;;131;20;82
HE;w;1951 und früher;CDU;152185;542;143734;3620;371;2932;128;527;;330;243;61
HE;w;1951 und früher;SPD;142929;1277;7972;125548;532;1309;753;5053;;485;366;5
HE;w;1951 und früher;AfD;15880;106;1218;766;12987;343;68;;;393;88;236
HE;w;1951 und früher;FDP;36254;110;11371;3420;661;19619;105;614;;355;285;
HE;w;1951 und früher;DIE LINKE;6199;;166;1500;42;82;3581;784;;45;45;
HE;w;1951 und früher;GRÜNE;28771;146;2733;7478;;437;482;17309;;185;113;
HE;w;1951 und früher;CSU;;;;;;;;;;;;
HE;w;1951 und früher;Sonstige;10940;559;1615;1604;442;597;260;337;;5525;3055;1695
HE;w;1951 und früher;dar. FREIE WÄHLER;3742;72;361;459;75;169;;;;2606;2606;
HE;w;1951 und früher;dar. dieBasis;2229;;165;65;285;72;;48;;1594;;1535
RP;Summe;Summe;Summe;2357021;31352;686825;697183;205790;193360;84143;247246;;211122;114991;32093
RP;Summe;Summe;Ungültig;22869;16460;2551;2046;723;347;104;269;;369;183;6
RP;Summe;Summe;CDU;576533;3763;518819;18845;4198;13568;1641;5477;;10221;7818;419
RP;Summe;Summe;SPD;685534;4638;50404;551807;4185;12334;11625;31214;;19326;13259;769
RP;Summe;Summe;AfD;215205;877;9658;7052;180906;5540;1140;221;;9812;5008;3252
RP;Summe;Summe;FDP;272451;1495;70123;24605;5439;147394;2162;5877;;15356;11060;914
RP;Summe;Summe;DIE LINKE;76123;476;1581;12068;1270;1752;45599;7879;;5497;1753;898
RP;Summe;Summe;GRÜNE;293135;608;17353;59679;75;3544;14180;185977;;11719;3454;453
RP;Summe;Summe;CSU;;;;;;;;;;;;
RP;Summe;Summe;Sonstige;215171;3034;16336;21081;8993;8881;7693;10332;;138821;72457;25383
RP;Summe;Summe;dar. FREIE WÄHLER;84396;704;8216;6132;1225;2585;727;1153;;63653;61473;505
RP;Summe;Summe;dar. dieBasis;28719;49;625;913;2454;661;389;140;;23489;1007;21758
RP;Summe;1997 - 2003;Summe;181059;1396;31658;40915;9959;29207;11505;34448;;21971;7336;1859
RP;Summe;1997 - 2003;Ungültig;967;721;72;46;;73;;;;54;;
RP;Summe;1997 - 2003;CDU;19533;21;15957;1447;141;1061;61;399;;444;375;9
RP;Summe;1997 - 2003;SPD;33564;31;3589;22428;95;1939;970;3134;;1379;624;
RP;Summe;1997 - 2003;AfD;10667;;636;554;8158;696;37;;;586;402;135
RP;Summe;1997 - 2003;FDP;38637;119;7630;4385;558;22368;291;1136;;2150;1122;143
RP;Summe;1997 - 2003;DIE LINKE;11145;261;95;1699;46;245;5734;2092;;973;93;54
RP;Summe;1997 - 2003;GRÜNE;38600;33;1143;6643;;752;2725;24624;;2679;153;
RP;Summe;1997 - 2003;CSU;;;;;;;;;;;;
RP;Summe;1997 - 2003;Sonstige;27945;210;2536;3712;962;2072;1686;3062;;13706;4567;1517
RP;Summe;1997 - 2003;dar. FREIE WÄHLER;5740;54;988;593;68;389;107;239;;3300;3039;23
RP;Summe;1997 - 2003;dar. dieBasis;1640;;10;24;215;177;;;;1213;111;1043
RP;Summe;1987 - 1996;Summe;284218;2578;52789;68830;28374;32273;15002;43616;;40757;20245;5575
RP;Summe;1987 - 1996;Ungültig;1950;1474;157;200;;46;;73;;;;
RP;Summe;1987 - 1996;CDU;37240;108;30188;2700;743;1466;105;435;;1494;1123;161
RP;Summe;1987 - 1996;SPD;60682;237;7013;44317;405;1859;1210;2666;;2974;1778;109
RP;Summe;1987 - 1996;AfD;29244;153;1262;969;24170;1109;44;13;;1525;792;525
RP;Summe;1987 - 1996;FDP;43136;138;8888;4563;1109;23953;254;1304;;2927;2003;61
RP;Summe;1987 - 1996;DIE LINKE;15189;;367;2366;166;653;8381;1753;;1503;392;305
RP;Summe;1987 - 1996;GRÜNE;51680;88;2244;8740;;862;3076;34343;;2327;470;146
RP;Summe;1987 - 1996;CSU;;;;;;;;;;;;
RP;Summe;1987 - 1996;Sonstige;45097;380;2671;4975;1781;2323;1933;3029;;28006;13687;4269
RP;Summe;1987 - 1996;dar. FREIE WÄHLER;13463;71;898;656;194;551;;160;;10932;10377;156
RP;Summe;1987 - 1996;dar. dieBasis;4769;;109;212;376;123;76;36;;3837;318;3274
RP;Summe;1977 - 1986;Summe;297418;2697;70549;73917;39500;26965;11891;35099;;36801;20498;5403
RP;Summe;1977 - 1986;Ungültig;2289;1606;165;192;68;10;;56;;191;138;6
RP;Summe;1977 - 1986;CDU;56426;182;48432;2882;565;1776;152;672;;1764;1376;79
RP;Summe;1977 - 1986;SPD;67436;132;6166;51282;604;1763;1076;3766;;2646;1867;99
RP;Summe;1977 - 1986;AfD;41289;44;1756;1091;34736;896;301;10;;2455;1291;558
RP;Summe;1977 - 1986;FDP;37488;253;8837;3246;1069;20316;363;951;;2453;1930;80
RP;Summe;1977 - 1986;DIE LINKE;12132;;251;2238;417;475;6703;1363;;686;244;11
RP;Summe;1977 - 1986;GRÜNE;42957;92;2443;8879;10;353;2000;27218;;1962;662;72
RP;Summe;1977 - 1986;CSU;;;;;;;;;;;;
RP;Summe;1977 - 1986;Sonstige;37401;388;2498;4106;2030;1376;1296;1062;;24645;12989;4498
RP;Summe;1977 - 1986;dar. FREIE WÄHLER;14913;3;1245;1450;497;346;39;182;;11151;10937;3
RP;Summe;1977 - 1986;dar. dieBasis;5113;;146;129;359;167;88;;;4224;58;3980
RP;Summe;1962 - 1976;Summe;648132;7318;172269;188831;70681;51899;21738;71570;;63827;36532;11905
RP;Summe;1962 - 1976;Ungültig;4539;3231;487;477;168;82;;50;;44;;
RP;Summe;1962 - 1976;CDU;141841;885;125146;4762;1371;4210;438;1886;;3143;2297;98
RP;Summe;1962 - 1976;SPD;192225;1398;13889;150664;1854;2946;3524;10934;;7017;4994;339
RP;Summe;1962 - 1976;AfD;73641;210;3008;2337;62386;1654;427;22;;3596;1696;1390
RP;Summe;1962 - 1976;FDP;74082;390;19466;5907;1629;39825;828;1376;;4661;3543;438
RP;Summe;1962 - 1976;DIE LINKE;18557;141;453;2975;367;210;11772;1366;;1273;696;205
RP;Summe;1962 - 1976;GRÜNE;83233;149;5245;17167;;900;3113;53701;;2958;1428;187
RP;Summe;1962 - 1976;CSU;;;;;;;;;;;;
RP;Summe;1962 - 1976;Sonstige;60014;913;4575;4542;2906;2073;1635;2235;;41135;21878;9247
RP;Summe;1962 - 1976;dar. FREIE WÄHLER;26341;222;2092;1736;292;780;257;409;;20552;19741;246
RP;Summe;1962 - 1976;dar. dieBasis;10463;15;258;188;896;139;143;63;;8760;334;8227
RP;Summe;1952 - 1961;Summe;452565;6248;137801;156437;35894;27652;16194;40914;;31425;19571;5165
RP;Summe;1952 - 1961;Ungültig;4790;3372;502;506;268;52;22;28;;41;13;
RP;Summe;1952 - 1961;CDU;120651;927;109826;3160;754;2287;466;967;;2265;1874;50
RP;Summe;1952 - 1961;SPD;158234;837;8539;132394;775;2699;3048;6420;;3522;2615;156
RP;Summe;1952 - 1961;AfD;37089;322;1188;1213;32194;743;193;104;;1132;574;431
RP;Summe;1952 - 1961;FDP;40942;226;12200;3368;682;21096;283;694;;2393;1881;143
RP;Summe;1952 - 1961;DIE LINKE;13098;19;229;1926;271;43;9046;900;;664;172;168
RP;Summe;1952 - 1961;GRÜNE;50060;9;3320;11471;65;296;2316;31162;;1421;551;48
RP;Summe;1952 - 1961;CSU;;;;;;;;;;;;
RP;Summe;1952 - 1961;Sonstige;27700;536;1997;2399;885;437;820;640;;19987;11890;4170
RP;Summe;1952 - 1961;dar. FREIE WÄHLER;14447;236;1538;1143;89;151;211;128;;10951;10711;26
RP;Summe;1952 - 1961;dar. dieBasis;4967;34;101;314;456;;41;40;;3981;172;3809
RP;Summe;1951 und früher;Summe;493628;11115;221759;168253;21382;25364;7813;21599;;16342;10810;2185
RP;Summe;1951 und früher;Ungültig;8334;6055;1169;624;218;84;82;62;;40;31;
RP;Summe;1951 und früher;CDU;200841;1640;189269;3893;625;2768;418;1118;;1111;773;21
RP;Summe;1951 und früher;SPD;173393;2003;11208;150722;452;1129;1798;4293;;1788;1380;66
RP;Summe;1951 und früher;AfD;23275;148;1808;888;19262;442;137;72;;518;252;212
RP;Summe;1951 und früher;FDP;38166;370;13101;3136;393;19835;143;415;;773;580;49
RP;Summe;1951 und früher;DIE LINKE;6001;56;185;864;3;126;3963;406;;398;157;154
RP;Summe;1951 und früher;GRÜNE;26604;237;2959;6779;;381;950;14929;;371;189;
RP;Summe;1951 und früher;CSU;;;;;;;;;;;;
RP;Summe;1951 und früher;Sonstige;17013;608;2059;1348;430;599;322;305;;11343;7447;1683
RP;Summe;1951 und früher;dar. FREIE WÄHLER;9492;118;1455;554;84;368;112;35;;6767;6667;50
RP;Summe;1951 und früher;dar. dieBasis;1767;;;46;151;55;41;;;1473;13;1425
RP;m;Summe;Summe;1151791;14812;331067;330899;129152;100576;41163;106772;;97351;53877;13158
RP;m;Summe;Ungültig;9903;7423;769;809;332;203;81;77;;209;125;6
RP;m;Summe;CDU;274090;1740;248230;7379;2363;6632;512;2063;;5172;3994;106
RP;m;Summe;SPD;321142;2220;20904;263195;2299;6070;5794;12672;;7987;5667;226
RP;m;Summe;AfD;135248;508;6280;3908;115424;3122;659;56;;5290;2860;1531
RP;m;Summe;FDP;147675;975;39724;12723;3571;78439;899;2989;;8356;5843;403
RP;m;Summe;DIE LINKE;39946;202;820;6935;615;996;24057;3867;;2454;645;370
RP;m;Summe;GRÜNE;128001;372;7418;27483;75;1455;5444;80748;;5005;1385;152
RP;m;Summe;CSU;;;;;;;;;;;;
RP;m;Summe;Sonstige;95786;1372;6923;8466;4474;3657;3717;4300;;62877;33357;10366
RP;m;Summe;dar. FREIE WÄHLER;38874;454;3330;2426;593;1276;285;488;;30023;28970;137
RP;m;Summe;dar. dieBasis;11727;34;262;238;1128;385;194;11;;9475;256;8889
RP;m;1997 - 2003;Summe;91879;695;16317;19559;6330;18923;4678;13612;;11764;3939;966
RP;m;1997 - 2003;Ungültig;494;342;69;;;73;;;;10;;
RP;m;1997 - 2003;CDU;9647;;8080;464;93;563;41;125;;281;234;9
RP;m;1997 - 2003;SPD;16037;31;1372;10729;69;1167;464;1447;;757;299;
RP;m;1997 - 2003;AfD;6856;;441;269;5290;565;;;;290;162;79
RP;m;1997 - 2003;FDP;25483;119;4777;2783;364;15111;124;730;;1474;738;97
RP;m;1997 - 2003;DIE LINKE;5282;92;67;815;;151;2615;979;;562;29;54
RP;m;1997 - 2003;GRÜNE;14572;;504;2922;;264;673;8943;;1266;47;
RP;m;1997 - 2003;CSU;;;;;;;;;;;;
RP;m;1997 - 2003;Sonstige;13509;112;1007;1577;514;1028;761;1387;;7123;2429;726
RP;m;1997 - 2003;dar. FREIE WÄHLER;3153;41;362;288;68;293;10;106;;1985;1879;
RP;m;1997 - 2003;dar. dieBasis;737;;10;;120;66;;;;540;13;527
RP;m;1987 - 1996;Summe;146243;1485;27072;35457;17293;18616;7679;19016;;19626;9429;2574
RP;m;1987 - 1996;Ungültig;1016;764;65;141;;46;;;;;;
RP;m;1987 - 1996;CDU;17841;52;14829;980;369;752;71;90;;698;553;74
RP;m;1987 - 1996;SPD;30168;88;3484;22850;110;1008;607;1021;;999;573;40
RP;m;1987 - 1996;AfD;18005;136;652;521;14964;682;31;;;1019;593;297
RP;m;1987 - 1996;FDP;25754;127;5253;3047;710;14071;204;571;;1770;1233;24
RP;m;1987 - 1996;DIE LINKE;7855;;282;1339;89;377;4366;902;;500;;136
RP;m;1987 - 1996;GRÜNE;23287;53;952;4023;;540;1345;15191;;1182;166;46
RP;m;1987 - 1996;CSU;;;;;;;;;;;;
RP;m;1987 - 1996;Sonstige;22317;263;1554;2556;1051;1139;1054;1241;;13458;6312;1956
RP;m;1987 - 1996;dar. FREIE WÄHLER;6326;71;421;277;164;359;;3;;5032;4774;64
RP;m;1987 - 1996;dar. dieBasis;2099;;61;121;198;40;65;;;1614;46;1472
RP;m;1977 - 1986;Summe;147232;1098;34291;34653;24683;13788;6222;15112;;17385;9571;2147
RP;m;1977 - 1986;Ungültig;1014;659;;107;58;;;56;;133;81;6
RP;m;1977 - 1986;CDU;26932;54;23656;922;254;888;40;228;;889;688;
RP;m;1977 - 1986;SPD;30701;59;2237;24012;297;874;622;1654;;946;584;
RP;m;1977 - 1986;AfD;25724;22;1263;563;21972;518;151;10;;1226;653;229
RP;m;1977 - 1986;FDP;20378;73;5295;1626;701;10628;116;518;;1420;1050;40
RP;m;1977 - 1986;DIE LINKE;6706;;25;1200;160;210;3938;815;;359;126;
RP;m;1977 - 1986;GRÜNE;18312;25;855;4388;10;115;677;11394;;847;258;41
RP;m;1977 - 1986;CSU;;;;;;;;;;;;
RP;m;1977 - 1986;Sonstige;17465;206;959;1835;1231;555;678;437;;11564;6131;1831
RP;m;1977 - 1986;dar. FREIE WÄHLER;7101;;458;726;223;100;30;106;;5459;5320;
RP;m;1977 - 1986;dar. dieBasis;2315;;68;;262;157;68;;;1760;;1604
RP;m;1962 - 1976;Summe;323524;3503;88680;90112;46104;25118;10685;30702;;28619;17596;4550
RP;m;1962 - 1976;Ungültig;2127;1596;290;157;74;;;10;;;;
RP;m;1962 - 1976;CDU;72596;361;64521;2365;906;2026;186;698;;1533;1118;11
RP;m;1962 - 1976;SPD;91335;683;6135;73165;1218;1173;1784;4039;;3139;2464;122
RP;m;1962 - 1976;AfD;47205;51;1832;1174;41474;725;208;13;;1728;985;481
RP;m;1962 - 1976;FDP;38846;261;11388;2618;1100;20080;327;732;;2338;1780;163
RP;m;1962 - 1976;DIE LINKE;10031;66;269;1840;205;155;6212;688;;596;374;25
RP;m;1962 - 1976;GRÜNE;36537;100;2372;7499;;282;1400;23659;;1225;716;54
RP;m;1962 - 1976;CSU;;;;;;;;;;;;
RP;m;1962 - 1976;Sonstige;24846;384;1872;1294;1126;678;569;863;;18060;10159;3695
RP;m;1962 - 1976;dar. FREIE WÄHLER;12193;187;958;561;49;368;115;182;;9773;9407;23
RP;m;1962 - 1976;dar. dieBasis;4085;;79;57;356;88;10;11;;3484;113;3293
RP;m;1952 - 1961;Summe;223643;2826;66832;77515;22050;12891;8018;19519;;13993;9138;2171
RP;m;1952 - 1961;Ungültig;1809;1363;62;182;154;;22;;;26;13;
RP;m;1952 - 1961;CDU;58654;511;53539;1303;417;975;122;553;;1236;1003;11
RP;m;1952 - 1961;SPD;76999;320;3354;66063;364;1264;1439;2713;;1482;1150;10
RP;m;1952 - 1961;AfD;23261;254;876;794;20030;458;133;;;717;304;314
RP;m;1952 - 1961;FDP;20267;167;6817;1390;481;9900;43;374;;1096;861;78
RP;m;1952 - 1961;DIE LINKE;6639;16;13;1159;158;43;4786;274;;191;19;46
RP;m;1952 - 1961;GRÜNE;24242;;1444;5861;65;116;946;15415;;394;132;10
RP;m;1952 - 1961;CSU;;;;;;;;;;;;
RP;m;1952 - 1961;Sonstige;11772;196;728;764;380;136;528;190;;8851;5655;1701
RP;m;1952 - 1961;dar. FREIE WÄHLER;6537;82;556;391;61;69;119;57;;5202;5114;
RP;m;1952 - 1961;dar. dieBasis;1931;34;44;40;144;;10;;;1659;73;1586
RP;m;1951 und früher;Summe;219270;5204;97875;73602;12692;11241;3881;8810;;5965;4203;750
RP;m;1951 und früher;Ungültig;3442;2699;282;222;45;84;59;10;;40;31;
RP;m;1951 und früher;CDU;88420;762;83604;1345;325;1429;52;369;;535;398;
RP;m;1951 und früher;SPD;75903;1038;4324;66376;240;585;878;1798;;665;597;54
RP;m;1951 und früher;AfD;14197;44;1217;587;11694;175;137;33;;310;163;131
RP;m;1951 und früher;FDP;16948;227;6193;1259;213;8649;85;64;;258;180;
RP;m;1951 und früher;DIE LINKE;3432;28;163;583;3;60;2139;209;;246;97;108
RP;m;1951 und früher;GRÜNE;11051;194;1291;2791;;138;403;6145;;90;66;
RP;m;1951 und früher;CSU;;;;;;;;;;;;
RP;m;1951 und früher;Sonstige;5877;212;803;439;172;121;127;181;;3821;2672;457
RP;m;1951 und früher;dar. FREIE WÄHLER;3564;71;577;183;28;88;10;35;;2572;2476;50
RP;m;1951 und früher;dar. dieBasis;560;;;20;48;33;41;;;417;10;407
RP;w;Summe;Summe;1205230;16540;355758;366284;76638;92784;42980;140474;;113771;61115;18934
RP;w;Summe;Ungültig;12966;9037;1783;1236;391;144;22;193;;160;57;
RP;w;Summe;CDU;302443;2023;270589;11466;1835;6936;1130;3415;;5049;3824;313
RP;w;Summe;SPD;364392;2418;29499;288612;1887;6264;5831;18542;;11339;7591;543
RP;w;Summe;AfD;79957;370;3377;3144;65482;2418;481;164;;4522;2148;1721
RP;w;Summe;FDP;124776;520;30399;11882;1869;68954;1264;2888;;7000;5218;511
RP;w;Summe;DIE LINKE;36177;275;761;5133;655;756;21542;4012;;3044;1107;528
RP;w;Summe;GRÜNE;165134;236;9936;32196;;2088;8735;105229;;6714;2070;301
RP;w;Summe;CSU;;;;;;;;;;;;
RP;w;Summe;Sonstige;119385;1661;9413;12616;4520;5223;3976;6032;;75944;39099;15017
RP;w;Summe;dar. FREIE WÄHLER;45522;251;4885;3706;632;1309;443;666;;33630;32503;368
RP;w;Summe;dar. dieBasis;16992;15;363;675;1326;276;195;128;;14014;751;12868
RP;w;1997 - 2003;Summe;89180;701;15341;21356;3629;10283;6827;20836;;10207;3396;893
RP;w;1997 - 2003;Ungültig;473;380;3;46;;;;;;44;;
RP;w;1997 - 2003;CDU;9886;21;7878;984;48;498;20;274;;162;141;
RP;w;1997 - 2003;SPD;17527;;2217;11699;25;771;506;1687;;622;325;
RP;w;1997 - 2003;AfD;3812;;194;285;2868;131;37;;;296;239;56
RP;w;1997 - 2003;FDP;13154;;2853;1602;193;7257;166;407;;675;384;46
RP;w;1997 - 2003;DIE LINKE;5863;168;28;884;46;93;3120;1113;;412;63;
RP;w;1997 - 2003;GRÜNE;24028;33;639;3722;;488;2052;15681;;1413;106;
RP;w;1997 - 2003;CSU;;;;;;;;;;;;
RP;w;1997 - 2003;Sonstige;14437;98;1529;2134;448;1045;925;1674;;6583;2138;791
RP;w;1997 - 2003;dar. FREIE WÄHLER;2587;13;627;306;;97;97;133;;1315;1161;23
RP;w;1997 - 2003;dar. dieBasis;902;;;24;95;111;;;;673;98;516
RP;w;1987 - 1996;Summe;137976;1093;25718;33373;11080;13657;7323;24600;;21131;10816;3002
RP;w;1987 - 1996;Ungültig;934;710;92;59;;;;73;;;;
RP;w;1987 - 1996;CDU;19400;56;15359;1720;374;714;34;345;;796;570;87
RP;w;1987 - 1996;SPD;30514;149;3529;21467;295;851;602;1645;;1975;1205;69
RP;w;1987 - 1996;AfD;11239;17;610;447;9206;427;13;13;;506;199;228
RP;w;1987 - 1996;FDP;17382;10;3635;1516;399;9882;50;733;;1157;771;37
RP;w;1987 - 1996;DIE LINKE;7334;;85;1027;77;276;4015;851;;1003;392;169
RP;w;1987 - 1996;GRÜNE;28393;35;1292;4717;;322;1731;19152;;1145;303;99
RP;w;1987 - 1996;CSU;;;;;;;;;;;;
RP;w;1987 - 1996;Sonstige;22780;116;1116;2419;730;1184;878;1787;;14548;7375;2313
RP;w;1987 - 1996;dar. FREIE WÄHLER;7138;;478;380;31;192;;157;;5900;5603;92
RP;w;1987 - 1996;dar. dieBasis;2669;;48;90;178;83;10;36;;2223;272;1802
RP;w;1977 - 1986;Summe;150186;1599;36257;39264;14817;13177;5669;19987;;19416;10927;3256
RP;w;1977 - 1986;Ungültig;1275;947;165;85;10;10;;;;57;57;
RP;w;1977 - 1986;CDU;29494;128;24776;1959;311;888;112;445;;875;687;79
RP;w;1977 - 1986;SPD;36735;73;3929;27270;307;889;454;2112;;1701;1283;99
RP;w;1977 - 1986;AfD;15565;22;493;529;12765;378;150;;;1228;639;329
RP;w;1977 - 1986;FDP;17110;179;3541;1620;368;9688;247;433;;1033;880;39
RP;w;1977 - 1986;DIE LINKE;5426;;226;1039;257;266;2764;548;;327;118;11
RP;w;1977 - 1986;GRÜNE;24645;67;1588;4491;;238;1323;15824;;1115;404;31
RP;w;1977 - 1986;CSU;;;;;;;;;;;;
RP;w;1977 - 1986;Sonstige;19936;182;1539;2271;799;821;618;625;;13080;6858;2667
RP;w;1977 - 1986;dar. FREIE WÄHLER;7812;3;787;723;275;245;9;76;;5693;5617;3
RP;w;1977 - 1986;dar. dieBasis;2798;;79;129;97;9;20;;;2464;58;2375
RP;w;1962 - 1976;Summe;324609;3814;83589;98719;24577;26782;11052;40868;;35208;18936;7354
RP;w;1962 - 1976;Ungültig;2411;1635;197;320;94;82;;39;;44;;
RP;w;1962 - 1976;CDU;69245;524;60625;2397;465;2184;252;1188;;1610;1179;87
RP;w;1962 - 1976;SPD;100890;714;7754;77498;636;1773;1740;6895;;3878;2530;217
RP;w;1962 - 1976;AfD;26436;159;1177;1163;20912;929;219;9;;1868;711;910
RP;w;1962 - 1976;FDP;35236;129;8078;3289;529;19745;501;644;;2322;1763;275
RP;w;1962 - 1976;DIE LINKE;8526;75;184;1135;162;55;5560;678;;677;322;180
RP;w;1962 - 1976;GRÜNE;46696;49;2873;9668;;618;1714;30042;;1733;712;133
RP;w;1962 - 1976;CSU;;;;;;;;;;;;
RP;w;1962 - 1976;Sonstige;35168;529;2703;3248;1781;1395;1066;1372;;23075;11719;5552
RP;w;1962 - 1976;dar. FREIE WÄHLER;14148;35;1134;1175;243;412;142;228;;10779;10334;223
RP;w;1962 - 1976;dar. dieBasis;6378;15;179;132;541;51;133;52;;5276;222;4934
RP;w;1952 - 1961;Summe;228922;3422;70969;78922;13844;14761;8177;21395;;17432;10433;2994
RP;w;1952 - 1961;Ungültig;2981;2009;440;323;115;52;;28;;15;;
RP;w;1952 - 1961;CDU;61997;416;56287;1858;337;1312;344;414;;1029;872;38
RP;w;1952 - 1961;SPD;81235;517;5185;66332;411;1435;1609;3707;;2039;1465;146
RP;w;1952 - 1961;AfD;13828;68;312;419;12164;285;61;104;;415;270;117
RP;w;1952 - 1961;FDP;20675;59;5383;1978;200;11196;241;320;;1297;1020;65
RP;w;1952 - 1961;DIE LINKE;6459;3;216;767;113;;4260;626;;473;152;122
RP;w;1952 - 1961;GRÜNE;25819;9;1876;5610;;180;1369;15746;;1027;420;38
RP;w;1952 - 1961;CSU;;;;;;;;;;;;
RP;w;1952 - 1961;Sonstige;15928;340;1269;1635;505;301;293;450;;11136;6234;2468
RP;w;1952 - 1961;dar. FREIE WÄHLER;7910;154;982;752;28;82;92;72;;5749;5597;26
RP;w;1952 - 1961;dar. dieBasis;3037;;58;274;312;;31;40;;2322;99;2223
RP;w;1951 und früher;Summe;274358;5911;123884;94651;8690;14123;3932;12789;;10377;6607;1435
RP;w;1951 und früher;Ungültig;4892;3356;887;402;173;;22;52;;;;
RP;w;1951 und früher;CDU;112421;878;105665;2548;300;1339;366;748;;576;376;21
RP;w;1951 und früher;SPD;97491;965;6884;84346;213;544;920;2495;;1124;783;11
RP;w;1951 und früher;AfD;9078;103;592;301;7568;268;;38;;209;90;81
RP;w;1951 und früher;FDP;21218;142;6908;1877;179;11186;58;351;;515;401;49
RP;w;1951 und früher;DIE LINKE;2569;28;23;280;;66;1823;197;;152;59;46
RP;w;1951 und früher;GRÜNE;15553;44;1668;3988;;242;547;8784;;280;124;
RP;w;1951 und früher;CSU;;;;;;;;;;;;
RP;w;1951 und früher;Sonstige;11137;396;1256;908;258;478;195;124;;7521;4775;1226
RP;w;1951 und früher;dar. FREIE WÄHLER;5928;46;878;371;56;280;101;;;4194;4191;
RP;w;1951 und früher;dar. dieBasis;1207;;;25;103;22;;;;1057;3;1018
BW;Summe;Summe;Summe;5997317;54574;1767316;1247455;561058;711697;175691;1058334;;421192;137484;127724
BW;Summe;Summe;Ungültig;47657;31338;6184;3038;2747;1479;594;880;;1395;569;396
BW;Summe;Summe;CDU;1477612;4713;1302798;43022;16990;57489;1575;34060;;16964;11110;1916
BW;Summe;Summe;SPD;1287934;4959;105499;923093;12854;38897;16793;158016;;27823;12811;3258
BW;Summe;Summe;AfD;571336;1930;29525;13079;477478;21810;3062;1458;;22994;5873;13351
BW;Summe;Summe;FDP;908039;3156;223578;57841;21467;533903;4041;34113;;29939;14649;5949
BW;Summe;Summe;DIE LINKE;196874;562;3925;25975;2463;3241;107521;41293;;11893;1730;1651
BW;Summe;Summe;GRÜNE;1022226;1630;59063;140671;540;17827;23333;754584;;24579;4469;1470
BW;Summe;Summe;CSU;;;;;;;;;;;;
BW;Summe;Summe;Sonstige;485639;6286;36743;40736;26519;37050;18772;33930;;285605;86273;99733
BW;Summe;Summe;dar. FREIE WÄHLER;103611;569;12884;6066;2920;6174;1332;2491;;71175;67166;1318
BW;Summe;Summe;dar. dieBasis;114919;876;2173;2701;8306;4497;1930;2098;;92336;2338;86456
BW;Summe;1997 - 2003;Summe;486549;2441;79565;73243;25977;104125;29177;121705;;50315;11315;7835
BW;Summe;1997 - 2003;Ungültig;1947;1379;91;;56;204;;95;;122;72;50
BW;Summe;1997 - 2003;CDU;54531;154;43543;2129;781;4689;114;2071;;1050;568;60
BW;Summe;1997 - 2003;SPD;64719;36;6663;40672;418;3616;1295;9558;;2461;537;256
BW;Summe;1997 - 2003;AfD;27399;26;1424;896;20709;2288;304;109;;1643;580;732
BW;Summe;1997 - 2003;FDP;121312;180;18643;7651;1800;80485;888;6507;;5159;2051;667
BW;Summe;1997 - 2003;DIE LINKE;32041;92;387;3842;157;620;16523;8396;;2023;;147
BW;Summe;1997 - 2003;GRÜNE;118234;84;4195;11715;53;3554;5929;87247;;5457;361;52
BW;Summe;1997 - 2003;CSU;;;;;;;;;;;;
BW;Summe;1997 - 2003;Sonstige;66365;489;4619;6338;2003;8669;4124;7722;;32401;7147;5870
BW;Summe;1997 - 2003;dar. FREIE WÄHLER;8592;110;1199;639;270;495;294;371;;5213;4749;66
BW;Summe;1997 - 2003;dar. dieBasis;6542;;136;251;268;419;242;95;;5130;306;4454
BW;Summe;1987 - 1996;Summe;832349;4892;162589;136265;74624;132697;38995;195231;;87058;25406;19915
BW;Summe;1987 - 1996;Ungültig;3419;2827;183;60;95;18;;39;;197;;79
BW;Summe;1987 - 1996;CDU;118177;217;97878;4208;1795;7613;286;3365;;2816;1635;401
BW;Summe;1987 - 1996;SPD;129854;458;12507;82877;1624;5385;2468;18677;;5859;2221;702
BW;Summe;1987 - 1996;AfD;74509;120;4356;1494;60841;4007;290;171;;3229;939;1293
BW;Summe;1987 - 1996;FDP;161466;117;32328;9102;4581;101560;902;5980;;6896;2784;1402
BW;Summe;1987 - 1996;DIE LINKE;43111;;326;5293;296;821;22241;11480;;2654;282;321
BW;Summe;1987 - 1996;GRÜNE;193768;220;7713;22872;155;3767;7349;145545;;6148;634;276
BW;Summe;1987 - 1996;CSU;;;;;;;;;;;;
BW;Summe;1987 - 1996;Sonstige;108044;933;7299;10357;5236;9527;5458;9974;;59259;16911;15442
BW;Summe;1987 - 1996;dar. FREIE WÄHLER;20028;56;2420;1266;653;1593;196;423;;13420;12487;273
BW;Summe;1987 - 1996;dar. dieBasis;16958;77;355;712;1357;700;254;208;;13294;340;12284
BW;Summe;1977 - 1986;Summe;824392;4899;203926;135754;103271;103784;27186;162810;;82762;27214;27390
BW;Summe;1977 - 1986;Ungültig;3704;2389;443;124;324;42;110;;;272;125;38
BW;Summe;1977 - 1986;CDU;157572;137;135843;4401;2447;6968;100;4173;;3504;2682;336
BW;Summe;1977 - 1986;SPD;136014;386;13680;89237;1705;5268;2452;18946;;4341;2140;374
BW;Summe;1977 - 1986;AfD;106668;300;4859;2154;88833;4082;545;98;;5798;1360;3576
BW;Summe;1977 - 1986;FDP;134280;258;33112;7246;3755;78135;575;5718;;5480;2731;1334
BW;Summe;1977 - 1986;DIE LINKE;29919;87;636;3712;661;374;16753;5022;;2675;313;447
BW;Summe;1977 - 1986;GRÜNE;163806;98;8693;21620;143;2264;3024;123996;;3968;1057;302
BW;Summe;1977 - 1986;CSU;;;;;;;;;;;;
BW;Summe;1977 - 1986;Sonstige;92430;1245;6662;7260;5404;6650;3627;4857;;56724;16808;20983
BW;Summe;1977 - 1986;dar. FREIE WÄHLER;19676;112;2393;999;594;1261;299;371;;13648;12835;214
BW;Summe;1977 - 1986;dar. dieBasis;23754;181;319;356;1756;1308;245;432;;19158;452;17922
BW;Summe;1962 - 1976;Summe;1620614;12986;461654;321027;190543;180602;42324;288064;;123414;45805;44547
BW;Summe;1962 - 1976;Ungültig;10323;7117;973;510;710;539;204;167;;102;48;18
BW;Summe;1962 - 1976;CDU;383834;845;332968;11058;5535;16834;538;11171;;4887;3204;561
BW;Summe;1962 - 1976;SPD;345149;1078;28621;237510;4057;10878;4989;48737;;9278;4858;1230
BW;Summe;1962 - 1976;AfD;195488;397;9962;4179;164110;6094;1260;510;;8976;2323;5627
BW;Summe;1962 - 1976;FDP;235072;1003;61744;14305;6142;133853;1062;8927;;8037;4830;1667
BW;Summe;1962 - 1976;DIE LINKE;45278;90;1128;5386;732;745;27068;7712;;2417;688;320
BW;Summe;1962 - 1976;GRÜNE;273603;398;16611;38430;120;3936;3777;204092;;6239;1741;565
BW;Summe;1962 - 1976;CSU;;;;;;;;;;;;
BW;Summe;1962 - 1976;Sonstige;131867;2057;9646;9650;9136;7724;3427;6749;;83478;28112;34559
BW;Summe;1962 - 1976;dar. FREIE WÄHLER;32464;77;3445;1445;1005;1706;321;711;;23755;22696;527
BW;Summe;1962 - 1976;dar. dieBasis;40298;431;599;947;2867;1274;727;637;;32815;708;31102
BW;Summe;1952 - 1961;Summe;1045302;10700;330149;259409;103049;96548;24562;173076;;47810;16621;17917
BW;Summe;1952 - 1961;Ungültig;9248;5777;944;815;989;118;215;87;;303;138;89
BW;Summe;1952 - 1961;CDU;280809;1365;250727;7570;3264;8657;105;6333;;2788;1749;214
BW;Summe;1952 - 1961;SPD;279910;1026;21095;207970;2817;6866;3636;33061;;3440;1948;316
BW;Summe;1952 - 1961;AfD;102767;428;4768;2679;88768;3051;238;426;;2408;486;1606
BW;Summe;1952 - 1961;FDP;128999;619;36811;8584;3294;72534;282;4216;;2659;1420;580
BW;Summe;1952 - 1961;DIE LINKE;30033;84;847;4219;392;468;16458;5939;;1624;311;322
BW;Summe;1952 - 1961;GRÜNE;160804;465;10281;23855;;1896;2207;120059;;2041;429;151
BW;Summe;1952 - 1961;CSU;;;;;;;;;;;;
BW;Summe;1952 - 1961;Sonstige;52732;936;4676;3717;3525;2957;1420;2955;;32546;10141;14639
BW;Summe;1952 - 1961;dar. FREIE WÄHLER;12824;80;1789;925;243;769;86;281;;8652;8230;173
BW;Summe;1952 - 1961;dar. dieBasis;18248;156;615;192;1648;549;400;642;;14047;483;13086
BW;Summe;1951 und früher;Summe;1188111;18656;529433;321757;63595;93942;13447;117448;;29833;11123;10119
BW;Summe;1951 und früher;Ungültig;19016;11849;3550;1529;573;558;65;493;;399;186;121
BW;Summe;1951 und früher;CDU;482689;1995;441840;13657;3168;12729;433;6947;;1921;1272;345
BW;Summe;1951 und früher;SPD;332287;1976;22933;264826;2233;6884;1952;29038;;2445;1107;381
BW;Summe;1951 und früher;AfD;64505;658;4156;1677;54217;2287;426;145;;939;187;517
BW;Summe;1951 und früher;FDP;126910;979;40940;10953;1894;67337;332;2765;;1709;834;299
BW;Summe;1951 und früher;DIE LINKE;16493;209;602;3523;225;214;8478;2743;;499;135;93
BW;Summe;1951 und früher;GRÜNE;112010;364;11570;22180;69;2410;1047;73645;;726;247;125
BW;Summe;1951 und früher;CSU;;;;;;;;;;;;
BW;Summe;1951 und früher;Sonstige;34201;626;3842;3412;1214;1524;715;1672;;21196;7154;8240
BW;Summe;1951 und früher;dar. FREIE WÄHLER;10027;134;1638;793;155;350;136;333;;6488;6168;65
BW;Summe;1951 und früher;dar. dieBasis;9119;32;150;243;409;247;62;84;;7891;49;7607
BW;m;Summe;Summe;2944024;25177;861589;585075;344961;376602;82932;476104;;191585;64652;48282
BW;m;Summe;Ungültig;20340;13907;2443;1265;1205;510;326;286;;399;219;80
BW;m;Summe;CDU;703027;2189;625983;17332;9619;26574;908;12837;;7586;5340;554
BW;m;Summe;SPD;603511;2262;46522;440045;7921;17427;6855;70375;;12103;5257;1150
BW;m;Summe;AfD;352460;1036;19468;7022;298458;11917;1839;933;;11788;3759;5886
BW;m;Summe;FDP;497644;1508;125629;28584;13036;294478;1681;17958;;14770;7270;2187
BW;m;Summe;DIE LINKE;101074;222;1794;13359;1239;1396;54943;21649;;6471;885;670
BW;m;Summe;GRÜNE;453179;859;24421;61134;325;8014;7944;337850;;12632;2142;353
BW;m;Summe;CSU;;;;;;;;;;;;
BW;m;Summe;Sonstige;212790;3195;15329;16333;13159;16286;8436;14217;;125836;39780;37402
BW;m;Summe;dar. FREIE WÄHLER;47227;360;5962;2238;1473;2595;359;1199;;33041;31256;689
BW;m;Summe;dar. dieBasis;44197;495;700;892;3798;2008;838;745;;34721;906;32656
BW;m;1997 - 2003;Summe;248715;1019;41235;35014;17085;64162;10894;52880;;26428;5209;3434
BW;m;1997 - 2003;Ungültig;703;545;38;;25;66;;;;29;29;
BW;m;1997 - 2003;CDU;27618;35;22498;894;594;2349;30;732;;486;266;
BW;m;1997 - 2003;SPD;30521;19;3162;19782;123;1869;388;4041;;1136;212;100
BW;m;1997 - 2003;AfD;17886;26;1025;421;13867;1393;120;109;;924;429;273
BW;m;1997 - 2003;FDP;76516;60;11480;4332;1152;52295;426;3865;;2906;1022;254
BW;m;1997 - 2003;DIE LINKE;13130;6;96;1594;79;388;6545;3359;;1064;;65
BW;m;1997 - 2003;GRÜNE;49729;47;1120;5063;53;1597;1775;36943;;3132;68;52
BW;m;1997 - 2003;CSU;;;;;;;;;;;;
BW;m;1997 - 2003;Sonstige;32612;282;1815;2927;1192;4203;1610;3832;;16750;3182;2690
BW;m;1997 - 2003;dar. FREIE WÄHLER;3760;62;479;292;107;228;;192;;2401;2191;30
BW;m;1997 - 2003;dar. dieBasis;2659;;36;125;98;201;118;52;;2030;79;1818
BW;m;1987 - 1996;Summe;421030;2452;82190;65496;44896;77431;18259;87387;;42918;12064;7984
BW;m;1987 - 1996;Ungültig;1609;1394;108;60;;18;;;;28;;28
BW;m;1987 - 1996;CDU;57905;163;48838;1978;939;3657;124;1078;;1127;750;156
BW;m;1987 - 1996;SPD;61404;220;5600;40213;958;2469;908;8563;;2473;816;145
BW;m;1987 - 1996;AfD;45579;120;2816;768;37705;2366;170;76;;1559;448;401
BW;m;1987 - 1996;FDP;96344;;18852;5002;2765;62214;532;3379;;3599;1466;749
BW;m;1987 - 1996;DIE LINKE;23118;;206;2968;197;287;11531;6443;;1485;128;171
BW;m;1987 - 1996;GRÜNE;84001;90;2513;10079;74;1982;2448;63574;;3241;173;10
BW;m;1987 - 1996;CSU;;;;;;;;;;;;
BW;m;1987 - 1996;Sonstige;51071;465;3256;4428;2258;4438;2547;4273;;29407;8283;6324
BW;m;1987 - 1996;dar. FREIE WÄHLER;9335;;1204;433;334;580;52;303;;6429;5927;198
BW;m;1987 - 1996;dar. dieBasis;7189;;137;213;556;464;110;202;;5507;238;5088
BW;m;1977 - 1986;Summe;414072;2450;103535;62578;63967;53591;13236;75692;;39024;13282;10652
BW;m;1977 - 1986;Ungültig;1744;1192;213;;115;42;70;;;112;40;
BW;m;1977 - 1986;CDU;76433;88;66630;1979;1465;3517;73;1289;;1391;1208;109
BW;m;1977 - 1986;SPD;61826;181;6066;40567;1237;2094;799;8956;;1927;934;141
BW;m;1977 - 1986;AfD;66041;170;3052;1231;55673;2332;362;69;;3153;978;1697
BW;m;1977 - 1986;FDP;74493;98;20354;3808;2305;41642;243;3364;;2678;1393;436
BW;m;1977 - 1986;DIE LINKE;16111;;317;2120;318;76;8708;2896;;1677;254;87
BW;m;1977 - 1986;GRÜNE;75417;53;3815;9906;99;1076;1065;57078;;2326;484;132
BW;m;1977 - 1986;CSU;;;;;;;;;;;;
BW;m;1977 - 1986;Sonstige;42007;668;3089;2966;2756;2812;1917;2039;;25761;7990;8050
BW;m;1977 - 1986;dar. FREIE WÄHLER;9107;49;1204;412;256;439;131;207;;6410;6132;98
BW;m;1977 - 1986;dar. dieBasis;9251;156;95;82;713;595;;27;;7584;153;7059
BW;m;1962 - 1976;Summe;808921;6311;238508;152560;119694;89516;20710;129141;;52481;21867;16868
BW;m;1962 - 1976;Ungültig;4839;3301;477;386;283;241;150;;;;;
BW;m;1962 - 1976;CDU;195180;456;172404;4779;3009;7073;348;4652;;2459;1645;81
BW;m;1962 - 1976;SPD;162037;584;12235;114864;2417;4908;1944;21416;;3668;1708;552
BW;m;1962 - 1976;AfD;122972;189;7047;2161;104812;3296;838;310;;4318;1430;2450
BW;m;1962 - 1976;FDP;122831;457;34348;6825;4024;69046;256;4004;;3872;2518;559
BW;m;1962 - 1976;DIE LINKE;23224;;543;2583;394;248;14309;3770;;1377;414;148
BW;m;1962 - 1976;GRÜNE;122832;287;7389;17347;83;1570;1365;92274;;2518;999;125
BW;m;1962 - 1976;CSU;;;;;;;;;;;;
BW;m;1962 - 1976;Sonstige;55006;1037;4065;3615;4672;3134;1499;2714;;34269;13153;12953
BW;m;1962 - 1976;dar. FREIE WÄHLER;15592;35;1731;527;664;788;107;324;;11416;10911;223
BW;m;1962 - 1976;dar. dieBasis;15772;280;116;408;1507;420;430;216;;12395;234;11776
BW;m;1952 - 1961;Summe;514934;5326;159810;126885;61079;49674;12895;79665;;19600;7422;6472
BW;m;1952 - 1961;Ungültig;4234;2788;349;352;580;;41;45;;80;53;
BW;m;1952 - 1961;CDU;135068;648;120302;3451;1853;4726;66;2582;;1439;947;112
BW;m;1952 - 1961;SPD;137370;531;9690;103131;1830;3357;2089;14964;;1776;1108;144
BW;m;1952 - 1961;AfD;60818;264;2902;1589;53115;1302;92;267;;1288;316;730
BW;m;1952 - 1961;FDP;66689;425;19433;4435;1804;37827;110;1700;;957;405;147
BW;m;1952 - 1961;DIE LINKE;16504;84;385;2487;158;312;9008;3381;;690;60;135
BW;m;1952 - 1961;GRÜNE;73967;148;4956;10088;;923;913;55875;;1065;261;
BW;m;1952 - 1961;CSU;;;;;;;;;;;;
BW;m;1952 - 1961;Sonstige;20284;438;1794;1352;1739;1227;578;851;;12305;4270;5204
BW;m;1952 - 1961;dar. FREIE WÄHLER;5403;80;702;294;45;433;;97;;3752;3496;107
BW;m;1952 - 1961;dar. dieBasis;6817;59;279;38;793;240;149;196;;5062;202;4828
BW;m;1951 und früher;Summe;536352;7619;236310;142543;38239;42228;6939;51341;;11133;4809;2872
BW;m;1951 und früher;Ungültig;7212;4687;1257;467;202;143;65;241;;149;98;52
BW;m;1951 und früher;CDU;210823;799;195310;4251;1759;5251;267;2503;;684;523;97
BW;m;1951 und früher;SPD;150353;726;9768;121487;1355;2730;728;12434;;1123;477;68
BW;m;1951 und früher;AfD;39164;268;2626;852;33285;1228;257;102;;546;158;334
BW;m;1951 und früher;FDP;60771;469;21162;4181;986;31454;116;1646;;758;466;42
BW;m;1951 und früher;DIE LINKE;8986;132;247;1608;93;85;4843;1800;;178;28;64
BW;m;1951 und früher;GRÜNE;47234;234;4629;8651;17;866;379;32106;;351;157;34
BW;m;1951 und früher;CSU;;;;;;;;;;;;
BW;m;1951 und früher;Sonstige;11809;305;1310;1045;542;472;285;508;;7344;2902;2181
BW;m;1951 und früher;dar. FREIE WÄHLER;4031;134;643;281;66;127;70;76;;2634;2599;34
BW;m;1951 und früher;dar. dieBasis;2508;;36;28;131;87;31;52;;2143;;2087
BW;w;Summe;Summe;3053293;29397;905727;662380;216097;335095;92759;582230;;229607;72831;79442
BW;w;Summe;Ungültig;27317;17432;3742;1773;1543;970;268;594;;996;350;315
BW;w;Summe;CDU;774585;2524;676816;25690;7371;30915;667;21223;;9379;5770;1362
BW;w;Summe;SPD;684423;2697;58977;483048;4933;21470;9937;87641;;15720;7554;2108
BW;w;Summe;AfD;218876;894;10057;6057;179020;9893;1223;526;;11206;2114;7465
BW;w;Summe;FDP;410395;1648;97949;29257;8431;239425;2360;16155;;15169;7379;3762
BW;w;Summe;DIE LINKE;95800;341;2131;12616;1225;1845;52578;19644;;5422;845;981
BW;w;Summe;GRÜNE;569047;771;34642;79536;215;9813;15389;416735;;11946;2327;1117
BW;w;Summe;CSU;;;;;;;;;;;;
BW;w;Summe;Sonstige;272849;3091;21414;24403;13360;20764;10336;19713;;159769;46493;62331
BW;w;Summe;dar. FREIE WÄHLER;56384;209;6921;3829;1447;3580;972;1292;;38134;35910;629
BW;w;Summe;dar. dieBasis;70722;381;1474;1809;4508;2490;1092;1353;;57615;1432;53800
BW;w;1997 - 2003;Summe;237833;1421;38331;38230;8893;39963;18283;68826;;23887;6106;4401
BW;w;1997 - 2003;Ungültig;1244;834;53;;31;138;;95;;93;43;50
BW;w;1997 - 2003;CDU;26913;119;21045;1235;187;2340;84;1340;;564;302;60
BW;w;1997 - 2003;SPD;34199;16;3501;20890;295;1746;907;5517;;1325;325;156
BW;w;1997 - 2003;AfD;9513;;399;475;6842;895;183;;;719;150;459
BW;w;1997 - 2003;FDP;44796;121;7163;3319;648;28189;462;2642;;2252;1028;413
BW;w;1997 - 2003;DIE LINKE;18911;86;291;2248;78;232;9978;5037;;960;;82
BW;w;1997 - 2003;GRÜNE;68506;38;3075;6652;;1957;4155;50305;;2324;292;
BW;w;1997 - 2003;CSU;;;;;;;;;;;;
BW;w;1997 - 2003;Sonstige;33752;208;2803;3411;811;4465;2514;3890;;15650;3965;3181
BW;w;1997 - 2003;dar. FREIE WÄHLER;4831;48;720;347;163;267;294;179;;2812;2558;37
BW;w;1997 - 2003;dar. dieBasis;3882;;100;126;170;218;125;43;;3100;227;2636
BW;w;1987 - 1996;Summe;411319;2439;80399;70768;29727;55266;20736;107844;;44140;13342;11931
BW;w;1987 - 1996;Ungültig;1810;1433;75;;95;;;39;;168;;50
BW;w;1987 - 1996;CDU;60272;54;49039;2230;856;3956;162;2287;;1688;885;245
BW;w;1987 - 1996;SPD;68451;238;6906;42664;666;2917;1560;10113;;3387;1405;557
BW;w;1987 - 1996;AfD;28929;;1540;727;23136;1642;120;95;;1670;491;891
BW;w;1987 - 1996;FDP;65122;117;13475;4100;1816;39345;371;2601;;3297;1318;653
BW;w;1987 - 1996;DIE LINKE;19993;;120;2325;99;533;10710;5037;;1169;154;151
BW;w;1987 - 1996;GRÜNE;109768;130;5200;12792;80;1785;4902;81971;;2908;461;266
BW;w;1987 - 1996;CSU;;;;;;;;;;;;
BW;w;1987 - 1996;Sonstige;56973;468;4043;5930;2979;5088;2912;5701;;29853;8628;9118
BW;w;1987 - 1996;dar. FREIE WÄHLER;10693;56;1216;833;319;1013;144;119;;6991;6560;76
BW;w;1987 - 1996;dar. dieBasis;9769;77;217;500;802;236;144;6;;7787;102;7195
BW;w;1977 - 1986;Summe;410320;2449;100391;73176;39304;50193;13951;87119;;43738;13933;16738
BW;w;1977 - 1986;Ungültig;1960;1197;230;124;209;;39;;;160;85;38
BW;w;1977 - 1986;CDU;81139;49;69213;2422;981;3450;27;2884;;2113;1473;227
BW;w;1977 - 1986;SPD;74188;204;7614;48670;468;3175;1653;9990;;2414;1205;233
BW;w;1977 - 1986;AfD;40628;130;1807;923;33160;1750;183;29;;2645;382;1879
BW;w;1977 - 1986;FDP;59787;160;12758;3437;1450;36493;333;2354;;2802;1338;898
BW;w;1977 - 1986;DIE LINKE;13807;87;318;1592;343;298;8045;2126;;999;59;361
BW;w;1977 - 1986;GRÜNE;88389;45;4878;11714;44;1188;1959;66918;;1642;573;170
BW;w;1977 - 1986;CSU;;;;;;;;;;;;
BW;w;1977 - 1986;Sonstige;50423;577;3573;4294;2648;3838;1711;2818;;30963;8817;12933
BW;w;1977 - 1986;dar. FREIE WÄHLER;10569;62;1189;587;337;822;168;165;;7238;6704;116
BW;w;1977 - 1986;dar. dieBasis;14503;24;223;274;1044;713;245;405;;11575;299;10864
BW;w;1962 - 1976;Summe;811694;6675;223146;168468;70848;91086;21615;158923;;70933;23938;27679
BW;w;1962 - 1976;Ungültig;5484;3816;496;124;427;298;54;167;;102;48;18
BW;w;1962 - 1976;CDU;188654;390;160564;6279;2526;9760;190;6519;;2428;1559;480
BW;w;1962 - 1976;SPD;183112;494;16386;122646;1640;5970;3045;27321;;5610;3150;678
BW;w;1962 - 1976;AfD;72516;208;2915;2018;59298;2798;422;199;;4658;893;3177
BW;w;1962 - 1976;FDP;112241;546;27396;7480;2118;64807;806;4923;;4165;2312;1108
BW;w;1962 - 1976;DIE LINKE;22053;90;585;2803;338;497;12759;3942;;1040;274;172
BW;w;1962 - 1976;GRÜNE;150771;111;9223;21083;38;2366;2412;111818;;3721;742;440
BW;w;1962 - 1976;CSU;;;;;;;;;;;;
BW;w;1962 - 1976;Sonstige;76861;1019;5581;6035;4464;4590;1927;4035;;49209;14959;21606
BW;w;1962 - 1976;dar. FREIE WÄHLER;16872;42;1715;918;341;918;214;386;;12339;11785;304
BW;w;1962 - 1976;dar. dieBasis;24526;152;483;539;1360;854;297;421;;20420;474;19326
BW;w;1952 - 1961;Summe;530368;5374;170339;132524;41970;46874;11666;93411;;28210;9199;11445
BW;w;1952 - 1961;Ungültig;5014;2989;596;463;409;118;174;42;;223;85;89
BW;w;1952 - 1961;CDU;145741;717;130425;4119;1411;3931;38;3751;;1349;801;102
BW;w;1952 - 1961;SPD;142540;494;11405;104839;986;3508;1547;18097;;1663;839;172
BW;w;1952 - 1961;AfD;41949;165;1866;1091;35653;1749;146;160;;1120;170;876
BW;w;1952 - 1961;FDP;62310;194;17378;4149;1490;34708;173;2516;;1702;1015;433
BW;w;1952 - 1961;DIE LINKE;13528;;462;1732;235;156;7451;2558;;934;251;186
BW;w;1952 - 1961;GRÜNE;86837;318;5325;13766;;973;1295;64184;;977;167;151
BW;w;1952 - 1961;CSU;;;;;;;;;;;;
BW;w;1952 - 1961;Sonstige;32448;498;2882;2365;1785;1730;842;2104;;20241;5870;9435
BW;w;1952 - 1961;dar. FREIE WÄHLER;7422;;1087;631;198;336;86;185;;4900;4735;66
BW;w;1952 - 1961;dar. dieBasis;11431;97;335;154;855;309;251;446;;8985;281;8258
BW;w;1951 und früher;Summe;651759;11037;293123;179214;25356;51713;6508;66107;;18700;6314;7247
BW;w;1951 und früher;Ungültig;11804;7163;2292;1062;371;415;;252;;249;89;69
BW;w;1951 und früher;CDU;271866;1196;246531;9406;1409;7478;166;4444;;1237;749;248
BW;w;1951 und früher;SPD;181934;1250;13165;143339;878;4154;1225;16603;;1322;630;313
BW;w;1951 und früher;AfD;25341;390;1530;825;20932;1059;169;43;;393;29;183
BW;w;1951 und früher;FDP;66139;510;19779;6772;908;35883;216;1120;;951;368;257
BW;w;1951 und früher;DIE LINKE;7507;78;354;1916;132;128;3635;943;;321;107;29
BW;w;1951 und früher;GRÜNE;64777;130;6941;13529;52;1544;667;41539;;375;91;90
BW;w;1951 und früher;CSU;;;;;;;;;;;;
BW;w;1951 und früher;Sonstige;22392;321;2532;2368;673;1052;430;1164;;13852;4253;6058
BW;w;1951 und früher;dar. FREIE WÄHLER;5997;;995;512;88;224;66;257;;3854;3569;31
BW;w;1951 und früher;dar. dieBasis;6611;32;114;216;278;160;31;33;;5748;49;5520
BY;Summe;Summe;Summe;7608980;55864;;1316303;634098;579804;187530;1023735;2788048;1023598;577843;157439
BY;Summe;Summe;Ungültig;37667;23131;;2729;1138;983;205;410;6945;2126;736;278
BY;Summe;Summe;CDU;;;;;;;;;;;;
BY;Summe;Summe;SPD;1361242;6180;;947768;10500;28575;17209;131854;152205;66952;38984;3166
BY;Summe;Summe;AfD;679915;2814;;12329;539508;15315;3203;1461;44862;60423;31030;17624
BY;Summe;Summe;FDP;798591;3633;;48367;15888;412870;3260;27636;211998;74939;53329;5162
BY;Summe;Summe;DIE LINKE;210838;638;;28577;2044;3093;115620;39070;4734;17062;5271;2057
BY;Summe;Summe;GRÜNE;1067830;1716;;149045;1237;15900;23539;752595;70250;53549;15766;1838
BY;Summe;Summe;CSU;2402827;9052;;64347;19283;53345;2876;28845;2153205;71874;49091;1895
BY;Summe;Summe;Sonstige;1050070;8700;;63140;44500;49723;21618;41864;143850;676674;383637;125419
BY;Summe;Summe;dar. FREIE WÄHLER;566880;2299;;30025;20733;27127;3741;8494;102732;371729;339845;10810
BY;Summe;Summe;dar. dieBasis;131988;386;;2449;6756;2877;1342;1599;3273;113307;6091;101567
BY;Summe;1997 - 2003;Summe;599340;2837;;82297;36491;88855;29610;121998;132261;104992;53649;11948
BY;Summe;1997 - 2003;Ungültig;1471;1150;;129;;28;;37;33;94;94;
BY;Summe;1997 - 2003;CDU;;;;;;;;;;;;
BY;Summe;1997 - 2003;SPD;74013;94;;41807;698;4339;1811;9915;9753;5596;3046;220
BY;Summe;1997 - 2003;AfD;39213;49;;956;29513;1271;;70;2889;4465;2609;1042
BY;Summe;1997 - 2003;FDP;116633;159;;8119;1754;65202;501;4948;24122;11828;7332;779
BY;Summe;1997 - 2003;DIE LINKE;33733;44;;4340;;597;17414;8009;592;2736;714;216
BY;Summe;1997 - 2003;GRÜNE;126118;219;;14691;127;3419;5041;88308;5988;8323;1860;210
BY;Summe;1997 - 2003;CSU;89819;124;;3024;1067;4699;34;1631;74972;4269;3266;103
BY;Summe;1997 - 2003;Sonstige;118342;998;;9231;3332;9300;4808;9080;13912;67681;34727;9377
BY;Summe;1997 - 2003;dar. FREIE WÄHLER;47596;188;;3058;1300;2828;600;1096;8692;29836;26998;713
BY;Summe;1997 - 2003;dar. dieBasis;10614;;;234;336;615;120;310;170;8829;927;7199
BY;Summe;1987 - 1996;Summe;1050954;4383;;140044;93485;118637;43223;207397;253494;190290;102658;24142
BY;Summe;1987 - 1996;Ungültig;2093;1365;;101;94;30;;127;97;281;;22
BY;Summe;1987 - 1996;CDU;;;;;;;;;;;;
BY;Summe;1987 - 1996;SPD;133656;332;;80743;1226;4585;2904;17331;15502;11034;6203;390
BY;Summe;1987 - 1996;AfD;100268;164;;1319;77487;3402;190;227;6890;10589;6257;2495
BY;Summe;1987 - 1996;FDP;149891;371;;8633;2755;86135;981;6090;30860;14065;9717;841
BY;Summe;1987 - 1996;DIE LINKE;48457;87;;5239;303;621;25056;12359;510;4282;1084;447
BY;Summe;1987 - 1996;GRÜNE;213198;322;;24446;140;3778;7624;155187;8804;12897;3586;328
BY;Summe;1987 - 1996;CSU;197174;418;;6703;2712;7673;468;4019;165897;9283;6516;345
BY;Summe;1987 - 1996;Sonstige;206217;1324;;12860;8768;12413;6000;12059;24933;127859;69294;19274
BY;Summe;1987 - 1996;dar. FREIE WÄHLER;95732;271;;3965;3333;5651;642;1725;16448;63699;57151;1786
BY;Summe;1987 - 1996;dar. dieBasis;20659;;;541;1700;700;131;198;558;16831;1168;14529
BY;Summe;1977 - 1986;Summe;1089333;6409;;150680;119327;88271;30206;176800;332210;185431;105618;31288
BY;Summe;1977 - 1986;Ungültig;4198;3044;;157;262;146;;38;410;140;;87
BY;Summe;1977 - 1986;CDU;;;;;;;;;;;;
BY;Summe;1977 - 1986;SPD;150780;305;;95109;1616;3253;2424;17800;19921;10353;6084;501
BY;Summe;1977 - 1986;AfD;128265;304;;2267;100248;3157;579;324;8400;12987;7004;3516
BY;Summe;1977 - 1986;FDP;123986;251;;5562;2918;62709;613;5389;32554;13991;10073;1135
BY;Summe;1977 - 1986;DIE LINKE;32165;63;;4033;287;575;18241;5572;859;2534;791;414
BY;Summe;1977 - 1986;GRÜNE;189267;93;;25047;233;2196;4226;136645;11732;9096;3088;339
BY;Summe;1977 - 1986;CSU;269037;536;;7619;2721;7755;381;4002;234534;11488;8047;335
BY;Summe;1977 - 1986;Sonstige;191636;1812;;10886;11043;8481;3742;7030;23799;124841;70530;24960
BY;Summe;1977 - 1986;dar. FREIE WÄHLER;103717;389;;5797;4435;5309;763;1539;15695;69790;63183;2476
BY;Summe;1977 - 1986;dar. dieBasis;26357;189;;303;1692;494;100;450;867;22261;1140;19754
BY;Summe;1962 - 1976;Summe;2070687;13594;;337974;209122;147634;42828;278120;727673;313742;180436;55955
BY;Summe;1962 - 1976;Ungültig;8165;5168;;402;141;164;99;103;1060;1028;341;56
BY;Summe;1962 - 1976;CDU;;;;;;;;;;;;
BY;Summe;1962 - 1976;SPD;364040;2305;;242095;3046;7976;4367;40478;42610;21164;13081;952
BY;Summe;1962 - 1976;AfD;226328;772;;3703;181102;4753;1502;320;13907;20268;9808;7031
BY;Summe;1962 - 1976;FDP;215370;1151;;11844;4508;105292;679;7087;61684;23125;17305;1677
BY;Summe;1962 - 1976;DIE LINKE;48175;175;;7003;737;544;27388;6749;1232;4347;1421;751
BY;Summe;1962 - 1976;GRÜNE;290352;421;;41377;283;3685;3403;205023;22115;14045;4311;493
BY;Summe;1962 - 1976;CSU;617846;1996;;16130;5683;13234;754;9755;547646;22650;16154;444
BY;Summe;1962 - 1976;Sonstige;300412;1606;;15421;13622;11986;4636;8605;37419;207117;118014;44552
BY;Summe;1962 - 1976;dar. FREIE WÄHLER;170341;589;;8377;6982;7239;1001;2106;27861;116187;106747;3539
BY;Summe;1962 - 1976;dar. dieBasis;46875;66;;650;2266;839;631;462;1053;40908;2142;37000
BY;Summe;1952 - 1961;Summe;1361705;10356;;287064;112378;75733;26510;150065;553345;146253;86361;23485
BY;Summe;1952 - 1961;Ungültig;6756;4096;;510;230;222;106;69;1240;284;125;47
BY;Summe;1952 - 1961;CDU;;;;;;;;;;;;
BY;Summe;1952 - 1961;SPD;306256;1213;;224686;2459;4498;3546;26700;31625;11529;6611;773
BY;Summe;1952 - 1961;AfD;119363;1082;;2490;97271;1645;683;459;7227;8506;3954;2537
BY;Summe;1952 - 1961;FDP;109516;702;;8067;2763;53360;391;2533;33136;8565;6382;603
BY;Summe;1952 - 1961;DIE LINKE;29615;82;;4643;485;456;16932;4186;673;2159;912;126
BY;Summe;1952 - 1961;GRÜNE;155842;341;;24748;266;1797;2371;107668;12037;6614;1972;346
BY;Summe;1952 - 1961;CSU;492873;1618;;13808;4173;9158;691;4998;445202;13225;8797;362
BY;Summe;1952 - 1961;Sonstige;141482;1222;;8113;4732;4597;1790;3452;22205;95371;57608;18692
BY;Summe;1952 - 1961;dar. FREIE WÄHLER;88487;424;;4565;3017;3621;671;1282;16919;57988;54001;1552
BY;Summe;1952 - 1961;dar. dieBasis;18548;130;;322;466;87;245;104;331;16864;376;16049
BY;Summe;1951 und früher;Summe;1436961;18284;;318244;63295;60674;15154;89355;789066;82890;49122;10622
BY;Summe;1951 und früher;Ungültig;14984;8308;;1432;410;394;;36;4104;300;175;67
BY;Summe;1951 und früher;CDU;;;;;;;;;;;;
BY;Summe;1951 und früher;SPD;332497;1930;;263329;1456;3924;2158;19630;32794;7276;3958;329
BY;Summe;1951 und früher;AfD;66478;443;;1594;53888;1087;250;61;5548;3607;1397;1003
BY;Summe;1951 und früher;FDP;83195;999;;6143;1190;40172;95;1588;29642;3365;2519;127
BY;Summe;1951 und früher;DIE LINKE;18694;187;;3320;231;300;10589;2195;867;1004;349;103
BY;Summe;1951 und früher;GRÜNE;93053;320;;18736;189;1024;873;59764;9574;2574;949;122
BY;Summe;1951 und früher;CSU;736079;4360;;17062;2928;10827;548;4441;684955;10959;6310;305
BY;Summe;1951 und früher;Sonstige;91981;1738;;6628;3002;2946;642;1639;21582;53805;33464;8565
BY;Summe;1951 und früher;dar. FREIE WÄHLER;61006;439;;4263;1667;2480;65;746;17118;34229;31765;745
BY;Summe;1951 und früher;dar. dieBasis;8935;;;399;297;142;116;74;294;7614;338;7037
BY;m;Summe;Summe;3726342;26804;;631641;388150;312662;90202;463257;1344645;468981;268936;62164
BY;m;Summe;Ungültig;16755;10599;;1042;534;241;117;268;3011;944;433;124
BY;m;Summe;CDU;;;;;;;;;;;;
BY;m;Summe;SPD;640050;2557;;457270;6658;12474;7763;60019;65699;27609;16249;1030
BY;m;Summe;AfD;420140;1783;;7196;336062;8739;1645;1141;28523;35051;18515;8480
BY;m;Summe;FDP;448876;2086;;25359;9511;233528;1379;14591;122040;40382;28163;2252
BY;m;Summe;DIE LINKE;106625;364;;15499;918;1495;58936;19003;1935;8475;2642;701
BY;m;Summe;GRÜNE;479808;824;;70304;837;7700;9313;338838;28589;23403;6308;711
BY;m;Summe;CSU;1147180;4102;;27649;11430;26072;1305;11167;1031731;33723;21811;908
BY;m;Summe;Sonstige;466908;4490;;27323;22200;22412;9745;18229;63118;299393;174815;47958
BY;m;Summe;dar. FREIE WÄHLER;257445;1340;;12375;10667;11331;1768;3774;47436;168755;156472;3562
BY;m;Summe;dar. dieBasis;51133;184;;1124;2747;1038;525;470;1435;43610;2430;38717
BY;m;1997 - 2003;Summe;303214;1200;;40372;22106;54195;11698;52518;70142;50982;26178;5575
BY;m;1997 - 2003;Ungültig;659;483;;45;;;;37;;94;94;
BY;m;1997 - 2003;CDU;;;;;;;;;;;;
BY;m;1997 - 2003;SPD;34973;21;;19797;460;2078;722;5007;4728;2160;1210;44
BY;m;1997 - 2003;AfD;24176;;;465;18242;898;;70;1765;2735;1411;646
BY;m;1997 - 2003;FDP;74560;159;;4883;1165;42308;225;2761;15629;7430;4230;386
BY;m;1997 - 2003;DIE LINKE;14360;;;2214;;327;6732;3785;139;1163;395;32
BY;m;1997 - 2003;GRÜNE;52078;72;;6779;37;1779;2007;36221;1842;3341;736;
BY;m;1997 - 2003;CSU;46187;38;;1484;597;2179;;605;39103;2182;1639;39
BY;m;1997 - 2003;Sonstige;56222;427;;4706;1606;4626;2012;4032;6936;31877;16462;4428
BY;m;1997 - 2003;dar. FREIE WÄHLER;23362;96;;1468;735;1476;205;499;4460;14424;12994;503
BY;m;1997 - 2003;dar. dieBasis;4917;;;187;71;319;57;120;90;4072;429;3440
BY;m;1987 - 1996;Summe;528833;2543;;68427;56656;68406;20819;91625;130911;89446;47635;9471
BY;m;1987 - 1996;Ungültig;998;707;;;;;;127;56;108;;
BY;m;1987 - 1996;CDU;;;;;;;;;;;;
BY;m;1987 - 1996;SPD;61363;228;;38474;677;2290;1059;7524;6725;4386;2340;26
BY;m;1987 - 1996;AfD;60725;85;;815;47694;1752;110;179;4306;5784;3456;1081
BY;m;1987 - 1996;FDP;90164;219;;5086;1563;52080;343;3239;20098;7537;5124;237
BY;m;1987 - 1996;DIE LINKE;24904;22;;2990;72;389;13433;5839;81;2079;494;189
BY;m;1987 - 1996;GRÜNE;93929;146;;11854;83;1899;2892;67896;3559;5601;1288;135
BY;m;1987 - 1996;CSU;97649;219;;3212;1672;3675;181;1147;83363;4182;2504;239
BY;m;1987 - 1996;Sonstige;99101;918;;5995;4896;6323;2801;5674;12725;59769;32430;7564
BY;m;1987 - 1996;dar. FREIE WÄHLER;45631;181;;1552;1818;2412;290;829;8739;29810;26837;592
BY;m;1987 - 1996;dar. dieBasis;8124;;;185;700;264;74;38;347;6516;406;5582
BY;m;1977 - 1986;Summe;543164;3286;;72202;74742;47791;14710;81891;163113;85429;49093;12077
BY;m;1977 - 1986;Ungültig;2131;1571;;39;233;;;;231;58;;58
BY;m;1977 - 1986;CDU;;;;;;;;;;;;
BY;m;1977 - 1986;SPD;70634;32;;45996;1150;1429;1081;8379;8555;4012;2482;170
BY;m;1977 - 1986;AfD;80515;185;;1247;63729;1871;201;226;5528;7527;4516;1666
BY;m;1977 - 1986;FDP;68992;96;;2950;1748;35611;252;2977;17831;7528;5283;593
BY;m;1977 - 1986;DIE LINKE;16564;35;;2019;64;119;9471;3206;466;1183;167;236
BY;m;1977 - 1986;GRÜNE;86852;;;11798;190;1108;1828;62699;5131;4099;1263;154
BY;m;1977 - 1986;CSU;131675;322;;3219;1700;4197;98;1596;115230;5313;3677;158
BY;m;1977 - 1986;Sonstige;85801;1045;;4936;5929;3456;1779;2807;10141;55709;31705;9041
BY;m;1977 - 1986;dar. FREIE WÄHLER;45981;270;;2391;2411;2098;483;495;6812;31020;28680;595
BY;m;1977 - 1986;dar. dieBasis;10085;127;;168;843;141;;131;482;8193;371;7343
BY;m;1962 - 1976;Summe;1025808;6410;;162954;127758;75321;21163;126296;366112;139793;83377;22186
BY;m;1962 - 1976;Ungültig;3601;2165;;119;97;124;57;;561;479;171;28
BY;m;1962 - 1976;CDU;;;;;;;;;;;;
BY;m;1962 - 1976;SPD;173764;1036;;119252;1788;3303;2113;18916;18667;8689;5338;292
BY;m;1962 - 1976;AfD;140400;462;;2258;113348;2732;920;204;9072;11405;5563;3413
BY;m;1962 - 1976;FDP;117011;573;;5764;2562;55810;245;3849;36454;11754;8768;834
BY;m;1962 - 1976;DIE LINKE;23711;121;;3465;415;217;13888;2815;552;2237;810;217
BY;m;1962 - 1976;GRÜNE;131802;216;;19921;222;1617;1188;92921;9849;5869;1832;225
BY;m;1962 - 1976;CSU;307460;995;;6136;3081;6447;406;4225;274954;11216;7844;225
BY;m;1962 - 1976;Sonstige;128057;841;;6039;6244;5072;2345;3367;16004;88145;53051;16953
BY;m;1962 - 1976;dar. FREIE WÄHLER;76096;361;;3518;3484;2878;450;802;12787;51816;48590;1023
BY;m;1962 - 1976;dar. dieBasis;18320;32;;260;865;276;367;150;451;15920;985;13956
BY;m;1952 - 1961;Summe;694724;5068;;146746;71208;39610;13966;72117;275965;70045;43103;9345
BY;m;1952 - 1961;Ungültig;2913;1736;;350;83;;60;69;533;84;84;
BY;m;1952 - 1961;CDU;;;;;;;;;;;;
BY;m;1952 - 1961;SPD;153156;504;;114842;1739;2159;1676;12087;14741;5408;3141;435
BY;m;1952 - 1961;AfD;76371;717;;1649;62348;959;321;401;4408;5569;2720;1249
BY;m;1952 - 1961;FDP;59874;409;;4223;1830;28880;219;1005;18564;4745;3657;202
BY;m;1952 - 1961;DIE LINKE;17055;82;;2627;296;285;9890;2300;306;1268;488;26
BY;m;1952 - 1961;GRÜNE;75506;171;;12845;118;842;878;52463;4752;3438;821;161
BY;m;1952 - 1961;CSU;246294;751;;6605;2620;4521;316;2138;223038;6303;3945;109
BY;m;1952 - 1961;Sonstige;63555;699;;3606;2173;1964;606;1653;9623;43231;28248;7163
BY;m;1952 - 1961;dar. FREIE WÄHLER;43218;260;;1986;1611;1650;306;637;8202;28566;27141;583
BY;m;1952 - 1961;dar. dieBasis;6733;26;;222;95;37;27;30;38;6258;45;6049
BY;m;1951 und früher;Summe;630599;8298;;140941;35679;27339;7845;38811;338401;33286;19550;3510
BY;m;1951 und früher;Ungültig;6454;3937;;489;120;118;;36;1632;122;84;38
BY;m;1951 und früher;CDU;;;;;;;;;;;;
BY;m;1951 und früher;SPD;146160;737;;118909;843;1215;1112;8106;12283;2955;1739;63
BY;m;1951 und früher;AfD;37952;333;;763;30701;527;92;61;3444;2031;850;426
BY;m;1951 und früher;FDP;38276;631;;2453;643;18840;95;760;13465;1389;1101;
BY;m;1951 und früher;DIE LINKE;10032;103;;2184;71;159;5520;1057;392;545;288;
BY;m;1951 und früher;GRÜNE;39640;220;;7108;189;456;520;26637;3455;1055;367;37
BY;m;1951 und früher;CSU;317914;1776;;6993;1760;5054;304;1457;296042;4528;2201;138
BY;m;1951 und früher;Sonstige;34173;561;;2041;1351;971;202;696;7689;20663;12920;2808
BY;m;1951 und früher;dar. FREIE WÄHLER;23157;171;;1459;608;817;34;512;6435;13120;12229;265
BY;m;1951 und früher;dar. dieBasis;2953;;;102;172;;;;28;2651;194;2346
BY;w;Summe;Summe;3882638;29060;;684662;245948;267142;97328;560478;1443403;554617;308908;95275
BY;w;Summe;Ungültig;20912;12533;;1688;604;742;88;141;3934;1182;303;154
BY;w;Summe;CDU;;;;;;;;;;;;
BY;w;Summe;SPD;721192;3623;;490498;3842;16100;9446;71835;86506;39343;22735;2136
BY;w;Summe;AfD;259775;1031;;5133;203446;6576;1558;320;16339;25372;12515;9144
BY;w;Summe;FDP;349715;1547;;23009;6377;179343;1881;13045;89957;34557;25166;2910
BY;w;Summe;DIE LINKE;104213;274;;13078;1126;1598;56684;20068;2798;8586;2629;1356
BY;w;Summe;GRÜNE;588022;892;;78741;400;8200;14226;413757;41662;30146;9459;1127
BY;w;Summe;CSU;1255647;4950;;36698;7853;27272;1571;17678;1121475;38151;27280;986
BY;w;Summe;Sonstige;583162;4211;;35818;22301;27311;11873;23636;80733;377281;208821;77461
BY;w;Summe;dar. FREIE WÄHLER;309435;959;;17650;10066;15796;1974;4720;55296;202974;183374;7248
BY;w;Summe;dar. dieBasis;80855;201;;1326;4009;1838;816;1129;1838;69697;3661;62851
BY;w;1997 - 2003;Summe;296126;1637;;41925;14384;34659;17911;69480;62118;54010;27471;6373
BY;w;1997 - 2003;Ungültig;812;668;;84;;28;;;33;;;
BY;w;1997 - 2003;CDU;;;;;;;;;;;;
BY;w;1997 - 2003;SPD;39040;74;;22010;238;2260;1089;4908;5025;3437;1836;176
BY;w;1997 - 2003;AfD;15037;49;;490;11271;373;;;1124;1730;1198;396
BY;w;1997 - 2003;FDP;42073;;;3236;589;22893;276;2187;8493;4399;3102;393
BY;w;1997 - 2003;DIE LINKE;19373;44;;2127;;271;10682;4224;453;1572;319;184
BY;w;1997 - 2003;GRÜNE;74039;147;;7912;90;1640;3034;52088;4146;4982;1124;210
BY;w;1997 - 2003;CSU;43631;86;;1540;470;2520;34;1026;35868;2087;1627;65
BY;w;1997 - 2003;Sonstige;62120;571;;4525;1727;4673;2797;5048;6976;35804;18265;4948
BY;w;1997 - 2003;dar. FREIE WÄHLER;24234;92;;1590;565;1352;395;597;4232;15411;14004;210
BY;w;1997 - 2003;dar. dieBasis;5697;;;47;264;295;62;190;81;4757;498;3758
BY;w;1987 - 1996;Summe;522121;1840;;71617;36829;50230;22404;115772;122583;100844;55023;14671
BY;w;1987 - 1996;Ungültig;1096;657;;101;94;30;;;41;173;;22
BY;w;1987 - 1996;CDU;;;;;;;;;;;;
BY;w;1987 - 1996;SPD;72294;104;;42269;548;2295;1845;9806;8778;6648;3863;364
BY;w;1987 - 1996;AfD;39543;79;;505;29793;1650;80;48;2584;4805;2802;1414
BY;w;1987 - 1996;FDP;59727;152;;3546;1192;34056;639;2851;10762;6529;4593;604
BY;w;1987 - 1996;DIE LINKE;23552;65;;2248;231;232;11622;6520;429;2203;590;257
BY;w;1987 - 1996;GRÜNE;119268;176;;12592;57;1879;4733;87290;5245;7296;2298;193
BY;w;1987 - 1996;CSU;99525;200;;3492;1040;3999;287;2871;82535;5101;4012;107
BY;w;1987 - 1996;Sonstige;107116;407;;6865;3872;6090;3199;6385;12209;68090;36865;11710
BY;w;1987 - 1996;dar. FREIE WÄHLER;50101;89;;2412;1515;3239;352;896;7708;33889;30314;1193
BY;w;1987 - 1996;dar. dieBasis;12535;;;356;1000;436;57;160;211;10315;762;8947
BY;w;1977 - 1986;Summe;546169;3123;;78478;44585;40480;15495;94909;169097;100001;56525;19211
BY;w;1977 - 1986;Ungültig;2066;1474;;118;29;146;;38;180;82;;29
BY;w;1977 - 1986;CDU;;;;;;;;;;;;
BY;w;1977 - 1986;SPD;80145;274;;49113;466;1823;1342;9421;11365;6341;3602;331
BY;w;1977 - 1986;AfD;47750;118;;1021;36519;1285;377;98;2872;5460;2488;1850
BY;w;1977 - 1986;FDP;54995;155;;2612;1170;27099;361;2412;14723;6462;4790;543
BY;w;1977 - 1986;DIE LINKE;15601;28;;2014;223;456;8770;2365;394;1350;624;178
BY;w;1977 - 1986;GRÜNE;102415;93;;13249;43;1088;2398;73946;6600;4997;1826;185
BY;w;1977 - 1986;CSU;137361;214;;4400;1021;3557;284;2406;119304;6175;4370;177
BY;w;1977 - 1986;Sonstige;105835;767;;5951;5114;5025;1963;4223;13659;69133;38825;15919
BY;w;1977 - 1986;dar. FREIE WÄHLER;57736;119;;3406;2024;3211;280;1044;8883;38770;34503;1880
BY;w;1977 - 1986;dar. dieBasis;16272;62;;135;849;353;100;320;385;14068;769;12411
BY;w;1962 - 1976;Summe;1044880;7185;;175020;81364;72313;21664;151824;361561;173949;97059;33769
BY;w;1962 - 1976;Ungültig;4563;3003;;283;44;40;42;103;500;549;170;28
BY;w;1962 - 1976;CDU;;;;;;;;;;;;
BY;w;1962 - 1976;SPD;190276;1269;;122843;1257;4673;2254;21562;23943;12475;7744;660
BY;w;1962 - 1976;AfD;85927;310;;1445;67754;2021;582;117;4836;8863;4245;3619
BY;w;1962 - 1976;FDP;98358;578;;6080;1946;49482;434;3238;25230;11370;8538;843
BY;w;1962 - 1976;DIE LINKE;24463;53;;3537;322;327;13500;3933;680;2110;611;534
BY;w;1962 - 1976;GRÜNE;158550;205;;21456;61;2069;2215;112102;12266;8176;2478;269
BY;w;1962 - 1976;CSU;310385;1000;;9995;2601;6786;347;5530;272692;11433;8310;219
BY;w;1962 - 1976;Sonstige;172356;766;;9382;7378;6914;2291;5238;21415;118972;64963;27599
BY;w;1962 - 1976;dar. FREIE WÄHLER;94246;228;;4858;3498;4361;551;1304;15074;64372;58157;2516
BY;w;1962 - 1976;dar. dieBasis;28555;35;;390;1401;563;264;312;602;24989;1157;23043
BY;w;1952 - 1961;Summe;666980;5287;;140318;41170;36123;12544;77949;277380;76208;43259;14140
BY;w;1952 - 1961;Ungültig;3843;2360;;160;147;222;46;;707;200;42;47
BY;w;1952 - 1961;CDU;;;;;;;;;;;;
BY;w;1952 - 1961;SPD;153100;709;;109844;720;2340;1870;14613;16884;6122;3471;339
BY;w;1952 - 1961;AfD;42992;366;;842;34923;686;362;58;2820;2937;1235;1288
BY;w;1952 - 1961;FDP;49642;293;;3844;933;24480;172;1528;14572;3820;2725;401
BY;w;1952 - 1961;DIE LINKE;12561;;;2016;189;170;7041;1886;367;891;424;100
BY;w;1952 - 1961;GRÜNE;80336;171;;11904;148;955;1494;55205;7284;3176;1150;185
BY;w;1952 - 1961;CSU;246580;866;;7203;1553;4637;375;2860;222163;6922;4851;253
BY;w;1952 - 1961;Sonstige;77927;523;;4507;2559;2634;1183;1799;12582;52140;29361;11528
BY;w;1952 - 1961;dar. FREIE WÄHLER;45269;164;;2579;1407;1970;365;646;8717;29423;26859;969
BY;w;1952 - 1961;dar. dieBasis;11815;104;;100;370;50;218;74;294;10606;331;10000
BY;w;1951 und früher;Summe;806362;9987;;177303;27616;33336;7309;50544;450665;49604;29572;7112
BY;w;1951 und früher;Ungültig;8531;4370;;943;290;277;;;2473;178;91;29
BY;w;1951 und früher;CDU;;;;;;;;;;;;
BY;w;1951 und früher;SPD;186337;1193;;144420;613;2709;1046;11524;20511;4321;2219;267
BY;w;1951 und früher;AfD;28526;110;;830;23187;560;157;;2104;1577;547;577
BY;w;1951 und früher;FDP;44919;368;;3690;547;21332;;828;16177;1976;1418;127
BY;w;1951 und früher;DIE LINKE;8662;84;;1136;160;142;5069;1138;475;460;62;103
BY;w;1951 und früher;GRÜNE;53414;100;;11628;;568;353;33127;6119;1519;583;86
BY;w;1951 und früher;CSU;418165;2584;;10069;1168;5773;244;2984;388912;6431;4109;167
BY;w;1951 und früher;Sonstige;57808;1177;;4587;1650;1975;440;942;13893;33142;20544;5756
BY;w;1951 und früher;dar. FREIE WÄHLER;37849;268;;2803;1059;1663;31;234;10682;21110;19536;480
BY;w;1951 und früher;dar. dieBasis;5982;;;297;125;142;116;74;266;4963;144;4691
SL;Summe;Summe;Summe;583963;10850;159323;208329;56236;46793;30211;31091;;41130;15177;8698
SL;Summe;Summe;Ungültig;10295;7546;809;807;220;150;113;477;;173;113;
SL;Summe;Summe;CDU;135134;653;121145;5525;1161;3605;360;1659;;1025;663;67
SL;Summe;Summe;SPD;213777;1258;14130;173152;1326;2850;4134;13929;;2997;1332;223
SL;Summe;Summe;AfD;57629;219;1858;2511;48752;1518;854;128;;1790;690;731
SL;Summe;Summe;FDP;65945;253;15841;8206;1369;35039;964;1843;;2430;1090;188
SL;Summe;Summe;DIE LINKE;41130;118;1213;10157;420;618;20164;6813;;1626;370;185
SL;Summe;Summe;GRÜNE;;;;;;;;;;;;
SL;Summe;Summe;CSU;;;;;;;;;;;;
SL;Summe;Summe;Sonstige;60053;803;4326;7971;2987;3012;3623;6242;;31089;10919;7305
SL;Summe;Summe;dar. FREIE WÄHLER;11746;44;914;845;266;469;295;433;;8479;7851;105
SL;Summe;Summe;dar. dieBasis;8116;61;197;246;452;115;314;52;;6680;293;6099
SL;Summe;1997 - 2003;Summe;37449;880;5492;10743;2086;5785;3661;4235;;4567;892;565
SL;Summe;1997 - 2003;Ungültig;754;719;;;6;;;5;;24;;
SL;Summe;1997 - 2003;CDU;3744;;2891;272;59;257;83;80;;102;35;
SL;Summe;1997 - 2003;SPD;10435;37;908;6980;89;399;295;1365;;362;115;24
SL;Summe;1997 - 2003;AfD;2020;30;4;182;1575;109;37;;;85;30;17
SL;Summe;1997 - 2003;FDP;7792;;1172;1192;144;4360;164;275;;484;132;24
SL;Summe;1997 - 2003;DIE LINKE;5298;;62;1223;5;64;2376;1384;;183;51;
SL;Summe;1997 - 2003;GRÜNE;;;;;;;;;;;;
SL;Summe;1997 - 2003;CSU;;;;;;;;;;;;
SL;Summe;1997 - 2003;Sonstige;7407;94;454;895;209;596;706;1125;;3328;529;499
SL;Summe;1997 - 2003;dar. FREIE WÄHLER;699;;62;107;17;22;21;31;;438;310;
SL;Summe;1997 - 2003;dar. dieBasis;448;;3;;4;;101;;;339;;315
SL;Summe;1987 - 1996;Summe;68143;1399;12675;19486;8195;6839;4947;6689;;7913;2159;1191
SL;Summe;1987 - 1996;Ungültig;1443;1202;31;96;22;55;21;;;16;;
SL;Summe;1987 - 1996;CDU;8907;;7215;804;154;481;56;162;;36;24;
SL;Summe;1987 - 1996;SPD;18872;66;1801;13344;169;351;585;2173;;383;169;3
SL;Summe;1987 - 1996;AfD;8296;;304;426;7067;194;128;;;178;41;72
SL;Summe;1987 - 1996;FDP;9988;7;2376;1435;175;5059;209;457;;270;80;25
SL;Summe;1987 - 1996;DIE LINKE;7512;;160;1630;23;109;3104;2097;;390;27;21
SL;Summe;1987 - 1996;GRÜNE;;;;;;;;;;;;
SL;Summe;1987 - 1996;CSU;;;;;;;;;;;;
SL;Summe;1987 - 1996;Sonstige;13125;123;789;1750;585;591;844;1801;;6641;1818;1069
SL;Summe;1987 - 1996;dar. FREIE WÄHLER;1746;;106;81;34;64;21;112;;1327;1220;
SL;Summe;1987 - 1996;dar. dieBasis;1287;11;26;40;160;10;79;;;960;82;852
SL;Summe;1977 - 1986;Summe;72468;1592;16352;20702;10509;6786;4525;4735;;7267;2512;1759
SL;Summe;1977 - 1986;Ungültig;1294;1074;87;67;;;;58;;8;8;
SL;Summe;1977 - 1986;CDU;12617;107;10669;696;206;433;;339;;168;72;4
SL;Summe;1977 - 1986;SPD;21283;161;1813;15642;212;454;377;2058;;566;97;22
SL;Summe;1977 - 1986;AfD;11000;6;357;577;8966;292;236;48;;518;207;235
SL;Summe;1977 - 1986;FDP;10031;96;2423;1007;332;5108;204;371;;490;248;62
SL;Summe;1977 - 1986;DIE LINKE;5870;19;217;1442;28;61;3094;684;;324;22;59
SL;Summe;1977 - 1986;GRÜNE;;;;;;;;;;;;
SL;Summe;1977 - 1986;CSU;;;;;;;;;;;;
SL;Summe;1977 - 1986;Sonstige;10373;129;787;1271;765;438;614;1176;;5193;1858;1378
SL;Summe;1977 - 1986;dar. FREIE WÄHLER;1687;;140;117;29;59;48;5;;1289;1200;38
SL;Summe;1977 - 1986;dar. dieBasis;1520;28;21;48;122;25;47;22;;1207;103;1100
SL;Summe;1962 - 1976;Summe;148716;2513;36436;53240;17749;11741;8008;7795;;11233;4490;2934
SL;Summe;1962 - 1976;Ungültig;2107;1732;49;105;25;31;52;97;;15;15;
SL;Summe;1962 - 1976;CDU;30266;119;26384;1328;390;1119;95;456;;375;273;22
SL;Summe;1962 - 1976;SPD;55975;177;3678;44393;500;569;1408;4442;;810;369;108
SL;Summe;1962 - 1976;AfD;17839;85;522;742;15187;350;334;21;;597;271;220
SL;Summe;1962 - 1976;FDP;16902;83;4243;2047;446;8776;245;271;;792;445;47
SL;Summe;1962 - 1976;DIE LINKE;10056;48;428;2496;166;191;5053;1214;;460;187;77
SL;Summe;1962 - 1976;GRÜNE;;;;;;;;;;;;
SL;Summe;1962 - 1976;CSU;;;;;;;;;;;;
SL;Summe;1962 - 1976;Sonstige;15570;268;1132;2127;1036;706;823;1295;;8182;2928;2460
SL;Summe;1962 - 1976;dar. FREIE WÄHLER;3228;16;233;210;129;186;97;114;;2242;2042;61
SL;Summe;1962 - 1976;dar. dieBasis;2573;;43;106;47;;65;29;;2281;60;2090
SL;Summe;1952 - 1961;Summe;119990;2020;32320;48953;11072;8103;5611;5260;;6651;3161;1567
SL;Summe;1952 - 1961;Ungültig;2005;1369;151;200;13;37;30;157;;48;30;
SL;Summe;1952 - 1961;CDU;27774;118;25159;937;189;676;109;427;;160;98;41
SL;Summe;1952 - 1961;SPD;50968;364;2865;42753;195;519;907;2708;;658;367;65
SL;Summe;1952 - 1961;AfD;11544;25;343;395;10002;378;78;31;;292;128;128
SL;Summe;1952 - 1961;FDP;11416;41;2967;1515;225;5964;56;307;;341;165;30
SL;Summe;1952 - 1961;DIE LINKE;7713;27;189;1941;184;157;3918;1116;;182;47;27
SL;Summe;1952 - 1961;GRÜNE;;;;;;;;;;;;
SL;Summe;1952 - 1961;CSU;;;;;;;;;;;;
SL;Summe;1952 - 1961;Sonstige;8571;77;646;1213;264;373;514;514;;4970;2326;1275
SL;Summe;1952 - 1961;dar. FREIE WÄHLER;2605;28;164;216;30;61;89;43;;1974;1877;6
SL;Summe;1952 - 1961;dar. dieBasis;1522;;79;12;101;44;4;;;1281;20;1175
SL;Summe;1951 und früher;Summe;137197;2446;56048;55206;6625;7539;3459;2376;;3499;1963;682
SL;Summe;1951 und früher;Ungültig;2693;1450;491;339;155;27;9;160;;62;59;
SL;Summe;1951 und früher;CDU;51827;309;48828;1488;163;639;17;196;;185;161;
SL;Summe;1951 und früher;SPD;56242;453;3065;50040;162;560;563;1183;;218;214;
SL;Summe;1951 und früher;AfD;6930;73;328;190;5955;197;42;27;;119;13;59
SL;Summe;1951 und früher;FDP;9816;26;2660;1009;47;5772;86;161;;54;20;
SL;Summe;1951 und früher;DIE LINKE;4681;24;158;1425;15;36;2620;318;;86;37;
SL;Summe;1951 und früher;GRÜNE;;;;;;;;;;;;
SL;Summe;1951 und früher;CSU;;;;;;;;;;;;
SL;Summe;1951 und früher;Sonstige;5007;111;519;714;128;308;122;331;;2775;1459;624
SL;Summe;1951 und früher;dar. FREIE WÄHLER;1782;;208;113;27;76;19;129;;1209;1201;
SL;Summe;1951 und früher;dar. dieBasis;766;22;24;38;17;36;18;;;611;28;566
SL;m;Summe;Summe;282086;5698;73952;96206;34590;24452;14560;13584;;19043;7006;3413
SL;m;Summe;Ungültig;5323;4074;232;447;135;91;76;160;;109;65;
SL;m;Summe;CDU;61022;339;54806;2247;654;1691;218;546;;522;282;20
SL;m;Summe;SPD;98022;667;6373;80140;651;1169;1835;5764;;1423;614;67
SL;m;Summe;AfD;35773;119;1302;1348;30716;790;430;70;;999;421;330
SL;m;Summe;FDP;35912;60;9080;3965;842;19263;483;902;;1317;540;72
SL;m;Summe;DIE LINKE;20691;60;512;5413;213;272;10027;3318;;877;186;83
SL;m;Summe;GRÜNE;;;;;;;;;;;;
SL;m;Summe;CSU;;;;;;;;;;;;
SL;m;Summe;Sonstige;25342;379;1647;2647;1377;1176;1492;2825;;13798;4899;2842
SL;m;Summe;dar. FREIE WÄHLER;5500;;351;351;191;275;165;272;;3895;3654;5
SL;m;Summe;dar. dieBasis;3253;39;87;97;156;52;105;27;;2691;140;2432
SL;m;1997 - 2003;Summe;19362;610;2824;5103;1340;3886;1491;1865;;2244;502;154
SL;m;1997 - 2003;Ungültig;515;487;;;;;;5;;24;;
SL;m;1997 - 2003;CDU;1968;;1480;134;32;212;60;6;;45;2;
SL;m;1997 - 2003;SPD;4891;37;432;3320;58;183;139;503;;219;98;
SL;m;1997 - 2003;AfD;1272;;;141;1049;52;;;;30;4;17
SL;m;1997 - 2003;FDP;5054;;746;534;101;3143;58;158;;315;43;
SL;m;1997 - 2003;DIE LINKE;2593;;3;724;;46;1008;705;;106;39;
SL;m;1997 - 2003;GRÜNE;;;;;;;;;;;;
SL;m;1997 - 2003;CSU;;;;;;;;;;;;
SL;m;1997 - 2003;Sonstige;3069;86;163;250;100;250;227;488;;1505;316;137
SL;m;1997 - 2003;dar. FREIE WÄHLER;401;;;46;17;;;27;;310;188;
SL;m;1997 - 2003;dar. dieBasis;92;;;;;;;;;92;;92
SL;m;1987 - 1996;Summe;34668;865;6445;9204;4989;3802;2461;2865;;4038;1042;592
SL;m;1987 - 1996;Ungültig;878;704;;91;22;44;;;;16;;
SL;m;1987 - 1996;CDU;4402;;3661;415;76;165;32;17;;36;24;
SL;m;1987 - 1996;SPD;8312;30;673;6008;78;169;251;928;;174;51;
SL;m;1987 - 1996;AfD;5127;;228;189;4482;101;44;;;83;17;22
SL;m;1987 - 1996;FDP;6044;7;1508;804;104;2999;146;287;;190;61;25
SL;m;1987 - 1996;DIE LINKE;3963;;107;971;2;35;1743;890;;214;7;21
SL;m;1987 - 1996;GRÜNE;;;;;;;;;;;;
SL;m;1987 - 1996;CSU;;;;;;;;;;;;
SL;m;1987 - 1996;Sonstige;5943;123;268;725;225;289;245;742;;3326;882;523
SL;m;1987 - 1996;dar. FREIE WÄHLER;901;;79;22;30;21;21;61;;668;663;
SL;m;1987 - 1996;dar. dieBasis;572;11;;17;26;4;26;;;488;55;424
SL;m;1977 - 1986;Summe;37035;914;8200;9842;6627;3795;2216;2008;;3432;1117;721
SL;m;1977 - 1986;Ungültig;671;618;;37;;;;8;;8;8;
SL;m;1977 - 1986;CDU;5857;77;5070;233;112;131;;151;;82;19;4
SL;m;1977 - 1986;SPD;10132;58;1025;7570;85;236;134;761;;263;29;
SL;m;1977 - 1986;AfD;6960;2;195;354;5767;229;149;21;;243;154;47
SL;m;1977 - 1986;FDP;5611;44;1492;476;184;3032;55;116;;213;120;
SL;m;1977 - 1986;DIE LINKE;3011;19;74;726;20;17;1587;389;;179;22;24
SL;m;1977 - 1986;GRÜNE;;;;;;;;;;;;
SL;m;1977 - 1986;CSU;;;;;;;;;;;;
SL;m;1977 - 1986;Sonstige;4792;97;344;447;458;151;291;562;;2443;765;647
SL;m;1977 - 1986;dar. FREIE WÄHLER;817;;83;72;21;36;48;;;557;540;
SL;m;1977 - 1986;dar. dieBasis;737;28;21;;83;;26;;;579;30;549
SL;m;1962 - 1976;Summe;72554;1333;18253;24041;11114;5599;3788;3412;;5014;2127;1045
SL;m;1962 - 1976;Ungültig;1189;985;17;71;17;;46;38;;15;15;
SL;m;1962 - 1976;CDU;14829;56;13208;450;229;539;53;44;;249;173;
SL;m;1962 - 1976;SPD;25708;136;1638;20653;292;150;587;1911;;340;172;21
SL;m;1962 - 1976;AfD;11163;85;339;299;9739;140;160;21;;378;190;103
SL;m;1962 - 1976;FDP;8627;5;2361;895;289;4398;149;149;;381;206;16
SL;m;1962 - 1976;DIE LINKE;4748;14;193;1159;70;118;2346;627;;220;71;19
SL;m;1962 - 1976;GRÜNE;;;;;;;;;;;;
SL;m;1962 - 1976;CSU;;;;;;;;;;;;
SL;m;1962 - 1976;Sonstige;6289;51;497;513;478;254;446;622;;3429;1300;886
SL;m;1962 - 1976;dar. FREIE WÄHLER;1475;;63;44;95;106;24;66;;1078;993;5
SL;m;1962 - 1976;dar. dieBasis;1046;;26;71;21;;40;27;;860;28;770
SL;m;1952 - 1961;Summe;58613;909;14845;24048;6609;3965;2842;2456;;2938;1439;697
SL;m;1952 - 1961;Ungültig;999;655;84;115;;37;30;74;;4;;
SL;m;1952 - 1961;CDU;12362;11;11149;436;91;335;64;218;;58;36;16
SL;m;1952 - 1961;SPD;24760;191;1285;20949;76;188;471;1265;;335;172;46
SL;m;1952 - 1961;AfD;7069;25;256;256;6136;167;42;;;187;48;104
SL;m;1952 - 1961;FDP;6146;;1777;791;140;3087;41;124;;185;94;30
SL;m;1952 - 1961;DIE LINKE;3844;27;80;1006;107;28;1933;523;;140;47;19
SL;m;1952 - 1961;GRÜNE;;;;;;;;;;;;
SL;m;1952 - 1961;CSU;;;;;;;;;;;;
SL;m;1952 - 1961;Sonstige;3433;;214;494;59;125;261;251;;2028;1044;482
SL;m;1952 - 1961;dar. FREIE WÄHLER;1149;;32;137;;61;73;34;;811;808;
SL;m;1952 - 1961;dar. dieBasis;591;;29;9;26;27;4;;;497;;451
SL;m;1951 und früher;Summe;59854;1067;23385;23968;3911;3405;1763;978;;1378;779;204
SL;m;1951 und früher;Ungültig;1071;625;130;133;96;10;;34;;42;42;
SL;m;1951 und früher;CDU;21604;195;20238;578;114;309;9;109;;52;27;
SL;m;1951 und früher;SPD;24220;215;1321;21640;63;244;252;394;;92;92;
SL;m;1951 und früher;AfD;4182;6;284;109;3542;102;35;27;;77;9;36
SL;m;1951 und früher;FDP;4429;4;1196;465;25;2604;35;68;;33;16;
SL;m;1951 und früher;DIE LINKE;2533;;54;827;15;27;1410;185;;16;;
SL;m;1951 und früher;GRÜNE;;;;;;;;;;;;
SL;m;1951 und früher;CSU;;;;;;;;;;;;
SL;m;1951 und früher;Sonstige;1815;22;162;217;58;107;22;161;;1067;593;168
SL;m;1951 und früher;dar. FREIE WÄHLER;757;;94;30;27;51;;84;;471;462;
SL;m;1951 und früher;dar. dieBasis;215;;11;;;21;9;;;173;28;145
SL;w;Summe;Summe;301877;5152;85371;112123;21646;22341;15651;17507;;22087;8170;5285
SL;w;Summe;Ungültig;4972;3472;577;360;85;59;37;317;;64;47;
SL;w;Summe;CDU;74112;315;66340;3278;507;1914;142;1114;;503;381;47
SL;w;Summe;SPD;115755;591;7757;93011;675;1681;2299;8165;;1574;718;156
SL;w;Summe;AfD;21856;100;555;1163;18036;728;424;58;;791;269;401
SL;w;Summe;FDP;30033;193;6762;4241;527;15776;481;941;;1113;550;116
SL;w;Summe;DIE LINKE;20439;58;702;4745;207;347;10137;3494;;750;185;102
SL;w;Summe;GRÜNE;;;;;;;;;;;;
SL;w;Summe;CSU;;;;;;;;;;;;
SL;w;Summe;Sonstige;34711;424;2679;5324;1610;1836;2131;3417;;17291;6020;4463
SL;w;Summe;dar. FREIE WÄHLER;6246;44;563;495;75;194;130;161;;4583;4197;100
SL;w;Summe;dar. dieBasis;4863;22;110;149;296;63;209;25;;3990;152;3667
SL;w;1997 - 2003;Summe;18087;270;2668;5640;747;1899;2170;2370;;2323;390;410
SL;w;1997 - 2003;Ungültig;238;232;;;6;;;;;;;
SL;w;1997 - 2003;CDU;1776;;1411;138;27;45;24;74;;57;33;
SL;w;1997 - 2003;SPD;5544;;477;3660;31;216;156;862;;143;16;24
SL;w;1997 - 2003;AfD;747;30;4;41;526;57;37;;;54;27;
SL;w;1997 - 2003;FDP;2738;;427;658;43;1217;106;118;;169;89;24
SL;w;1997 - 2003;DIE LINKE;2705;;59;498;5;18;1369;680;;77;11;
SL;w;1997 - 2003;GRÜNE;;;;;;;;;;;;
SL;w;1997 - 2003;CSU;;;;;;;;;;;;
SL;w;1997 - 2003;Sonstige;4338;8;291;644;109;346;479;637;;1823;214;362
SL;w;1997 - 2003;dar. FREIE WÄHLER;298;;62;61;;22;21;4;;127;121;
SL;w;1997 - 2003;dar. dieBasis;356;;3;;4;;101;;;247;;223
SL;w;1987 - 1996;Summe;33475;534;6230;10282;3206;3037;2486;3825;;3875;1117;600
SL;w;1987 - 1996;Ungültig;565;498;31;5;;11;21;;;;;
SL;w;1987 - 1996;CDU;4505;;3553;389;77;316;25;144;;;;
SL;w;1987 - 1996;SPD;10560;36;1127;7336;91;182;333;1245;;209;118;3
SL;w;1987 - 1996;AfD;3169;;76;236;2585;93;84;;;95;24;50
SL;w;1987 - 1996;FDP;3943;;869;631;71;2059;64;170;;80;19;
SL;w;1987 - 1996;DIE LINKE;3550;;53;659;21;73;1360;1206;;177;20;
SL;w;1987 - 1996;GRÜNE;;;;;;;;;;;;
SL;w;1987 - 1996;CSU;;;;;;;;;;;;
SL;w;1987 - 1996;Sonstige;7182;;521;1025;361;302;600;1059;;3315;936;546
SL;w;1987 - 1996;dar. FREIE WÄHLER;845;;27;60;4;44;;51;;659;558;
SL;w;1987 - 1996;dar. dieBasis;715;;26;24;134;6;54;;;472;27;429
SL;w;1977 - 1986;Summe;35433;678;8152;10859;3882;2991;2309;2727;;3835;1395;1038
SL;w;1977 - 1986;Ungültig;622;456;87;30;;;;50;;;;
SL;w;1977 - 1986;CDU;6760;30;5599;462;94;302;;188;;85;52;
SL;w;1977 - 1986;SPD;11152;104;789;8072;127;218;243;1297;;303;69;22
SL;w;1977 - 1986;AfD;4040;4;162;223;3199;63;87;27;;275;54;188
SL;w;1977 - 1986;FDP;4420;52;930;532;148;2076;150;256;;277;128;62
SL;w;1977 - 1986;DIE LINKE;2858;;142;716;8;44;1507;296;;145;;35
SL;w;1977 - 1986;GRÜNE;;;;;;;;;;;;
SL;w;1977 - 1986;CSU;;;;;;;;;;;;
SL;w;1977 - 1986;Sonstige;5581;32;443;824;307;287;323;614;;2749;1093;731
SL;w;1977 - 1986;dar. FREIE WÄHLER;869;;57;45;7;23;;5;;732;660;38
SL;w;1977 - 1986;dar. dieBasis;784;;;48;39;25;21;22;;628;73;551
SL;w;1962 - 1976;Summe;76162;1180;18184;29199;6635;6142;4220;4383;;6219;2363;1888
SL;w;1962 - 1976;Ungültig;918;747;32;35;8;31;6;59;;;;
SL;w;1962 - 1976;CDU;15437;63;13176;878;161;580;41;412;;126;100;22
SL;w;1962 - 1976;SPD;30267;40;2040;23741;207;418;821;2531;;470;197;87
SL;w;1962 - 1976;AfD;6676;;183;443;5448;210;173;;;219;81;117
SL;w;1962 - 1976;FDP;8275;78;1881;1152;157;4378;96;121;;411;240;30
SL;w;1962 - 1976;DIE LINKE;5308;34;235;1337;96;73;2706;587;;240;116;58
SL;w;1962 - 1976;GRÜNE;;;;;;;;;;;;
SL;w;1962 - 1976;CSU;;;;;;;;;;;;
SL;w;1962 - 1976;Sonstige;9281;217;636;1614;558;452;377;673;;4753;1629;1574
SL;w;1962 - 1976;dar. FREIE WÄHLER;1754;16;170;167;34;81;74;48;;1164;1049;56
SL;w;1962 - 1976;dar. dieBasis;1527;;17;36;26;;25;2;;1421;32;1320
SL;w;1952 - 1961;Summe;61377;1112;17475;24905;4463;4138;2768;2804;;3713;1722;870
SL;w;1952 - 1961;Ungültig;1006;714;67;85;13;;;83;;44;30;
SL;w;1952 - 1961;CDU;15412;108;14010;501;99;341;44;208;;101;62;24
SL;w;1952 - 1961;SPD;26208;173;1581;21803;119;331;436;1442;;324;195;19
SL;w;1952 - 1961;AfD;4475;;87;139;3866;211;37;31;;105;80;24
SL;w;1952 - 1961;FDP;5270;41;1191;723;85;2877;14;183;;156;71;
SL;w;1952 - 1961;DIE LINKE;3869;;109;935;78;129;1985;592;;41;;9
SL;w;1952 - 1961;GRÜNE;;;;;;;;;;;;
SL;w;1952 - 1961;CSU;;;;;;;;;;;;
SL;w;1952 - 1961;Sonstige;5138;77;431;718;205;248;252;264;;2942;1283;793
SL;w;1952 - 1961;dar. FREIE WÄHLER;1456;28;132;79;30;;16;8;;1162;1069;6
SL;w;1952 - 1961;dar. dieBasis;931;;51;3;75;17;;;;784;20;724
SL;w;1951 und früher;Summe;77343;1379;32663;31238;2713;4134;1697;1398;;2121;1184;478
SL;w;1951 und früher;Ungültig;1622;825;361;206;59;17;9;125;;20;17;
SL;w;1951 und früher;CDU;30223;114;28591;910;49;329;8;87;;134;134;
SL;w;1951 und früher;SPD;32022;238;1744;28400;99;316;311;789;;126;123;
SL;w;1951 und früher;AfD;2749;67;43;81;2413;94;7;;;43;3;22
SL;w;1951 und früher;FDP;5387;22;1464;545;23;3168;51;93;;21;4;
SL;w;1951 und früher;DIE LINKE;2148;24;104;598;;10;1210;133;;70;37;
SL;w;1951 und früher;GRÜNE;;;;;;;;;;;;
SL;w;1951 und früher;CSU;;;;;;;;;;;;
SL;w;1951 und früher;Sonstige;3192;89;357;497;70;200;100;171;;1708;866;456
SL;w;1951 und früher;dar. FREIE WÄHLER;1024;;114;83;;25;19;45;;739;739;
SL;w;1951 und früher;dar. dieBasis;551;22;13;38;17;15;8;;;438;;421
BE;Summe;Summe;Summe;1856903;31631;344838;417163;147134;129678;260242;380581;;145636;14163;19601
BE;Summe;Summe;Ungültig;30322;13793;4237;4556;1222;1049;1742;1125;;2598;;1740
BE;Summe;Summe;CDU;289691;4827;253331;9136;3224;8228;4130;4255;;2560;865;87
BE;Summe;Summe;SPD;428289;4360;22306;322725;2320;4628;33503;30577;;7871;1294;413
BE;Summe;Summe;AfD;153694;1646;7197;1904;129881;2058;3179;280;;7550;895;4557
BE;Summe;Summe;FDP;165937;1212;35670;9555;3066;102081;3144;5905;;5303;1037;1092
BE;Summe;Summe;DIE LINKE;209052;1234;3060;14583;1115;1099;163728;17161;;7073;218;1178
BE;Summe;Summe;GRÜNE;408533;923;8924;39325;86;2415;34795;312085;;9980;214;439
BE;Summe;Summe;CSU;;;;;;;;;;;;
BE;Summe;Summe;Sonstige;171385;3637;10113;15380;6220;8120;16020;9194;;102700;9641;10095
BE;Summe;Summe;dar. FREIE WÄHLER;17070;747;1060;1040;981;1215;693;126;;11208;7099;2127
BE;Summe;Summe;dar. dieBasis;;;;;;;;;;;;
BE;Summe;1997 - 2003;Summe;135448;1617;11463;22696;4863;15819;23227;40615;;15147;727;1592
BE;Summe;1997 - 2003;Ungültig;1241;914;28;;45;;;75;;179;;90
BE;Summe;1997 - 2003;CDU;7922;;6068;346;13;906;178;313;;99;;
BE;Summe;1997 - 2003;SPD;18779;148;768;13147;28;531;1364;2069;;722;56;89
BE;Summe;1997 - 2003;AfD;5136;89;205;61;3964;277;;38;;504;;244
BE;Summe;1997 - 2003;FDP;17293;45;1964;1465;221;11732;246;1093;;527;113;171
BE;Summe;1997 - 2003;DIE LINKE;19943;;180;1617;22;218;13965;2992;;950;;77
BE;Summe;1997 - 2003;GRÜNE;43086;87;1017;2953;;597;4844;31946;;1643;;64
BE;Summe;1997 - 2003;CSU;;;;;;;;;;;;
BE;Summe;1997 - 2003;Sonstige;22048;334;1234;3107;572;1559;2630;2089;;10523;558;858
BE;Summe;1997 - 2003;dar. FREIE WÄHLER;1110;71;;32;53;111;69;;;774;418;118
BE;Summe;1997 - 2003;dar. dieBasis;;;;;;;;;;;;
BE;Summe;1987 - 1996;Summe;281692;2403;24880;45709;12170;25300;44773;92766;;33691;1841;2750
BE;Summe;1987 - 1996;Ungültig;2439;1504;35;105;;140;84;204;;366;;221
BE;Summe;1987 - 1996;CDU;19418;50;15442;881;275;1425;292;603;;450;30;
BE;Summe;1987 - 1996;SPD;40932;158;1562;28011;137;1075;3223;5522;;1243;130;56
BE;Summe;1987 - 1996;AfD;12183;31;472;310;10025;391;234;;;719;77;196
BE;Summe;1987 - 1996;FDP;28644;;4059;1786;420;19142;753;1559;;926;42;21
BE;Summe;1987 - 1996;DIE LINKE;37691;55;190;2198;111;279;27529;5472;;1858;119;167
BE;Summe;1987 - 1996;GRÜNE;98619;271;1169;7820;;486;9200;76999;;2674;;38
BE;Summe;1987 - 1996;CSU;;;;;;;;;;;;
BE;Summe;1987 - 1996;Sonstige;41767;335;1950;4598;1203;2362;3458;2407;;25454;1444;2051
BE;Summe;1987 - 1996;dar. FREIE WÄHLER;2437;176;14;306;199;416;97;77;;1151;883;58
BE;Summe;1987 - 1996;dar. dieBasis;;;;;;;;;;;;
BE;Summe;1977 - 1986;Summe;322436;2874;45970;59974;25546;23607;41489;90949;;32028;2146;4532
BE;Summe;1977 - 1986;Ungültig;3572;1936;259;217;121;149;119;194;;577;;317
BE;Summe;1977 - 1986;CDU;37713;167;31881;2120;173;1455;582;917;;417;94;
BE;Summe;1977 - 1986;SPD;55920;133;2825;41005;342;925;3574;5852;;1264;161;
BE;Summe;1977 - 1986;AfD;26454;115;1292;328;21866;351;555;;;1947;149;1194
BE;Summe;1977 - 1986;FDP;29945;88;5878;1821;906;18048;325;1728;;1151;35;331
BE;Summe;1977 - 1986;DIE LINKE;32339;66;159;2675;249;120;24349;3071;;1650;34;223
BE;Summe;1977 - 1986;GRÜNE;99784;132;1758;8797;86;655;8067;77046;;3244;72;132
BE;Summe;1977 - 1986;CSU;;;;;;;;;;;;
BE;Summe;1977 - 1986;Sonstige;36709;236;1917;3011;1803;1904;3917;2141;;21778;1601;2336
BE;Summe;1977 - 1986;dar. FREIE WÄHLER;4475;;387;169;298;446;187;;;2987;1349;970
BE;Summe;1977 - 1986;dar. dieBasis;;;;;;;;;;;;
BE;Summe;1962 - 1976;Summe;479659;6279;88350;100921;53037;35002;56665;100104;;39302;4675;7071
BE;Summe;1962 - 1976;Ungültig;5364;2711;351;383;343;71;320;258;;927;;782
BE;Summe;1962 - 1976;CDU;73308;536;63969;2114;1330;2458;783;1395;;724;278;87
BE;Summe;1962 - 1976;SPD;105970;545;4897;79597;677;1234;7153;9351;;2517;162;31
BE;Summe;1962 - 1976;AfD;55358;355;1991;364;47879;578;1157;162;;2871;287;2119
BE;Summe;1962 - 1976;FDP;47641;621;11407;2358;826;28743;955;1184;;1547;320;365
BE;Summe;1962 - 1976;DIE LINKE;43939;318;354;3101;285;156;34912;3432;;1381;65;366
BE;Summe;1962 - 1976;GRÜNE;106652;172;2862;10663;;498;8048;82712;;1698;89;135
BE;Summe;1962 - 1976;CSU;;;;;;;;;;;;
BE;Summe;1962 - 1976;Sonstige;41427;1022;2520;2342;1696;1265;3336;1608;;27638;3473;3186
BE;Summe;1962 - 1976;dar. FREIE WÄHLER;5182;16;339;306;328;169;209;14;;3802;2657;603
BE;Summe;1962 - 1976;dar. dieBasis;;;;;;;;;;;;
BE;Summe;1952 - 1961;Summe;266532;5253;59964;70492;28889;14816;40810;32649;;13660;2845;2362
BE;Summe;1952 - 1961;Ungültig;4520;1980;813;746;320;197;107;110;;246;;199
BE;Summe;1952 - 1961;CDU;51464;801;46300;1198;550;659;1127;479;;350;202;
BE;Summe;1952 - 1961;SPD;79435;764;4342;59706;557;505;7775;4486;;1301;383;207
BE;Summe;1952 - 1961;AfD;30601;600;1580;511;26202;88;525;80;;1016;274;477
BE;Summe;1952 - 1961;FDP;19759;32;4501;900;459;12441;450;139;;837;401;129
BE;Summe;1952 - 1961;DIE LINKE;32630;300;788;2427;295;120;26800;1191;;709;;251
BE;Summe;1952 - 1961;GRÜNE;33610;120;841;3774;;135;2797;25567;;376;;
BE;Summe;1952 - 1961;CSU;;;;;;;;;;;;
BE;Summe;1952 - 1961;Sonstige;14512;654;799;1229;506;670;1230;598;;8825;1584;1099
BE;Summe;1952 - 1961;dar. FREIE WÄHLER;2313;322;37;75;104;42;100;35;;1600;1164;266
BE;Summe;1952 - 1961;dar. dieBasis;;;;;;;;;;;;
BE;Summe;1951 und früher;Summe;371136;13205;114211;117371;22630;15133;53278;23499;;11808;1929;1294
BE;Summe;1951 und früher;Ungültig;13186;4747;2750;3104;394;492;1112;284;;302;;131
BE;Summe;1951 und früher;CDU;99866;3272;89671;2477;883;1325;1169;548;;520;260;
BE;Summe;1951 und früher;SPD;127253;2612;7912;101259;579;357;10413;3296;;824;402;30
BE;Summe;1951 und früher;AfD;23961;454;1657;330;19946;373;708;;;494;109;327
BE;Summe;1951 und früher;FDP;22655;427;7861;1224;234;11975;415;202;;316;125;75
BE;Summe;1951 und früher;DIE LINKE;42510;495;1389;2566;153;205;36174;1003;;525;;95
BE;Summe;1951 und früher;GRÜNE;26782;142;1278;5319;;45;1840;17814;;345;53;71
BE;Summe;1951 und früher;CSU;;;;;;;;;;;;
BE;Summe;1951 und früher;Sonstige;14922;1056;1694;1093;441;359;1448;351;;8481;980;566
BE;Summe;1951 und früher;dar. FREIE WÄHLER;1553;163;283;153;;31;31;;;893;628;111
BE;Summe;1951 und früher;dar. dieBasis;;;;;;;;;;;;
BE;m;Summe;Summe;883321;13375;165910;191732;90006;70226;123782;165320;;62971;6541;7910
BE;m;Summe;Ungültig;13304;6085;1616;2067;850;506;815;445;;921;;651
BE;m;Summe;CDU;136674;1147;120990;3919;1803;4608;1808;1639;;760;291;87
BE;m;Summe;SPD;195630;1711;9492;147659;1256;2229;15179;14645;;3459;296;140
BE;m;Summe;AfD;92847;973;4135;870;80578;895;2134;180;;3081;401;1725
BE;m;Summe;FDP;92064;379;20222;4766;1947;56827;1521;3748;;2655;436;659
BE;m;Summe;DIE LINKE;98706;356;1192;7465;566;383;79084;6656;;3004;107;400
BE;m;Summe;GRÜNE;178660;589;4151;18362;46;1249;15496;133962;;4804;148;135
BE;m;Summe;CSU;;;;;;;;;;;;
BE;m;Summe;Sonstige;75436;2136;4113;6624;2960;3528;7745;4044;;44286;4863;4113
BE;m;Summe;dar. FREIE WÄHLER;8594;480;594;487;506;588;297;14;;5629;3655;1104
BE;m;Summe;dar. dieBasis;;;;;;;;;;;;
BE;m;1997 - 2003;Summe;65197;657;6175;11846;2763;9187;10638;17030;;6902;408;807
BE;m;1997 - 2003;Ungültig;406;258;28;;45;;;75;;;;
BE;m;1997 - 2003;CDU;3915;;2876;177;13;597;133;74;;45;;
BE;m;1997 - 2003;SPD;9484;148;290;6856;28;369;493;978;;323;;
BE;m;1997 - 2003;AfD;2726;;109;61;2259;146;;;;151;;109
BE;m;1997 - 2003;FDP;11179;45;1425;1119;192;7060;208;764;;366;113;171
BE;m;1997 - 2003;DIE LINKE;9094;;132;989;22;72;6412;1086;;380;;77
BE;m;1997 - 2003;GRÜNE;18597;57;489;1453;;349;2402;13259;;588;;
BE;m;1997 - 2003;CSU;;;;;;;;;;;;
BE;m;1997 - 2003;Sonstige;9796;148;825;1191;205;594;990;793;;5050;295;451
BE;m;1997 - 2003;dar. FREIE WÄHLER;558;71;;32;31;66;;;;359;184;59
BE;m;1997 - 2003;dar. dieBasis;;;;;;;;;;;;
BE;m;1987 - 1996;Summe;135396;1472;12205;23377;7230;15195;21490;37990;;16436;1160;1182
BE;m;1987 - 1996;Ungültig;1238;801;;16;;140;34;170;;77;;77
BE;m;1987 - 1996;CDU;9772;;7627;448;237;910;242;222;;86;30;
BE;m;1987 - 1996;SPD;20751;64;710;14169;137;438;1796;2804;;633;100;45
BE;m;1987 - 1996;AfD;7225;31;326;229;5934;160;160;;;386;61;104
BE;m;1987 - 1996;FDP;17020;;2063;967;279;11731;326;1088;;566;;5
BE;m;1987 - 1996;DIE LINKE;18038;55;46;1446;26;107;13690;2044;;624;107;85
BE;m;1987 - 1996;GRÜNE;40637;220;614;3830;;336;3839;30564;;1234;;
BE;m;1987 - 1996;CSU;;;;;;;;;;;;
BE;m;1987 - 1996;Sonstige;20715;301;819;2274;617;1371;1403;1098;;12831;862;866
BE;m;1987 - 1996;dar. FREIE WÄHLER;1428;176;;251;185;184;97;;;536;472;18
BE;m;1987 - 1996;dar. dieBasis;;;;;;;;;;;;
BE;m;1977 - 1986;Summe;163749;1666;23151;29498;15757;13788;22237;42871;;14781;1132;1662
BE;m;1977 - 1986;Ungültig;1923;1129;16;159;56;38;107;80;;338;;141
BE;m;1977 - 1986;CDU;18633;94;16022;822;127;850;201;377;;140;;
BE;m;1977 - 1986;SPD;27448;18;1264;20405;235;451;1686;2826;;561;16;
BE;m;1977 - 1986;AfD;15509;40;711;103;13380;154;387;;;734;42;339
BE;m;1977 - 1986;FDP;18351;77;3495;1052;711;11084;252;1089;;592;11;172
BE;m;1977 - 1986;DIE LINKE;16941;66;17;1299;190;50;13083;1415;;820;;
BE;m;1977 - 1986;GRÜNE;46769;87;768;3777;46;268;4074;36087;;1662;59;
BE;m;1977 - 1986;CSU;;;;;;;;;;;;
BE;m;1977 - 1986;Sonstige;18176;154;858;1881;1013;894;2448;996;;9932;1005;1009
BE;m;1977 - 1986;dar. FREIE WÄHLER;2866;;314;61;207;228;130;;;1927;896;633
BE;m;1977 - 1986;dar. dieBasis;;;;;;;;;;;;
BE;m;1962 - 1976;Summe;235093;3129;46276;46576;32945;18742;27606;43207;;16612;2272;2987
BE;m;1962 - 1976;Ungültig;2682;1525;212;239;223;13;119;38;;314;;293
BE;m;1962 - 1976;CDU;38004;247;33505;987;758;1300;351;497;;359;185;87
BE;m;1962 - 1976;SPD;49012;247;1895;36780;325;656;3359;4484;;1267;33;31
BE;m;1962 - 1976;AfD;33987;229;1266;184;30220;205;643;101;;1138;32;961
BE;m;1962 - 1976;FDP;26215;132;6876;1006;535;15827;494;652;;694;154;218
BE;m;1962 - 1976;DIE LINKE;21497;34;72;1661;45;132;17560;1269;;725;;80
BE;m;1962 - 1976;GRÜNE;46414;78;1433;4996;;238;3431;35333;;905;89;135
BE;m;1962 - 1976;CSU;;;;;;;;;;;;
BE;m;1962 - 1976;Sonstige;17280;636;1018;725;838;372;1649;833;;11209;1780;1182
BE;m;1962 - 1976;dar. FREIE WÄHLER;2366;;193;103;57;110;70;14;;1818;1346;283
BE;m;1962 - 1976;dar. dieBasis;;;;;;;;;;;;
BE;m;1952 - 1961;Summe;126572;2221;28138;32590;18442;7647;17972;14462;;5101;1064;906
BE;m;1952 - 1961;Ungültig;2321;872;358;485;187;153;81;46;;140;;140
BE;m;1952 - 1961;CDU;24015;154;21783;459;219;513;479;312;;95;42;
BE;m;1952 - 1961;SPD;36399;245;1980;27837;275;179;3398;2067;;419;48;64
BE;m;1952 - 1961;AfD;19790;407;852;194;17249;88;400;80;;521;266;103
BE;m;1952 - 1961;FDP;9778;;2300;271;161;6476;133;;;437;159;94
BE;m;1952 - 1961;DIE LINKE;14629;77;284;1151;161;;12212;488;;256;;105
BE;m;1952 - 1961;GRÜNE;14601;40;318;1905;;34;822;11247;;236;;
BE;m;1952 - 1961;CSU;;;;;;;;;;;;
BE;m;1952 - 1961;Sonstige;5038;426;262;288;190;203;448;222;;2998;550;400
BE;m;1952 - 1961;dar. FREIE WÄHLER;832;233;37;;26;;;;;537;458;50
BE;m;1952 - 1961;dar. dieBasis;;;;;;;;;;;;
BE;m;1951 und früher;Summe;157314;4231;49965;47844;12869;5668;23839;9759;;3138;504;366
BE;m;1951 und früher;Ungültig;4733;1499;1001;1168;340;162;475;36;;51;;
BE;m;1951 und früher;CDU;42336;651;39176;1026;449;439;402;157;;34;34;
BE;m;1951 und früher;SPD;52536;989;3353;41613;255;137;4447;1485;;257;98;
BE;m;1951 und früher;AfD;13610;266;871;99;11536;142;545;;;151;;108
BE;m;1951 und früher;FDP;9520;126;4063;350;70;4648;109;155;;;;
BE;m;1951 und früher;DIE LINKE;18508;124;640;920;123;22;16126;354;;199;;53
BE;m;1951 und früher;GRÜNE;11640;106;529;2402;;24;928;7471;;180;;
BE;m;1951 und früher;CSU;;;;;;;;;;;;
BE;m;1951 und früher;Sonstige;4431;470;330;266;97;94;807;101;;2266;372;205
BE;m;1951 und früher;dar. FREIE WÄHLER;543;;50;41;;;;;;452;299;61
BE;m;1951 und früher;dar. dieBasis;;;;;;;;;;;;
BE;w;Summe;Summe;973582;18256;178928;225431;57128;59452;136460;215261;;82665;7622;11691
BE;w;Summe;Ungültig;17018;7708;2621;2489;372;543;928;680;;1677;;1089
BE;w;Summe;CDU;153017;3680;132341;5216;1421;3620;2323;2615;;1799;574;
BE;w;Summe;SPD;232659;2649;12814;175065;1064;2398;18324;15932;;4412;999;274
BE;w;Summe;AfD;60847;672;3062;1034;49303;1162;1045;100;;4469;494;2832
BE;w;Summe;FDP;73873;833;15449;4789;1119;45254;1623;2157;;2648;601;433
BE;w;Summe;DIE LINKE;110346;877;1868;7119;549;716;84644;10504;;4069;110;778
BE;w;Summe;GRÜNE;229873;334;4773;20963;40;1166;19300;178122;;5176;66;304
BE;w;Summe;CSU;;;;;;;;;;;;
BE;w;Summe;Sonstige;95949;1501;6000;8756;3261;4592;8275;5150;;58414;4777;5982
BE;w;Summe;dar. FREIE WÄHLER;8476;267;466;553;475;627;397;112;;5579;3444;1023
BE;w;Summe;dar. dieBasis;;;;;;;;;;;;
BE;w;1997 - 2003;Summe;70251;961;5288;10850;2100;6633;12589;23585;;8245;319;785
BE;w;1997 - 2003;Ungültig;835;656;;;;;;;;179;;90
BE;w;1997 - 2003;CDU;4007;;3191;169;;309;45;239;;54;;
BE;w;1997 - 2003;SPD;9294;;479;6291;;162;872;1091;;400;56;89
BE;w;1997 - 2003;AfD;2411;89;96;;1704;131;;38;;353;;135
BE;w;1997 - 2003;FDP;6114;;539;346;29;4672;38;329;;161;;
BE;w;1997 - 2003;DIE LINKE;10850;;48;628;;146;7552;1905;;570;;
BE;w;1997 - 2003;GRÜNE;24488;30;527;1500;;248;2442;18687;;1054;;64
BE;w;1997 - 2003;CSU;;;;;;;;;;;;
BE;w;1997 - 2003;Sonstige;12252;186;408;1916;367;965;1640;1296;;5474;262;407
BE;w;1997 - 2003;dar. FREIE WÄHLER;552;;;;22;46;69;;;415;234;59
BE;w;1997 - 2003;dar. dieBasis;;;;;;;;;;;;
BE;w;1987 - 1996;Summe;146297;931;12675;22331;4940;10105;23283;54776;;17254;681;1568
BE;w;1987 - 1996;Ungültig;1200;703;35;90;;;50;34;;289;;144
BE;w;1987 - 1996;CDU;9646;50;7815;432;38;515;51;381;;364;;
BE;w;1987 - 1996;SPD;20181;94;852;13842;;637;1427;2719;;610;30;11
BE;w;1987 - 1996;AfD;4958;;147;81;4091;231;75;;;333;16;92
BE;w;1987 - 1996;FDP;11624;;1997;820;141;7410;427;470;;360;42;16
BE;w;1987 - 1996;DIE LINKE;19653;;144;752;85;171;13839;3428;;1234;11;82
BE;w;1987 - 1996;GRÜNE;57982;50;554;3990;;150;5360;46435;;1441;;38
BE;w;1987 - 1996;CSU;;;;;;;;;;;;
BE;w;1987 - 1996;Sonstige;21052;34;1131;2324;585;991;2055;1308;;12623;582;1185
BE;w;1987 - 1996;dar. FREIE WÄHLER;1008;;14;55;14;233;;77;;615;411;40
BE;w;1987 - 1996;dar. dieBasis;;;;;;;;;;;;
BE;w;1977 - 1986;Summe;158687;1208;22818;30476;9789;9819;19252;48078;;17247;1014;2869
BE;w;1977 - 1986;Ungültig;1649;807;243;58;65;111;13;114;;239;;175
BE;w;1977 - 1986;CDU;19080;74;15859;1298;47;606;381;540;;276;94;
BE;w;1977 - 1986;SPD;28472;115;1561;20600;107;475;1888;3025;;702;145;
BE;w;1977 - 1986;AfD;10945;75;581;225;8486;196;169;;;1213;107;854
BE;w;1977 - 1986;FDP;11593;11;2383;769;195;6964;74;639;;558;25;159
BE;w;1977 - 1986;DIE LINKE;15398;;142;1376;59;70;11266;1656;;830;34;223
BE;w;1977 - 1986;GRÜNE;53015;45;990;5020;40;386;3993;40959;;1582;13;132
BE;w;1977 - 1986;CSU;;;;;;;;;;;;
BE;w;1977 - 1986;Sonstige;18533;82;1059;1130;790;1011;1470;1145;;11846;596;1327
BE;w;1977 - 1986;dar. FREIE WÄHLER;1609;;74;108;91;218;57;;;1061;453;337
BE;w;1977 - 1986;dar. dieBasis;;;;;;;;;;;;
BE;w;1962 - 1976;Summe;244566;3150;42074;54344;20092;16260;29059;56897;;22690;2403;4084
BE;w;1962 - 1976;Ungültig;2681;1186;139;144;120;58;201;221;;612;;489
BE;w;1962 - 1976;CDU;35304;289;30464;1127;572;1158;432;898;;365;94;
BE;w;1962 - 1976;SPD;56958;298;3002;42817;351;578;3794;4867;;1250;129;
BE;w;1962 - 1976;AfD;21371;126;725;179;17659;373;514;62;;1733;255;1158
BE;w;1962 - 1976;FDP;21426;489;4531;1352;291;12916;461;532;;853;167;147
BE;w;1962 - 1976;DIE LINKE;22442;284;282;1440;241;25;17352;2163;;656;65;286
BE;w;1962 - 1976;GRÜNE;60238;93;1429;5667;;260;4617;47379;;793;;
BE;w;1962 - 1976;CSU;;;;;;;;;;;;
BE;w;1962 - 1976;Sonstige;24147;386;1502;1617;859;893;1687;775;;16429;1694;2004
BE;w;1962 - 1976;dar. FREIE WÄHLER;2816;16;146;204;271;59;139;;;1983;1312;320
BE;w;1962 - 1976;dar. dieBasis;;;;;;;;;;;;
BE;w;1952 - 1961;Summe;139960;3032;31826;37902;10447;7169;22839;18186;;8560;1780;1456
BE;w;1952 - 1961;Ungültig;2199;1108;455;261;133;44;27;64;;106;;59
BE;w;1952 - 1961;CDU;27449;647;24517;738;331;147;648;166;;255;161;
BE;w;1952 - 1961;SPD;43036;520;2362;31870;281;326;4377;2418;;882;334;144
BE;w;1952 - 1961;AfD;10811;193;728;318;8953;;125;;;495;7;373
BE;w;1952 - 1961;FDP;9981;32;2201;628;298;5965;317;139;;400;243;35
BE;w;1952 - 1961;DIE LINKE;18002;224;504;1276;134;120;14588;703;;453;;146
BE;w;1952 - 1961;GRÜNE;19008;80;523;1869;;101;1976;14319;;141;;
BE;w;1952 - 1961;CSU;;;;;;;;;;;;
BE;w;1952 - 1961;Sonstige;9474;228;537;941;316;467;782;376;;5827;1035;699
BE;w;1952 - 1961;dar. FREIE WÄHLER;1481;88;;75;78;42;100;35;;1063;706;217
BE;w;1952 - 1961;dar. dieBasis;;;;;;;;;;;;
BE;w;1951 und früher;Summe;213822;8974;64247;69527;9760;9465;29439;13740;;8670;1425;928
BE;w;1951 und früher;Ungültig;8453;3249;1749;1936;54;330;637;248;;251;;131
BE;w;1951 und früher;CDU;57530;2621;50495;1451;434;886;767;391;;486;226;
BE;w;1951 und früher;SPD;74717;1623;4559;59646;325;221;5966;1811;;568;304;30
BE;w;1951 und früher;AfD;10352;189;786;231;8410;231;163;;;343;109;218
BE;w;1951 und früher;FDP;13135;301;3798;873;164;7327;307;48;;316;125;75
BE;w;1951 und früher;DIE LINKE;24001;370;748;1646;30;184;20047;650;;326;;42
BE;w;1951 und früher;GRÜNE;15142;36;748;2917;;21;912;10343;;165;53;71
BE;w;1951 und früher;CSU;;;;;;;;;;;;
BE;w;1951 und früher;Sonstige;10492;586;1363;828;344;266;641;250;;6215;608;361
BE;w;1951 und früher;dar. FREIE WÄHLER;1010;163;233;112;;31;31;;;441;329;50
BE;w;1951 und früher;dar. dieBasis;;;;;;;;;;;;
BE-O;Summe;Summe;Summe;821070;11139;114664;146740;84656;48380;187305;158523;;69664;6519;8430
BE-O;Summe;Summe;Ungültig;12057;5438;1460;1086;751;215;1327;479;;1301;;726
BE-O;Summe;Summe;CDU;92720;1311;78434;2499;1953;2718;3853;1181;;772;203;
BE-O;Summe;Summe;SPD;175376;1352;10639;117088;1011;1600;27963;12030;;3694;509;45
BE-O;Summe;Summe;AfD;88192;893;4300;936;74796;825;2889;84;;3468;319;1843
BE-O;Summe;Summe;FDP;60071;133;10062;3605;1598;38135;2553;1850;;2134;401;85
BE-O;Summe;Summe;DIE LINKE;137191;665;2605;5211;546;587;115010;8705;;3863;121;456
BE-O;Summe;Summe;GRÜNE;175651;324;2639;11967;86;962;23933;130331;;5411;214;209
BE-O;Summe;Summe;CSU;;;;;;;;;;;;
BE-O;Summe;Summe;Sonstige;79812;1023;4525;4348;3916;3339;9777;3863;;49020;4750;5067
BE-O;Summe;Summe;dar. FREIE WÄHLER;8573;214;523;344;776;718;509;14;;5474;3418;1061
BE-O;Summe;Summe;dar. dieBasis;;;;;;;;;;;;
BE-O;Summe;1997 - 2003;Summe;48744;789;3050;5686;2741;4821;11733;13861;;6062;258;374
BE-O;Summe;1997 - 2003;Ungültig;740;606;;;45;;;;;89;;
BE-O;Summe;1997 - 2003;CDU;1926;;1412;14;13;275;67;107;;38;;
BE-O;Summe;1997 - 2003;SPD;5901;;238;3874;;168;758;507;;357;13;
BE-O;Summe;1997 - 2003;AfD;2799;89;128;30;2312;30;;38;;173;;
BE-O;Summe;1997 - 2003;FDP;4804;45;540;379;80;3267;211;241;;40;;
BE-O;Summe;1997 - 2003;DIE LINKE;9310;;146;380;22;179;7003;1092;;488;;
BE-O;Summe;1997 - 2003;GRÜNE;15588;12;246;609;;296;2736;11042;;647;;
BE-O;Summe;1997 - 2003;CSU;;;;;;;;;;;;
BE-O;Summe;1997 - 2003;Sonstige;7677;38;341;400;270;607;959;833;;4230;245;374
BE-O;Summe;1997 - 2003;dar. FREIE WÄHLER;535;;;;17;111;69;;;337;165;59
BE-O;Summe;1997 - 2003;dar. dieBasis;;;;;;;;;;;;
BE-O;Summe;1987 - 1996;Summe;123146;756;9642;15053;6420;9521;24154;41503;;16096;685;1356
BE-O;Summe;1987 - 1996;Ungültig;878;474;29;13;;;;103;;259;;114
BE-O;Summe;1987 - 1996;CDU;7685;;5937;329;233;464;276;267;;178;;
BE-O;Summe;1987 - 1996;SPD;16086;63;622;9802;;337;1904;2787;;573;100;45
BE-O;Summe;1987 - 1996;AfD;6228;;322;289;4951;138;164;;;365;38;58
BE-O;Summe;1987 - 1996;FDP;11429;;1471;774;261;7338;331;652;;603;;
BE-O;Summe;1987 - 1996;DIE LINKE;18472;55;81;386;99;77;14233;2577;;963;22;18
BE-O;Summe;1987 - 1996;GRÜNE;44264;79;509;2434;;222;5331;34268;;1420;;38
BE-O;Summe;1987 - 1996;CSU;;;;;;;;;;;;
BE-O;Summe;1987 - 1996;Sonstige;18104;85;672;1027;876;946;1914;849;;11735;526;1083
BE-O;Summe;1987 - 1996;dar. FREIE WÄHLER;1091;;14;68;157;165;97;;;590;321;58
BE-O;Summe;1987 - 1996;dar. dieBasis;;;;;;;;;;;;
BE-O;Summe;1977 - 1986;Summe;162812;1108;19424;23385;15672;11355;28633;46418;;16817;1255;2008
BE-O;Summe;1977 - 1986;Ungültig;1687;832;198;;109;22;31;194;;301;;211
BE-O;Summe;1977 - 1986;CDU;15745;50;13220;721;111;654;582;305;;102;;
BE-O;Summe;1977 - 1986;SPD;24329;18;1304;15899;179;365;2877;2979;;707;89;
BE-O;Summe;1977 - 1986;AfD;16485;53;1000;229;13445;213;555;;;990;107;538
BE-O;Summe;1977 - 1986;FDP;13938;;2114;915;501;8819;325;683;;581;35;31
BE-O;Summe;1977 - 1986;DIE LINKE;19719;;116;978;120;84;15812;1633;;976;34;84
BE-O;Summe;1977 - 1986;GRÜNE;52104;109;739;3465;86;247;6134;39586;;1739;72;71
BE-O;Summe;1977 - 1986;CSU;;;;;;;;;;;;
BE-O;Summe;1977 - 1986;Sonstige;18805;45;733;1178;1121;950;2316;1040;;11422;916;1072
BE-O;Summe;1977 - 1986;dar. FREIE WÄHLER;2468;;219;51;198;350;53;;;1598;740;523
BE-O;Summe;1977 - 1986;dar. dieBasis;;;;;;;;;;;;
BE-O;Summe;1962 - 1976;Summe;222429;2206;30418;38647;31840;13915;42283;43314;;19806;2441;3652
BE-O;Summe;1962 - 1976;Ungültig;2007;962;50;183;131;43;229;27;;382;;339
BE-O;Summe;1962 - 1976;CDU;25375;147;21815;373;836;809;779;297;;320;143;
BE-O;Summe;1962 - 1976;SPD;45090;148;1871;30772;407;452;5973;4297;;1170;91;
BE-O;Summe;1962 - 1976;AfD;33571;263;1324;265;28657;394;1055;47;;1566;85;1176
BE-O;Summe;1962 - 1976;FDP;17363;88;2846;1004;542;11338;821;237;;487;138;40
BE-O;Summe;1962 - 1976;DIE LINKE;29621;207;320;1241;127;150;24368;2351;;858;65;222
BE-O;Summe;1962 - 1976;GRÜNE;48019;96;836;4035;;139;6541;35138;;1233;89;100
BE-O;Summe;1962 - 1976;CSU;;;;;;;;;;;;
BE-O;Summe;1962 - 1976;Sonstige;21384;295;1357;774;1143;589;2518;919;;13789;1830;1775
BE-O;Summe;1962 - 1976;dar. FREIE WÄHLER;2768;16;226;162;300;62;159;14;;1831;1393;321
BE-O;Summe;1962 - 1976;dar. dieBasis;;;;;;;;;;;;
BE-O;Summe;1952 - 1961;Summe;117051;1779;21687;24732;16170;4891;33241;8308;;6242;1248;830
BE-O;Summe;1952 - 1961;Ungültig;1918;833;400;188;211;88;19;110;;68;;31
BE-O;Summe;1952 - 1961;CDU;17306;308;14794;547;296;171;981;146;;63;32;
BE-O;Summe;1952 - 1961;SPD;32971;111;2677;21775;224;178;6695;767;;544;147;
BE-O;Summe;1952 - 1961;AfD;17203;284;920;76;15067;;481;;;374;89;71
BE-O;Summe;1952 - 1961;FDP;6933;;1421;314;103;4247;450;37;;362;228;14
BE-O;Summe;1952 - 1961;DIE LINKE;24361;74;760;744;79;;21724;547;;432;;89
BE-O;Summe;1952 - 1961;GRÜNE;9474;28;135;587;;34;1974;6538;;177;;
BE-O;Summe;1952 - 1961;CSU;;;;;;;;;;;;
BE-O;Summe;1952 - 1961;Sonstige;6886;140;580;501;190;172;917;163;;4223;752;625
BE-O;Summe;1952 - 1961;dar. FREIE WÄHLER;1118;77;14;45;104;;100;;;778;551;100
BE-O;Summe;1952 - 1961;dar. dieBasis;;;;;;;;;;;;
BE-O;Summe;1951 und früher;Summe;146888;4501;30442;39236;11812;3877;47261;5118;;4640;632;210
BE-O;Summe;1951 und früher;Ungültig;4828;1730;783;702;256;62;1047;45;;202;;31
BE-O;Summe;1951 und früher;CDU;24683;805;21255;515;464;344;1169;59;;72;29;
BE-O;Summe;1951 und früher;SPD;50998;1012;3927;34966;201;100;9757;693;;343;69;
BE-O;Summe;1951 und früher;AfD;11906;203;606;47;10365;50;634;;;;;
BE-O;Summe;1951 und früher;FDP;5605;;1671;219;111;3127;415;;;62;;
BE-O;Summe;1951 und früher;DIE LINKE;35708;329;1182;1482;99;96;31870;504;;146;;42
BE-O;Summe;1951 und früher;GRÜNE;6203;;174;837;;24;1216;3758;;195;53;
BE-O;Summe;1951 und früher;CSU;;;;;;;;;;;;
BE-O;Summe;1951 und früher;Sonstige;6957;421;843;469;317;74;1152;59;;3622;481;137
BE-O;Summe;1951 und früher;dar. FREIE WÄHLER;592;121;50;18;;31;31;;;341;249;
BE-O;Summe;1951 und früher;dar. dieBasis;;;;;;;;;;;;
BE-O;m;Summe;Summe;394924;4496;55303;66776;52098;26732;89098;69611;;30811;3167;3396
BE-O;m;Summe;Ungültig;4996;2262;410;445;536;79;602;222;;440;;362
BE-O;m;Summe;CDU;45006;312;38630;790;1049;1696;1692;487;;350;143;
BE-O;m;Summe;SPD;79561;337;4071;54038;466;804;12618;5575;;1652;129;45
BE-O;m;Summe;AfD;54708;669;2700;475;46942;425;1991;47;;1460;127;748
BE-O;m;Summe;FDP;33406;82;5313;1728;1043;21891;1295;1235;;819;135;
BE-O;m;Summe;DIE LINKE;63540;162;1026;1990;244;255;54864;3362;;1638;22;13
BE-O;m;Summe;GRÜNE;77598;217;1270;5519;46;372;10629;56908;;2636;148;100
BE-O;m;Summe;CSU;;;;;;;;;;;;
BE-O;m;Summe;Sonstige;36109;456;1883;1790;1772;1210;5406;1776;;21817;2464;2128
BE-O;m;Summe;dar. FREIE WÄHLER;4121;31;401;101;355;324;167;14;;2728;1842;512
BE-O;m;Summe;dar. dieBasis;;;;;;;;;;;;
BE-O;m;1997 - 2003;Summe;24074;151;1703;3129;1705;2786;5731;6356;;2513;114;140
BE-O;m;1997 - 2003;Ungültig;102;57;;;45;;;;;;;
BE-O;m;1997 - 2003;CDU;948;;686;;13;210;22;17;;;;
BE-O;m;1997 - 2003;SPD;2807;;132;1942;;93;283;264;;94;;
BE-O;m;1997 - 2003;AfD;1574;;32;30;1454;17;;;;42;;
BE-O;m;1997 - 2003;FDP;3316;45;434;316;80;2106;174;161;;;;
BE-O;m;1997 - 2003;DIE LINKE;4428;;98;232;22;45;3473;407;;152;;
BE-O;m;1997 - 2003;GRÜNE;7351;12;131;376;;117;1209;5224;;281;;
BE-O;m;1997 - 2003;CSU;;;;;;;;;;;;
BE-O;m;1997 - 2003;Sonstige;3547;38;189;233;91;198;570;283;;1944;114;140
BE-O;m;1997 - 2003;dar. FREIE WÄHLER;179;;;;;66;;;;113;62;
BE-O;m;1997 - 2003;dar. dieBasis;;;;;;;;;;;;
BE-O;m;1987 - 1996;Summe;57727;452;4777;7055;3407;5564;12256;16359;;7856;540;464
BE-O;m;1987 - 1996;Ungültig;337;267;;;;;;69;;;;
BE-O;m;1987 - 1996;CDU;3978;;2953;104;207;296;242;121;;56;;
BE-O;m;1987 - 1996;SPD;7651;;283;4619;;181;1079;1156;;333;100;45
BE-O;m;1987 - 1996;AfD;3392;;217;229;2598;49;89;;;210;38;18
BE-O;m;1987 - 1996;FDP;6569;;729;252;120;4523;134;463;;348;;
BE-O;m;1987 - 1996;DIE LINKE;9298;55;31;358;26;43;7406;1041;;339;22;
BE-O;m;1987 - 1996;GRÜNE;17319;79;214;1122;;94;2250;13103;;458;;
BE-O;m;1987 - 1996;CSU;;;;;;;;;;;;
BE-O;m;1987 - 1996;Sonstige;9184;51;350;372;457;378;1057;406;;6114;381;401
BE-O;m;1987 - 1996;dar. FREIE WÄHLER;601;;;13;143;40;97;;;308;244;18
BE-O;m;1987 - 1996;dar. dieBasis;;;;;;;;;;;;
BE-O;m;1977 - 1986;Summe;80734;567;9527;11453;9314;6441;14776;20635;;8021;653;715
BE-O;m;1977 - 1986;Ungültig;698;445;;;45;22;18;80;;88;;62
BE-O;m;1977 - 1986;CDU;7643;;6518;242;65;388;201;149;;80;;
BE-O;m;1977 - 1986;SPD;12134;18;448;8130;89;168;1372;1433;;475;;
BE-O;m;1977 - 1986;AfD;9521;40;545;68;8044;104;387;;;334;;115
BE-O;m;1977 - 1986;FDP;8245;;1197;585;343;5287;252;401;;180;11;
BE-O;m;1977 - 1986;DIE LINKE;9551;;17;276;61;14;7945;613;;625;;
BE-O;m;1977 - 1986;GRÜNE;23477;64;386;1473;46;29;3119;17379;;980;59;
BE-O;m;1977 - 1986;CSU;;;;;;;;;;;;
BE-O;m;1977 - 1986;Sonstige;9466;;415;679;623;429;1481;580;;5258;584;538
BE-O;m;1977 - 1986;dar. FREIE WÄHLER;1628;;175;26;129;187;;;;1111;475;435
BE-O;m;1977 - 1986;dar. dieBasis;;;;;;;;;;;;
BE-O;m;1962 - 1976;Summe;115418;1221;16880;18168;20597;7973;21265;20468;;8847;1394;1715
BE-O;m;1962 - 1976;Ungültig;1250;560;50;136;81;13;119;22;;269;;269
BE-O;m;1962 - 1976;CDU;14082;82;12317;149;373;532;347;98;;183;143;
BE-O;m;1962 - 1976;SPD;21303;66;612;14798;172;248;2819;2047;;539;29;
BE-O;m;1962 - 1976;AfD;21916;229;960;132;19029;205;643;47;;671;;601
BE-O;m;1962 - 1976;FDP;10036;38;1732;417;380;6645;494;210;;120;60;
BE-O;m;1962 - 1976;DIE LINKE;14751;;72;479;45;132;12605;968;;452;;13
BE-O;m;1962 - 1976;GRÜNE;22648;62;479;1779;;74;2915;16664;;674;89;100
BE-O;m;1962 - 1976;CSU;;;;;;;;;;;;
BE-O;m;1962 - 1976;Sonstige;9433;184;659;277;516;124;1323;412;;5938;1073;732
BE-O;m;1962 - 1976;dar. FREIE WÄHLER;1319;;161;62;57;31;70;14;;924;848;59
BE-O;m;1962 - 1976;dar. dieBasis;;;;;;;;;;;;
BE-O;m;1952 - 1961;Summe;55804;805;9990;11184;10700;2458;14272;3920;;2476;374;297
BE-O;m;1952 - 1961;Ungültig;913;455;122;69;127;45;19;46;;31;;31
BE-O;m;1952 - 1961;CDU;8269;22;7226;194;175;40;479;102;;31;;
BE-O;m;1952 - 1961;SPD;14717;;1139;10070;145;70;2832;322;;140;;
BE-O;m;1952 - 1961;AfD;11457;262;515;;10077;;400;;;203;89;13
BE-O;m;1952 - 1961;FDP;3264;;562;109;103;2187;133;;;171;65;
BE-O;m;1952 - 1961;DIE LINKE;10284;35;256;271;22;;9448;182;;70;;
BE-O;m;1952 - 1961;GRÜNE;4459;;60;412;;34;636;3174;;142;;
BE-O;m;1952 - 1961;CSU;;;;;;;;;;;;
BE-O;m;1952 - 1961;Sonstige;2438;31;110;60;50;81;325;94;;1688;220;253
BE-O;m;1952 - 1961;dar. FREIE WÄHLER;237;31;14;;26;;;;;167;138;
BE-O;m;1952 - 1961;dar. dieBasis;;;;;;;;;;;;
BE-O;m;1951 und früher;Summe;61167;1300;12426;15787;6376;1510;20798;1872;;1098;92;65
BE-O;m;1951 und früher;Ungültig;1697;479;238;240;238;;446;5;;51;;
BE-O;m;1951 und früher;CDU;10085;207;8931;101;216;228;402;;;;;
BE-O;m;1951 und früher;SPD;20949;253;1457;14480;61;42;4233;352;;71;;
BE-O;m;1951 und früher;AfD;6848;137;431;17;5740;50;472;;;;;
BE-O;m;1951 und früher;FDP;1975;;658;48;17;1143;109;;;;;
BE-O;m;1951 und früher;DIE LINKE;15228;72;552;375;69;22;13987;152;;;;
BE-O;m;1951 und früher;GRÜNE;2344;;;357;;24;500;1363;;100;;
BE-O;m;1951 und früher;CSU;;;;;;;;;;;;
BE-O;m;1951 und früher;Sonstige;2042;152;160;168;35;;651;;;875;92;65
BE-O;m;1951 und früher;dar. FREIE WÄHLER;156;;50;;;;;;;106;75;
BE-O;m;1951 und früher;dar. dieBasis;;;;;;;;;;;;
BE-O;w;Summe;Summe;426147;6643;59361;79964;32558;21648;98207;88912;;38853;3351;5034
BE-O;w;Summe;Ungültig;7061;3177;1050;641;216;136;725;257;;861;;363
BE-O;w;Summe;CDU;47714;999;39803;1709;904;1022;2161;694;;422;60;
BE-O;w;Summe;SPD;95815;1015;6568;63049;545;796;15345;6455;;2042;380;
BE-O;w;Summe;AfD;33483;225;1599;461;27853;400;899;38;;2009;193;1096
BE-O;w;Summe;FDP;26664;50;4750;1877;554;16244;1258;615;;1316;266;85
BE-O;w;Summe;DIE LINKE;73651;503;1579;3221;302;331;60146;5343;;2225;99;442
BE-O;w;Summe;GRÜNE;98053;107;1369;6447;40;590;13303;73423;;2775;66;109
BE-O;w;Summe;CSU;;;;;;;;;;;;
BE-O;w;Summe;Sonstige;43703;567;2642;2559;2144;2129;4371;2087;;27203;2287;2939
BE-O;w;Summe;dar. FREIE WÄHLER;4452;183;122;243;421;394;342;;;2746;1576;550
BE-O;w;Summe;dar. dieBasis;;;;;;;;;;;;
BE-O;w;1997 - 2003;Summe;24670;638;1348;2557;1036;2035;6003;7505;;3549;144;235
BE-O;w;1997 - 2003;Ungültig;638;549;;;;;;;;89;;
BE-O;w;1997 - 2003;CDU;978;;726;14;;65;45;90;;38;;
BE-O;w;1997 - 2003;SPD;3094;;106;1932;;75;475;243;;263;13;
BE-O;w;1997 - 2003;AfD;1224;89;96;;858;13;;38;;131;;
BE-O;w;1997 - 2003;FDP;1488;;106;63;;1160;38;81;;40;;
BE-O;w;1997 - 2003;DIE LINKE;4882;;48;148;;134;3530;685;;336;;
BE-O;w;1997 - 2003;GRÜNE;8237;;114;232;;179;1527;5818;;366;;
BE-O;w;1997 - 2003;CSU;;;;;;;;;;;;
BE-O;w;1997 - 2003;Sonstige;4130;;152;166;178;409;388;550;;2286;130;235
BE-O;w;1997 - 2003;dar. FREIE WÄHLER;356;;;;17;46;69;;;225;102;59
BE-O;w;1997 - 2003;dar. dieBasis;;;;;;;;;;;;
BE-O;w;1987 - 1996;Summe;65419;304;4866;7998;3014;3956;11898;25144;;8240;145;892
BE-O;w;1987 - 1996;Ungültig;542;207;29;13;;;;34;;259;;114
BE-O;w;1987 - 1996;CDU;3707;;2984;225;27;168;35;146;;123;;
BE-O;w;1987 - 1996;SPD;8436;63;339;5182;;155;825;1631;;240;;
BE-O;w;1987 - 1996;AfD;2835;;105;60;2353;89;75;;;154;;40
BE-O;w;1987 - 1996;FDP;4860;;742;522;141;2815;197;189;;255;;
BE-O;w;1987 - 1996;DIE LINKE;9174;;50;28;74;34;6827;1536;;624;;18
BE-O;w;1987 - 1996;GRÜNE;26945;;295;1313;;127;3081;21165;;963;;38
BE-O;w;1987 - 1996;CSU;;;;;;;;;;;;
BE-O;w;1987 - 1996;Sonstige;8921;34;321;655;419;569;858;443;;5621;145;682
BE-O;w;1987 - 1996;dar. FREIE WÄHLER;490;;14;55;14;125;;;;282;77;40
BE-O;w;1987 - 1996;dar. dieBasis;;;;;;;;;;;;
BE-O;w;1977 - 1986;Summe;82078;541;9897;11932;6358;4914;13857;25783;;8796;601;1292
BE-O;w;1977 - 1986;Ungültig;989;388;198;;65;;13;114;;213;;149
BE-O;w;1977 - 1986;CDU;8102;50;6702;479;47;266;381;156;;22;;
BE-O;w;1977 - 1986;SPD;12195;;857;7769;91;197;1504;1546;;232;89;
BE-O;w;1977 - 1986;AfD;6965;13;454;162;5401;109;169;;;656;107;423
BE-O;w;1977 - 1986;FDP;5692;;916;330;158;3533;74;282;;400;25;31
BE-O;w;1977 - 1986;DIE LINKE;10168;;99;702;59;70;7867;1020;;351;34;84
BE-O;w;1977 - 1986;GRÜNE;28627;45;353;1992;40;218;3015;22207;;759;13;71
BE-O;w;1977 - 1986;CSU;;;;;;;;;;;;
BE-O;w;1977 - 1986;Sonstige;9339;45;318;499;498;521;836;460;;6163;333;534
BE-O;w;1977 - 1986;dar. FREIE WÄHLER;840;;44;25;70;162;53;;;486;266;88
BE-O;w;1977 - 1986;dar. dieBasis;;;;;;;;;;;;
BE-O;w;1962 - 1976;Summe;107011;985;13538;20479;11243;5942;21018;22846;;10959;1047;1937
BE-O;w;1962 - 1976;Ungültig;757;402;;47;49;30;110;5;;113;;69
BE-O;w;1962 - 1976;CDU;11293;65;9498;224;462;277;432;199;;136;;
BE-O;w;1962 - 1976;SPD;23787;83;1259;15974;234;204;3154;2249;;631;62;
BE-O;w;1962 - 1976;AfD;11655;34;364;134;9627;189;411;;;895;85;575
BE-O;w;1962 - 1976;FDP;7327;50;1113;587;161;4693;327;27;;368;78;40
BE-O;w;1962 - 1976;DIE LINKE;14870;207;248;762;82;19;11763;1384;;406;65;209
BE-O;w;1962 - 1976;GRÜNE;25371;34;357;2256;;65;3626;18474;;559;;
BE-O;w;1962 - 1976;CSU;;;;;;;;;;;;
BE-O;w;1962 - 1976;Sonstige;11951;111;698;497;627;465;1195;507;;7851;757;1044
BE-O;w;1962 - 1976;dar. FREIE WÄHLER;1449;16;64;100;243;31;89;;;906;544;263
BE-O;w;1962 - 1976;dar. dieBasis;;;;;;;;;;;;
BE-O;w;1952 - 1961;Summe;61247;974;11697;13549;5471;2434;18969;4389;;3766;873;533
BE-O;w;1952 - 1961;Ungültig;1005;379;278;120;83;44;;64;;37;;
BE-O;w;1952 - 1961;CDU;9037;286;7568;353;121;131;502;44;;32;32;
BE-O;w;1952 - 1961;SPD;18254;111;1538;11705;80;108;3863;445;;404;147;
BE-O;w;1952 - 1961;AfD;5746;22;405;76;4990;;81;;;172;;58
BE-O;w;1952 - 1961;FDP;3668;;859;205;;2060;317;37;;191;163;14
BE-O;w;1952 - 1961;DIE LINKE;14077;39;504;473;57;;12276;366;;362;;89
BE-O;w;1952 - 1961;GRÜNE;5014;28;75;175;;;1338;3364;;34;;
BE-O;w;1952 - 1961;CSU;;;;;;;;;;;;
BE-O;w;1952 - 1961;Sonstige;4447;109;470;441;140;91;592;69;;2535;532;373
BE-O;w;1952 - 1961;dar. FREIE WÄHLER;880;47;;45;78;;100;;;611;412;100
BE-O;w;1952 - 1961;dar. dieBasis;;;;;;;;;;;;
BE-O;w;1951 und früher;Summe;85721;3201;18016;23449;5436;2368;26463;3246;;3542;540;145
BE-O;w;1951 und früher;Ungültig;3131;1252;545;461;18;62;602;40;;151;;31
BE-O;w;1951 und früher;CDU;14598;598;12324;414;249;116;767;59;;72;29;
BE-O;w;1951 und früher;SPD;30050;759;2470;20486;140;58;5524;341;;272;69;
BE-O;w;1951 und früher;AfD;5058;66;176;30;4624;;163;;;;;
BE-O;w;1951 und früher;FDP;3630;;1013;170;94;1983;307;;;62;;
BE-O;w;1951 und früher;DIE LINKE;20480;258;630;1107;30;74;17884;352;;146;;42
BE-O;w;1951 und früher;GRÜNE;3859;;174;480;;;716;2395;;95;53;
BE-O;w;1951 und früher;CSU;;;;;;;;;;;;
BE-O;w;1951 und früher;Sonstige;4915;269;683;301;282;74;502;59;;2746;390;72
BE-O;w;1951 und früher;dar. FREIE WÄHLER;436;121;;18;;31;31;;;235;174;
BE-O;w;1951 und früher;dar. dieBasis;;;;;;;;;;;;
BE-W;Summe;Summe;Summe;1035833;20492;230174;270423;62478;81298;72937;222058;;75972;7644;11171
BE-W;Summe;Summe;Ungültig;18265;8354;2776;3470;471;834;416;646;;1297;;1015
BE-W;Summe;Summe;CDU;196971;3516;174897;6636;1271;5511;278;3074;;1788;662;87
BE-W;Summe;Summe;SPD;252913;3007;11667;205637;1309;3028;5540;18547;;4178;785;369
BE-W;Summe;Summe;AfD;65502;752;2897;968;55085;1232;290;195;;4082;576;2713
BE-W;Summe;Summe;FDP;105866;1079;25608;5950;1468;63946;591;4055;;3169;635;1007
BE-W;Summe;Summe;DIE LINKE;71861;569;455;9372;569;512;48718;8456;;3210;97;723
BE-W;Summe;Summe;GRÜNE;232882;600;6285;27358;;1453;10863;181754;;4569;;230
BE-W;Summe;Summe;CSU;;;;;;;;;;;;
BE-W;Summe;Summe;Sonstige;91573;2614;5588;11032;2304;4781;6243;5331;;53680;4890;5028
BE-W;Summe;Summe;dar. FREIE WÄHLER;8497;532;537;696;205;497;184;112;;5734;3681;1065
BE-W;Summe;Summe;dar. dieBasis;;;;;;;;;;;;
BE-W;Summe;1997 - 2003;Summe;86705;828;8413;17011;2122;10998;11493;26755;;9085;469;1218
BE-W;Summe;1997 - 2003;Ungültig;502;308;28;;;;;75;;90;;90
BE-W;Summe;1997 - 2003;CDU;5996;;4656;332;;630;111;206;;61;;
BE-W;Summe;1997 - 2003;SPD;12877;148;531;9273;28;363;606;1562;;365;43;89
BE-W;Summe;1997 - 2003;AfD;2338;;77;31;1652;247;;;;331;;244
BE-W;Summe;1997 - 2003;FDP;12488;;1424;1086;141;8466;34;852;;487;113;171
BE-W;Summe;1997 - 2003;DIE LINKE;10634;;34;1237;;39;6962;1900;;462;;77
BE-W;Summe;1997 - 2003;GRÜNE;27498;75;771;2344;;301;2108;20903;;995;;64
BE-W;Summe;1997 - 2003;CSU;;;;;;;;;;;;
BE-W;Summe;1997 - 2003;Sonstige;14372;296;893;2708;302;952;1672;1256;;6293;313;483
BE-W;Summe;1997 - 2003;dar. FREIE WÄHLER;575;71;;32;36;;;;;437;253;59
BE-W;Summe;1997 - 2003;dar. dieBasis;;;;;;;;;;;;
BE-W;Summe;1987 - 1996;Summe;158546;1647;15238;30655;5750;15780;20619;51263;;17595;1156;1394
BE-W;Summe;1987 - 1996;Ungültig;1560;1030;6;93;;140;84;101;;107;;107
BE-W;Summe;1987 - 1996;CDU;11733;50;9505;552;41;962;16;336;;272;30;
BE-W;Summe;1987 - 1996;SPD;24845;95;940;18209;137;739;1319;2735;;670;30;11
BE-W;Summe;1987 - 1996;AfD;5955;31;150;21;5075;253;71;;;354;39;138
BE-W;Summe;1987 - 1996;FDP;17215;;2589;1012;159;11804;422;907;;323;42;21
BE-W;Summe;1987 - 1996;DIE LINKE;19219;;109;1811;11;201;13295;2895;;895;97;149
BE-W;Summe;1987 - 1996;GRÜNE;54355;192;660;5386;;264;3868;42731;;1254;;
BE-W;Summe;1987 - 1996;CSU;;;;;;;;;;;;
BE-W;Summe;1987 - 1996;Sonstige;23662;250;1279;3571;327;1416;1544;1558;;13719;919;968
BE-W;Summe;1987 - 1996;dar. FREIE WÄHLER;1345;176;;238;42;252;;77;;562;562;
BE-W;Summe;1987 - 1996;dar. dieBasis;;;;;;;;;;;;
BE-W;Summe;1977 - 1986;Summe;159624;1766;26546;36589;9874;12252;12856;44531;;15210;892;2524
BE-W;Summe;1977 - 1986;Ungültig;1885;1104;62;217;11;127;88;;;277;;106
BE-W;Summe;1977 - 1986;CDU;21968;117;18661;1399;62;801;;612;;315;94;
BE-W;Summe;1977 - 1986;SPD;31591;115;1521;25105;162;560;697;2873;;557;72;
BE-W;Summe;1977 - 1986;AfD;9969;62;292;99;8421;138;;;;957;42;655
BE-W;Summe;1977 - 1986;FDP;16007;88;3764;906;405;9228;;1045;;570;;300
BE-W;Summe;1977 - 1986;DIE LINKE;12620;66;43;1697;129;36;8536;1438;;674;;138
BE-W;Summe;1977 - 1986;GRÜNE;47680;23;1019;5332;;407;1933;37461;;1505;;61
BE-W;Summe;1977 - 1986;CSU;;;;;;;;;;;;
BE-W;Summe;1977 - 1986;Sonstige;17904;191;1184;1833;682;955;1601;1101;;10356;684;1263
BE-W;Summe;1977 - 1986;dar. FREIE WÄHLER;2007;;169;118;100;96;134;;;1390;609;447
BE-W;Summe;1977 - 1986;dar. dieBasis;;;;;;;;;;;;
BE-W;Summe;1962 - 1976;Summe;257230;4073;57932;62274;21196;21088;14382;56790;;19496;2234;3419
BE-W;Summe;1962 - 1976;Ungültig;3357;1749;301;201;212;28;91;231;;544;;444
BE-W;Summe;1962 - 1976;CDU;47933;389;42154;1741;494;1648;5;1098;;404;135;87
BE-W;Summe;1962 - 1976;SPD;60880;397;3025;48825;270;782;1180;5054;;1347;72;31
BE-W;Summe;1962 - 1976;AfD;21787;92;667;98;19223;184;103;116;;1304;201;944
BE-W;Summe;1962 - 1976;FDP;30279;532;8561;1354;285;17406;135;946;;1059;182;325
BE-W;Summe;1962 - 1976;DIE LINKE;14318;111;34;1860;159;6;10545;1081;;523;;144
BE-W;Summe;1962 - 1976;GRÜNE;58633;76;2026;6628;;359;1506;47574;;465;;35
BE-W;Summe;1962 - 1976;CSU;;;;;;;;;;;;
BE-W;Summe;1962 - 1976;Sonstige;20043;727;1163;1568;553;676;818;689;;13849;1643;1410
BE-W;Summe;1962 - 1976;dar. FREIE WÄHLER;2414;;113;144;28;107;50;;;1971;1265;281
BE-W;Summe;1962 - 1976;dar. dieBasis;;;;;;;;;;;;
BE-W;Summe;1952 - 1961;Summe;149481;3474;38277;45759;12718;9925;7570;24340;;7418;1597;1531
BE-W;Summe;1952 - 1961;Ungültig;2602;1147;413;558;109;109;88;;;179;;167
BE-W;Summe;1952 - 1961;CDU;34158;493;31506;651;254;488;146;333;;287;171;
BE-W;Summe;1952 - 1961;SPD;46464;653;1665;37932;332;327;1080;3718;;757;236;207
BE-W;Summe;1952 - 1961;AfD;13398;316;660;435;11134;88;44;80;;641;185;406
BE-W;Summe;1952 - 1961;FDP;12827;32;3080;586;356;8194;;103;;476;173;115
BE-W;Summe;1952 - 1961;DIE LINKE;8269;226;28;1683;216;120;5076;644;;277;;162
BE-W;Summe;1952 - 1961;GRÜNE;24136;92;706;3187;;101;823;19028;;199;;
BE-W;Summe;1952 - 1961;CSU;;;;;;;;;;;;
BE-W;Summe;1952 - 1961;Sonstige;7626;514;219;729;316;498;313;435;;4602;832;474
BE-W;Summe;1952 - 1961;dar. FREIE WÄHLER;1195;244;23;30;;42;;35;;822;614;166
BE-W;Summe;1952 - 1961;dar. dieBasis;;;;;;;;;;;;
BE-W;Summe;1951 und früher;Summe;224248;8704;83769;78135;10817;11256;6017;18381;;7168;1297;1084
BE-W;Summe;1951 und früher;Ungültig;8359;3017;1968;2402;138;431;65;239;;100;;100
BE-W;Summe;1951 und früher;CDU;75183;2467;68416;1962;419;981;;489;;448;231;
BE-W;Summe;1951 und früher;SPD;76255;1600;3985;66293;379;257;656;2604;;482;333;30
BE-W;Summe;1951 und früher;AfD;12055;251;1051;283;9581;323;73;;;494;109;327
BE-W;Summe;1951 und früher;FDP;17050;427;6190;1005;123;8848;;202;;255;125;75
BE-W;Summe;1951 und früher;DIE LINKE;6801;165;206;1084;54;110;4303;499;;380;;53
BE-W;Summe;1951 und früher;GRÜNE;20579;142;1103;4482;;21;624;14056;;150;;71
BE-W;Summe;1951 und früher;CSU;;;;;;;;;;;;
BE-W;Summe;1951 und früher;Sonstige;7965;635;851;624;124;285;295;292;;4860;499;429
BE-W;Summe;1951 und früher;dar. FREIE WÄHLER;961;42;233;134;;;;;;552;379;111
BE-W;Summe;1951 und früher;dar. dieBasis;;;;;;;;;;;;
BE-W;m;Summe;Summe;488398;8879;110607;124956;37908;43494;34684;95709;;32160;3374;4514
BE-W;m;Summe;Ungültig;8308;3823;1206;1622;314;427;213;223;;481;;289
BE-W;m;Summe;CDU;91669;835;82359;3129;755;2913;116;1152;;410;148;87
BE-W;m;Summe;SPD;116069;1374;5421;93621;789;1426;2561;9070;;1808;167;95
BE-W;m;Summe;AfD;38138;305;1435;395;33636;470;144;134;;1621;274;977
BE-W;m;Summe;FDP;58658;296;14909;3037;904;34936;225;2513;;1837;300;659
BE-W;m;Summe;DIE LINKE;35166;195;166;5474;322;128;24220;3294;;1366;85;386
BE-W;m;Summe;GRÜNE;101062;372;2881;12843;;877;4867;77054;;2168;;35
BE-W;m;Summe;CSU;;;;;;;;;;;;
BE-W;m;Summe;Sonstige;39327;1680;2230;4835;1188;2318;2339;2268;;22469;2400;1985
BE-W;m;Summe;dar. FREIE WÄHLER;4473;449;193;386;151;264;130;;;2901;1813;592
BE-W;m;Summe;dar. dieBasis;;;;;;;;;;;;
BE-W;m;1997 - 2003;Summe;41124;505;4472;8717;1058;6400;4907;10674;;4389;294;668
BE-W;m;1997 - 2003;Ungültig;304;201;28;;;;;75;;;;
BE-W;m;1997 - 2003;CDU;2967;;2190;177;;387;111;57;;45;;
BE-W;m;1997 - 2003;SPD;6677;148;158;4915;28;276;210;714;;229;;
BE-W;m;1997 - 2003;AfD;1151;;77;31;805;129;;;;109;;109
BE-W;m;1997 - 2003;FDP;7863;;991;803;111;4954;34;604;;366;113;171
BE-W;m;1997 - 2003;DIE LINKE;4666;;34;757;;28;2939;680;;227;;77
BE-W;m;1997 - 2003;GRÜNE;11246;45;358;1076;;231;1193;8035;;307;;
BE-W;m;1997 - 2003;CSU;;;;;;;;;;;;
BE-W;m;1997 - 2003;Sonstige;6249;111;636;958;114;396;420;510;;3106;181;311
BE-W;m;1997 - 2003;dar. FREIE WÄHLER;380;71;;32;31;;;;;246;122;59
BE-W;m;1997 - 2003;dar. dieBasis;;;;;;;;;;;;
BE-W;m;1987 - 1996;Summe;77669;1020;7428;16322;3823;9631;9234;21631;;8580;620;718
BE-W;m;1987 - 1996;Ungültig;902;534;;16;;140;34;101;;77;;77
BE-W;m;1987 - 1996;CDU;5794;;4674;344;30;614;;101;;30;30;
BE-W;m;1987 - 1996;SPD;13100;64;427;9549;137;257;718;1648;;300;;
BE-W;m;1987 - 1996;AfD;3833;31;108;;3336;111;71;;;176;23;86
BE-W;m;1987 - 1996;FDP;10451;;1334;714;159;7209;191;626;;218;;5
BE-W;m;1987 - 1996;DIE LINKE;8740;;16;1088;;64;6284;1003;;286;85;85
BE-W;m;1987 - 1996;GRÜNE;23318;141;401;2708;;242;1589;17461;;776;;
BE-W;m;1987 - 1996;CSU;;;;;;;;;;;;
BE-W;m;1987 - 1996;Sonstige;11531;250;469;1902;161;994;346;692;;6717;481;466
BE-W;m;1987 - 1996;dar. FREIE WÄHLER;827;176;;238;42;144;;;;228;228;
BE-W;m;1987 - 1996;dar. dieBasis;;;;;;;;;;;;
BE-W;m;1977 - 1986;Summe;83015;1099;13625;18045;6443;7347;7461;22236;;6760;479;947
BE-W;m;1977 - 1986;Ungültig;1225;685;16;159;11;16;88;;;250;;80
BE-W;m;1977 - 1986;CDU;10989;94;9504;580;62;461;;228;;60;;
BE-W;m;1977 - 1986;SPD;15314;;817;12275;146;282;314;1393;;86;16;
BE-W;m;1977 - 1986;AfD;5989;;166;36;5336;51;;;;401;42;224
BE-W;m;1977 - 1986;FDP;10106;77;2297;467;368;5797;;688;;412;;172
BE-W;m;1977 - 1986;DIE LINKE;7390;66;;1024;129;36;5138;802;;196;;
BE-W;m;1977 - 1986;GRÜNE;23292;23;381;2304;;239;955;18708;;681;;
BE-W;m;1977 - 1986;CSU;;;;;;;;;;;;
BE-W;m;1977 - 1986;Sonstige;8710;154;443;1202;390;465;967;416;;4674;422;471
BE-W;m;1977 - 1986;dar. FREIE WÄHLER;1238;;139;35;78;41;130;;;815;422;198
BE-W;m;1977 - 1986;dar. dieBasis;;;;;;;;;;;;
BE-W;m;1962 - 1976;Summe;119675;1909;29395;28409;12348;10769;6342;22738;;7765;878;1272
BE-W;m;1962 - 1976;Ungültig;1432;966;161;103;141;;;16;;45;;24
BE-W;m;1962 - 1976;CDU;23922;165;21188;837;385;767;5;399;;176;42;87
BE-W;m;1962 - 1976;SPD;27710;181;1283;21982;153;407;540;2437;;728;5;31
BE-W;m;1962 - 1976;AfD;12071;;306;53;11191;;;54;;467;32;360
BE-W;m;1962 - 1976;FDP;16180;94;5144;589;155;9182;;441;;574;94;218
BE-W;m;1962 - 1976;DIE LINKE;6746;34;;1181;;;4955;302;;273;;67
BE-W;m;1962 - 1976;GRÜNE;23767;16;954;3216;;164;516;18669;;231;;35
BE-W;m;1962 - 1976;CSU;;;;;;;;;;;;
BE-W;m;1962 - 1976;Sonstige;7848;452;359;448;322;249;326;421;;5271;706;450
BE-W;m;1962 - 1976;dar. FREIE WÄHLER;1046;;32;41;;80;;;;894;497;224
BE-W;m;1962 - 1976;dar. dieBasis;;;;;;;;;;;;
BE-W;m;1952 - 1961;Summe;70768;1416;18148;21406;7743;5189;3700;10543;;2625;690;608
BE-W;m;1952 - 1961;Ungültig;1408;417;236;417;59;109;61;;;109;;109
BE-W;m;1952 - 1961;CDU;15746;132;14557;266;44;473;;210;;64;42;
BE-W;m;1952 - 1961;SPD;21682;245;841;17767;131;109;566;1745;;279;48;64
BE-W;m;1952 - 1961;AfD;8333;145;337;194;7172;88;;80;;318;177;90
BE-W;m;1952 - 1961;FDP;6514;;1738;162;58;4289;;;;266;94;94
BE-W;m;1952 - 1961;DIE LINKE;4344;42;28;880;139;;2764;307;;186;;105
BE-W;m;1952 - 1961;GRÜNE;10142;40;257;1493;;;186;8073;;93;;
BE-W;m;1952 - 1961;CSU;;;;;;;;;;;;
BE-W;m;1952 - 1961;Sonstige;2600;395;152;228;140;122;123;128;;1310;329;147
BE-W;m;1952 - 1961;dar. FREIE WÄHLER;595;202;23;;;;;;;370;320;50
BE-W;m;1952 - 1961;dar. dieBasis;;;;;;;;;;;;
BE-W;m;1951 und früher;Summe;96147;2931;37538;32057;6493;4159;3041;7887;;2041;413;301
BE-W;m;1951 und früher;Ungültig;3036;1020;764;928;102;162;29;31;;;;
BE-W;m;1951 und früher;CDU;32251;444;30245;925;234;211;;157;;34;34;
BE-W;m;1951 und früher;SPD;31587;737;1896;27133;194;95;214;1134;;186;98;
BE-W;m;1951 und früher;AfD;6762;128;440;82;5795;92;73;;;151;;108
BE-W;m;1951 und früher;FDP;7545;126;3405;302;53;3505;;155;;;;
BE-W;m;1951 und früher;DIE LINKE;3280;53;88;545;54;;2140;201;;199;;53
BE-W;m;1951 und früher;GRÜNE;9297;106;529;2045;;;428;6108;;80;;
BE-W;m;1951 und früher;CSU;;;;;;;;;;;;
BE-W;m;1951 und früher;Sonstige;2389;318;170;97;61;94;156;101;;1391;280;140
BE-W;m;1951 und früher;dar. FREIE WÄHLER;387;;;41;;;;;;347;224;61
BE-W;m;1951 und früher;dar. dieBasis;;;;;;;;;;;;
BE-W;w;Summe;Summe;547435;11613;119568;145467;24570;37803;38253;126349;;43812;4271;6656
BE-W;w;Summe;Ungültig;9957;4532;1571;1848;156;407;203;423;;816;;726
BE-W;w;Summe;CDU;105302;2681;92538;3507;517;2598;162;1922;;1377;514;
BE-W;w;Summe;SPD;136843;1634;6246;112016;519;1602;2979;9477;;2370;618;274
BE-W;w;Summe;AfD;27364;448;1462;573;21450;762;146;62;;2460;301;1736
BE-W;w;Summe;FDP;47208;783;10699;2912;565;29010;365;1542;;1332;335;347
BE-W;w;Summe;DIE LINKE;36694;374;289;3898;247;384;24498;5161;;1844;11;336
BE-W;w;Summe;GRÜNE;131820;227;3404;14515;;576;5996;104700;;2401;;195
BE-W;w;Summe;CSU;;;;;;;;;;;;
BE-W;w;Summe;Sonstige;52246;934;3358;6197;1116;2463;3904;3062;;31211;2491;3043
BE-W;w;Summe;dar. FREIE WÄHLER;4024;84;344;311;54;233;55;112;;2833;1869;473
BE-W;w;Summe;dar. dieBasis;;;;;;;;;;;;
BE-W;w;1997 - 2003;Summe;45581;323;3941;8294;1064;4598;6586;16080;;4696;175;550
BE-W;w;1997 - 2003;Ungültig;197;107;;;;;;;;90;;90
BE-W;w;1997 - 2003;CDU;3029;;2465;155;;244;;149;;16;;
BE-W;w;1997 - 2003;SPD;6200;;373;4359;;87;397;848;;136;43;89
BE-W;w;1997 - 2003;AfD;1186;;;;846;118;;;;222;;135
BE-W;w;1997 - 2003;FDP;4626;;433;283;29;3512;;248;;121;;
BE-W;w;1997 - 2003;DIE LINKE;5968;;;480;;11;4023;1220;;234;;
BE-W;w;1997 - 2003;GRÜNE;16252;30;413;1268;;70;915;12869;;688;;64
BE-W;w;1997 - 2003;CSU;;;;;;;;;;;;
BE-W;w;1997 - 2003;Sonstige;8122;186;257;1750;188;556;1252;746;;3187;132;172
BE-W;w;1997 - 2003;dar. FREIE WÄHLER;195;;;;5;;;;;191;132;
BE-W;w;1997 - 2003;dar. dieBasis;;;;;;;;;;;;
BE-W;w;1987 - 1996;Summe;80877;627;7809;14333;1927;6149;11386;29631;;9015;536;676
BE-W;w;1987 - 1996;Ungültig;659;496;6;77;;;50;;;30;;30
BE-W;w;1987 - 1996;CDU;5939;50;4831;207;11;348;16;235;;242;;
BE-W;w;1987 - 1996;SPD;11746;31;514;8660;;482;602;1088;;370;30;11
BE-W;w;1987 - 1996;AfD;2123;;42;21;1738;142;;;;179;16;52
BE-W;w;1987 - 1996;FDP;6764;;1255;298;;4595;230;281;;105;42;16
BE-W;w;1987 - 1996;DIE LINKE;10478;;94;724;11;137;7011;1892;;609;11;64
BE-W;w;1987 - 1996;GRÜNE;31037;50;259;2678;;23;2279;25270;;478;;
BE-W;w;1987 - 1996;CSU;;;;;;;;;;;;
BE-W;w;1987 - 1996;Sonstige;12131;;810;1668;166;422;1198;865;;7002;437;503
BE-W;w;1987 - 1996;dar. FREIE WÄHLER;518;;;;;108;;77;;333;333;
BE-W;w;1987 - 1996;dar. dieBasis;;;;;;;;;;;;
BE-W;w;1977 - 1986;Summe;76609;668;12921;18544;3431;4905;5395;22295;;8450;413;1577
BE-W;w;1977 - 1986;Ungültig;660;419;45;58;;111;;;;27;;27
BE-W;w;1977 - 1986;CDU;10978;23;9157;819;;340;;384;;254;94;
BE-W;w;1977 - 1986;SPD;16277;115;704;12830;16;278;383;1480;;471;56;
BE-W;w;1977 - 1986;AfD;3980;62;127;63;3086;87;;;;556;;431
BE-W;w;1977 - 1986;FDP;5901;11;1467;440;37;3431;;357;;158;;128
BE-W;w;1977 - 1986;DIE LINKE;5230;;43;674;;;3399;636;;479;;138
BE-W;w;1977 - 1986;GRÜNE;24388;;638;3028;;168;978;18752;;824;;61
BE-W;w;1977 - 1986;CSU;;;;;;;;;;;;
BE-W;w;1977 - 1986;Sonstige;9194;37;741;631;292;490;634;685;;5683;263;793
BE-W;w;1977 - 1986;dar. FREIE WÄHLER;769;;30;83;21;56;5;;;574;187;249
BE-W;w;1977 - 1986;dar. dieBasis;;;;;;;;;;;;
BE-W;w;1962 - 1976;Summe;137555;2165;28536;33865;8849;10318;8041;34051;;11731;1356;2147
BE-W;w;1962 - 1976;Ungültig;1924;783;139;97;71;28;91;216;;499;;420
BE-W;w;1962 - 1976;CDU;24011;224;20966;904;109;881;;699;;228;94;
BE-W;w;1962 - 1976;SPD;33170;216;1743;26843;117;375;641;2618;;619;67;
BE-W;w;1962 - 1976;AfD;9716;92;361;46;8032;184;103;62;;837;170;583
BE-W;w;1962 - 1976;FDP;14099;439;3418;765;130;8223;135;505;;485;88;107
BE-W;w;1962 - 1976;DIE LINKE;7572;77;34;679;159;6;5589;779;;250;;77
BE-W;w;1962 - 1976;GRÜNE;34867;59;1071;3411;;195;991;28905;;234;;
BE-W;w;1962 - 1976;CSU;;;;;;;;;;;;
BE-W;w;1962 - 1976;Sonstige;12195;275;804;1120;232;427;492;268;;8578;937;960
BE-W;w;1962 - 1976;dar. FREIE WÄHLER;1368;;81;104;28;28;50;;;1077;767;57
BE-W;w;1962 - 1976;dar. dieBasis;;;;;;;;;;;;
BE-W;w;1952 - 1961;Summe;78712;2058;20129;24353;4976;4736;3870;13798;;4794;907;923
BE-W;w;1952 - 1961;Ungültig;1194;730;177;141;50;;27;;;70;;59
BE-W;w;1952 - 1961;CDU;18413;361;16948;385;211;16;146;122;;223;129;
BE-W;w;1952 - 1961;SPD;24783;409;824;20165;202;218;514;1973;;478;188;144
BE-W;w;1952 - 1961;AfD;5065;171;323;242;3962;;44;;;323;7;316
BE-W;w;1952 - 1961;FDP;6313;32;1342;424;298;3905;;103;;210;80;21
BE-W;w;1952 - 1961;DIE LINKE;3925;185;;803;77;120;2312;337;;91;;57
BE-W;w;1952 - 1961;GRÜNE;13994;52;448;1694;;101;638;10955;;106;;
BE-W;w;1952 - 1961;CSU;;;;;;;;;;;;
BE-W;w;1952 - 1961;Sonstige;5027;119;66;501;176;376;190;307;;3292;503;327
BE-W;w;1952 - 1961;dar. FREIE WÄHLER;600;42;;30;;42;;35;;452;294;116
BE-W;w;1952 - 1961;dar. dieBasis;;;;;;;;;;;;
BE-W;w;1951 und früher;Summe;128101;5773;46231;46078;4324;7097;2976;10494;;5128;884;783
BE-W;w;1951 und früher;Ungültig;5323;1997;1204;1474;36;268;36;208;;100;;100
BE-W;w;1951 und früher;CDU;42932;2023;38171;1037;185;770;;332;;414;197;
BE-W;w;1951 und früher;SPD;44668;864;2089;39159;185;162;442;1470;;296;234;30
BE-W;w;1951 und früher;AfD;5293;123;610;201;3785;231;;;;343;109;218
BE-W;w;1951 und früher;FDP;9505;301;2785;703;70;5343;;48;;255;125;75
BE-W;w;1951 und früher;DIE LINKE;3521;113;118;539;;110;2164;298;;181;;
BE-W;w;1951 und früher;GRÜNE;11282;36;574;2437;;21;196;7948;;71;;71
BE-W;w;1951 und früher;CSU;;;;;;;;;;;;
BE-W;w;1951 und früher;Sonstige;5577;317;680;527;62;191;139;191;;3469;219;289
BE-W;w;1951 und früher;dar. FREIE WÄHLER;574;42;233;94;;;;;;206;155;50
BE-W;w;1951 und früher;dar. dieBasis;;;;;;;;;;;;
BB;Summe;Summe;Summe;1549464;21706;283668;437753;279978;121094;142628;120005;;142632;49309;26594
BB;Summe;Summe;Ungültig;19821;15660;1133;1092;906;271;375;135;;249;41;44
BB;Summe;Summe;CDU;233891;881;196950;11580;7066;9240;1412;2116;;4645;2571;323
BB;Summe;Summe;SPD;450573;1962;29816;348888;8547;9255;24147;14911;;13046;6634;657
BB;Summe;Summe;AfD;277412;635;11612;6997;240145;6305;1618;264;;9835;2530;3711
BB;Summe;Summe;FDP;142426;445;26666;13186;6721;82518;2025;2295;;8570;3950;1022
BB;Summe;Summe;DIE LINKE;129762;322;2320;19649;2085;1664;92753;6136;;4833;1180;485
BB;Summe;Summe;GRÜNE;137472;620;5916;24527;415;2398;10427;87654;;5514;1020;183
BB;Summe;Summe;CSU;;;;;;;;;;;;
BB;Summe;Summe;Sonstige;158107;1182;9253;11834;14093;9444;9870;6493;;95939;31383;20168
BB;Summe;Summe;dar. FREIE WÄHLER;40509;293;2833;2437;2524;2320;1235;395;;28472;24498;471
BB;Summe;Summe;dar. dieBasis;23062;;508;544;2118;734;323;267;;18569;484;16872
BB;Summe;1997 - 2003;Summe;89016;841;10233;15850;11472;14574;8862;14729;;12455;1943;1609
BB;Summe;1997 - 2003;Ungültig;760;664;20;;;;38;;;38;;
BB;Summe;1997 - 2003;CDU;7128;;4984;714;134;907;104;122;;164;;44
BB;Summe;1997 - 2003;SPD;12404;;1338;7705;488;751;406;1069;;648;86;32
BB;Summe;1997 - 2003;AfD;11077;50;545;208;9021;632;80;32;;509;79;155
BB;Summe;1997 - 2003;FDP;16363;8;2197;1702;764;9779;223;434;;1256;340;14
BB;Summe;1997 - 2003;DIE LINKE;8438;37;170;1207;42;265;4781;1318;;619;52;134
BB;Summe;1997 - 2003;GRÜNE;16828;;475;2751;57;374;1820;10317;;1033;28;
BB;Summe;1997 - 2003;CSU;;;;;;;;;;;;
BB;Summe;1997 - 2003;Sonstige;16018;83;505;1562;966;1866;1409;1438;;8189;1359;1230
BB;Summe;1997 - 2003;dar. FREIE WÄHLER;1737;;130;127;73;314;95;27;;971;751;39
BB;Summe;1997 - 2003;dar. dieBasis;1322;;;53;160;116;35;7;;950;;778
BB;Summe;1987 - 1996;Summe;145373;1691;17786;24695;32813;16358;10745;19463;;21822;4902;4238
BB;Summe;1987 - 1996;Ungültig;1793;1411;79;57;130;35;68;;;14;;
BB;Summe;1987 - 1996;CDU;12336;13;9310;658;786;842;31;230;;466;265;
BB;Summe;1987 - 1996;SPD;22453;;1954;16019;698;808;790;1262;;922;415;40
BB;Summe;1987 - 1996;AfD;31023;94;1255;588;26798;737;144;37;;1372;325;569
BB;Summe;1987 - 1996;FDP;17964;42;2332;1645;899;11184;234;496;;1134;443;138
BB;Summe;1987 - 1996;DIE LINKE;9780;35;79;1447;393;120;5864;1177;;665;91;
BB;Summe;1987 - 1996;GRÜNE;21136;8;907;2499;77;420;1557;14549;;1119;61;46
BB;Summe;1987 - 1996;CSU;;;;;;;;;;;;
BB;Summe;1987 - 1996;Sonstige;28887;87;1871;1782;3034;2212;2058;1712;;16131;3301;3444
BB;Summe;1987 - 1996;dar. FREIE WÄHLER;4575;30;529;110;462;489;112;124;;2719;2213;85
BB;Summe;1987 - 1996;dar. dieBasis;3705;;152;48;385;85;;67;;2968;92;2570
BB;Summe;1977 - 1986;Summe;238372;2483;40947;46197;58252;21191;16892;23415;;28995;9772;5414
BB;Summe;1977 - 1986;Ungültig;2266;2065;57;24;30;50;;9;;31;31;
BB;Summe;1977 - 1986;CDU;29748;;24289;1900;814;1216;304;293;;932;520;12
BB;Summe;1977 - 1986;SPD;45827;38;4455;31672;1927;1486;1646;2007;;2595;1122;200
BB;Summe;1977 - 1986;AfD;57665;63;2402;1415;50198;1083;267;80;;2157;590;559
BB;Summe;1977 - 1986;FDP;26675;115;5393;2656;1435;14311;558;513;;1693;759;234
BB;Summe;1977 - 1986;DIE LINKE;13857;;315;1517;362;368;9748;997;;550;112;77
BB;Summe;1977 - 1986;GRÜNE;29217;28;1598;4686;73;700;2531;18306;;1294;245;36
BB;Summe;1977 - 1986;CSU;;;;;;;;;;;;
BB;Summe;1977 - 1986;Sonstige;33118;173;2438;2328;3413;1976;1838;1211;;19742;6393;4297
BB;Summe;1977 - 1986;dar. FREIE WÄHLER;7854;42;642;506;598;357;159;22;;5529;4516;145
BB;Summe;1977 - 1986;dar. dieBasis;5397;;235;171;476;246;60;54;;4155;198;3630
BB;Summe;1962 - 1976;Summe;420014;4266;80555;98451;93914;35109;32861;32704;;42154;14732;9910
BB;Summe;1962 - 1976;Ungültig;3938;3171;161;226;274;32;24;;;50;;26
BB;Summe;1962 - 1976;CDU;67404;247;56096;2893;2651;3124;479;610;;1304;672;121
BB;Summe;1962 - 1976;SPD;101136;169;7475;75049;2221;2290;5337;4980;;3615;1544;192
BB;Summe;1962 - 1976;AfD;95284;107;4011;2092;82503;2239;449;92;;3791;1056;1495
BB;Summe;1962 - 1976;FDP;41793;135;8328;3274;1785;24316;677;474;;2804;1376;504
BB;Summe;1962 - 1976;DIE LINKE;30157;49;634;3950;471;581;21680;1203;;1589;353;143
BB;Summe;1962 - 1976;GRÜNE;37884;112;1657;7726;80;659;2438;23918;;1294;339;101
BB;Summe;1962 - 1976;CSU;;;;;;;;;;;;
BB;Summe;1962 - 1976;Sonstige;42419;276;2194;3241;3929;1867;1777;1428;;27707;9391;7327
BB;Summe;1962 - 1976;dar. FREIE WÄHLER;11762;20;639;844;436;521;270;133;;8898;7896;172
BB;Summe;1962 - 1976;dar. dieBasis;8219;;84;137;716;287;109;122;;6765;81;6409
BB;Summe;1952 - 1961;Summe;316325;4440;62236;104634;51218;20577;32207;17185;;23829;11504;3651
BB;Summe;1952 - 1961;Ungültig;4221;3319;179;334;186;56;24;54;;69;;18
BB;Summe;1952 - 1961;CDU;53763;117;45958;2482;1602;1734;83;610;;1176;717;146
BB;Summe;1952 - 1961;SPD;110996;436;6327;88465;1843;2189;5944;2793;;3000;1910;194
BB;Summe;1952 - 1961;AfD;50124;109;2236;1351;43895;821;353;10;;1349;302;642
BB;Summe;1952 - 1961;FDP;24712;109;4952;2375;1196;14512;111;243;;1213;822;41
BB;Summe;1952 - 1961;DIE LINKE;30270;16;462;4774;418;209;22484;996;;912;422;131
BB;Summe;1952 - 1961;GRÜNE;18816;122;786;3493;121;177;1516;12063;;539;212;
BB;Summe;1952 - 1961;CSU;;;;;;;;;;;;
BB;Summe;1952 - 1961;Sonstige;23423;213;1336;1360;1957;878;1693;415;;15571;7120;2480
BB;Summe;1952 - 1961;dar. FREIE WÄHLER;9077;123;558;505;656;421;332;58;;6425;5712;30
BB;Summe;1952 - 1961;dar. dieBasis;2790;;29;75;201;;118;18;;2350;76;2224
BB;Summe;1951 und früher;Summe;340364;7984;71910;147927;32310;13285;41063;12508;;13377;6456;1773
BB;Summe;1951 und früher;Ungültig;6843;5030;637;452;286;97;222;72;;47;10;
BB;Summe;1951 und früher;CDU;63512;503;56313;2933;1081;1416;411;252;;603;396;
BB;Summe;1951 und früher;SPD;157756;1319;8268;129978;1371;1730;10025;2800;;2266;1557;
BB;Summe;1951 und früher;AfD;32240;212;1164;1343;27731;793;326;14;;657;178;291
BB;Summe;1951 und früher;FDP;14919;36;3465;1533;642;8416;223;136;;469;211;92
BB;Summe;1951 und früher;DIE LINKE;37261;184;661;6754;400;121;28195;446;;499;150;
BB;Summe;1951 und früher;GRÜNE;13592;350;493;3372;8;67;566;8500;;235;134;
BB;Summe;1951 und früher;CSU;;;;;;;;;;;;
BB;Summe;1951 und früher;Sonstige;14241;350;909;1561;794;645;1095;288;;8600;3819;1390
BB;Summe;1951 und früher;dar. FREIE WÄHLER;5505;78;336;344;299;219;266;32;;3930;3409;
BB;Summe;1951 und früher;dar. dieBasis;1629;;8;60;179;;;;;1381;37;1260
BB;m;Summe;Summe;752417;9359;133449;194544;168056;60329;69118;54582;;62977;23045;10418
BB;m;Summe;Ungültig;8478;6900;409;398;332;89;187;;;162;31;18
BB;m;Summe;CDU;113143;355;95482;5321;4058;4447;583;894;;2001;1028;105
BB;m;Summe;SPD;196798;676;11329;153992;4364;3883;10333;6240;;5983;3195;292
BB;m;Summe;AfD;167935;421;6513;3617;147934;3666;1074;134;;4575;1468;1499
BB;m;Summe;FDP;73001;276;13698;6275;3740;42921;780;1271;;4039;1993;475
BB;m;Summe;DIE LINKE;64291;102;838;9410;1140;589;47270;2538;;2404;511;245
BB;m;Summe;GRÜNE;64010;234;2419;11471;355;1163;5000;41009;;2359;399;58
BB;m;Summe;CSU;;;;;;;;;;;;
BB;m;Summe;Sonstige;64761;395;2761;4059;6133;3571;3891;2497;;41453;14419;7725
BB;m;Summe;dar. FREIE WÄHLER;18425;130;1102;1125;1271;920;401;138;;13339;11863;281
BB;m;Summe;dar. dieBasis;8423;;203;240;666;164;66;98;;6986;114;6551
BB;m;1997 - 2003;Summe;44977;290;5257;7845;6524;8309;4253;6333;;6167;980;429
BB;m;1997 - 2003;Ungültig;386;290;20;;;;38;;;38;;
BB;m;1997 - 2003;CDU;3395;;2341;301;99;489;75;13;;77;;13
BB;m;1997 - 2003;SPD;6060;;610;3738;205;425;238;507;;337;53;32
BB;m;1997 - 2003;AfD;6456;;408;57;5451;377;;32;;130;25;
BB;m;1997 - 2003;FDP;9842;;1303;918;493;6124;56;274;;675;189;14
BB;m;1997 - 2003;DIE LINKE;3923;;52;964;;79;2351;354;;123;17;20
BB;m;1997 - 2003;GRÜNE;7608;;283;1214;57;195;868;4529;;463;;
BB;m;1997 - 2003;CSU;;;;;;;;;;;;
BB;m;1997 - 2003;Sonstige;7307;;240;654;218;620;628;623;;4323;695;350
BB;m;1997 - 2003;dar. FREIE WÄHLER;912;;95;62;;112;32;;;611;442;39
BB;m;1997 - 2003;dar. dieBasis;421;;;53;;13;35;7;;312;;236
BB;m;1987 - 1996;Summe;72569;677;8144;11080;19192;9084;5146;8762;;10484;2345;1924
BB;m;1987 - 1996;Ungültig;663;541;;10;22;35;55;;;;;
BB;m;1987 - 1996;CDU;5868;;4484;220;439;413;;103;;209;142;
BB;m;1987 - 1996;SPD;10076;;857;7118;382;257;379;736;;348;219;
BB;m;1987 - 1996;AfD;18322;94;579;394;16152;394;81;;;629;134;288
BB;m;1987 - 1996;FDP;10572;42;1286;1158;542;6536;187;156;;665;235;110
BB;m;1987 - 1996;DIE LINKE;5030;;;747;273;66;2989;587;;368;;
BB;m;1987 - 1996;GRÜNE;9199;;297;822;77;317;674;6533;;479;;
BB;m;1987 - 1996;CSU;;;;;;;;;;;;
BB;m;1987 - 1996;Sonstige;12839;;643;610;1306;1067;782;646;;7786;1615;1526
BB;m;1987 - 1996;dar. FREIE WÄHLER;2307;;203;23;212;254;86;57;;1473;1277;28
BB;m;1987 - 1996;dar. dieBasis;1623;;67;40;161;26;;;;1329;33;1196
BB;m;1977 - 1986;Summe;117928;1388;18942;21338;33695;10809;8106;10543;;13107;4597;2170
BB;m;1977 - 1986;Ungültig;1102;1050;;;22;;;;;31;31;
BB;m;1977 - 1986;CDU;14724;;11933;1163;319;670;57;63;;519;204;
BB;m;1977 - 1986;SPD;20314;30;1680;14527;799;619;599;651;;1408;640;151
BB;m;1977 - 1986;AfD;33919;63;1329;706;29943;707;154;12;;1006;298;128
BB;m;1977 - 1986;FDP;13427;115;2495;1180;646;7593;278;348;;771;328;83
BB;m;1977 - 1986;DIE LINKE;6782;;135;497;210;93;5082;475;;290;;28
BB;m;1977 - 1986;GRÜNE;13676;28;677;2353;43;297;1126;8564;;588;106;36
BB;m;1977 - 1986;CSU;;;;;;;;;;;;
BB;m;1977 - 1986;Sonstige;13983;101;692;911;1715;831;810;429;;8494;2990;1744
BB;m;1977 - 1986;dar. FREIE WÄHLER;3811;42;279;278;350;101;70;;;2691;2333;89
BB;m;1977 - 1986;dar. dieBasis;1904;;98;78;67;99;;;;1562;14;1460
BB;m;1962 - 1976;Summe;208498;1670;40793;43395;58668;16733;14934;15191;;17113;6682;3796
BB;m;1962 - 1976;Ungültig;1596;1309;94;92;78;;;;;24;;
BB;m;1962 - 1976;CDU;34193;156;29052;1150;1492;1531;200;285;;328;155;35
BB;m;1962 - 1976;SPD;44353;12;3085;33252;1167;899;2153;2187;;1598;623;62
BB;m;1962 - 1976;AfD;59935;54;2405;1174;52697;1335;320;66;;1884;727;707
BB;m;1962 - 1976;FDP;20769;35;4641;1465;1116;11866;165;222;;1260;799;223
BB;m;1962 - 1976;DIE LINKE;14194;;257;1892;287;186;10291;548;;733;137;65
BB;m;1962 - 1976;GRÜNE;17461;36;736;3289;68;252;1242;11392;;446;182;22
BB;m;1962 - 1976;CSU;;;;;;;;;;;;
BB;m;1962 - 1976;Sonstige;15997;69;525;1081;1763;664;564;490;;10841;4059;2681
BB;m;1962 - 1976;dar. FREIE WÄHLER;5044;;153;373;237;263;62;49;;3907;3477;96
BB;m;1962 - 1976;dar. dieBasis;2911;;29;25;286;26;21;91;;2433;30;2390
BB;m;1952 - 1961;Summe;153845;2091;30602;46877;30901;9536;15872;7664;;10300;5193;1568
BB;m;1952 - 1961;Ungültig;1875;1582;89;60;58;17;;;;69;;18
BB;m;1952 - 1961;CDU;27225;39;23439;1233;952;682;49;323;;509;333;57
BB;m;1952 - 1961;SPD;49186;189;2395;39651;1126;1071;2526;987;;1241;927;47
BB;m;1952 - 1961;AfD;30408;95;1317;579;27085;477;293;10;;553;146;213
BB;m;1952 - 1961;FDP;11439;84;2587;831;538;6774;26;173;;425;297;4
BB;m;1952 - 1961;DIE LINKE;14941;;123;2332;204;91;11268;330;;593;207;131
BB;m;1952 - 1961;GRÜNE;9309;45;257;1847;103;93;965;5666;;333;111;
BB;m;1952 - 1961;CSU;;;;;;;;;;;;
BB;m;1952 - 1961;Sonstige;9463;58;396;343;836;332;745;176;;6578;3173;1099
BB;m;1952 - 1961;dar. FREIE WÄHLER;3897;58;239;196;329;140;113;;;2822;2669;30
BB;m;1952 - 1961;dar. dieBasis;1048;;;;82;;10;;;955;;955
BB;m;1951 und früher;Summe;154600;3243;29711;64009;19076;5859;20807;6090;;5806;3248;531
BB;m;1951 und früher;Ungültig;2856;2129;206;236;152;37;94;;;;;
BB;m;1951 und früher;CDU;27738;161;24234;1255;757;662;202;107;;360;194;
BB;m;1951 und früher;SPD;66809;445;2702;55705;684;612;4438;1171;;1051;733;
BB;m;1951 und früher;AfD;18895;114;477;707;16607;377;226;14;;373;138;164
BB;m;1951 und früher;FDP;6952;;1385;723;405;4028;69;98;;244;146;41
BB;m;1951 und früher;DIE LINKE;19421;102;271;2978;167;74;15290;242;;296;150;
BB;m;1951 und früher;GRÜNE;6757;125;170;1945;8;10;124;4325;;50;;
BB;m;1951 und früher;CSU;;;;;;;;;;;;
BB;m;1951 und früher;Sonstige;5172;166;265;460;295;57;363;134;;3432;1887;326
BB;m;1951 und früher;dar. FREIE WÄHLER;2454;30;132;193;143;50;39;32;;1834;1666;
BB;m;1951 und früher;dar. dieBasis;516;;8;43;69;;;;;395;37;313
BB;w;Summe;Summe;797047;12347;150219;243209;111922;60765;73510;65423;;79655;26265;16176
BB;w;Summe;Ungültig;11343;8760;724;694;574;182;187;135;;87;10;26
BB;w;Summe;CDU;120748;525;101468;6258;3008;4793;829;1222;;2644;1543;217
BB;w;Summe;SPD;253775;1286;18488;194896;4183;5372;13815;8672;;7063;3439;365
BB;w;Summe;AfD;109477;214;5099;3380;92211;2639;545;130;;5260;1061;2213
BB;w;Summe;FDP;69425;169;12968;6911;2981;39597;1244;1024;;4531;1957;547
BB;w;Summe;DIE LINKE;65471;220;1483;10238;945;1075;45482;3598;;2430;669;240
BB;w;Summe;GRÜNE;73462;386;3497;13056;61;1234;5427;46646;;3155;621;125
BB;w;Summe;CSU;;;;;;;;;;;;
BB;w;Summe;Sonstige;93346;787;6492;7774;7959;5873;5979;3996;;54486;16963;12443
BB;w;Summe;dar. FREIE WÄHLER;22084;163;1731;1312;1253;1400;834;257;;15134;12634;190
BB;w;Summe;dar. dieBasis;14639;;305;304;1452;570;257;169;;11582;370;10321
BB;w;1997 - 2003;Summe;44040;551;4977;8005;4948;6265;4609;8397;;6289;963;1180
BB;w;1997 - 2003;Ungültig;374;374;;;;;;;;;;
BB;w;1997 - 2003;CDU;3733;;2643;413;35;418;28;108;;87;;31
BB;w;1997 - 2003;SPD;6344;;728;3967;283;326;168;562;;311;33;
BB;w;1997 - 2003;AfD;4621;50;137;151;3569;255;80;;;378;53;155
BB;w;1997 - 2003;FDP;6521;8;894;785;271;3655;167;160;;581;151;
BB;w;1997 - 2003;DIE LINKE;4515;37;118;243;42;187;2430;963;;496;35;114
BB;w;1997 - 2003;GRÜNE;9220;;193;1537;;179;952;5789;;570;28;
BB;w;1997 - 2003;CSU;;;;;;;;;;;;
BB;w;1997 - 2003;Sonstige;8711;83;265;908;748;1245;782;815;;3865;664;879
BB;w;1997 - 2003;dar. FREIE WÄHLER;825;;35;66;73;201;64;27;;360;309;
BB;w;1997 - 2003;dar. dieBasis;901;;;;160;102;;;;638;;542
BB;w;1987 - 1996;Summe;72803;1014;9642;13615;13620;7274;5599;10702;;11338;2558;2314
BB;w;1987 - 1996;Ungültig;1130;870;79;47;108;;13;;;14;;
BB;w;1987 - 1996;CDU;6468;13;4826;438;346;429;31;127;;258;123;
BB;w;1987 - 1996;SPD;12377;;1098;8901;316;552;411;526;;574;197;40
BB;w;1987 - 1996;AfD;12701;;676;193;10646;343;63;37;;743;192;281
BB;w;1987 - 1996;FDP;7392;;1046;487;357;4648;47;339;;469;208;28
BB;w;1987 - 1996;DIE LINKE;4750;35;79;700;120;55;2875;590;;297;91;
BB;w;1987 - 1996;GRÜNE;11937;8;610;1677;;103;883;8016;;640;61;46
BB;w;1987 - 1996;CSU;;;;;;;;;;;;
BB;w;1987 - 1996;Sonstige;16048;87;1229;1172;1727;1145;1277;1067;;8344;1686;1919
BB;w;1987 - 1996;dar. FREIE WÄHLER;2267;30;326;87;251;235;26;67;;1246;937;57
BB;w;1987 - 1996;dar. dieBasis;2083;;85;8;224;60;;67;;1639;59;1374
BB;w;1977 - 1986;Summe;120443;1095;22006;24859;24557;10381;8786;12872;;15888;5175;3244
BB;w;1977 - 1986;Ungültig;1163;1015;57;24;9;50;;9;;;;
BB;w;1977 - 1986;CDU;15024;;12356;737;495;546;247;230;;413;316;12
BB;w;1977 - 1986;SPD;25514;8;2775;17145;1127;867;1048;1355;;1188;482;48
BB;w;1977 - 1986;AfD;23746;;1073;708;20255;377;113;68;;1151;291;431
BB;w;1977 - 1986;FDP;13247;;2898;1476;789;6717;280;165;;922;431;150
BB;w;1977 - 1986;DIE LINKE;7075;;180;1019;153;275;4666;522;;260;112;48
BB;w;1977 - 1986;GRÜNE;15540;;921;2332;31;403;1405;9742;;706;139;
BB;w;1977 - 1986;CSU;;;;;;;;;;;;
BB;w;1977 - 1986;Sonstige;19135;71;1745;1417;1698;1145;1028;783;;11248;3403;2554
BB;w;1977 - 1986;dar. FREIE WÄHLER;4043;;362;228;247;256;89;22;;2838;2184;56
BB;w;1977 - 1986;dar. dieBasis;3493;;137;92;410;147;60;54;;2593;184;2170
BB;w;1962 - 1976;Summe;211516;2596;39762;55056;35246;18377;17926;17513;;25041;8050;6114
BB;w;1962 - 1976;Ungültig;2342;1862;67;134;196;32;24;;;26;;26
BB;w;1962 - 1976;CDU;33211;91;27045;1743;1159;1593;279;325;;976;517;86
BB;w;1962 - 1976;SPD;56782;157;4390;41796;1054;1391;3184;2793;;2017;921;130
BB;w;1962 - 1976;AfD;35349;53;1606;918;29806;904;129;26;;1906;330;789
BB;w;1962 - 1976;FDP;21024;100;3687;1810;669;12450;512;252;;1545;577;281
BB;w;1962 - 1976;DIE LINKE;15962;49;377;2058;184;394;11389;654;;856;216;77
BB;w;1962 - 1976;GRÜNE;20423;76;921;4437;12;408;1196;12526;;847;157;78
BB;w;1962 - 1976;CSU;;;;;;;;;;;;
BB;w;1962 - 1976;Sonstige;26422;207;1669;2160;2166;1203;1213;938;;16866;5332;4646
BB;w;1962 - 1976;dar. FREIE WÄHLER;6718;20;486;471;200;258;209;84;;4991;4419;76
BB;w;1962 - 1976;dar. dieBasis;5308;;54;112;429;261;89;31;;4332;51;4019
BB;w;1952 - 1961;Summe;162480;2349;31634;57757;20316;11041;16334;9521;;13529;6311;2083
BB;w;1952 - 1961;Ungültig;2347;1737;91;274;128;40;24;54;;;;
BB;w;1952 - 1961;CDU;26537;78;22520;1249;650;1052;35;287;;667;385;89
BB;w;1952 - 1961;SPD;61811;247;3932;48813;717;1118;3417;1806;;1759;983;147
BB;w;1952 - 1961;AfD;19715;14;919;772;16810;344;60;;;796;156;429
BB;w;1952 - 1961;FDP;13273;25;2364;1544;658;7739;84;70;;788;524;37
BB;w;1952 - 1961;DIE LINKE;15329;16;339;2442;214;118;11216;666;;319;215;
BB;w;1952 - 1961;GRÜNE;9507;77;528;1646;18;84;550;6398;;205;101;
BB;w;1952 - 1961;CSU;;;;;;;;;;;;
BB;w;1952 - 1961;Sonstige;13960;155;941;1017;1121;546;948;239;;8994;3947;1381
BB;w;1952 - 1961;dar. FREIE WÄHLER;5180;65;319;309;326;281;220;58;;3603;3044;
BB;w;1952 - 1961;dar. dieBasis;1742;;29;75;119;;108;18;;1395;76;1269
BB;w;1951 und früher;Summe;185764;4742;42199;83918;13235;7427;20256;6418;;7570;3208;1242
BB;w;1951 und früher;Ungültig;3987;2901;431;215;134;60;127;72;;47;10;
BB;w;1951 und früher;CDU;35774;343;32079;1678;324;754;209;145;;243;203;
BB;w;1951 und früher;SPD;90947;874;5565;74273;686;1118;5587;1629;;1215;824;
BB;w;1951 und früher;AfD;13345;98;687;637;11124;416;100;;;284;39;127
BB;w;1951 und früher;FDP;7967;36;2079;810;237;4387;154;38;;226;66;51
BB;w;1951 und früher;DIE LINKE;17840;82;390;3776;233;47;12906;204;;202;;
BB;w;1951 und früher;GRÜNE;6835;225;324;1427;;57;442;4175;;186;134;
BB;w;1951 und früher;CSU;;;;;;;;;;;;
BB;w;1951 und früher;Sonstige;9069;183;644;1101;498;588;732;155;;5168;1932;1064
BB;w;1951 und früher;dar. FREIE WÄHLER;3051;48;204;151;156;169;227;;;2095;1742;
BB;w;1951 und früher;dar. dieBasis;1113;;;17;110;;;;;986;;947
MV;Summe;Summe;Summe;935040;16954;180669;261408;169977;66328;116033;62664;;61007;18482;15415
MV;Summe;Summe;Ungültig;16181;10543;1679;1824;920;258;540;56;;361;31;87
MV;Summe;Summe;CDU;160103;988;139124;6819;3326;4731;2385;858;;1872;803;103
MV;Summe;Summe;SPD;267368;2553;14190;211371;4470;4178;17717;8015;;4874;1841;589
MV;Summe;Summe;AfD;165342;731;5446;4075;147627;2719;1506;295;;2942;844;1165
MV;Summe;Summe;FDP;75555;206;11812;6041;3123;48420;1907;1302;;2744;1033;430
MV;Summe;Summe;DIE LINKE;101735;454;2222;11581;1518;1176;79316;3021;;2446;547;328
MV;Summe;Summe;GRÜNE;71956;182;2286;13870;180;967;6536;45850;;2086;244;203
MV;Summe;Summe;CSU;;;;;;;;;;;;
MV;Summe;Summe;Sonstige;76800;1297;3910;5827;8813;3879;6124;3266;;43682;13139;12510
MV;Summe;Summe;dar. FREIE WÄHLER;13344;92;455;915;845;712;438;87;;9800;8691;339
MV;Summe;Summe;dar. dieBasis;16336;149;456;470;1918;423;665;117;;12137;810;10841
MV;Summe;1997 - 2003;Summe;52054;876;5333;9670;7381;8386;6713;8421;;5273;888;775
MV;Summe;1997 - 2003;Ungültig;730;625;;46;19;17;;;;23;;
MV;Summe;1997 - 2003;CDU;3964;;2868;379;190;226;67;89;;145;18;10
MV;Summe;1997 - 2003;SPD;8222;32;552;5684;170;544;477;481;;281;66;
MV;Summe;1997 - 2003;AfD;6678;;394;116;5675;314;48;37;;94;56;6
MV;Summe;1997 - 2003;FDP;9460;42;923;724;475;6410;124;305;;457;157;11
MV;Summe;1997 - 2003;DIE LINKE;5163;18;30;485;52;156;3691;434;;298;39;16
MV;Summe;1997 - 2003;GRÜNE;9504;11;202;1308;17;121;1155;6216;;475;29;
MV;Summe;1997 - 2003;CSU;;;;;;;;;;;;
MV;Summe;1997 - 2003;Sonstige;8332;149;363;928;783;599;1150;860;;3500;524;732
MV;Summe;1997 - 2003;dar. FREIE WÄHLER;494;;17;34;51;106;18;;;268;215;18
MV;Summe;1997 - 2003;dar. dieBasis;930;;31;15;98;35;84;35;;632;35;562
MV;Summe;1987 - 1996;Summe;91911;878;11190;18804;19214;9142;9716;12708;;10259;2933;1878
MV;Summe;1987 - 1996;Ungültig;846;681;20;17;107;21;;;;;;
MV;Summe;1987 - 1996;CDU;9206;42;7127;626;295;580;251;70;;214;140;
MV;Summe;1987 - 1996;SPD;16543;34;1290;11941;566;500;863;885;;465;66;87
MV;Summe;1987 - 1996;AfD;17759;37;518;456;15702;362;142;78;;464;168;118
MV;Summe;1987 - 1996;FDP;10348;;1119;1094;532;6550;359;303;;391;118;77
MV;Summe;1987 - 1996;DIE LINKE;7372;7;132;838;113;133;5257;533;;358;19;26
MV;Summe;1987 - 1996;GRÜNE;15402;;339;2617;56;186;1661;10002;;540;85;26
MV;Summe;1987 - 1996;CSU;;;;;;;;;;;;
MV;Summe;1987 - 1996;Sonstige;14433;78;645;1213;1842;810;1183;836;;7826;2337;1543
MV;Summe;1987 - 1996;dar. FREIE WÄHLER;1999;;20;121;134;165;48;;;1510;1288;46
MV;Summe;1987 - 1996;dar. dieBasis;2031;;43;99;251;83;50;7;;1498;140;1252
MV;Summe;1977 - 1986;Summe;135270;2153;22223;28982;33481;11484;12468;11365;;13113;3235;3779
MV;Summe;1977 - 1986;Ungültig;1746;1600;12;63;40;15;16;;;;;
MV;Summe;1977 - 1986;CDU;19383;42;16070;1203;695;698;307;143;;225;97;
MV;Summe;1977 - 1986;SPD;28069;173;1760;21097;747;767;1590;1090;;846;250;146
MV;Summe;1977 - 1986;AfD;31920;61;1091;786;28482;519;160;15;;807;273;293
MV;Summe;1977 - 1986;FDP;13137;27;1962;964;649;8358;368;213;;595;178;111
MV;Summe;1977 - 1986;DIE LINKE;10138;35;206;834;229;196;7760;364;;515;41;85
MV;Summe;1977 - 1986;GRÜNE;14236;18;520;2910;25;175;1243;8917;;429;37;62
MV;Summe;1977 - 1986;CSU;;;;;;;;;;;;
MV;Summe;1977 - 1986;Sonstige;16641;197;602;1126;2615;756;1024;624;;9696;2359;3082
MV;Summe;1977 - 1986;dar. FREIE WÄHLER;2542;14;52;188;312;73;66;20;;1816;1423;142
MV;Summe;1977 - 1986;dar. dieBasis;3876;44;60;138;544;89;75;;;2927;188;2658
MV;Summe;1962 - 1976;Summe;241074;3212;48948;59602;52681;18829;25333;15007;;17463;5484;5342
MV;Summe;1962 - 1976;Ungültig;2950;2045;245;202;191;63;76;17;;111;31;41
MV;Summe;1962 - 1976;CDU;43417;140;37569;1586;884;1544;668;336;;690;329;62
MV;Summe;1962 - 1976;SPD;60833;403;3436;47955;1154;985;3254;2306;;1339;588;178
MV;Summe;1962 - 1976;AfD;52129;142;1485;1007;47290;709;543;72;;881;169;428
MV;Summe;1962 - 1976;FDP;21595;74;3791;1454;739;13839;622;249;;828;328;134
MV;Summe;1962 - 1976;DIE LINKE;22757;45;596;2467;526;317;17549;735;;522;158;84
MV;Summe;1962 - 1976;GRÜNE;16865;47;642;3511;53;224;1152;10834;;403;11;68
MV;Summe;1962 - 1976;CSU;;;;;;;;;;;;
MV;Summe;1962 - 1976;Sonstige;20526;316;1185;1419;1843;1147;1469;458;;12689;3869;4346
MV;Summe;1962 - 1976;dar. FREIE WÄHLER;3860;47;221;229;179;252;107;23;;2801;2597;99
MV;Summe;1962 - 1976;dar. dieBasis;5648;15;145;164;606;147;191;75;;4305;276;3881
MV;Summe;1952 - 1961;Summe;205305;4063;42930;64393;35696;11465;28336;8884;;9538;4057;2240
MV;Summe;1952 - 1961;Ungültig;3793;2474;419;337;267;91;51;21;;134;;23
MV;Summe;1952 - 1961;CDU;38799;164;34420;1657;740;880;451;81;;405;163;31
MV;Summe;1952 - 1961;SPD;68308;730;3372;55060;865;847;4753;1631;;1050;499;65
MV;Summe;1952 - 1961;AfD;35273;234;1191;914;31597;561;302;41;;434;138;185
MV;Summe;1952 - 1961;FDP;12764;;2051;993;498;8382;279;187;;375;182;79
MV;Summe;1952 - 1961;DIE LINKE;26126;158;524;2828;403;223;20872;629;;487;258;30
MV;Summe;1952 - 1961;GRÜNE;9459;18;312;1874;11;160;916;6019;;150;82;
MV;Summe;1952 - 1961;CSU;;;;;;;;;;;;
MV;Summe;1952 - 1961;Sonstige;10783;286;641;730;1315;322;711;274;;6504;2733;1828
MV;Summe;1952 - 1961;dar. FREIE WÄHLER;3001;;107;228;142;86;101;31;;2307;2138;33
MV;Summe;1952 - 1961;dar. dieBasis;2571;90;132;55;293;59;158;;;1786;87;1634
MV;Summe;1951 und früher;Summe;209426;5773;50044;79957;21523;7021;33466;6280;;5362;1884;1400
MV;Summe;1951 und früher;Ungültig;6116;3119;984;1159;296;51;397;17;;93;;22
MV;Summe;1951 und früher;CDU;45332;600;41069;1367;521;803;641;139;;192;55;
MV;Summe;1951 und früher;SPD;85393;1183;3779;69633;968;536;6780;1622;;893;371;113
MV;Summe;1951 und früher;AfD;21583;258;768;795;18881;254;311;53;;262;39;135
MV;Summe;1951 und früher;FDP;8250;64;1966;812;229;4881;156;44;;99;70;18
MV;Summe;1951 und früher;DIE LINKE;30178;191;733;4128;195;151;24187;327;;266;31;86
MV;Summe;1951 und früher;GRÜNE;6490;89;271;1651;18;101;410;3863;;88;;47
MV;Summe;1951 und früher;CSU;;;;;;;;;;;;
MV;Summe;1951 und früher;Sonstige;6085;270;475;412;414;245;586;215;;3468;1317;979
MV;Summe;1951 und früher;dar. FREIE WÄHLER;1448;31;38;114;26;29;98;13;;1098;1030;
MV;Summe;1951 und früher;dar. dieBasis;1280;;46;;127;11;107;;;989;83;853
MV;m;Summe;Summe;451090;7219;84003;116380;104012;31932;55256;27076;;25212;8117;6323
MV;m;Summe;Ungültig;6737;4707;636;565;419;97;175;17;;122;;41
MV;m;Summe;CDU;75248;400;65789;2899;2074;2188;936;302;;660;258;45
MV;m;Summe;SPD;116918;785;5230;93879;2479;1834;7900;3220;;1590;658;175
MV;m;Summe;AfD;100798;287;3255;2138;91452;1197;805;172;;1493;459;586
MV;m;Summe;FDP;38114;86;6113;3012;1665;24458;908;540;;1330;456;180
MV;m;Summe;DIE LINKE;48271;203;769;5316;894;370;38517;1258;;944;276;76
MV;m;Summe;GRÜNE;31899;53;919;6544;123;283;3047;20134;;796;154;96
MV;m;Summe;CSU;;;;;;;;;;;;
MV;m;Summe;Sonstige;33105;698;1291;2028;4904;1506;2969;1433;;18276;5856;5124
MV;m;Summe;dar. FREIE WÄHLER;5889;29;140;313;415;335;171;33;;4452;4013;196
MV;m;Summe;dar. dieBasis;6411;47;115;107;896;126;267;61;;4792;326;4310
MV;m;1997 - 2003;Summe;25867;482;2852;4567;4248;5032;3182;3358;;2146;382;303
MV;m;1997 - 2003;Ungültig;437;372;;46;19;;;;;;;
MV;m;1997 - 2003;CDU;1985;;1511;166;81;90;52;42;;43;;
MV;m;1997 - 2003;SPD;3621;27;213;2579;93;222;170;256;;60;26;
MV;m;1997 - 2003;AfD;3888;;292;89;3238;157;30;22;;60;38;6
MV;m;1997 - 2003;FDP;5925;;610;433;280;4106;53;154;;289;54;
MV;m;1997 - 2003;DIE LINKE;2319;;;274;36;85;1755;129;;39;9;
MV;m;1997 - 2003;GRÜNE;3672;11;101;476;17;38;549;2313;;168;15;
MV;m;1997 - 2003;CSU;;;;;;;;;;;;
MV;m;1997 - 2003;Sonstige;4021;73;126;504;484;334;572;442;;1486;239;297
MV;m;1997 - 2003;dar. FREIE WÄHLER;329;;17;;51;80;18;;;163;133;18
MV;m;1997 - 2003;dar. dieBasis;311;;;;55;17;;20;;220;15;193
MV;m;1987 - 1996;Summe;46032;507;5132;8631;11418;5066;4638;6113;;4528;1335;723
MV;m;1987 - 1996;Ungültig;429;392;20;17;;;;;;;;
MV;m;1987 - 1996;CDU;4311;42;3302;369;163;297;61;36;;42;15;
MV;m;1987 - 1996;SPD;7379;34;470;5377;331;300;328;405;;134;16;30
MV;m;1987 - 1996;AfD;10594;14;274;224;9558;184;37;42;;260;103;81
MV;m;1987 - 1996;FDP;5883;;623;573;338;3806;190;147;;206;62;60
MV;m;1987 - 1996;DIE LINKE;3689;;35;403;50;48;2723;206;;224;19;
MV;m;1987 - 1996;GRÜNE;7274;;104;1306;;56;760;4835;;212;44;26
MV;m;1987 - 1996;CSU;;;;;;;;;;;;
MV;m;1987 - 1996;Sonstige;6474;25;304;361;977;375;540;442;;3450;1076;525
MV;m;1987 - 1996;dar. FREIE WÄHLER;894;;5;48;52;90;9;;;690;616;31
MV;m;1987 - 1996;dar. dieBasis;759;;5;;157;34;27;;;536;94;395
MV;m;1977 - 1986;Summe;67191;910;10956;12120;20301;5200;6401;5254;;6049;1505;1837
MV;m;1977 - 1986;Ungültig;781;734;;;16;15;16;;;;;
MV;m;1977 - 1986;CDU;9811;19;8163;509;454;359;147;52;;107;52;
MV;m;1977 - 1986;SPD;11984;57;608;8990;399;340;685;571;;333;99;25
MV;m;1977 - 1986;AfD;19378;;714;326;17561;209;123;15;;430;145;146
MV;m;1977 - 1986;FDP;6153;5;924;444;349;3877;183;95;;276;64;69
MV;m;1977 - 1986;DIE LINKE;4892;20;66;253;160;54;3991;193;;154;5;11
MV;m;1977 - 1986;GRÜNE;6323;;256;1221;25;35;568;4058;;161;17;44
MV;m;1977 - 1986;CSU;;;;;;;;;;;;
MV;m;1977 - 1986;Sonstige;7869;75;225;376;1337;311;687;269;;4589;1123;1542
MV;m;1977 - 1986;dar. FREIE WÄHLER;1097;14;;34;77;11;20;;;943;702;115
MV;m;1977 - 1986;dar. dieBasis;1713;;27;19;231;17;26;;;1393;80;1291
MV;m;1962 - 1976;Summe;120507;1608;25040;27169;33250;8574;11626;6092;;7147;2443;2058
MV;m;1962 - 1976;Ungültig;1411;970;103;56;159;63;;17;;44;;18
MV;m;1962 - 1976;CDU;22113;63;19311;671;513;761;330;124;;340;176;27
MV;m;1962 - 1976;SPD;27112;218;1647;21608;578;409;1476;824;;351;141;76
MV;m;1962 - 1976;AfD;32691;20;870;573;30117;288;290;40;;493;92;238
MV;m;1962 - 1976;FDP;11050;59;2219;818;462;6627;354;90;;422;191;39
MV;m;1962 - 1976;DIE LINKE;10542;27;275;1341;325;74;7968;269;;263;97;33
MV;m;1962 - 1976;GRÜNE;7464;25;268;1682;53;69;569;4612;;185;11;25
MV;m;1962 - 1976;CSU;;;;;;;;;;;;
MV;m;1962 - 1976;Sonstige;8123;227;348;419;1042;283;639;117;;5048;1735;1601
MV;m;1962 - 1976;dar. FREIE WÄHLER;1579;15;53;86;146;69;26;13;;1172;1140;11
MV;m;1962 - 1976;dar. dieBasis;2140;15;9;52;283;48;106;41;;1585;95;1450
MV;m;1952 - 1961;Summe;99080;1848;19833;29204;22052;5068;13478;3979;;3619;1777;926
MV;m;1952 - 1961;Ungültig;1718;1271;135;99;139;;15;;;60;;23
MV;m;1952 - 1961;CDU;18279;29;16509;585;506;427;122;15;;85;15;18
MV;m;1952 - 1961;SPD;30320;221;1071;24842;501;392;2125;688;;480;251;37
MV;m;1952 - 1961;AfD;21262;93;608;423;19662;201;146;;;129;66;37
MV;m;1952 - 1961;FDP;5658;;997;458;172;3823;45;38;;126;84;11
MV;m;1952 - 1961;DIE LINKE;12622;58;148;1338;191;62;10370;306;;150;132;
MV;m;1952 - 1961;GRÜNE;4679;18;125;1163;11;33;442;2818;;70;67;
MV;m;1952 - 1961;CSU;;;;;;;;;;;;
MV;m;1952 - 1961;Sonstige;4542;158;240;296;869;130;213;115;;2521;1163;800
MV;m;1952 - 1961;dar. FREIE WÄHLER;1408;;63;131;78;70;29;19;;1017;955;20
MV;m;1952 - 1961;dar. dieBasis;1031;32;74;36;125;;18;;;746;19;708
MV;m;1951 und früher;Summe;92414;1864;20190;34690;12743;2993;15931;2280;;1723;676;477
MV;m;1951 und früher;Ungültig;1961;969;379;346;87;19;144;;;18;;
MV;m;1951 und früher;CDU;18748;247;16993;598;356;254;223;33;;44;;
MV;m;1951 und früher;SPD;36502;228;1221;30483;577;171;3116;475;;232;125;7
MV;m;1951 und früher;AfD;12986;161;497;502;11315;159;178;53;;121;15;78
MV;m;1951 und früher;FDP;3445;23;741;286;64;2219;83;18;;11;;
MV;m;1951 und früher;DIE LINKE;14208;97;245;1706;133;47;11710;155;;115;15;32
MV;m;1951 und früher;GRÜNE;2487;;65;696;18;51;159;1498;;;;
MV;m;1951 und früher;CSU;;;;;;;;;;;;
MV;m;1951 und früher;Sonstige;2077;139;48;73;194;74;318;49;;1182;522;360
MV;m;1951 und früher;dar. FREIE WÄHLER;581;;3;15;11;15;70;;;467;467;
MV;m;1951 und früher;dar. dieBasis;456;;;;45;11;90;;;311;23;273
MV;w;Summe;Summe;483950;9735;96666;145028;65965;34396;60777;35588;;35795;10365;9092
MV;w;Summe;Ungültig;9444;5836;1043;1259;501;161;365;39;;240;31;46
MV;w;Summe;CDU;84855;588;73335;3920;1252;2542;1450;556;;1212;545;59
MV;w;Summe;SPD;150450;1768;8959;117492;1991;2344;9817;4795;;3283;1183;414
MV;w;Summe;AfD;64544;443;2192;1937;56175;1523;702;124;;1449;385;579
MV;w;Summe;FDP;37441;120;5698;3029;1457;23962;999;761;;1414;577;249
MV;w;Summe;DIE LINKE;53464;251;1453;6265;624;807;40800;1764;;1502;270;252
MV;w;Summe;GRÜNE;40057;128;1367;7326;56;684;3489;25717;;1290;90;107
MV;w;Summe;CSU;;;;;;;;;;;;
MV;w;Summe;Sonstige;43695;600;2619;3799;3909;2373;3156;1833;;25406;7283;7386
MV;w;Summe;dar. FREIE WÄHLER;7455;63;315;602;430;377;267;54;;5348;4678;143
MV;w;Summe;dar. dieBasis;9925;102;342;363;1022;297;398;55;;7345;484;6530
MV;w;1997 - 2003;Summe;26187;393;2481;5103;3134;3354;3531;5063;;3127;507;472
MV;w;1997 - 2003;Ungültig;293;253;;;;17;;;;23;;
MV;w;1997 - 2003;CDU;1979;;1358;213;109;136;15;47;;102;18;10
MV;w;1997 - 2003;SPD;4601;5;339;3105;78;321;307;225;;220;40;
MV;w;1997 - 2003;AfD;2790;;103;27;2436;157;18;15;;34;18;
MV;w;1997 - 2003;FDP;3535;42;313;291;195;2304;71;151;;168;102;11
MV;w;1997 - 2003;DIE LINKE;2845;18;30;211;17;71;1936;305;;258;30;16
MV;w;1997 - 2003;GRÜNE;5833;;102;832;;82;606;3903;;307;14;
MV;w;1997 - 2003;CSU;;;;;;;;;;;;
MV;w;1997 - 2003;Sonstige;4311;77;237;424;299;266;578;418;;2014;285;435
MV;w;1997 - 2003;dar. FREIE WÄHLER;165;;;34;;25;;;;105;82;
MV;w;1997 - 2003;dar. dieBasis;619;;31;15;43;19;84;15;;412;21;369
MV;w;1987 - 1996;Summe;45879;371;6058;10173;7796;4077;5078;6595;;5731;1599;1155
MV;w;1987 - 1996;Ungültig;417;289;;;107;21;;;;;;
MV;w;1987 - 1996;CDU;4895;;3826;257;132;284;190;34;;173;125;
MV;w;1987 - 1996;SPD;9164;;820;6564;234;200;535;480;;331;50;57
MV;w;1987 - 1996;AfD;7165;23;243;232;6144;179;105;36;;204;65;37
MV;w;1987 - 1996;FDP;4465;;496;521;194;2744;169;157;;185;56;17
MV;w;1987 - 1996;DIE LINKE;3683;7;97;435;63;85;2534;327;;135;;26
MV;w;1987 - 1996;GRÜNE;8128;;235;1311;56;129;901;5167;;327;41;
MV;w;1987 - 1996;CSU;;;;;;;;;;;;
MV;w;1987 - 1996;Sonstige;7959;52;341;852;865;435;644;394;;4376;1261;1018
MV;w;1987 - 1996;dar. FREIE WÄHLER;1105;;15;73;82;75;40;;;821;672;15
MV;w;1987 - 1996;dar. dieBasis;1272;;38;99;94;48;23;7;;962;46;857
MV;w;1977 - 1986;Summe;68080;1242;11267;16863;13180;6284;6067;6111;;7064;1730;1943
MV;w;1977 - 1986;Ungültig;965;866;12;63;24;;;;;;;
MV;w;1977 - 1986;CDU;9572;23;7907;694;240;339;160;91;;119;45;
MV;w;1977 - 1986;SPD;16085;116;1152;12107;348;426;905;518;;513;151;121
MV;w;1977 - 1986;AfD;12542;61;377;460;10921;310;37;;;377;128;147
MV;w;1977 - 1986;FDP;6984;22;1038;520;300;4481;185;118;;319;114;42
MV;w;1977 - 1986;DIE LINKE;5247;15;140;581;68;142;3769;171;;362;37;74
MV;w;1977 - 1986;GRÜNE;7913;18;264;1688;;141;675;4859;;268;20;18
MV;w;1977 - 1986;CSU;;;;;;;;;;;;
MV;w;1977 - 1986;Sonstige;8772;122;377;750;1278;445;338;355;;5107;1237;1541
MV;w;1977 - 1986;dar. FREIE WÄHLER;1444;;52;155;236;63;46;20;;873;721;27
MV;w;1977 - 1986;dar. dieBasis;2163;44;33;119;313;72;48;;;1534;108;1367
MV;w;1962 - 1976;Summe;120567;1603;23908;32433;19432;10254;13707;8914;;10315;3042;3284
MV;w;1962 - 1976;Ungültig;1539;1075;142;146;33;;76;;;67;31;23
MV;w;1962 - 1976;CDU;21304;77;18257;916;371;783;338;212;;350;153;35
MV;w;1962 - 1976;SPD;33721;185;1789;26347;576;576;1778;1482;;988;448;102
MV;w;1962 - 1976;AfD;19438;123;615;434;17173;421;253;32;;388;77;190
MV;w;1962 - 1976;FDP;10545;15;1572;636;277;7212;268;160;;406;137;95
MV;w;1962 - 1976;DIE LINKE;12215;18;322;1125;201;242;9581;466;;259;61;51
MV;w;1962 - 1976;GRÜNE;9401;22;374;1829;;154;582;6222;;218;;42
MV;w;1962 - 1976;CSU;;;;;;;;;;;;
MV;w;1962 - 1976;Sonstige;12403;89;837;1000;801;864;830;341;;7641;2134;2745
MV;w;1962 - 1976;dar. FREIE WÄHLER;2281;32;168;144;34;184;81;10;;1629;1457;89
MV;w;1962 - 1976;dar. dieBasis;3507;;136;112;323;100;84;34;;2720;181;2430
MV;w;1952 - 1961;Summe;106225;2215;23097;35189;13644;6398;14858;4905;;5919;2280;1314
MV;w;1952 - 1961;Ungültig;2075;1203;284;237;128;91;36;21;;74;;
MV;w;1952 - 1961;CDU;20520;135;17911;1072;234;453;329;66;;320;148;13
MV;w;1952 - 1961;SPD;37988;509;2301;30218;363;455;2628;944;;569;249;28
MV;w;1952 - 1961;AfD;14011;140;583;491;11935;360;156;41;;305;72;148
MV;w;1952 - 1961;FDP;7106;;1055;535;325;4559;234;149;;249;99;67
MV;w;1952 - 1961;DIE LINKE;13504;100;376;1490;213;161;10503;323;;338;126;30
MV;w;1952 - 1961;GRÜNE;4780;;186;711;;127;474;3201;;80;15;
MV;w;1952 - 1961;CSU;;;;;;;;;;;;
MV;w;1952 - 1961;Sonstige;6241;128;400;434;446;192;498;159;;3983;1571;1028
MV;w;1952 - 1961;dar. FREIE WÄHLER;1593;;44;97;63;16;72;11;;1289;1184;13
MV;w;1952 - 1961;dar. dieBasis;1541;58;58;19;167;59;141;;;1039;68;926
MV;w;1951 und früher;Summe;117012;3909;29854;45267;8780;4028;17536;4000;;3639;1208;923
MV;w;1951 und früher;Ungültig;4155;2150;605;813;209;32;253;17;;76;;22
MV;w;1951 und früher;CDU;26584;353;24076;769;165;549;417;106;;149;55;
MV;w;1951 und früher;SPD;48891;955;2558;39150;391;365;3664;1146;;662;246;105
MV;w;1951 und früher;AfD;8597;97;271;293;7566;95;134;;;141;25;57
MV;w;1951 und früher;FDP;4805;41;1224;526;166;2662;73;26;;87;70;18
MV;w;1951 und früher;DIE LINKE;15970;94;488;2423;62;104;12476;172;;151;17;54
MV;w;1951 und früher;GRÜNE;4003;89;206;954;;50;251;2365;;88;;47
MV;w;1951 und früher;CSU;;;;;;;;;;;;
MV;w;1951 und früher;Sonstige;4008;131;426;339;220;171;268;167;;2285;795;620
MV;w;1951 und früher;dar. FREIE WÄHLER;867;31;35;99;15;15;28;13;;631;562;
MV;w;1951 und früher;dar. dieBasis;823;;46;;82;;18;;;678;60;580
SN;Summe;Summe;Summe;2488954;29375;546282;410769;632881;220062;282800;171384;;195401;66844;45040
SN;Summe;Summe;Ungültig;26057;19884;1934;896;1195;304;574;327;;944;321;123
SN;Summe;Summe;CDU;422879;1369;362174;13545;15098;15429;4251;3289;;7724;3703;492
SN;Summe;Summe;SPD;474804;1703;58525;310700;13533;13034;40853;23147;;13309;5778;1386
SN;Summe;Summe;AfD;607044;835;16331;9013;546375;12182;5158;496;;16654;4742;4985
SN;Summe;Summe;FDP;271166;810;58988;14152;21196;154742;4313;3815;;13149;5740;2176
SN;Summe;Summe;DIE LINKE;230012;808;9133;20805;4499;3396;174869;9591;;6911;1390;855
SN;Summe;Summe;GRÜNE;212320;545;19807;25666;664;3595;35083;120649;;6311;1043;399
SN;Summe;Summe;CSU;;;;;;;;;;;;
SN;Summe;Summe;Sonstige;244672;3420;19390;15993;30322;17380;17699;10070;;130398;44125;34624
SN;Summe;Summe;dar. FREIE WÄHLER;56654;307;4844;3237;4401;4466;1798;628;;36973;32111;1435
SN;Summe;Summe;dar. dieBasis;38090;;660;600;4864;1169;1177;393;;29226;961;26694
SN;Summe;1997 - 2003;Summe;154102;1498;18706;16400;26233;24548;25983;23867;;16866;3581;2498
SN;Summe;1997 - 2003;Ungültig;1124;913;;;82;23;29;31;;46;46;
SN;Summe;1997 - 2003;CDU;9700;;6982;693;729;664;156;166;;309;155;
SN;Summe;1997 - 2003;SPD;15257;31;2329;7489;421;1099;1548;1570;;770;172;99
SN;Summe;1997 - 2003;AfD;23343;;620;447;20496;1032;78;;;669;190;187
SN;Summe;1997 - 2003;FDP;29787;35;4381;1649;2164;18253;517;878;;1910;463;300
SN;Summe;1997 - 2003;DIE LINKE;18604;43;419;1148;;300;14011;1807;;877;;30
SN;Summe;1997 - 2003;GRÜNE;30278;70;2126;2777;;579;6797;16965;;964;;
SN;Summe;1997 - 2003;CSU;;;;;;;;;;;;
SN;Summe;1997 - 2003;Sonstige;26009;406;1850;2196;2341;2599;2846;2450;;11321;2555;1881
SN;Summe;1997 - 2003;dar. FREIE WÄHLER;2924;;309;340;251;444;203;10;;1367;1210;48
SN;Summe;1997 - 2003;dar. dieBasis;1648;;32;;241;28;;41;;1306;67;1164
SN;Summe;1987 - 1996;Summe;276070;2814;31392;31028;65357;30353;45876;37935;;31316;8639;6641
SN;Summe;1987 - 1996;Ungültig;2182;1980;87;;48;;;;;66;;
SN;Summe;1987 - 1996;CDU;18595;20;14123;725;1088;1232;237;314;;856;486;71
SN;Summe;1987 - 1996;SPD;32743;54;3713;18648;1245;1646;3325;2965;;1147;341;
SN;Summe;1987 - 1996;AfD;60328;53;1173;652;54554;1713;261;;;1921;721;477
SN;Summe;1987 - 1996;FDP;35746;95;6335;1483;2651;21730;518;875;;2059;731;464
SN;Summe;1987 - 1996;DIE LINKE;32615;107;578;1881;205;267;25443;2680;;1455;134;63
SN;Summe;1987 - 1996;GRÜNE;50066;117;2474;4551;107;648;12483;28065;;1622;200;57
SN;Summe;1987 - 1996;CSU;;;;;;;;;;;;
SN;Summe;1987 - 1996;Sonstige;43795;388;2908;3087;5459;3117;3610;3035;;22190;6026;5509
SN;Summe;1987 - 1996;dar. FREIE WÄHLER;7923;35;784;552;738;556;153;61;;5043;4004;188
SN;Summe;1987 - 1996;dar. dieBasis;5427;;147;65;435;170;177;65;;4369;182;3814
SN;Summe;1977 - 1986;Summe;376483;3195;65305;42986;112944;37838;34312;37681;;42223;13542;10228
SN;Summe;1977 - 1986;Ungültig;2655;2112;32;64;127;15;36;47;;222;91;31
SN;Summe;1977 - 1986;CDU;44982;;35430;1489;2359;2829;452;791;;1630;1041;130
SN;Summe;1977 - 1986;SPD;49482;15;7125;28162;1405;2028;3735;4543;;2470;1067;395
SN;Summe;1977 - 1986;AfD;107700;106;2909;1663;96842;1961;556;125;;3538;749;899
SN;Summe;1977 - 1986;FDP;45128;157;9641;2294;3695;25933;351;442;;2614;1282;350
SN;Summe;1977 - 1986;DIE LINKE;26686;154;1150;1315;573;495;19563;1848;;1587;410;233
SN;Summe;1977 - 1986;GRÜNE;48541;171;5400;5539;185;757;6570;28210;;1709;425;156
SN;Summe;1977 - 1986;CSU;;;;;;;;;;;;
SN;Summe;1977 - 1986;Sonstige;51310;480;3617;2460;7758;3820;3048;1674;;28453;8477;8032
SN;Summe;1977 - 1986;dar. FREIE WÄHLER;10227;;802;309;1002;1057;194;87;;6777;5549;526
SN;Summe;1977 - 1986;dar. dieBasis;8623;;71;63;1270;386;267;44;;6522;177;5998
SN;Summe;1962 - 1976;Summe;618843;5593;133448;77943;193259;61509;53492;37964;;55634;19901;15422
SN;Summe;1962 - 1976;Ungültig;4564;3593;192;108;283;109;169;;;110;26;59
SN;Summe;1962 - 1976;CDU;100104;294;85374;2333;4143;4338;715;902;;2005;866;174
SN;Summe;1962 - 1976;SPD;94312;205;13715;57505;2802;2804;8123;5569;;3589;1508;409
SN;Summe;1962 - 1976;AfD;190074;253;5000;2132;171045;4158;1321;31;;6135;1850;2334
SN;Summe;1962 - 1976;FDP;76592;295;16959;3153;6074;44021;984;980;;4125;1993;740
SN;Summe;1962 - 1976;DIE LINKE;43803;131;2092;3920;1224;842;32424;1699;;1471;322;254
SN;Summe;1962 - 1976;GRÜNE;45657;45;4895;5220;118;979;5925;27148;;1326;205;122
SN;Summe;1962 - 1976;CSU;;;;;;;;;;;;
SN;Summe;1962 - 1976;Sonstige;63737;777;5220;3572;7570;4259;3831;1634;;36874;13131;11332
SN;Summe;1962 - 1976;dar. FREIE WÄHLER;16884;93;1482;870;1082;1384;536;256;;11182;9829;279
SN;Summe;1962 - 1976;dar. dieBasis;13435;;108;259;1717;385;401;167;;10399;358;9467
SN;Summe;1952 - 1961;Summe;478020;6943;117303;89746;134263;33572;48951;17672;;29570;13026;6756
SN;Summe;1952 - 1961;Ungültig;6315;4884;473;223;197;43;121;119;;254;78;
SN;Summe;1952 - 1961;CDU;96056;344;83605;3260;3386;2865;898;552;;1145;659;77
SN;Summe;1952 - 1961;SPD;105782;576;11976;71949;3233;2571;8951;3805;;2721;1455;202
SN;Summe;1952 - 1961;AfD;128871;293;3189;1606;117605;1843;1168;220;;2946;811;802
SN;Summe;1952 - 1961;FDP;43855;93;10990;2670;4384;22956;816;472;;1474;826;181
SN;Summe;1952 - 1961;DIE LINKE;42930;65;1744;4533;1037;876;33021;683;;971;353;195
SN;Summe;1952 - 1961;GRÜNE;19281;91;2525;3048;186;279;1663;11068;;422;192;
SN;Summe;1952 - 1961;CSU;;;;;;;;;;;;
SN;Summe;1952 - 1961;Sonstige;34929;594;2801;2456;4234;2139;2313;753;;19638;8651;5298
SN;Summe;1952 - 1961;dar. FREIE WÄHLER;11079;63;668;641;777;514;475;149;;7790;7053;214
SN;Summe;1952 - 1961;dar. dieBasis;6306;;186;114;1048;144;192;76;;4546;30;4361
SN;Summe;1951 und früher;Summe;585436;9332;180128;152667;100825;32241;74186;16265;;19792;8154;3496
SN;Summe;1951 und früher;Ungültig;9217;6402;1149;501;457;114;219;130;;245;79;33
SN;Summe;1951 und früher;CDU;153442;711;136659;5044;3392;3501;1793;563;;1779;497;40
SN;Summe;1951 und früher;SPD;177228;822;19668;126946;4427;2886;15172;4695;;2612;1235;281
SN;Summe;1951 und früher;AfD;96729;129;3440;2513;85833;1475;1773;119;;1446;421;285
SN;Summe;1951 und früher;FDP;40058;135;10682;2903;2228;21849;1127;167;;967;444;141
SN;Summe;1951 und früher;DIE LINKE;65374;308;3150;8007;1460;618;50406;874;;551;171;80
SN;Summe;1951 und früher;GRÜNE;18497;51;2387;4531;68;352;1645;9193;;269;22;64
SN;Summe;1951 und früher;CSU;;;;;;;;;;;;
SN;Summe;1951 und früher;Sonstige;24892;775;2993;2221;2960;1447;2051;524;;11921;5284;2572
SN;Summe;1951 und früher;dar. FREIE WÄHLER;7618;117;799;525;551;511;237;65;;4814;4466;181
SN;Summe;1951 und früher;dar. dieBasis;2651;;116;99;154;57;140;;;2085;147;1890
SN;m;Summe;Summe;1208660;12293;246936;179488;370035;101945;134983;76077;;86904;28360;18486
SN;m;Summe;Ungültig;10445;8365;636;272;580;43;125;72;;352;140;
SN;m;Summe;CDU;191181;582;162480;5489;9064;7017;1626;1366;;3557;1565;239
SN;m;Summe;SPD;209779;748;24446;137352;7313;5319;19607;9275;;5720;2373;519
SN;m;Summe;AfD;355616;375;8840;4324;324439;5945;2893;279;;8521;2557;2170
SN;m;Summe;FDP;133009;389;30858;5562;11543;74875;1646;1910;;6226;2575;799
SN;m;Summe;DIE LINKE;108686;353;3637;8828;2317;1134;85131;4198;;3088;515;396
SN;m;Summe;GRÜNE;98291;156;9244;11676;391;1553;16879;55171;;3221;421;213
SN;m;Summe;CSU;;;;;;;;;;;;
SN;m;Summe;Sonstige;101654;1325;6795;5984;14388;6057;7078;3807;;56219;18214;14151
SN;m;Summe;dar. FREIE WÄHLER;24231;128;2004;1642;2170;1586;450;287;;15964;13811;573
SN;m;Summe;dar. dieBasis;15685;;319;149;2196;427;407;128;;12059;431;10871
SN;m;1997 - 2003;Summe;79775;569;9724;8146;15366;14805;11772;10492;;8901;1412;1203
SN;m;1997 - 2003;Ungültig;382;289;;;47;;;;;46;46;
SN;m;1997 - 2003;CDU;4990;;3529;435;430;341;65;34;;157;92;
SN;m;1997 - 2003;SPD;7775;;1221;3547;223;596;954;745;;490;98;50
SN;m;1997 - 2003;AfD;13781;;304;160;12325;594;78;;;319;;117
SN;m;1997 - 2003;FDP;18826;35;2658;1043;1402;11821;254;455;;1158;245;124
SN;m;1997 - 2003;DIE LINKE;8151;;180;648;;32;6145;910;;236;;
SN;m;1997 - 2003;GRÜNE;13438;43;935;1489;;325;3025;7187;;434;;
SN;m;1997 - 2003;CSU;;;;;;;;;;;;
SN;m;1997 - 2003;Sonstige;12430;202;896;825;939;1096;1251;1161;;6061;930;913
SN;m;1997 - 2003;dar. FREIE WÄHLER;1425;;228;143;104;227;95;10;;618;509;
SN;m;1997 - 2003;dar. dieBasis;944;;32;;135;28;;41;;707;47;626
SN;m;1987 - 1996;Summe;138022;1387;15974;15095;35862;16093;23441;15741;;14429;4022;2707
SN;m;1987 - 1996;Ungültig;1206;1093;37;;48;;;;;28;;
SN;m;1987 - 1996;CDU;8497;;6630;193;454;588;142;114;;376;170;35
SN;m;1987 - 1996;SPD;16079;27;1639;9834;650;595;1688;1235;;412;57;
SN;m;1987 - 1996;AfD;33350;;795;226;30464;836;108;;;921;346;204
SN;m;1987 - 1996;FDP;20068;41;4152;585;1384;12207;330;394;;974;300;256
SN;m;1987 - 1996;DIE LINKE;16595;46;316;909;;70;13343;1201;;708;30;63
SN;m;1987 - 1996;GRÜNE;22454;15;1324;1994;107;256;6059;11704;;993;81;
SN;m;1987 - 1996;CSU;;;;;;;;;;;;
SN;m;1987 - 1996;Sonstige;19774;164;1081;1354;2754;1540;1771;1093;;10016;3038;2148
SN;m;1987 - 1996;dar. FREIE WÄHLER;3885;;370;329;413;243;;;;2530;1990;96
SN;m;1987 - 1996;dar. dieBasis;1977;;116;29;145;32;38;;;1615;121;1328
SN;m;1977 - 1986;Summe;192569;1337;29519;20477;68942;17798;17349;16424;;20724;5916;4446
SN;m;1977 - 1986;Ungültig;1112;931;;;54;15;;;;111;47;
SN;m;1977 - 1986;CDU;20902;;16202;603;1491;1374;72;327;;833;449;25
SN;m;1977 - 1986;SPD;22564;;2978;13260;654;833;1797;1905;;1136;496;182
SN;m;1977 - 1986;AfD;65950;55;1439;793;60219;942;333;91;;2077;461;445
SN;m;1977 - 1986;FDP;22321;58;4645;1362;2049;12667;145;245;;1151;462;76
SN;m;1977 - 1986;DIE LINKE;13519;36;411;532;251;175;10411;874;;829;139;140
SN;m;1977 - 1986;GRÜNE;22456;60;2488;2823;129;320;3313;12432;;891;242;105
SN;m;1977 - 1986;CSU;;;;;;;;;;;;
SN;m;1977 - 1986;Sonstige;23745;197;1355;1104;4094;1471;1278;550;;13695;3619;3474
SN;m;1977 - 1986;dar. FREIE WÄHLER;4461;;465;116;472;484;;;;2924;2477;160
SN;m;1977 - 1986;dar. dieBasis;3772;;49;26;575;188;99;;;2836;104;2525
SN;m;1962 - 1976;Summe;312133;2244;66003;33265;116851;26545;25114;18176;;23937;8498;6319
SN;m;1962 - 1976;Ungültig;1851;1511;124;;167;;23;;;26;26;
SN;m;1962 - 1976;CDU;49949;120;42420;964;2718;2200;322;334;;872;284;136
SN;m;1962 - 1976;SPD;40812;83;5901;24814;1329;1227;3645;2358;;1454;530;178
SN;m;1962 - 1976;AfD;115024;111;2857;1095;104992;1896;863;;;3208;1159;925
SN;m;1962 - 1976;FDP;36763;189;9617;1214;3394;19431;375;647;;1896;1025;310
SN;m;1962 - 1976;DIE LINKE;20577;15;835;1806;637;252;15610;632;;790;174;109
SN;m;1962 - 1976;GRÜNE;22128;23;2316;2356;28;394;2745;13686;;579;50;76
SN;m;1962 - 1976;CSU;;;;;;;;;;;;
SN;m;1962 - 1976;Sonstige;25029;192;1932;1015;3585;1143;1532;519;;15111;5249;4585
SN;m;1962 - 1976;dar. FREIE WÄHLER;7021;30;464;453;628;336;219;151;;4742;4131;114
SN;m;1962 - 1976;dar. dieBasis;5682;;40;94;855;179;176;41;;4298;79;3909
SN;m;1952 - 1961;Summe;226259;2926;53873;37631;76077;13676;22521;7834;;11720;5368;2579
SN;m;1952 - 1961;Ungültig;2707;2168;115;102;101;28;73;38;;82;;
SN;m;1952 - 1961;CDU;45176;132;39389;1410;2045;1041;295;298;;567;371;42
SN;m;1952 - 1961;SPD;44575;280;4343;31069;1623;945;3967;1186;;1162;647;
SN;m;1952 - 1961;AfD;73075;80;1647;643;67724;905;577;188;;1312;341;358
SN;m;1952 - 1961;FDP;19150;34;5343;551;2199;9936;265;110;;712;365;33
SN;m;1952 - 1961;DIE LINKE;19619;27;776;1717;519;303;15671;260;;346;83;54
SN;m;1952 - 1961;GRÜNE;9422;15;1301;1196;94;90;1044;5468;;214;47;
SN;m;1952 - 1961;CSU;;;;;;;;;;;;
SN;m;1952 - 1961;Sonstige;12534;189;960;944;1773;429;628;286;;7326;3513;2093
SN;m;1952 - 1961;dar. FREIE WÄHLER;4617;43;253;372;363;173;97;101;;3216;2953;91
SN;m;1952 - 1961;dar. dieBasis;2367;;40;;407;;53;46;;1822;;1780
SN;m;1951 und früher;Summe;259901;3831;71843;64874;56937;13028;34786;7410;;7193;3144;1232
SN;m;1951 und früher;Ungültig;3187;2372;361;170;163;;29;33;;58;20;
SN;m;1951 und früher;CDU;61666;330;54310;1885;1926;1473;730;260;;752;199;
SN;m;1951 und früher;SPD;77972;359;8364;54828;2833;1123;7555;1845;;1065;545;110
SN;m;1951 und früher;AfD;54435;129;1798;1406;48715;771;932;;;684;249;121
SN;m;1951 und früher;FDP;15880;32;4441;807;1115;8813;277;59;;335;177;
SN;m;1951 und früher;DIE LINKE;30225;228;1118;3216;910;302;23951;321;;179;89;30
SN;m;1951 und früher;GRÜNE;8393;;880;1818;32;167;693;4693;;110;;32
SN;m;1951 und früher;CSU;;;;;;;;;;;;
SN;m;1951 und früher;Sonstige;8142;381;570;743;1242;379;619;198;;4010;1864;939
SN;m;1951 und früher;dar. FREIE WÄHLER;2823;56;224;229;190;123;40;25;;1935;1750;112
SN;m;1951 und früher;dar. dieBasis;943;;42;;80;;41;;;780;80;701
SN;w;Summe;Summe;1280294;17082;299346;231281;262846;118117;147817;95307;;108497;38483;26554
SN;w;Summe;Ungültig;15612;11520;1297;624;614;260;448;255;;592;181;123
SN;w;Summe;CDU;231698;787;199694;8055;6034;8412;2625;1923;;4167;2138;253
SN;w;Summe;SPD;265025;956;34079;173348;6220;7715;21246;13872;;7590;3405;867
SN;w;Summe;AfD;251428;460;7491;4689;221936;6237;2266;217;;8133;2186;2815
SN;w;Summe;FDP;138157;421;28130;8590;9653;79867;2667;1905;;6924;3166;1376
SN;w;Summe;DIE LINKE;121326;455;5497;11977;2182;2261;89739;5393;;3823;875;459
SN;w;Summe;GRÜNE;114029;389;10563;13990;273;2042;18204;65478;;3090;622;186
SN;w;Summe;CSU;;;;;;;;;;;;
SN;w;Summe;Sonstige;143018;2095;12595;10008;15934;11323;10621;6263;;74178;25910;20473
SN;w;Summe;dar. FREIE WÄHLER;32423;179;2840;1596;2231;2880;1348;341;;21009;18300;862
SN;w;Summe;dar. dieBasis;22405;;341;451;2668;743;770;265;;17167;531;15823
SN;w;1997 - 2003;Summe;74327;929;8983;8253;10867;9743;14211;13375;;7965;2169;1294
SN;w;1997 - 2003;Ungültig;742;624;;;35;23;29;31;;;;
SN;w;1997 - 2003;CDU;4709;;3454;258;299;323;91;133;;152;63;
SN;w;1997 - 2003;SPD;7482;31;1108;3943;198;504;594;825;;281;74;49
SN;w;1997 - 2003;AfD;9561;;316;287;8171;438;;;;350;190;71
SN;w;1997 - 2003;FDP;10960;;1722;606;761;6432;263;423;;752;218;176
SN;w;1997 - 2003;DIE LINKE;10453;43;239;500;;267;7867;897;;640;;30
SN;w;1997 - 2003;GRÜNE;16840;27;1191;1288;;254;3771;9777;;530;;
SN;w;1997 - 2003;CSU;;;;;;;;;;;;
SN;w;1997 - 2003;Sonstige;13580;204;954;1371;1402;1503;1596;1289;;5261;1624;969
SN;w;1997 - 2003;dar. FREIE WÄHLER;1499;;81;197;147;217;109;;;749;701;48
SN;w;1997 - 2003;dar. dieBasis;704;;;;106;;;;;598;20;538
SN;w;1987 - 1996;Summe;138048;1427;15418;15933;29495;14260;22436;22193;;16887;4617;3934
SN;w;1987 - 1996;Ungültig;976;888;51;;;;;;;38;;
SN;w;1987 - 1996;CDU;10098;20;7493;533;633;644;95;200;;480;316;36
SN;w;1987 - 1996;SPD;16664;28;2074;8814;595;1052;1636;1731;;735;284;
SN;w;1987 - 1996;AfD;26977;53;379;426;24090;877;153;;;1000;375;273
SN;w;1987 - 1996;FDP;15678;54;2183;898;1267;9523;188;481;;1085;431;208
SN;w;1987 - 1996;DIE LINKE;16021;60;262;972;205;196;12100;1479;;746;104;
SN;w;1987 - 1996;GRÜNE;27612;101;1150;2557;;392;6424;16360;;628;119;57
SN;w;1987 - 1996;CSU;;;;;;;;;;;;
SN;w;1987 - 1996;Sonstige;24021;224;1827;1733;2705;1577;1839;1942;;12174;2988;3361
SN;w;1987 - 1996;dar. FREIE WÄHLER;4038;35;414;223;325;313;153;61;;2513;2014;92
SN;w;1987 - 1996;dar. dieBasis;3450;;30;35;290;138;138;65;;2754;61;2486
SN;w;1977 - 1986;Summe;183914;1858;35786;22509;44001;20041;16963;21257;;21500;7626;5782
SN;w;1977 - 1986;Ungültig;1543;1180;32;64;73;;36;47;;111;43;31
SN;w;1977 - 1986;CDU;24080;;19229;887;868;1455;380;464;;797;592;105
SN;w;1977 - 1986;SPD;26918;15;4147;14902;750;1195;1938;2638;;1333;571;214
SN;w;1977 - 1986;AfD;41750;51;1469;869;36623;1019;223;34;;1461;288;454
SN;w;1977 - 1986;FDP;22807;99;4996;933;1646;13266;206;197;;1463;820;274
SN;w;1977 - 1986;DIE LINKE;13167;118;739;783;322;320;9152;975;;758;271;93
SN;w;1977 - 1986;GRÜNE;26085;111;2912;2716;56;437;3257;15778;;818;183;51
SN;w;1977 - 1986;CSU;;;;;;;;;;;;
SN;w;1977 - 1986;Sonstige;27564;283;2262;1356;3663;2348;1770;1124;;14758;4858;4559
SN;w;1977 - 1986;dar. FREIE WÄHLER;5766;;337;193;530;573;194;87;;3853;3072;366
SN;w;1977 - 1986;dar. dieBasis;4851;;23;37;696;198;168;44;;3686;73;3472
SN;w;1962 - 1976;Summe;306710;3349;67445;44679;76408;34964;28378;19789;;31697;11403;9103
SN;w;1962 - 1976;Ungültig;2712;2082;68;108;116;109;146;;;84;;59
SN;w;1962 - 1976;CDU;50155;174;42954;1368;1425;2139;393;569;;1134;582;38
SN;w;1962 - 1976;SPD;53499;122;7814;32691;1473;1576;4478;3211;;2135;978;232
SN;w;1962 - 1976;AfD;75051;142;2142;1037;66053;2261;458;31;;2926;690;1409
SN;w;1962 - 1976;FDP;39829;106;7342;1939;2680;24590;609;333;;2229;968;429
SN;w;1962 - 1976;DIE LINKE;23226;116;1257;2114;587;589;16814;1067;;681;148;144
SN;w;1962 - 1976;GRÜNE;23529;23;2579;2864;90;585;3181;13462;;746;154;46
SN;w;1962 - 1976;CSU;;;;;;;;;;;;
SN;w;1962 - 1976;Sonstige;38708;585;3288;2557;3985;3116;2299;1115;;21763;7882;6747
SN;w;1962 - 1976;dar. FREIE WÄHLER;9863;63;1018;417;454;1048;317;105;;6441;5698;165
SN;w;1962 - 1976;dar. dieBasis;7753;;68;165;862;206;225;127;;6101;279;5558
SN;w;1952 - 1961;Summe;251761;4017;63430;52115;58186;19896;26430;9838;;17849;7658;4177
SN;w;1952 - 1961;Ungültig;3608;2716;358;122;97;15;48;81;;172;78;
SN;w;1952 - 1961;CDU;50880;212;44216;1851;1342;1825;602;254;;578;288;35
SN;w;1952 - 1961;SPD;61206;297;7633;40880;1610;1626;4984;2618;;1559;808;202
SN;w;1952 - 1961;AfD;55796;214;1542;963;49881;938;591;33;;1634;470;444
SN;w;1952 - 1961;FDP;24705;59;5647;2119;2185;13020;551;362;;762;460;149
SN;w;1952 - 1961;DIE LINKE;23311;38;968;2817;518;573;17350;422;;625;270;141
SN;w;1952 - 1961;GRÜNE;9859;76;1224;1852;92;189;619;5600;;208;145;
SN;w;1952 - 1961;CSU;;;;;;;;;;;;
SN;w;1952 - 1961;Sonstige;22395;406;1841;1512;2461;1710;1686;468;;12311;5138;3205
SN;w;1952 - 1961;dar. FREIE WÄHLER;6462;20;416;270;414;341;378;49;;4574;4099;123
SN;w;1952 - 1961;dar. dieBasis;3938;;146;114;641;144;139;30;;2724;30;2581
SN;w;1951 und früher;Summe;325534;5501;108285;87793;43888;19213;39399;8855;;12599;5010;2264
SN;w;1951 und früher;Ungültig;6029;4029;788;331;294;114;189;97;;187;59;33
SN;w;1951 und früher;CDU;91776;381;82348;3159;1466;2028;1064;303;;1027;297;40
SN;w;1951 und früher;SPD;99256;463;11304;72118;1594;1763;7616;2850;;1547;690;171
SN;w;1951 und früher;AfD;42293;;1642;1107;37118;704;841;119;;763;172;165
SN;w;1951 und früher;FDP;24178;103;6240;2096;1113;13035;850;108;;633;267;141
SN;w;1951 und früher;DIE LINKE;35149;81;2031;4791;550;316;26456;553;;372;82;50
SN;w;1951 und früher;GRÜNE;10103;51;1507;2713;36;186;952;4500;;159;22;32
SN;w;1951 und früher;CSU;;;;;;;;;;;;
SN;w;1951 und früher;Sonstige;16749;394;2423;1478;1718;1069;1432;326;;7911;3420;1632
SN;w;1951 und früher;dar. FREIE WÄHLER;4796;61;575;296;360;388;197;40;;2879;2716;69
SN;w;1951 und früher;dar. dieBasis;1708;;74;99;74;57;99;;;1304;68;1189
ST;Summe;Summe;Summe;1214761;14583;299363;293197;242065;96084;127576;64326;;77567;33554;23083
ST;Summe;Summe;Ungültig;12821;10378;638;854;299;191;217;84;;161;26;12
ST;Summe;Summe;CDU;252286;639;222356;8997;6919;6645;1869;1095;;3766;2315;699
ST;Summe;Summe;SPD;305085;886;26048;229661;6666;7228;18499;9102;;6995;3863;834
ST;Summe;Summe;AfD;235492;419;8674;3954;209943;4550;1876;168;;5907;2072;2619
ST;Summe;Summe;FDP;114024;355;25098;9595;5512;67555;1630;965;;3314;1737;710
ST;Summe;Summe;DIE LINKE;115330;350;3634;13527;1991;1544;87819;3438;;3027;894;616
ST;Summe;Summe;GRÜNE;78701;198;4131;16609;206;1261;7998;45576;;2721;671;94
ST;Summe;Summe;CSU;;;;;;;;;;;;
ST;Summe;Summe;Sonstige;101022;1360;8784;10000;10528;7108;7667;3898;;51677;21975;17499
ST;Summe;Summe;dar. FREIE WÄHLER;22509;124;1772;1715;1084;1525;633;223;;15433;14468;630
ST;Summe;Summe;dar. dieBasis;19213;107;747;493;2427;571;500;119;;14248;491;13561
ST;Summe;1997 - 2003;Summe;68298;595;8431;12002;10104;11703;8671;10427;;6366;2422;1466
ST;Summe;1997 - 2003;Ungültig;611;523;;;29;58;;;;;;
ST;Summe;1997 - 2003;CDU;5677;;4219;394;247;404;110;36;;266;176;37
ST;Summe;1997 - 2003;SPD;9253;10;850;5937;250;475;656;824;;252;88;59
ST;Summe;1997 - 2003;AfD;9562;;359;110;8389;433;;;;272;70;124
ST;Summe;1997 - 2003;FDP;12138;;1900;716;232;8389;152;284;;466;255;123
ST;Summe;1997 - 2003;DIE LINKE;7082;;91;946;84;176;4791;775;;219;;24
ST;Summe;1997 - 2003;GRÜNE;12692;;242;2624;65;190;1976;7211;;383;33;38
ST;Summe;1997 - 2003;CSU;;;;;;;;;;;;
ST;Summe;1997 - 2003;Sonstige;11283;62;770;1274;809;1577;986;1298;;4508;1799;1062
ST;Summe;1997 - 2003;dar. FREIE WÄHLER;1831;;231;217;29;209;6;70;;1069;924;113
ST;Summe;1997 - 2003;dar. dieBasis;928;;57;;133;42;4;56;;636;42;567
ST;Summe;1987 - 1996;Summe;118623;1369;18512;19049;27529;12287;12684;14120;;13074;5104;3150
ST;Summe;1987 - 1996;Ungültig;1345;1114;90;60;;42;20;19;;;;
ST;Summe;1987 - 1996;CDU;12854;27;10570;497;589;501;104;110;;456;353;103
ST;Summe;1987 - 1996;SPD;16365;40;1917;10551;658;748;883;1029;;539;151;65
ST;Summe;1987 - 1996;AfD;26521;35;927;434;23392;481;99;;;1152;338;620
ST;Summe;1987 - 1996;FDP;14076;16;2222;1352;873;8700;129;134;;649;279;62
ST;Summe;1987 - 1996;DIE LINKE;10653;11;359;1064;233;180;7550;770;;486;25;119
ST;Summe;1987 - 1996;GRÜNE;18491;6;649;3257;61;163;2165;11061;;1129;74;
ST;Summe;1987 - 1996;CSU;;;;;;;;;;;;
ST;Summe;1987 - 1996;Sonstige;18320;121;1776;1834;1722;1471;1734;998;;8663;3884;2181
ST;Summe;1987 - 1996;dar. FREIE WÄHLER;3370;59;380;199;222;185;127;20;;2177;1997;116
ST;Summe;1987 - 1996;dar. dieBasis;2189;;199;77;201;98;78;9;;1527;125;1402
ST;Summe;1977 - 1986;Summe;162673;1899;35312;27249;45359;15438;11500;10415;;15502;6204;5157
ST;Summe;1977 - 1986;Ungültig;1653;1425;64;;70;27;42;;;26;26;
ST;Summe;1977 - 1986;CDU;26789;41;23197;1124;833;657;115;167;;654;251;100
ST;Summe;1977 - 1986;SPD;26482;2;3112;18042;908;1218;836;1166;;1197;626;249
ST;Summe;1977 - 1986;AfD;44916;55;1633;980;39627;797;364;36;;1424;604;679
ST;Summe;1977 - 1986;FDP;18671;71;4432;1240;1227;10438;353;151;;758;433;79
ST;Summe;1977 - 1986;DIE LINKE;10081;19;241;1018;225;392;7325;455;;407;67;114
ST;Summe;1977 - 1986;GRÜNE;13471;20;783;3010;27;302;1098;7818;;414;129;
ST;Summe;1977 - 1986;CSU;;;;;;;;;;;;
ST;Summe;1977 - 1986;Sonstige;20610;266;1849;1835;2443;1607;1366;621;;10623;4068;3936
ST;Summe;1977 - 1986;dar. FREIE WÄHLER;4410;2;556;334;223;421;108;20;;2745;2603;33
ST;Summe;1977 - 1986;dar. dieBasis;4692;19;105;100;603;190;167;17;;3491;110;3273
ST;Summe;1962 - 1976;Summe;309365;3280;78010;59566;79103;27004;27521;13587;;21295;9589;7683
ST;Summe;1962 - 1976;Ungültig;2561;2295;;107;77;41;35;;;6;;6
ST;Summe;1962 - 1976;CDU;66338;129;58093;1876;2367;2047;359;264;;1203;807;258
ST;Summe;1962 - 1976;SPD;63869;179;6090;46114;1525;1597;4110;2192;;2063;1201;215
ST;Summe;1962 - 1976;AfD;76980;85;2539;878;69738;1479;547;33;;1680;523;845
ST;Summe;1962 - 1976;FDP;32032;101;6995;2162;1472;19788;574;123;;818;371;254
ST;Summe;1962 - 1976;DIE LINKE;24411;87;966;2529;462;436;18743;444;;745;399;117
ST;Summe;1962 - 1976;GRÜNE;16999;11;1252;3712;39;306;1220;10067;;393;171;2
ST;Summe;1962 - 1976;CSU;;;;;;;;;;;;
ST;Summe;1962 - 1976;Sonstige;26175;394;2076;2187;3424;1310;1935;463;;14386;6117;5987
ST;Summe;1962 - 1976;dar. FREIE WÄHLER;6410;18;331;415;495;407;87;52;;4604;4291;244
ST;Summe;1962 - 1976;dar. dieBasis;6373;27;175;66;874;155;120;;;4957;108;4803
ST;Summe;1952 - 1961;Summe;247608;2585;66723;65146;47502;16501;29782;7812;;11555;5602;3319
ST;Summe;1952 - 1961;Ungültig;2241;1792;129;170;46;;54;;;50;;
ST;Summe;1952 - 1961;CDU;58338;87;51957;1929;1804;1339;494;168;;560;340;135
ST;Summe;1952 - 1961;SPD;71159;198;5648;54299;1791;1529;4748;1579;;1366;907;99
ST;Summe;1952 - 1961;AfD;44775;81;1653;504;40656;622;408;80;;769;410;133
ST;Summe;1952 - 1961;FDP;20178;98;4594;1790;1105;11951;184;135;;322;211;95
ST;Summe;1952 - 1961;DIE LINKE;28228;56;972;3538;413;242;21936;317;;754;236;190
ST;Summe;1952 - 1961;GRÜNE;8614;;626;1454;;71;987;5262;;215;121;52
ST;Summe;1952 - 1961;CSU;;;;;;;;;;;;
ST;Summe;1952 - 1961;Sonstige;14076;273;1144;1462;1687;748;971;271;;7519;3377;2616
ST;Summe;1952 - 1961;dar. FREIE WÄHLER;3515;40;154;257;95;234;188;34;;2512;2464;34
ST;Summe;1952 - 1961;dar. dieBasis;3497;61;71;206;555;86;105;38;;2374;86;2289
ST;Summe;1951 und früher;Summe;308193;4855;92375;110184;32468;13152;37417;7965;;9776;4633;2308
ST;Summe;1951 und früher;Ungültig;4411;3229;356;517;78;23;65;65;;79;;6
ST;Summe;1951 und früher;CDU;82290;355;74320;3177;1078;1697;687;349;;627;388;66
ST;Summe;1951 und früher;SPD;117957;457;8431;94718;1535;1660;7267;2312;;1578;890;148
ST;Summe;1951 und früher;AfD;32738;163;1561;1047;28142;738;459;19;;610;127;219
ST;Summe;1951 und früher;FDP;16928;68;4956;2333;604;8290;238;137;;302;188;98
ST;Summe;1951 und früher;DIE LINKE;34875;178;1005;4431;574;119;27474;678;;416;168;52
ST;Summe;1951 und früher;GRÜNE;8435;162;580;2553;15;230;552;4157;;186;143;2
ST;Summe;1951 und früher;CSU;;;;;;;;;;;;
ST;Summe;1951 und früher;Sonstige;10558;244;1168;1408;442;396;675;247;;5978;2730;1718
ST;Summe;1951 und früher;dar. FREIE WÄHLER;2974;4;120;292;20;69;117;27;;2325;2188;90
ST;Summe;1951 und früher;dar. dieBasis;1534;;140;44;61;;26;;;1264;20;1227
ST;m;Summe;Summe;585870;6480;134128;130833;147114;45632;60048;29146;;32488;14428;9176
ST;m;Summe;Ungültig;5301;4449;271;185;165;71;91;19;;50;;
ST;m;Summe;CDU;112106;297;99771;3193;3617;2894;700;198;;1436;910;381
ST;m;Summe;SPD;136000;446;10518;103800;3899;2690;8180;3725;;2743;1333;337
ST;m;Summe;AfD;143120;116;4942;1909;129726;2286;929;82;;3130;1226;1365
ST;m;Summe;FDP;56425;172;12518;3998;3358;33629;596;544;;1609;808;266
ST;m;Summe;DIE LINKE;55768;176;1413;6192;1073;659;43218;1695;;1342;484;161
ST;m;Summe;GRÜNE;36559;92;1691;8178;118;577;3265;21243;;1395;335;6
ST;m;Summe;CSU;;;;;;;;;;;;
ST;m;Summe;Sonstige;40591;730;3003;3380;5159;2826;3070;1640;;20783;9332;6660
ST;m;Summe;dar. FREIE WÄHLER;9947;65;839;654;543;747;327;89;;6682;6278;256
ST;m;Summe;dar. dieBasis;6858;27;80;129;1013;232;92;9;;5277;142;5023
ST;m;1997 - 2003;Summe;34461;329;4419;5722;6089;7247;3412;4255;;2989;1152;574
ST;m;1997 - 2003;Ungültig;308;267;;;;41;;;;;;
ST;m;1997 - 2003;CDU;2765;;2155;80;160;244;26;;;101;80;21
ST;m;1997 - 2003;SPD;4346;;301;3024;159;213;209;359;;82;27;28
ST;m;1997 - 2003;AfD;5833;;223;35;5314;185;;;;75;38;37
ST;m;1997 - 2003;FDP;7782;;1262;313;141;5488;122;169;;288;136;64
ST;m;1997 - 2003;DIE LINKE;3044;;45;534;;25;2080;263;;97;;24
ST;m;1997 - 2003;GRÜNE;5175;;37;1172;55;91;601;2988;;232;6;
ST;m;1997 - 2003;CSU;;;;;;;;;;;;
ST;m;1997 - 2003;Sonstige;5208;62;394;564;261;961;375;477;;2114;865;401
ST;m;1997 - 2003;dar. FREIE WÄHLER;924;;165;43;;120;;8;;589;516;73
ST;m;1997 - 2003;dar. dieBasis;257;;;;33;26;;;;198;;198
ST;m;1987 - 1996;Summe;60492;582;8923;9156;15897;6869;6343;6503;;6218;2180;1416
ST;m;1987 - 1996;Ungültig;576;485;31;41;;;;19;;;;
ST;m;1987 - 1996;CDU;6330;11;5320;288;233;230;23;44;;181;135;47
ST;m;1987 - 1996;SPD;7463;40;708;5143;349;324;256;349;;294;64;
ST;m;1987 - 1996;AfD;15490;;593;231;13802;290;70;;;503;155;273
ST;m;1987 - 1996;FDP;8117;4;1052;670;547;5232;76;116;;421;114;48
ST;m;1987 - 1996;DIE LINKE;5823;11;187;438;103;91;4261;435;;299;25;17
ST;m;1987 - 1996;GRÜNE;8499;;232;1604;45;102;966;5007;;543;39;
ST;m;1987 - 1996;CSU;;;;;;;;;;;;
ST;m;1987 - 1996;Sonstige;8194;32;800;741;819;600;691;535;;3977;1649;1032
ST;m;1987 - 1996;dar. FREIE WÄHLER;1533;27;245;91;144;136;27;20;;844;797;15
ST;m;1987 - 1996;dar. dieBasis;877;;64;;72;24;21;9;;687;67;620
ST;m;1977 - 1986;Summe;83808;888;17014;12516;27966;7686;5705;5260;;6773;2812;2136
ST;m;1977 - 1986;Ungültig;721;593;64;;21;;42;;;;;
ST;m;1977 - 1986;CDU;12735;41;11232;516;259;406;40;9;;233;124;45
ST;m;1977 - 1986;SPD;11742;;1211;7987;609;579;364;493;;499;182;116
ST;m;1977 - 1986;AfD;27748;35;1181;487;24650;507;98;;;790;354;338
ST;m;1977 - 1986;FDP;9644;71;2328;647;896;5267;83;25;;328;194;19
ST;m;1977 - 1986;DIE LINKE;5391;19;79;577;125;265;3938;239;;148;67;17
ST;m;1977 - 1986;GRÜNE;6957;;339;1644;;84;547;4160;;184;41;
ST;m;1977 - 1986;CSU;;;;;;;;;;;;
ST;m;1977 - 1986;Sonstige;8871;129;581;659;1405;579;593;335;;4591;1851;1602
ST;m;1977 - 1986;dar. FREIE WÄHLER;2081;2;203;66;87;166;78;20;;1458;1366;2
ST;m;1977 - 1986;dar. dieBasis;1876;;11;17;296;64;17;;;1472;25;1340
ST;m;1962 - 1976;Summe;156216;1609;38544;27506;49311;11704;12439;5845;;9259;4439;3204
ST;m;1962 - 1976;Ungültig;1160;1027;;43;69;20;;;;;;
ST;m;1962 - 1976;CDU;33018;50;28912;753;1663;827;135;79;;600;391;161
ST;m;1962 - 1976;SPD;28746;129;2727;21186;781;524;1589;903;;906;450;101
ST;m;1962 - 1976;AfD;48053;26;1540;367;43977;649;354;33;;1106;378;555
ST;m;1962 - 1976;FDP;15206;36;3619;1185;870;8972;183;20;;321;160;103
ST;m;1962 - 1976;DIE LINKE;11471;81;338;1138;247;166;9013;171;;316;169;62
ST;m;1962 - 1976;GRÜNE;8163;11;665;2065;6;187;473;4517;;240;99;2
ST;m;1962 - 1976;CSU;;;;;;;;;;;;
ST;m;1962 - 1976;Sonstige;10399;249;741;768;1698;360;691;121;;5771;2791;2220
ST;m;1962 - 1976;dar. FREIE WÄHLER;2949;16;143;307;238;175;35;28;;2007;1878;112
ST;m;1962 - 1976;dar. dieBasis;2359;27;;25;382;61;9;;;1855;17;1834
ST;m;1952 - 1961;Summe;117777;995;29260;29017;29010;7237;14082;3993;;4184;2273;1145
ST;m;1952 - 1961;Ungültig;898;687;70;16;26;;48;;;50;;
ST;m;1952 - 1961;CDU;25879;22;23109;780;916;612;199;9;;232;128;105
ST;m;1952 - 1961;SPD;31908;42;2292;24757;1174;435;2149;637;;422;311;44
ST;m;1952 - 1961;AfD;27006;4;708;240;25169;325;181;30;;349;236;61
ST;m;1952 - 1961;FDP;9253;40;2192;500;642;5475;53;133;;218;171;32
ST;m;1952 - 1961;DIE LINKE;13302;29;376;1733;255;74;10429;177;;229;104;18
ST;m;1952 - 1961;GRÜNE;4389;;205;558;;45;515;2908;;159;115;2
ST;m;1952 - 1961;CSU;;;;;;;;;;;;
ST;m;1952 - 1961;Sonstige;5143;171;309;434;827;271;508;98;;2525;1208;883
ST;m;1952 - 1961;dar. FREIE WÄHLER;1460;20;26;125;74;126;124;13;;953;913;34
ST;m;1952 - 1961;dar. dieBasis;1111;;6;88;199;59;45;;;715;30;685
ST;m;1951 und früher;Summe;133116;2078;35969;46917;18841;4888;18068;3290;;3065;1571;701
ST;m;1951 und früher;Ungültig;1639;1391;106;85;48;10;;;;;;
ST;m;1951 und früher;CDU;31378;174;29043;777;387;575;277;58;;88;53;3
ST;m;1951 und früher;SPD;51796;236;3278;41703;827;615;3612;984;;541;299;49
ST;m;1951 und früher;AfD;18990;51;697;548;16813;330;225;19;;307;65;101
ST;m;1951 und früher;FDP;6423;21;2065;683;263;3197;80;82;;34;34;
ST;m;1951 und früher;DIE LINKE;16737;37;388;1772;342;38;13498;409;;252;118;23
ST;m;1951 und früher;GRÜNE;3376;81;213;1136;12;69;164;1664;;37;35;2
ST;m;1951 und früher;CSU;;;;;;;;;;;;
ST;m;1951 und früher;Sonstige;2776;87;179;214;149;55;212;75;;1806;967;522
ST;m;1951 und früher;dar. FREIE WÄHLER;1000;;57;23;;25;64;;;832;808;20
ST;m;1951 und früher;dar. dieBasis;379;;;;29;;;;;349;4;345
ST;w;Summe;Summe;628891;8103;165235;162364;94951;50452;67528;35180;;45079;19126;13908
ST;w;Summe;Ungültig;7520;5928;367;669;134;120;126;65;;111;26;12
ST;w;Summe;CDU;140180;342;122585;5804;3302;3752;1169;897;;2330;1406;317
ST;w;Summe;SPD;169085;439;15530;125862;2767;4538;10319;5378;;4251;2530;498
ST;w;Summe;AfD;92372;302;3732;2046;80217;2264;948;86;;2777;846;1254
ST;w;Summe;FDP;57599;182;12581;5596;2154;33926;1034;421;;1705;929;444
ST;w;Summe;DIE LINKE;59562;174;2221;7335;918;885;44601;1743;;1685;410;455
ST;w;Summe;GRÜNE;42142;106;2440;8432;89;684;4733;24333;;1325;335;88
ST;w;Summe;CSU;;;;;;;;;;;;
ST;w;Summe;Sonstige;60431;629;5781;6620;5369;4283;4598;2258;;30894;12644;10840
ST;w;Summe;dar. FREIE WÄHLER;12562;59;933;1061;541;777;306;134;;8750;8190;374
ST;w;Summe;dar. dieBasis;12355;80;667;364;1414;339;408;110;;8972;349;8538
ST;w;1997 - 2003;Summe;33837;266;4012;6281;4015;4456;5258;6172;;3377;1270;892
ST;w;1997 - 2003;Ungültig;303;256;;;29;17;;;;;;
ST;w;1997 - 2003;CDU;2911;;2064;314;87;161;85;36;;165;96;16
ST;w;1997 - 2003;SPD;4907;10;548;2914;91;262;447;464;;170;61;32
ST;w;1997 - 2003;AfD;3729;;136;75;3075;248;;;;196;32;87
ST;w;1997 - 2003;FDP;4356;;638;403;91;2901;29;116;;178;119;59
ST;w;1997 - 2003;DIE LINKE;4038;;46;412;84;151;2711;512;;122;;
ST;w;1997 - 2003;GRÜNE;7517;;205;1453;10;100;1375;4223;;151;27;38
ST;w;1997 - 2003;CSU;;;;;;;;;;;;
ST;w;1997 - 2003;Sonstige;6076;;377;710;548;616;611;821;;2394;934;661
ST;w;1997 - 2003;dar. FREIE WÄHLER;906;;66;174;29;89;6;62;;480;408;41
ST;w;1997 - 2003;dar. dieBasis;671;;57;;99;17;4;56;;438;42;370
ST;w;1987 - 1996;Summe;58132;787;9589;9893;11632;5417;6342;7617;;6855;2924;1734
ST;w;1987 - 1996;Ungültig;769;629;59;19;;42;20;;;;;
ST;w;1987 - 1996;CDU;6524;16;5250;209;356;271;81;66;;275;218;57
ST;w;1987 - 1996;SPD;8902;;1210;5408;308;424;626;680;;245;87;65
ST;w;1987 - 1996;AfD;11031;35;335;203;9591;191;28;;;649;183;346
ST;w;1987 - 1996;FDP;5958;12;1170;682;326;3468;53;18;;228;165;14
ST;w;1987 - 1996;DIE LINKE;4830;;172;626;131;89;3290;335;;186;;103
ST;w;1987 - 1996;GRÜNE;9992;6;417;1652;16;61;1199;6054;;586;35;
ST;w;1987 - 1996;CSU;;;;;;;;;;;;
ST;w;1987 - 1996;Sonstige;10126;89;976;1093;904;871;1044;464;;4686;2236;1150
ST;w;1987 - 1996;dar. FREIE WÄHLER;1837;33;135;109;78;49;101;;;1333;1200;101
ST;w;1987 - 1996;dar. dieBasis;1312;;136;77;129;75;57;;;840;58;782
ST;w;1977 - 1986;Summe;78865;1011;18298;14733;17393;7751;5795;5154;;8729;3392;3021
ST;w;1977 - 1986;Ungültig;932;832;;;48;27;;;;26;26;
ST;w;1977 - 1986;CDU;14054;;11966;608;574;251;76;159;;421;127;55
ST;w;1977 - 1986;SPD;14740;2;1901;10055;298;639;472;674;;698;444;133
ST;w;1977 - 1986;AfD;17168;20;452;493;14977;290;266;36;;634;250;341
ST;w;1977 - 1986;FDP;9028;;2105;593;332;5172;270;127;;430;239;59
ST;w;1977 - 1986;DIE LINKE;4691;;162;442;99;127;3387;215;;258;;97
ST;w;1977 - 1986;GRÜNE;6514;20;444;1366;27;218;551;3658;;230;88;
ST;w;1977 - 1986;CSU;;;;;;;;;;;;
ST;w;1977 - 1986;Sonstige;11738;137;1269;1176;1038;1027;773;286;;6032;2216;2334
ST;w;1977 - 1986;dar. FREIE WÄHLER;2329;;352;268;136;256;30;;;1287;1237;30
ST;w;1977 - 1986;dar. dieBasis;2816;19;95;83;308;126;150;17;;2018;86;1933
ST;w;1962 - 1976;Summe;153149;1671;39466;32060;29792;15300;15083;7742;;12035;5150;4479
ST;w;1962 - 1976;Ungültig;1401;1267;;64;8;21;35;;;6;;6
ST;w;1962 - 1976;CDU;33320;79;29180;1123;705;1220;224;185;;603;417;97
ST;w;1962 - 1976;SPD;35123;50;3362;24928;744;1074;2520;1289;;1157;751;114
ST;w;1962 - 1976;AfD;28927;59;999;511;25760;830;193;;;575;145;290
ST;w;1962 - 1976;FDP;16826;65;3375;977;602;10816;391;103;;497;211;151
ST;w;1962 - 1976;DIE LINKE;12940;6;628;1391;215;270;9729;272;;429;229;55
ST;w;1962 - 1976;GRÜNE;8836;;586;1647;33;119;747;5551;;153;71;
ST;w;1962 - 1976;CSU;;;;;;;;;;;;
ST;w;1962 - 1976;Sonstige;15776;145;1335;1419;1726;950;1243;342;;8616;3326;3767
ST;w;1962 - 1976;dar. FREIE WÄHLER;3461;2;188;109;257;232;52;23;;2597;2414;132
ST;w;1962 - 1976;dar. dieBasis;4014;;175;41;492;94;111;;;3102;91;2969
ST;w;1952 - 1961;Summe;129831;1591;37463;36129;18492;9264;15701;3820;;7371;3329;2174
ST;w;1952 - 1961;Ungültig;1343;1105;59;153;19;;6;;;;;
ST;w;1952 - 1961;CDU;32459;65;28848;1149;889;727;294;159;;328;212;30
ST;w;1952 - 1961;SPD;39251;157;3356;29542;618;1094;2599;942;;944;596;55
ST;w;1952 - 1961;AfD;17768;77;946;264;15487;297;227;50;;419;173;72
ST;w;1952 - 1961;FDP;10926;58;2402;1291;463;6476;131;2;;103;40;63
ST;w;1952 - 1961;DIE LINKE;14926;27;597;1805;157;168;11507;140;;525;132;172
ST;w;1952 - 1961;GRÜNE;4225;;421;896;;26;472;2354;;56;6;50
ST;w;1952 - 1961;CSU;;;;;;;;;;;;
ST;w;1952 - 1961;Sonstige;8933;102;835;1028;860;477;464;173;;4995;2169;1733
ST;w;1952 - 1961;dar. FREIE WÄHLER;2055;20;128;133;21;108;64;21;;1559;1551;
ST;w;1952 - 1961;dar. dieBasis;2386;61;65;119;356;28;61;38;;1659;56;1603
ST;w;1951 und früher;Summe;175077;2777;56407;63267;13627;8263;19349;4675;;6711;3062;1607
ST;w;1951 und früher;Ungültig;2772;1838;250;433;30;12;65;65;;79;;6
ST;w;1951 und früher;CDU;50912;182;45277;2400;691;1122;410;292;;538;336;63
ST;w;1951 und früher;SPD;66161;221;5153;53015;708;1045;3655;1329;;1036;590;99
ST;w;1951 und früher;AfD;13748;111;864;500;11329;408;233;;;304;63;118
ST;w;1951 und früher;FDP;10505;47;2891;1651;340;5094;158;56;;269;155;98
ST;w;1951 und früher;DIE LINKE;18138;141;617;2659;233;81;13976;269;;163;49;28
ST;w;1951 und früher;GRÜNE;5059;80;367;1417;3;161;388;2493;;149;108;
ST;w;1951 und früher;CSU;;;;;;;;;;;;
ST;w;1951 und früher;Sonstige;7782;157;989;1194;293;341;463;172;;4172;1763;1195
ST;w;1951 und früher;dar. FREIE WÄHLER;1974;4;63;269;20;43;53;27;;1494;1381;70
ST;w;1951 und früher;dar. dieBasis;1155;;140;44;31;;26;;;914;16;881
TH;Summe;Summe;Summe;1279720;16639;264026;299024;298971;89008;155618;68185;;88249;29631;19846
TH;Summe;Summe;Ungültig;14809;12121;859;557;350;108;335;105;;374;172;88
TH;Summe;Summe;CDU;213414;791;183244;11141;6662;5939;1857;997;;2782;1489;220
TH;Summe;Summe;SPD;296446;682;21703;225212;6507;5394;22983;8216;;5749;2835;535
TH;Summe;Summe;AfD;303233;594;16599;5588;264870;5288;2410;216;;7667;1899;1888
TH;Summe;Summe;FDP;114283;459;25448;9354;7029;62990;2521;1714;;4768;2655;518
TH;Summe;Summe;DIE LINKE;144693;345;4252;21121;2705;1483;106988;4411;;3388;659;425
TH;Summe;Summe;GRÜNE;83220;89;4349;16201;250;944;10884;48711;;1792;362;112
TH;Summe;Summe;CSU;;;;;;;;;;;;
TH;Summe;Summe;Sonstige;109622;1558;7571;9850;10599;6862;7639;3815;;61729;19561;16062
TH;Summe;Summe;dar. FREIE WÄHLER;27151;338;2507;2343;1668;1845;1076;178;;17196;15047;536
TH;Summe;Summe;dar. dieBasis;20189;82;645;638;2337;758;806;103;;14820;837;12608
TH;Summe;1997 - 2003;Summe;75343;945;7999;11622;13181;11895;9895;11299;;8509;1601;1136
TH;Summe;1997 - 2003;Ungültig;774;608;57;44;27;;;13;;25;;
TH;Summe;1997 - 2003;CDU;4775;;3496;469;212;344;39;16;;198;52;21
TH;Summe;1997 - 2003;SPD;9465;59;773;5874;144;634;781;747;;454;111;41
TH;Summe;1997 - 2003;AfD;13265;17;620;305;11238;615;65;;;406;46;167
TH;Summe;1997 - 2003;FDP;13390;64;1883;1323;616;8498;220;302;;484;124;13
TH;Summe;1997 - 2003;DIE LINKE;8234;37;122;636;146;207;5596;975;;515;;
TH;Summe;1997 - 2003;GRÜNE;12789;13;365;1665;23;213;2024;8108;;378;40;6
TH;Summe;1997 - 2003;CSU;;;;;;;;;;;;
TH;Summe;1997 - 2003;Sonstige;12652;147;684;1306;774;1384;1171;1138;;6049;1228;888
TH;Summe;1997 - 2003;dar. FREIE WÄHLER;1203;13;62;132;28;127;32;28;;781;712;10
TH;Summe;1997 - 2003;dar. dieBasis;1082;;32;60;119;99;46;29;;696;91;575
TH;Summe;1987 - 1996;Summe;121284;1519;15653;18805;32657;11789;14979;13015;;12867;3340;2547
TH;Summe;1987 - 1996;Ungültig;1291;1214;27;;;;16;11;;24;;24
TH;Summe;1987 - 1996;CDU;10244;12;7755;760;546;610;145;157;;259;129;14
TH;Summe;1987 - 1996;SPD;15960;34;1351;10748;719;385;1246;919;;556;230;76
TH;Summe;1987 - 1996;AfD;32240;27;1690;677;28240;682;193;;;731;333;94
TH;Summe;1987 - 1996;FDP;14940;10;2772;1123;958;8625;354;350;;750;387;103
TH;Summe;1987 - 1996;DIE LINKE;11956;;321;1212;91;173;8771;925;;464;131;13
TH;Summe;1987 - 1996;GRÜNE;16422;;485;2585;;80;2974;9787;;512;55;35
TH;Summe;1987 - 1996;CSU;;;;;;;;;;;;
TH;Summe;1987 - 1996;Sonstige;18230;223;1253;1700;2104;1233;1279;866;;9572;2074;2190
TH;Summe;1987 - 1996;dar. FREIE WÄHLER;3212;;403;327;323;225;45;17;;1872;1429;66
TH;Summe;1987 - 1996;dar. dieBasis;2541;;79;74;373;137;105;;;1773;67;1494
TH;Summe;1977 - 1986;Summe;191449;2542;34521;31205;58538;16802;17099;12097;;18646;5688;4645
TH;Summe;1977 - 1986;Ungültig;2179;1930;6;17;54;32;64;;;75;66;
TH;Summe;1977 - 1986;CDU;24681;100;20483;1297;953;981;296;116;;456;265;54
TH;Summe;1977 - 1986;SPD;28555;23;2715;20063;1066;952;2016;1104;;616;215;93
TH;Summe;1977 - 1986;AfD;59915;66;3394;932;52012;1183;401;80;;1846;346;411
TH;Summe;1977 - 1986;FDP;22360;63;4935;1903;1533;11967;560;250;;1149;628;149
TH;Summe;1977 - 1986;DIE LINKE;14583;12;539;2056;355;272;10019;673;;655;125;89
TH;Summe;1977 - 1986;GRÜNE;16178;22;1036;3145;55;181;2244;9156;;338;88;17
TH;Summe;1977 - 1986;CSU;;;;;;;;;;;;
TH;Summe;1977 - 1986;Sonstige;22999;326;1413;1791;2510;1234;1498;719;;13508;3956;3832
TH;Summe;1977 - 1986;dar. FREIE WÄHLER;4919;35;303;376;222;352;179;23;;3429;3029;76
TH;Summe;1977 - 1986;dar. dieBasis;5040;59;140;93;569;248;199;23;;3709;154;3107
TH;Summe;1962 - 1976;Summe;331481;3353;66804;63145;97749;24227;35065;16070;;25067;9288;6474
TH;Summe;1962 - 1976;Ungültig;2879;2435;90;94;116;45;62;23;;14;;14
TH;Summe;1962 - 1976;CDU;52589;89;44358;2551;2180;1761;414;333;;903;464;102
TH;Summe;1962 - 1976;SPD;63764;94;5223;46830;1659;1276;4828;2010;;1845;977;78
TH;Summe;1962 - 1976;AfD;99708;159;5261;1427;87887;1565;654;33;;2724;698;748
TH;Summe;1962 - 1976;FDP;31728;78;7998;1719;2003;17569;546;592;;1223;728;138
TH;Summe;1962 - 1976;DIE LINKE;32611;67;814;4020;725;353;24968;889;;774;174;141
TH;Summe;1962 - 1976;GRÜNE;18831;14;1151;3808;98;229;1747;11484;;301;81;35
TH;Summe;1962 - 1976;CSU;;;;;;;;;;;;
TH;Summe;1962 - 1976;Sonstige;29370;417;1910;2696;3081;1428;1846;708;;17284;6166;5217
TH;Summe;1962 - 1976;dar. FREIE WÄHLER;8539;99;907;656;698;441;285;61;;5392;4830;184
TH;Summe;1962 - 1976;dar. dieBasis;6393;;255;234;698;154;183;28;;4841;302;4242
TH;Summe;1952 - 1961;Summe;269076;2999;60110;72276;60140;13469;36162;9256;;14663;5968;3443
TH;Summe;1952 - 1961;Ungültig;2451;2030;90;96;84;16;62;25;;48;24;24
TH;Summe;1952 - 1961;CDU;51647;234;44732;2835;1601;1204;364;193;;483;312;14
TH;Summe;1952 - 1961;SPD;74148;121;4992;57224;1459;1023;6318;1670;;1340;767;149
TH;Summe;1952 - 1961;AfD;60425;214;2971;1183;53579;754;576;72;;1075;220;232
TH;Summe;1952 - 1961;FDP;18129;38;4338;1639;1119;9427;563;169;;836;512;87
TH;Summe;1952 - 1961;DIE LINKE;34896;71;1167;5297;908;254;26029;627;;543;134;77
TH;Summe;1952 - 1961;GRÜNE;10919;;699;2684;13;134;998;6292;;99;21;19
TH;Summe;1952 - 1961;CSU;;;;;;;;;;;;
TH;Summe;1952 - 1961;Sonstige;16461;290;1122;1318;1377;657;1251;208;;10237;3978;2842
TH;Summe;1952 - 1961;dar. FREIE WÄHLER;5487;86;375;531;198;337;304;7;;3649;3289;100
TH;Summe;1952 - 1961;dar. dieBasis;3844;18;101;120;456;89;225;;;2836;165;2352
TH;Summe;1951 und früher;Summe;291088;5280;78939;101971;36706;10826;42419;6448;;8499;3746;1601
TH;Summe;1951 und früher;Ungültig;5236;3904;590;306;69;16;130;33;;189;82;27
TH;Summe;1951 und früher;CDU;69478;356;62420;3229;1169;1039;599;183;;482;267;14
TH;Summe;1951 und früher;SPD;104553;350;6649;84471;1460;1124;7794;1766;;938;535;98
TH;Summe;1951 und früher;AfD;37680;111;2664;1064;31914;489;522;32;;885;256;236
TH;Summe;1951 und früher;FDP;13736;205;3524;1648;800;6904;278;52;;325;277;28
TH;Summe;1951 und früher;DIE LINKE;42413;158;1290;7899;479;223;31605;322;;437;95;105
TH;Summe;1951 und früher;GRÜNE;8081;40;613;2315;61;106;897;3884;;164;77;
TH;Summe;1951 und früher;CSU;;;;;;;;;;;;
TH;Summe;1951 und früher;Sonstige;9910;155;1189;1038;753;925;594;176;;5079;2158;1093
TH;Summe;1951 und früher;dar. FREIE WÄHLER;3791;105;457;321;199;362;231;43;;2072;1758;100
TH;Summe;1951 und früher;dar. dieBasis;1289;5;38;56;122;32;48;23;;965;58;838
TH;m;Summe;Summe;623204;6838;122250;134729;176187;41755;72606;29943;;38896;13020;7548
TH;m;Summe;Ungültig;5783;4946;223;165;122;31;98;105;;94;62;
TH;m;Summe;CDU;96594;184;83930;4138;3664;2583;618;347;;1130;667;139
TH;m;Summe;SPD;132157;340;8465;101197;3369;2115;10578;3358;;2734;1364;256
TH;m;Summe;AfD;180150;255;10359;2769;158926;2650;1113;112;;3967;1066;726
TH;m;Summe;FDP;55880;240;12843;4161;3697;30863;1030;934;;2113;1192;203
TH;m;Summe;DIE LINKE;68647;178;1668;10503;1345;492;51119;1809;;1532;293;176
TH;m;Summe;GRÜNE;38219;36;1993;7754;155;415;5009;21979;;879;171;18
TH;m;Summe;CSU;;;;;;;;;;;;
TH;m;Summe;Sonstige;45775;659;2769;4042;4910;2606;3042;1299;;26447;8205;6029
TH;m;Summe;dar. FREIE WÄHLER;11792;165;1072;1073;822;749;414;69;;7429;6595;279
TH;m;Summe;dar. dieBasis;7651;5;290;264;989;210;269;;;5624;299;4771
TH;m;1997 - 2003;Summe;37245;414;4133;5376;7890;6949;4224;4240;;4017;789;456
TH;m;1997 - 2003;Ungültig;296;233;11;;27;;;13;;12;;
TH;m;1997 - 2003;CDU;2561;;1896;243;130;171;27;16;;77;26;
TH;m;1997 - 2003;SPD;4486;32;326;2840;120;351;268;277;;272;59;18
TH;m;1997 - 2003;AfD;7809;17;347;181;6722;350;;;;192;25;68
TH;m;1997 - 2003;FDP;7958;64;1064;625;403;5206;125;189;;283;82;
TH;m;1997 - 2003;DIE LINKE;3623;;49;264;118;42;2541;341;;268;;
TH;m;1997 - 2003;GRÜNE;4940;;205;643;;146;778;3022;;146;18;
TH;m;1997 - 2003;CSU;;;;;;;;;;;;
TH;m;1997 - 2003;Sonstige;5572;68;235;580;371;682;486;382;;2768;579;370
TH;m;1997 - 2003;dar. FREIE WÄHLER;548;;30;51;9;60;21;;;377;344;10
TH;m;1997 - 2003;dar. dieBasis;464;;23;43;51;43;;;;304;46;258
TH;m;1987 - 1996;Summe;60233;506;7366;8930;18161;6251;7045;5622;;6353;1642;1021
TH;m;1987 - 1996;Ungültig;450;412;27;;;;;11;;;;
TH;m;1987 - 1996;CDU;4382;12;3334;294;292;359;6;16;;69;62;
TH;m;1987 - 1996;SPD;7395;26;573;5036;224;223;599;389;;327;135;50
TH;m;1987 - 1996;AfD;18395;;1096;358;16171;301;79;;;389;228;27
TH;m;1987 - 1996;FDP;8266;;1523;759;575;4720;116;211;;363;218;41
TH;m;1987 - 1996;DIE LINKE;5968;;89;781;13;100;4333;345;;307;131;13
TH;m;1987 - 1996;GRÜNE;7190;;146;1002;;36;1319;4338;;349;55;18
TH;m;1987 - 1996;CSU;;;;;;;;;;;;
TH;m;1987 - 1996;Sonstige;8187;56;579;701;886;513;592;312;;4549;813;871
TH;m;1987 - 1996;dar. FREIE WÄHLER;1432;;179;206;182;84;13;12;;755;606;36
TH;m;1987 - 1996;dar. dieBasis;981;;29;6;85;23;59;;;781;30;645
TH;m;1977 - 1986;Summe;98802;1120;17954;14675;34701;7995;7907;5768;;8683;2475;1814
TH;m;1977 - 1986;Ungültig;960;880;6;17;18;;39;;;;;
TH;m;1977 - 1986;CDU;12091;;10270;510;474;445;135;36;;220;151;42
TH;m;1977 - 1986;SPD;12729;23;1092;9088;557;331;886;510;;240;63;22
TH;m;1977 - 1986;AfD;35606;29;2253;436;31251;509;131;23;;974;176;229
TH;m;1977 - 1986;FDP;11450;37;2894;791;772;5908;291;140;;617;327;59
TH;m;1977 - 1986;DIE LINKE;7203;12;238;1177;231;137;4834;333;;242;50;28
TH;m;1977 - 1986;GRÜNE;8151;22;561;1828;22;53;1033;4484;;148;32;
TH;m;1977 - 1986;CSU;;;;;;;;;;;;
TH;m;1977 - 1986;Sonstige;10613;117;640;828;1376;612;557;241;;6243;1675;1433
TH;m;1977 - 1986;dar. FREIE WÄHLER;2226;7;163;125;139;227;52;;;1513;1383;33
TH;m;1977 - 1986;dar. dieBasis;2050;;100;27;282;99;81;;;1461;39;1184
TH;m;1962 - 1976;Summe;166457;1526;33165;27541;59221;10565;16175;7161;;11103;4323;2580
TH;m;1962 - 1976;Ungültig;1158;1045;;;76;;15;23;;;;
TH;m;1962 - 1976;CDU;25446;;21974;806;1280;653;153;118;;462;240;83
TH;m;1962 - 1976;SPD;28257;55;2252;20696;957;377;2314;796;;810;472;33
TH;m;1962 - 1976;AfD;61097;109;3347;727;54112;952;363;21;;1465;405;281
TH;m;1962 - 1976;FDP;14814;47;4088;562;931;8028;274;283;;601;370;88
TH;m;1962 - 1976;DIE LINKE;14838;32;282;1828;427;73;11395;443;;358;49;58
TH;m;1962 - 1976;GRÜNE;8935;14;493;1869;89;93;1000;5255;;122;13;
TH;m;1962 - 1976;CSU;;;;;;;;;;;;
TH;m;1962 - 1976;Sonstige;11912;224;730;1052;1348;389;661;223;;7285;2775;2036
TH;m;1962 - 1976;dar. FREIE WÄHLER;3735;86;358;271;291;169;140;14;;2407;2142;87
TH;m;1962 - 1976;dar. dieBasis;2480;;83;126;267;45;48;;;1910;147;1676
TH;m;1952 - 1961;Summe;130586;1346;27708;32973;35719;6003;16864;4305;;5669;2505;1228
TH;m;1952 - 1961;Ungültig;1017;868;44;25;;16;16;25;;24;24;
TH;m;1952 - 1961;CDU;23955;103;20777;1121;986;542;159;81;;186;117;14
TH;m;1952 - 1961;SPD;33191;96;1932;25744;857;365;2811;672;;714;410;92
TH;m;1952 - 1961;AfD;35982;59;1895;612;32286;328;248;46;;509;129;46
TH;m;1952 - 1961;FDP;8292;10;1955;874;596;4374;192;102;;189;143;14
TH;m;1952 - 1961;DIE LINKE;16563;28;493;2764;404;114;12384;225;;150;39;22
TH;m;1952 - 1961;GRÜNE;5292;;330;1276;13;41;518;3067;;46;;
TH;m;1952 - 1961;CSU;;;;;;;;;;;;
TH;m;1952 - 1961;Sonstige;6294;183;281;557;577;222;536;87;;3852;1643;1040
TH;m;1952 - 1961;dar. FREIE WÄHLER;2501;72;109;305;97;166;130;7;;1615;1468;79
TH;m;1952 - 1961;dar. dieBasis;1310;;55;31;246;;68;;;911;37;781
TH;m;1951 und früher;Summe;129880;1925;31924;45234;20495;3992;20392;2848;;3069;1287;449
TH;m;1951 und früher;Ungültig;1901;1508;135;123;;16;29;33;;58;38;
TH;m;1951 und früher;CDU;28159;69;25679;1165;502;411;138;80;;115;72;
TH;m;1951 und früher;SPD;46098;109;2290;37793;653;468;3700;715;;371;224;40
TH;m;1951 und früher;AfD;21262;41;1421;455;18383;210;291;22;;437;103;75
TH;m;1951 und früher;FDP;5100;82;1319;550;421;2627;31;10;;61;51;
TH;m;1951 und früher;DIE LINKE;20452;107;518;3689;153;26;15632;121;;208;24;55
TH;m;1951 und früher;GRÜNE;3711;;257;1136;30;46;361;1813;;68;54;
TH;m;1951 und früher;CSU;;;;;;;;;;;;
TH;m;1951 und früher;Sonstige;3196;11;304;323;352;188;211;54;;1752;721;279
TH;m;1951 und früher;dar. FREIE WÄHLER;1351;;232;117;105;41;58;36;;762;652;33
TH;m;1951 und früher;dar. dieBasis;366;5;;31;59;;13;;;258;;226
TH;w;Summe;Summe;656516;9801;141776;164295;122784;47253;83012;38242;;49353;16611;12299
TH;w;Summe;Ungültig;9026;7175;637;392;228;77;237;;;280;110;88
TH;w;Summe;CDU;116820;607;99314;7003;2998;3357;1239;650;;1652;822;81
TH;w;Summe;SPD;164289;342;13238;124014;3138;3279;12405;4858;;3015;1471;279
TH;w;Summe;AfD;123083;339;6240;2819;105944;2638;1298;104;;3700;833;1162
TH;w;Summe;FDP;58403;219;12605;5194;3332;32127;1491;780;;2655;1463;315
TH;w;Summe;DIE LINKE;76046;167;2584;10618;1360;991;55869;2602;;1855;366;248
TH;w;Summe;GRÜNE;45001;53;2356;8447;95;529;5875;26732;;913;191;93
TH;w;Summe;CSU;;;;;;;;;;;;
TH;w;Summe;Sonstige;63847;899;4802;5808;5688;4255;4597;2516;;35282;11355;10032
TH;w;Summe;dar. FREIE WÄHLER;15359;173;1436;1270;846;1096;662;110;;9766;8452;258
TH;w;Summe;dar. dieBasis;12538;77;355;374;1347;549;537;103;;9196;537;7838
TH;w;1997 - 2003;Summe;38098;531;3865;6245;5290;4946;5671;7059;;4491;812;680
TH;w;1997 - 2003;Ungültig;478;375;45;44;;;;;;13;;
TH;w;1997 - 2003;CDU;2214;;1600;226;82;172;12;;;121;26;21
TH;w;1997 - 2003;SPD;4979;28;446;3034;24;283;513;470;;182;52;23
TH;w;1997 - 2003;AfD;5456;;273;123;4517;265;65;;;214;21;99
TH;w;1997 - 2003;FDP;5432;;819;698;213;3292;95;113;;201;42;13
TH;w;1997 - 2003;DIE LINKE;4611;37;72;372;29;165;3055;634;;247;;
TH;w;1997 - 2003;GRÜNE;7848;13;160;1022;23;67;1246;5086;;232;22;6
TH;w;1997 - 2003;CSU;;;;;;;;;;;;
TH;w;1997 - 2003;Sonstige;7080;79;449;726;403;702;685;756;;3281;649;518
TH;w;1997 - 2003;dar. FREIE WÄHLER;656;13;32;82;19;67;11;28;;404;368;
TH;w;1997 - 2003;dar. dieBasis;618;;9;18;69;55;46;29;;392;46;317
TH;w;1987 - 1996;Summe;61050;1013;8288;9875;14497;5537;7933;7394;;6513;1698;1527
TH;w;1987 - 1996;Ungültig;841;801;;;;;16;;;24;;24
TH;w;1987 - 1996;CDU;5862;;4422;466;254;251;139;140;;190;67;14
TH;w;1987 - 1996;SPD;8564;9;778;5713;495;162;648;531;;229;95;26
TH;w;1987 - 1996;AfD;13845;27;594;319;12069;382;114;;;341;105;66
TH;w;1987 - 1996;FDP;6674;10;1249;364;383;3905;238;139;;386;169;62
TH;w;1987 - 1996;DIE LINKE;5988;;232;431;78;72;4437;580;;157;;
TH;w;1987 - 1996;GRÜNE;9233;;339;1583;;44;1655;5449;;162;;16
TH;w;1987 - 1996;CSU;;;;;;;;;;;;
TH;w;1987 - 1996;Sonstige;10043;167;674;999;1218;721;687;555;;5023;1262;1319
TH;w;1987 - 1996;dar. FREIE WÄHLER;1780;;224;121;141;141;32;5;;1117;823;30
TH;w;1987 - 1996;dar. dieBasis;1560;;50;68;288;114;46;;;992;37;849
TH;w;1977 - 1986;Summe;92647;1422;16567;16530;23837;8807;9192;6330;;9963;3214;2832
TH;w;1977 - 1986;Ungültig;1219;1050;;;36;32;26;;;75;66;
TH;w;1977 - 1986;CDU;12591;100;10213;787;479;536;160;80;;237;113;12
TH;w;1977 - 1986;SPD;15827;;1623;10975;508;621;1130;594;;376;152;70
TH;w;1977 - 1986;AfD;24309;37;1142;496;20761;674;270;56;;872;170;182
TH;w;1977 - 1986;FDP;10909;26;2041;1112;761;6058;269;110;;532;300;90
TH;w;1977 - 1986;DIE LINKE;7380;;301;880;125;135;5185;340;;414;75;60
TH;w;1977 - 1986;GRÜNE;8027;;475;1317;32;129;1211;4672;;191;55;17
TH;w;1977 - 1986;CSU;;;;;;;;;;;;
TH;w;1977 - 1986;Sonstige;12386;209;773;963;1134;622;941;478;;7266;2282;2400
TH;w;1977 - 1986;dar. FREIE WÄHLER;2694;29;139;251;83;125;126;23;;1916;1646;43
TH;w;1977 - 1986;dar. dieBasis;2991;59;41;66;286;149;118;23;;2248;114;1923
TH;w;1962 - 1976;Summe;165023;1828;33638;35604;38528;13662;18890;8909;;13964;4965;3894
TH;w;1962 - 1976;Ungültig;1721;1391;90;94;40;45;48;;;14;;14
TH;w;1962 - 1976;CDU;27143;89;22383;1745;900;1108;262;215;;441;225;19
TH;w;1962 - 1976;SPD;35507;39;2971;26134;702;899;2514;1213;;1034;505;45
TH;w;1962 - 1976;AfD;38612;49;1913;700;33775;613;291;12;;1258;293;467
TH;w;1962 - 1976;FDP;16914;31;3910;1157;1071;9542;272;309;;622;357;50
TH;w;1962 - 1976;DIE LINKE;17773;35;532;2192;298;280;13573;446;;416;126;83
TH;w;1962 - 1976;GRÜNE;9896;;658;1938;9;136;747;6229;;179;68;35
TH;w;1962 - 1976;CSU;;;;;;;;;;;;
TH;w;1962 - 1976;Sonstige;17458;193;1180;1643;1733;1039;1186;485;;9999;3391;3181
TH;w;1962 - 1976;dar. FREIE WÄHLER;4804;13;549;385;408;271;145;47;;2986;2688;97
TH;w;1962 - 1976;dar. dieBasis;3914;;171;109;431;109;135;28;;2931;154;2565
TH;w;1952 - 1961;Summe;138490;1653;32402;39304;24421;7467;19298;4951;;8993;3463;2215
TH;w;1952 - 1961;Ungültig;1434;1162;46;71;84;;47;;;24;;24
TH;w;1952 - 1961;CDU;27692;132;23955;1714;615;662;205;112;;297;195;
TH;w;1952 - 1961;SPD;40957;25;3060;31480;602;658;3508;999;;626;357;57
TH;w;1952 - 1961;AfD;24443;155;1076;571;21293;426;328;27;;566;91;186
TH;w;1952 - 1961;FDP;9838;28;2382;765;523;5054;371;67;;648;369;73
TH;w;1952 - 1961;DIE LINKE;18333;43;674;2533;504;140;13645;401;;393;94;55
TH;w;1952 - 1961;GRÜNE;5627;;369;1408;;93;480;3225;;53;21;19
TH;w;1952 - 1961;CSU;;;;;;;;;;;;
TH;w;1952 - 1961;Sonstige;10166;108;842;762;800;434;715;121;;6385;2335;1802
TH;w;1952 - 1961;dar. FREIE WÄHLER;2986;14;266;226;101;171;174;;;2034;1821;21
TH;w;1952 - 1961;dar. dieBasis;2534;18;45;89;210;89;157;;;1926;128;1571
TH;w;1951 und früher;Summe;161208;3355;47015;56736;16211;6834;22027;3600;;5429;2459;1152
TH;w;1951 und früher;Ungültig;3335;2396;456;183;69;;101;;;130;44;27
TH;w;1951 und früher;CDU;41319;286;36741;2065;668;628;462;103;;367;195;14
TH;w;1951 und früher;SPD;58454;242;4359;46678;807;656;4094;1051;;567;311;58
TH;w;1951 und früher;AfD;16418;70;1243;609;13530;279;231;9;;448;153;161
TH;w;1951 und früher;FDP;8636;124;2204;1098;379;4276;247;42;;265;226;28
TH;w;1951 und früher;DIE LINKE;21961;52;772;4210;326;197;15973;201;;229;71;50
TH;w;1951 und früher;GRÜNE;4370;40;356;1179;31;60;536;2071;;96;24;
TH;w;1951 und früher;CSU;;;;;;;;;;;;
TH;w;1951 und früher;Sonstige;6714;144;884;715;400;737;383;122;;3327;1437;813
TH;w;1951 und früher;dar. FREIE WÄHLER;2440;105;225;205;94;321;173;7;;1310;1106;67
TH;w;1951 und früher;dar. dieBasis;923;;38;25;63;32;35;23;;707;58;612
