© Die Bundeswahlleiterin, Wiesbaden 2025;;;;;;;;;;;;;;;;;;;;;;;;;;;;;;;;;;;;;;;;;;;;;;;;;;;;;;;;;;;;;;;;;;
;;;;;;;;;;;;;;;;;;;;;;;;;;;;;;;;;;;;;;;;;;;;;;;;;;;;;;;;;;;;;;;;;;
Stimmabgabe der Urnen- und Briefwahl bei der Bundestagswahl 2025 nach Wahlkreisen;;;;;;;;;;;;;;;;;;;;;;;;;;;;;;;;;;;;;;;;;;;;;;;;;;;;;;;;;;;;;;;;;;
;;;;;;;;;;;;;;;;;;;;;;;;;;;;;;;;;;;;;;;;;;;;;;;;;;;;;;;;;;;;;;;;;;
Wahlkreis-Nummer;Wahlkreisname;Land;Wahlbezirksart;Wahlberechtigte;Wählende;Ungültige - Erststimmen;Gültige - Erststimmen;SPD - Erststimmen;CDU - Erststimmen;GRÜNE - Erststimmen;FDP - Erststimmen;AfD - Erststimmen;CSU - Erststimmen;Die Linke - Erststimmen;FREIE WÄHLER - Erststimmen;Tierschutzpartei - Erststimmen;dieBasis - Erststimmen;Die PARTEI - Erststimmen;Team Todenhöfer - Erststimmen;PIRATEN - Erststimmen;Volt - Erststimmen;ÖDP - Erststimmen;SSW - Erststimmen;PdH - Erststimmen;Bündnis C - Erststimmen;BP - Erststimmen;MLPD - Erststimmen;PdF - Erststimmen;SGP - Erststimmen;BüSo - Erststimmen;BÜNDNIS DEUTSCHLAND - Erststimmen;BSW - Erststimmen;MERA25 - Erststimmen;WerteUnion - Erststimmen;Übrige - Erststimmen;Ungültige - Zweitstimmen;Gültige - Zweitstimmen;SPD - Zweitstimmen;CDU - Zweitstimmen;GRÜNE - Zweitstimmen;FDP - Zweitstimmen;AfD - Zweitstimmen;CSU - Zweitstimmen;Die Linke - Zweitstimmen;FREIE WÄHLER - Zweitstimmen;Tierschutzpartei - Zweitstimmen;dieBasis - Zweitstimmen;Die PARTEI - Zweitstimmen;Team Todenhöfer - Zweitstimmen;PIRATEN - Zweitstimmen;Volt - Zweitstimmen;ÖDP - Zweitstimmen;SSW - Zweitstimmen;Verjüngungsforschung - Zweitstimmen;PdH - Zweitstimmen;Bündnis C - Zweitstimmen;BP - Zweitstimmen;MLPD - Zweitstimmen;MENSCHLICHE WELT - Zweitstimmen;PdF - Zweitstimmen;SGP - Zweitstimmen;BüSo - Zweitstimmen;BÜNDNIS DEUTSCHLAND - Zweitstimmen;BSW - Zweitstimmen;MERA25 - Zweitstimmen;WerteUnion - Zweitstimmen
001;Flensburg – Schleswig;SH;Urne;232131;140527;890;139637;21018;36292;28465;3395;24416;0;8152;1099;0;0;0;0;0;933;0;15113;0;0;0;0;0;0;0;483;0;0;0;271;836;139691;22069;33659;19884;5268;24689;0;11988;797;0;0;850;0;0;928;0;14779;0;0;0;0;39;0;0;0;0;247;4494;0;0
002;Nordfriesland – Dithmarschen Nord;SH;Urne;186019;109748;800;108948;22082;35104;10601;3995;19887;0;5910;976;0;0;0;0;0;764;0;9629;0;0;0;0;0;0;0;0;0;0;0;0;674;109074;18681;31532;11950;5387;19969;0;7092;768;0;0;738;0;0;663;0;8673;0;0;0;0;29;0;0;0;0;141;3451;0;0
003;Steinburg – Dithmarschen Süd;SH;Urne;175948;111377;904;110473;22759;37710;10058;4369;25138;0;6883;2131;0;0;0;0;0;1425;0;0;0;0;0;0;0;0;0;0;0;0;0;0;698;110679;19045;31256;11247;5901;25066;0;7682;1029;0;0;879;0;0;849;0;3499;0;0;0;0;34;0;0;0;0;186;4006;0;0
004;Rendsburg-Eckernförde;SH;Urne;202649;126031;902;125129;26335;40001;13926;5732;21969;0;6794;927;0;0;0;0;0;845;0;7515;0;0;0;0;0;0;0;510;0;0;0;575;699;125332;22126;35314;16922;5798;22816;0;8525;664;0;0;808;0;0;650;0;7375;0;0;0;0;31;0;0;0;0;220;4083;0;0
005;Kiel;SH;Urne;201508;105864;744;105120;23603;21266;25167;3066;13956;0;10895;451;0;0;1182;0;0;1370;0;4164;0;0;0;0;0;0;0;0;0;0;0;0;704;105160;20384;19674;21715;4261;13958;0;15183;332;0;0;893;0;0;1074;0;3734;0;0;0;0;39;0;0;0;0;130;3783;0;0
006;Plön – Neumünster;SH;Urne;173740;105353;1405;103948;24229;32827;12733;3415;21174;0;6253;2039;0;0;0;0;0;1278;0;0;0;0;0;0;0;0;0;0;0;0;0;0;770;104583;19419;28643;13611;4523;21513;0;7674;804;0;0;707;0;0;733;0;2985;0;0;0;0;22;0;0;0;0;144;3805;0;0
007;Pinneberg;SH;Urne;236767;141174;917;140257;34130;42971;16651;5418;24981;0;9650;1402;0;0;0;0;0;1532;0;2983;0;0;0;0;0;0;0;539;0;0;0;0;809;140365;27449;38539;19095;7236;25384;0;11406;877;0;0;981;0;0;1288;0;2576;0;0;0;0;32;0;0;0;0;277;5225;0;0
008;Segeberg – Stormarn-Mitte;SH;Urne;249219;153579;1188;152391;36388;47726;16424;6828;30046;0;9804;2163;0;0;0;0;0;2132;0;0;0;0;0;0;0;0;0;880;0;0;0;0;881;152698;28384;42574;19213;8169;30117;0;11514;1112;0;0;1177;0;0;1388;0;2857;0;0;0;0;39;0;0;0;0;329;5825;0;0
009;Ostholstein – Stormarn-Nord;SH;Urne;181112;106704;789;105915;26399;35391;10142;3814;21164;0;6202;1740;0;0;0;0;0;1063;0;0;0;0;0;0;0;0;0;0;0;0;0;0;629;106075;20580;31399;12374;5467;21592;0;6842;898;0;0;719;0;0;711;0;2035;0;0;0;0;32;0;0;0;0;147;3279;0;0
010;Herzogtum Lauenburg – Stormarn-Süd;SH;Urne;245473;149909;1119;148790;34128;46960;19398;5521;29242;0;9238;2523;0;0;0;0;0;1780;0;0;0;0;0;0;0;0;0;0;0;0;0;0;874;149035;27998;42343;19321;8128;29245;0;10918;1160;0;0;961;0;0;1244;0;1756;0;0;0;0;37;0;0;0;0;234;5690;0;0
011;Lübeck;SH;Urne;178245;95440;925;94515;25781;21959;16168;2722;17833;0;7320;1237;0;0;0;0;0;1320;0;0;0;0;0;175;0;0;0;0;0;0;0;0;645;94795;19571;20651;14504;3819;17986;0;10405;641;0;0;736;0;0;881;0;1616;0;0;0;0;55;0;0;0;0;144;3786;0;0
012;Schwerin – Ludwigslust-Parchim I – Nordwestmecklenburg I;MV;Urne;212978;123333;1607;121726;21920;23720;3448;3491;49252;0;14956;3116;0;0;0;0;0;0;0;0;0;0;0;459;0;0;0;1364;0;0;0;0;1189;122144;15888;21417;5858;4137;45229;0;13628;1318;1559;0;0;0;0;670;0;0;0;0;0;0;119;0;0;0;0;495;11826;0;0
013;Ludwigslust-Parchim II – Nordwestmecklenburg II – Landkreis Rostock I;MV;Urne;202532;116334;1240;115094;22373;21766;3364;3090;47963;0;12798;3740;0;0;0;0;0;0;0;0;0;0;0;0;0;0;0;0;0;0;0;0;964;115370;14863;19570;4678;3513;45621;0;12059;1173;1510;0;0;0;0;604;0;0;0;0;0;0;66;0;0;0;0;297;11416;0;0
014;Rostock – Landkreis Rostock II;MV;Urne;221164;122763;1192;121571;19102;22207;5212;3408;38388;0;29605;2172;0;0;0;0;0;0;0;0;0;0;0;407;0;0;0;1070;0;0;0;0;933;121830;15887;19283;9322;4178;36704;0;20560;920;1784;0;0;0;0;944;0;0;0;0;0;0;173;0;0;0;0;374;11701;0;0
015;Vorpommern-Rügen – Vorpommern-Greifswald I;MV;Urne;237125;129064;1287;127777;16280;24912;4818;3270;55141;0;16428;3050;3878;0;0;0;0;0;0;0;0;0;0;0;0;0;0;0;0;0;0;0;1083;127981;11763;20554;6244;4310;52802;0;15356;1291;2494;0;0;0;0;736;0;0;0;0;0;0;83;0;0;0;0;334;12014;0;0
016;Mecklenburgische Seenplatte I – Vorpommern-Greifswald II ;MV;Urne;215874;121752;1661;120091;14518;21318;2266;3988;60906;0;12668;2967;0;0;0;0;0;0;0;0;0;0;0;0;0;0;0;0;0;0;0;1460;1214;120538;10396;18337;2866;3625;58267;0;10835;1061;1702;0;0;0;0;390;0;0;0;0;0;0;68;0;0;0;0;283;12708;0;0
017;Mecklenburgische Seenplatte II – Landkreis Rostock III;MV;Urne;205056;118404;1700;116704;20771;20552;2018;3056;53656;0;11854;2368;0;0;0;0;0;0;0;0;0;0;0;0;0;0;0;2429;0;0;0;0;1209;117195;11915;19015;3307;3396;52545;0;11510;1065;1373;0;0;0;0;377;0;0;0;0;0;0;62;0;0;0;0;528;12102;0;0
018;Hamburg-Mitte;HH;Urne;243955;115350;1202;114148;31673;17965;21390;3907;15288;0;20412;862;0;0;0;0;0;2363;0;0;0;0;0;288;0;0;0;0;0;0;0;0;875;114475;25396;16515;20182;4643;15102;0;22963;350;1044;0;648;0;0;1430;0;0;0;0;0;0;87;0;0;0;0;174;5941;0;0
019;Hamburg-Altona;HH;Urne;188984;91276;817;90459;21455;17324;23348;2943;8840;0;15721;570;0;0;0;0;0;0;0;0;0;0;0;258;0;0;0;0;0;0;0;0;511;90765;18587;15885;20222;4187;8588;0;17444;190;569;0;322;0;0;1007;0;0;0;0;0;0;68;0;0;0;0;91;3605;0;0
020;Hamburg-Eimsbüttel;HH;Urne;194730;93688;695;92993;24367;17849;24048;3604;9281;0;12922;922;0;0;0;0;0;0;0;0;0;0;0;0;0;0;0;0;0;0;0;0;471;93217;20757;17125;20742;4637;9081;0;14718;239;690;0;337;0;0;1181;0;0;0;0;0;0;43;0;0;0;0;124;3543;0;0
021;Hamburg-Nord;HH;Urne;222169;106471;735;105736;28403;27193;22941;3972;11082;0;9417;726;0;0;0;0;0;2002;0;0;0;0;0;0;0;0;0;0;0;0;0;0;494;105977;23721;25021;21326;6250;11288;0;11906;263;793;0;338;0;0;1244;0;0;0;0;0;0;26;0;0;0;0;121;3680;0;0
022;Hamburg-Wandsbek;HH;Urne;230501;108563;1138;107425;33465;24278;12575;3426;19349;0;12688;1347;0;0;0;0;0;0;0;0;0;0;0;297;0;0;0;0;0;0;0;0;758;107805;25531;21804;14161;4442;18882;0;13646;464;1162;0;484;0;0;1302;0;0;0;0;0;0;56;0;0;0;0;175;5696;0;0
023;Hamburg-Bergedorf – Harburg;HH;Urne;218950;107623;1235;106388;32657;20555;10808;2680;22989;0;13573;1125;0;0;0;0;0;1763;0;0;0;0;0;238;0;0;0;0;0;0;0;0;865;106758;23710;19421;11811;3528;22567;0;15982;473;1003;0;458;0;0;1220;0;0;0;0;0;0;66;0;0;0;0;183;6336;0;0
024;Aurich – Emden;NI;Urne;189800;119126;1045;118081;47902;24468;5378;2734;26660;0;7201;0;3127;0;0;0;0;0;0;0;0;0;0;0;0;0;0;0;0;0;0;611;879;118247;33113;26080;8787;3843;27727;0;9376;977;1819;288;488;0;178;404;0;0;0;46;0;0;26;0;0;0;0;128;4967;0;0
025;Unterems;NI;Urne;237527;152937;1137;151800;33021;60669;9481;3869;33958;0;8543;2259;0;0;0;0;0;0;0;0;0;0;0;0;0;0;0;0;0;0;0;0;892;152045;31789;49121;10058;6075;34854;0;10229;980;1463;412;639;0;198;456;0;0;0;63;0;0;20;0;0;0;0;176;5512;0;0
026;Friesland – Wilhelmshaven – Wittmund;NI;Urne;185864;113563;913;112650;38775;28656;5912;2992;25063;0;6837;1742;0;872;1105;0;0;696;0;0;0;0;0;0;0;0;0;0;0;0;0;0;744;112819;27833;28211;8682;4496;25635;0;8819;862;1626;425;611;0;175;502;0;0;0;90;0;0;40;0;0;0;0;158;4654;0;0
027;Oldenburg – Ammerland;NI;Urne;229344;144141;1042;143099;48825;33399;19664;4343;21299;0;12238;1472;0;0;0;0;0;1859;0;0;0;0;0;0;0;0;0;0;0;0;0;0;714;143427;33339;33317;22221;6275;21194;0;16639;669;1459;253;701;0;221;1149;0;0;0;125;0;0;41;0;0;0;0;153;5671;0;0
028;Delmenhorst – Wesermarsch – Oldenburg-Land;NI;Urne;225017;144535;1217;143318;37308;40688;12736;7579;30889;0;10426;2921;0;0;0;0;0;0;0;0;0;0;0;0;0;0;0;771;0;0;0;0;862;143673;32941;36143;13337;7039;31318;0;11092;1388;1812;310;662;0;231;782;0;0;0;96;0;0;21;0;0;0;0;264;6237;0;0
029;Cuxhaven – Stade II;NI;Urne;187074;118159;888;117271;34513;37465;7737;3190;25891;0;6374;2101;0;0;0;0;0;0;0;0;0;0;0;0;0;0;0;0;0;0;0;0;690;117469;27015;33993;9697;4471;26226;0;7400;825;1490;398;477;0;174;690;0;0;0;48;0;0;20;0;0;0;0;143;4402;0;0
030;Stade I – Rotenburg II;NI;Urne;197893;124921;927;123994;30217;44500;10970;3511;25300;0;8121;0;0;0;0;0;0;1375;0;0;0;0;0;0;0;0;0;0;0;0;0;0;644;124277;25871;37433;12450;5138;25741;0;9194;810;1238;339;625;0;200;809;0;0;0;84;0;0;18;0;0;0;0;172;4155;0;0
031;Mittelems;NI;Urne;233785;157423;991;156432;37342;68476;10327;5418;24148;0;8196;2040;0;0;0;0;0;0;0;0;0;0;0;0;0;0;0;485;0;0;0;0;820;156603;32665;61133;12460;7151;24523;0;10138;927;1178;247;574;0;177;492;0;0;0;64;0;0;12;0;0;0;0;219;4643;0;0
032;Cloppenburg – Vechta;NI;Urne;225099;142014;983;141031;23812;62313;7658;4620;33134;0;7581;1913;0;0;0;0;0;0;0;0;0;0;0;0;0;0;0;0;0;0;0;0;890;141124;21113;53701;9169;6351;33064;0;9006;1139;1030;267;447;0;186;568;0;0;0;73;0;0;19;0;0;0;0;172;4819;0;0
033;Diepholz – Nienburg I;NI;Urne;194011;122721;907;121814;32752;42014;9139;3983;23209;0;7716;3001;0;0;0;0;0;0;0;0;0;0;0;0;0;0;0;0;0;0;0;0;654;122067;27022;36018;11735;5568;23983;0;8793;1350;1243;317;497;0;167;559;0;0;0;65;0;0;25;0;0;0;0;156;4569;0;0
034;Osterholz – Verden;NI;Urne;196082;124817;843;123974;30281;43280;12635;3594;24040;0;8676;0;0;0;0;0;0;1468;0;0;0;0;0;0;0;0;0;0;0;0;0;0;644;124173;27612;33495;14359;5232;24819;0;9504;661;1383;330;531;0;195;758;0;0;0;86;0;0;31;0;0;0;0;179;4998;0;0
035;Rotenburg I – Heidekreis;NI;Urne;168109;106168;911;105257;43036;28058;5305;2536;22753;0;0;2153;0;0;0;0;0;1416;0;0;0;0;0;0;0;0;0;0;0;0;0;0;666;105502;25040;28811;8964;3939;23347;0;7863;971;1196;219;445;0;145;692;0;0;0;58;0;0;15;0;0;0;0;133;3664;0;0
036;Harburg;NI;Urne;202671;128799;904;127895;33103;41137;12742;4382;23934;0;8069;2186;0;0;0;0;0;1737;0;0;0;0;0;0;0;0;0;0;0;0;0;605;585;128214;25364;37539;15731;6330;24236;0;9583;1074;1383;358;509;0;205;964;0;0;0;78;0;0;19;0;0;0;0;152;4689;0;0
037;Lüchow-Dannenberg – Lüneburg;NI;Urne;182679;111419;683;110736;30690;28182;16489;2853;20033;0;8147;2405;0;1055;0;0;0;882;0;0;0;0;0;0;0;0;0;0;0;0;0;0;547;110872;22512;25739;17228;4132;20826;0;11674;1221;1199;407;563;0;181;636;0;0;0;62;0;0;28;0;0;0;0;104;4360;0;0
038;Osnabrück-Land;NI;Urne;199476;124411;874;123537;28827;43734;11358;3653;25740;0;7485;1943;0;0;0;0;0;797;0;0;0;0;0;0;0;0;0;0;0;0;0;0;699;123712;26139;38150;11333;5355;25848;0;8513;1018;984;374;444;0;168;462;0;0;0;74;0;0;26;0;0;0;0;162;4662;0;0
039;Stadt Osnabrück;NI;Urne;192267;107093;807;106286;30169;30507;12725;2709;14973;0;12738;1134;0;0;0;0;0;1058;0;0;0;0;0;0;0;0;0;0;0;0;0;273;550;106543;25712;27126;15153;4388;15089;0;12069;496;815;295;412;0;148;665;0;0;0;56;0;0;36;0;0;0;0;105;3978;0;0
040;Nienburg II – Schaumburg;NI;Urne;191029;119809;875;118934;36753;32733;8162;3349;26970;0;6983;1857;0;0;1209;0;0;660;0;0;0;0;0;0;0;0;0;0;0;0;0;258;721;119088;27836;31118;11078;4649;27504;0;8165;1134;1383;230;563;0;191;476;0;0;0;92;0;0;23;0;0;0;0;144;4502;0;0
041;Stadt Hannover I;NI;Urne;175419;102552;857;101695;34939;22058;14231;2926;15720;0;9209;729;0;0;0;0;511;1134;0;0;0;0;0;238;0;0;0;0;0;0;0;0;693;101859;23873;20488;16674;4463;15443;0;12720;327;948;182;439;0;229;733;0;0;0;74;0;0;65;0;0;0;0;116;5085;0;0
042;Stadt Hannover II;NI;Urne;189782;110858;798;110060;39311;18894;19443;2615;13617;0;13297;586;0;0;934;0;332;849;0;0;0;0;0;182;0;0;0;0;0;0;0;0;655;110203;24243;19796;21504;4234;13692;0;18692;340;951;159;569;0;249;801;0;0;0;90;0;0;65;0;0;0;0;121;4697;0;0
043;Hannover-Land I;NI;Urne;227327;143565;1017;142548;38228;47415;12358;3912;28225;0;8592;1815;0;0;0;0;0;1201;0;0;0;0;0;0;0;0;0;802;0;0;0;0;848;142717;31171;40289;15036;6606;28243;0;10784;908;1660;318;534;0;234;630;0;0;0;83;0;0;40;0;0;0;0;269;5912;0;0
044;Celle – Uelzen;NI;Urne;212447;129329;949;128380;28549;43877;10652;4368;29336;0;8022;2409;0;0;0;0;0;1167;0;0;0;0;0;0;0;0;0;0;0;0;0;0;763;128566;25694;36783;11865;5578;29634;0;9457;1161;1598;352;565;0;216;641;0;0;0;69;0;0;25;0;0;0;0;130;4798;0;0
045;Gifhorn – Peine;NI;Urne;216950;139623;960;138663;45442;37215;7992;3579;33401;0;7358;1889;0;0;0;0;0;1090;0;0;0;0;0;0;0;0;0;697;0;0;0;0;777;138846;31877;36516;12035;5149;33460;0;9563;983;1632;408;573;0;212;705;0;0;0;93;0;0;30;0;0;0;0;266;5344;0;0
046;Hameln-Pyrmont – Holzminden;NI;Urne;179071;105318;942;104376;33251;28163;6724;3391;24893;0;6176;1778;0;0;0;0;0;0;0;0;0;0;0;0;0;0;0;0;0;0;0;0;757;104561;24364;26672;9079;4190;25312;0;7453;689;1241;290;420;0;166;410;0;0;0;65;0;0;22;0;0;0;0;128;4060;0;0
047;Hannover-Land II;NI;Urne;234055;147517;1034;146483;44894;42368;12245;3681;28845;0;8930;1562;2308;0;0;0;661;989;0;0;0;0;0;0;0;0;0;0;0;0;0;0;894;146623;33610;38272;16960;5935;29156;0;11874;966;1743;312;542;0;322;703;0;0;0;110;0;0;41;0;0;0;0;155;5922;0;0
048;Hildesheim;NI;Urne;211156;129656;1016;128640;38956;36254;10764;3288;26808;0;9163;1474;0;0;0;0;0;954;0;0;0;0;0;0;0;0;0;0;0;0;0;979;753;128903;30204;33056;13817;4925;26622;0;11037;673;1554;283;572;0;190;625;0;0;0;69;0;0;28;0;0;0;0;180;5068;0;0
049;Salzgitter – Wolfenbüttel;NI;Urne;195221;119898;1016;118882;35206;31820;7360;2965;28891;0;8923;1632;0;1018;0;0;0;1067;0;0;0;0;0;0;0;0;0;0;0;0;0;0;840;119058;27815;29800;9382;4228;28895;0;9696;793;1481;373;544;0;197;534;0;0;0;84;0;0;17;0;0;0;0;153;5066;0;0
050;Braunschweig;NI;Urne;186358;102817;862;101955;33954;23654;12653;2902;16769;0;9150;1004;0;0;0;0;0;1327;0;0;0;0;0;179;0;0;0;0;0;0;0;363;709;102108;22472;21544;16556;4006;16857;0;12700;473;1057;256;552;0;196;936;0;0;0;96;0;0;56;0;0;0;0;100;4251;0;0
051;Helmstedt – Wolfsburg;NI;Urne;176276;106288;965;105323;28974;31020;6373;3328;26854;0;6890;0;0;0;0;0;0;1234;0;0;0;0;0;161;0;0;0;0;0;0;0;489;691;105597;23219;27689;8054;4017;26510;0;7374;511;1325;326;511;0;215;613;0;0;0;70;0;0;44;0;0;0;0;151;4968;0;0
052;Goslar – Northeim – Göttingen II;NI;Urne;191421;113490;1035;112455;33285;32458;7983;2958;25401;0;7054;1718;0;0;0;0;0;1051;0;0;0;0;0;0;0;0;0;547;0;0;0;0;764;112726;26992;29825;9089;4545;25717;0;8204;814;1324;264;523;0;187;542;0;0;0;77;0;0;17;0;0;0;0;186;4420;0;0
053;Göttingen I;NI;Urne;210202;124598;1079;123519;31301;34798;17569;4411;20302;0;11810;1495;0;0;0;0;0;1617;0;0;0;0;0;216;0;0;0;0;0;0;0;0;767;123831;26663;30584;18062;4925;20669;0;14046;744;1245;212;532;0;183;766;0;0;0;96;0;0;52;0;0;0;0;143;4909;0;0
054;Bremen I;HB;Urne;239863;123978;1146;122832;30312;27381;21642;3516;18103;0;17541;0;0;0;1394;0;0;1875;0;0;0;0;0;174;0;0;0;528;0;0;0;366;799;123179;25938;24201;21043;4617;18076;0;20795;341;0;0;798;0;0;1207;0;0;98;0;0;0;48;206;0;0;0;286;5435;90;0
055;Bremen II – Bremerhaven;HB;Urne;210701;110552;1221;109331;32129;21501;10413;2897;24848;0;13830;1165;0;0;0;0;0;1429;0;0;0;0;0;332;0;0;0;787;0;0;0;0;959;109593;25826;20112;11546;3512;24685;0;15468;674;0;0;842;0;0;1015;0;0;97;0;0;0;101;310;0;0;0;293;5050;62;0
056;Prignitz – Ostprignitz-Ruppin – Havelland I;BB;Urne;169648;100362;1127;99235;20029;17931;2505;2141;43346;0;10177;3106;0;0;0;0;0;0;0;0;0;0;0;0;0;0;0;0;0;0;0;0;883;99479;14431;15868;3689;2552;41167;0;9535;1263;0;0;624;0;0;311;0;0;0;0;0;0;41;0;0;0;0;228;9770;0;0
057;Uckermark – Barnim I;BB;Urne;180128;101909;1154;100755;17450;16564;3161;2332;44456;0;11897;3170;0;0;1725;0;0;0;0;0;0;0;0;0;0;0;0;0;0;0;0;0;828;101081;12653;14655;3973;2692;42136;0;10708;1348;0;0;846;0;0;429;0;0;0;0;0;0;39;0;0;0;0;198;11404;0;0
058;Oberhavel – Havelland II;BB;Urne;251733;143779;1338;142441;25599;32501;8083;4087;51875;0;13658;3909;0;0;2729;0;0;0;0;0;0;0;0;0;0;0;0;0;0;0;0;0;1000;142779;19691;28033;10451;5294;49676;0;13625;1660;0;0;1438;0;0;781;0;0;0;0;0;0;81;0;0;0;0;285;11764;0;0
059;Märkisch-Oderland – Barnim II;BB;Urne;231598;131681;1349;130332;21514;21382;4347;3080;55499;0;16389;3770;0;0;1891;0;0;1152;0;0;0;0;0;0;0;0;0;1308;0;0;0;0;935;130746;14920;19651;6531;3809;52593;0;14321;1928;0;0;1137;0;0;841;0;0;0;0;0;0;83;0;0;0;0;372;14560;0;0
060;Brandenburg an der Havel – Potsdam-Mittelmark I – Havelland III – Teltow-Fläming I;BB;Urne;201899;115046;1356;113690;27159;20357;3573;2674;43727;0;12138;2930;0;0;0;0;0;1132;0;0;0;0;0;0;0;0;0;0;0;0;0;0;1028;114018;18193;19220;5885;3391;41296;0;12233;1403;0;0;817;0;0;658;0;0;0;0;0;0;68;0;0;0;0;241;10613;0;0
061;Potsdam – Potsdam-Mittelmark II – Teltow-Fläming II;BB;Urne;234264;133719;1150;132569;27654;25309;19600;5200;30184;0;18857;2163;0;0;0;0;0;1929;0;0;0;0;0;0;0;0;0;1003;0;0;0;670;829;132890;21188;23534;18046;5823;29543;0;20251;1018;0;0;960;0;0;1324;0;0;0;0;0;0;77;0;0;0;0;408;10718;0;0
062;Dahme-Spreewald – Teltow-Fläming III;BB;Urne;241186;142454;1447;141007;22878;30815;6208;3492;54840;0;15444;3421;0;0;2040;0;0;1323;0;0;0;0;0;0;0;0;0;0;0;0;0;546;1122;141332;18698;25227;7726;4981;52643;0;14481;1772;0;0;1179;0;0;834;0;0;0;0;0;0;88;0;0;0;0;350;13353;0;0
063;Frankfurt (Oder) – Oder-Spree;BB;Urne;187968;111268;1214;110054;20136;18886;2741;2700;48298;0;12168;3908;0;0;0;0;0;0;0;0;0;0;0;0;0;0;0;0;0;0;0;1217;908;110360;13109;16793;4340;3500;45206;0;11368;1410;0;0;874;0;0;485;0;0;0;0;0;0;103;0;0;0;0;306;12866;0;0
064;Cottbus – Spree-Neiße;BB;Urne;165945;93317;1039;92278;18496;14093;0;2540;45056;0;8332;1670;0;0;1426;0;0;665;0;0;0;0;0;0;0;0;0;0;0;0;0;0;748;92569;11052;12913;2977;3035;42357;0;8189;949;0;0;766;0;0;422;0;0;0;0;0;0;61;0;0;0;0;234;9614;0;0
065;Elbe-Elster – Oberspreewald-Lausitz;BB;Urne;169170;100989;1087;99902;14968;16733;1741;2743;47847;0;11175;4695;0;0;0;0;0;0;0;0;0;0;0;0;0;0;0;0;0;0;0;0;842;100147;11140;15024;2395;3084;45852;0;8545;1824;0;0;750;0;0;488;0;0;0;0;0;0;60;0;0;0;0;246;10739;0;0
066;Altmark – Jerichower Land;ST;Urne;227996;135272;1689;133583;19275;27183;3034;4493;58162;0;16530;4906;0;0;0;0;0;0;0;0;0;0;0;0;0;0;0;0;0;0;0;0;1118;134154;14102;23715;3716;4081;56060;0;14241;1926;0;0;918;0;0;587;0;0;0;0;0;0;109;0;0;0;0;353;14346;0;0
067;Börde – Salzlandkreis;ST;Urne;217023;128214;1738;126476;15141;25776;2332;3372;60732;0;13129;3437;0;0;0;0;0;0;0;0;0;0;0;0;0;0;0;1539;0;0;0;1018;1254;126960;11698;21952;2704;3685;58895;0;11528;1515;0;0;811;0;0;538;0;0;0;0;0;0;83;0;0;0;0;523;13028;0;0
068;Harz;ST;Urne;200219;113320;1419;111901;13676;23723;2842;2452;50049;0;13010;2899;0;0;1495;0;0;0;0;0;0;0;0;0;0;0;0;1755;0;0;0;0;1022;112298;11218;19649;3503;3012;47924;0;11372;1443;0;0;1040;0;0;411;0;0;0;0;0;0;54;0;0;0;0;549;12123;0;0
069;Magdeburg;ST;Urne;222983;117458;1671;115787;17459;24081;5630;3035;44728;0;16800;2323;0;0;0;0;0;0;0;0;0;0;0;495;0;0;0;1236;0;0;0;0;998;116460;12947;19539;6818;3503;42881;0;15475;1000;0;0;1070;0;0;1005;0;0;0;0;0;0;149;0;0;0;0;445;11628;0;0
070;Anhalt – Dessau – Wittenberg;ST;Urne;227853;130334;1493;128841;12083;34682;5022;2763;56342;0;12947;5002;0;0;0;0;0;0;0;0;0;0;0;0;0;0;0;0;0;0;0;0;1040;129294;12017;25129;4117;3823;55231;0;12205;2118;0;0;890;0;0;551;0;0;0;0;0;0;90;0;0;0;0;300;12823;0;0
071;Halle;ST;Urne;224552;121951;1554;120397;19018;25431;5615;3396;43163;0;18619;1858;0;0;1840;0;0;0;0;0;0;0;0;332;0;0;0;1125;0;0;0;0;1088;120863;13195;20461;9090;4259;40828;0;17745;1071;0;0;1187;0;0;975;0;0;0;0;0;0;136;0;0;0;0;385;11531;0;0
072;Burgenland – Saalekreis;ST;Urne;203597;116377;1276;115101;10092;24697;2255;3348;57674;0;12225;4163;0;0;0;0;0;0;0;0;0;0;0;0;0;0;0;0;0;0;0;647;911;115466;9138;19078;2768;3745;55448;0;9820;1448;0;0;851;0;0;630;0;0;0;0;0;0;64;0;0;0;0;295;12181;0;0
073;Mansfeld;ST;Urne;210496;123360;1927;121433;11458;23536;2055;3901;59009;0;14212;4004;0;0;0;0;0;0;0;0;0;0;0;0;0;0;0;0;0;0;0;3258;1305;122055;10337;20454;2508;3860;58563;0;10632;1416;0;0;687;0;0;391;0;0;0;0;0;0;72;0;0;0;0;318;12817;0;0
074;Berlin-Mitte;BE;Urne;207445;98226;819;97407;16561;12817;21860;2570;10246;0;24782;263;998;0;838;507;0;0;0;0;0;0;0;88;0;54;0;136;5281;406;0;0;720;97506;14833;12001;18716;3694;10635;0;27470;173;900;0;549;348;0;868;0;0;0;0;0;0;67;0;126;46;18;109;6698;255;0
075;Berlin-Pankow;BE;Urne;235392;113386;1369;112017;13186;16422;26902;2983;24246;0;25927;1224;0;0;0;0;0;0;0;0;0;0;0;0;0;0;447;680;0;0;0;0;637;112749;13851;14758;19740;3792;22836;0;24751;369;1463;0;842;108;0;1042;0;0;0;0;0;0;48;0;169;26;69;170;8603;112;0
076;Berlin-Reinickendorf;BE;Urne;172428;83011;1180;81831;17297;22893;9645;2919;17630;0;10770;0;0;0;0;0;0;0;0;0;0;0;0;0;0;0;0;677;0;0;0;0;805;82206;13616;19338;9746;3766;17108;0;10605;248;1387;0;450;251;0;513;0;0;0;0;0;0;27;0;131;18;30;162;4738;72;0
077;Berlin-Spandau – Charlottenburg Nord;BE;Urne;176536;86760;1323;85437;22491;20269;6971;2711;19972;0;10815;0;0;0;1933;0;0;0;0;0;0;0;0;275;0;0;0;0;0;0;0;0;899;85861;15111;18301;8411;3316;19502;0;11864;220;1674;0;658;261;0;505;0;0;0;0;0;0;62;0;142;24;31;119;5568;92;0
078;Berlin-Steglitz-Zehlendorf;BE;Urne;214757;101376;1037;100339;21740;28127;21527;4199;13137;0;10072;926;0;0;0;0;0;0;0;0;0;0;0;0;0;0;0;611;0;0;0;0;567;100809;17441;24171;19211;6173;13222;0;12718;292;1145;0;450;195;0;865;0;0;0;0;0;0;17;0;149;19;24;152;4497;68;0
079;Berlin-Charlottenburg-Wilmersdorf;BE;Urne;195504;92234;887;91347;21547;22137;20711;4081;9881;0;11216;0;0;0;1392;0;0;0;0;0;0;0;0;0;0;0;0;382;0;0;0;0;547;91687;16211;19295;18533;6013;10099;0;14279;130;762;0;424;145;0;827;0;0;0;0;0;0;17;0;81;8;17;125;4624;97;0
080;Berlin-Tempelhof-Schöneberg;BE;Urne;229238;107463;1268;106195;21498;23913;24021;2874;14984;0;14542;0;2331;0;0;1119;0;0;0;0;0;0;0;0;0;0;136;353;0;0;0;424;858;106605;18166;20049;19062;4157;15204;0;19920;247;1364;0;580;362;0;749;0;0;0;0;0;0;41;0;127;23;46;160;6188;160;0
081;Berlin-Neukölln;BE;Urne;192506;87907;1056;86851;15850;15812;7771;1691;13869;0;27401;412;1351;0;749;1358;0;0;0;0;0;0;0;192;0;0;0;338;0;0;0;57;824;87083;13485;14320;11420;2535;13848;0;22631;217;1203;0;501;440;0;442;0;0;0;0;0;0;87;0;86;20;26;159;5471;192;0
082;Berlin-Friedrichshain-Kreuzberg – Prenzlauer Berg Ost;BE;Urne;218729;106658;1229;105429;13750;9876;29205;2479;10147;0;38385;0;0;0;0;0;0;0;0;0;0;0;0;0;0;0;0;589;0;0;0;998;594;106064;14237;9131;24702;2948;9595;0;34887;140;1003;0;834;197;0;917;0;0;0;0;0;0;69;0;117;17;23;159;6866;222;0
083;Berlin-Treptow-Köpenick;BE;Urne;206841;108710;842;107868;8622;14040;4531;1893;26994;0;43118;509;1898;0;0;0;0;0;0;0;0;0;0;77;0;0;62;232;5892;0;0;0;786;107924;12477;15095;11458;3185;28151;0;23491;427;1808;0;733;132;0;793;0;0;0;0;0;0;59;0;212;15;47;180;9576;85;0
084;Berlin-Marzahn-Hellersdorf;BE;Urne;195867;98305;990;97315;7594;25047;3301;1250;34724;0;15950;1101;0;0;0;0;0;0;0;0;0;0;0;204;0;0;0;367;7777;0;0;0;822;97483;9308;14345;4988;2481;36186;0;15608;589;2039;0;619;114;0;633;0;0;0;0;0;0;75;0;237;32;47;212;9912;58;0
085;Berlin-Lichtenberg;BE;Urne;196799;98774;978;97796;7901;15823;3815;1407;26339;0;32954;471;1932;0;0;0;0;0;0;0;0;0;0;0;0;0;97;295;6762;0;0;0;862;97912;10541;12581;9211;2464;26847;0;22358;320;1851;0;694;116;0;766;0;0;0;0;0;0;55;0;214;26;50;182;9548;88;0
086;Aachen I;NW;Urne;172442;87559;2345;85214;17112;26644;22120;3857;0;0;9295;2364;0;0;0;0;0;1863;0;0;0;0;0;0;0;0;0;1959;0;0;0;0;746;86813;15224;19095;19156;4131;10769;0;12096;204;585;136;441;128;0;816;0;0;0;0;0;0;28;0;129;0;0;144;3633;74;24
087;Aachen II;NW;Urne;224835;114078;4959;109119;33136;40792;7481;5969;0;0;9750;9423;0;0;0;0;0;2568;0;0;0;0;0;0;0;0;0;0;0;0;0;0;1135;112943;22537;31980;9733;4791;26118;0;8884;717;1387;235;523;209;0;552;0;0;0;0;0;0;16;0;152;0;0;121;4876;48;64
088;Heinsberg;NW;Urne;192359;105877;1212;104665;19439;40716;7257;3068;24762;0;6557;1668;0;0;0;0;0;1198;0;0;0;0;0;0;0;0;0;0;0;0;0;0;917;104960;17166;34215;8416;4396;25080;0;7183;713;1526;331;532;160;0;632;0;0;0;0;0;0;15;0;167;0;0;123;4197;32;76
089;Düren;NW;Urne;199301;100297;983;99314;21195;35890;6761;2776;24638;0;6413;1641;0;0;0;0;0;0;0;0;0;0;0;0;0;0;0;0;0;0;0;0;825;99472;17359;29628;7897;4195;24887;0;7315;576;1437;222;481;132;0;490;0;0;0;0;0;0;19;0;182;0;0;147;4408;24;73
090;Rhein-Erft-Kreis I;NW;Urne;247391;128117;1229;126888;32655;40959;11904;4587;25426;0;9207;1323;0;0;0;0;0;0;0;0;0;0;0;0;0;0;0;827;0;0;0;0;864;127253;24151;36649;14032;6396;25414;0;10347;520;1522;262;500;259;0;747;0;0;0;0;0;0;19;0;211;0;0;230;5866;52;76
091;Euskirchen – Rhein-Erft-Kreis II;NW;Urne;248663;125118;1472;123646;24374;43586;11042;5042;28219;0;7859;1457;0;0;0;0;0;1441;0;0;0;0;0;0;0;0;0;626;0;0;0;0;935;124183;20570;37998;12545;6077;28250;0;8831;721;1492;359;572;160;0;761;0;0;0;0;0;0;17;0;183;0;0;282;5243;47;75
092;Köln I;NW;Urne;190951;84659;975;83684;20773;18693;15224;2532;13812;0;10652;653;0;0;0;0;0;1155;0;0;0;0;0;190;0;0;0;0;0;0;0;0;630;84029;15766;16654;13655;3537;13170;0;13795;223;783;167;431;195;0;710;0;0;0;0;0;0;60;0;155;0;0;108;4515;78;27
093;Köln II;NW;Urne;243912;112339;746;111593;18155;29182;38349;4129;8394;0;10699;395;0;0;0;0;0;1865;0;0;0;0;0;0;0;0;0;332;0;0;0;93;446;111893;19575;25393;28201;6945;8810;0;16424;177;654;140;474;105;0;1003;0;0;0;0;0;0;22;0;149;0;0;115;3611;60;35
094;Köln III;NW;Urne;206670;95582;936;94646;24122;16790;23295;2635;13608;0;11876;596;0;0;0;0;0;1388;0;0;0;0;0;0;336;0;0;0;0;0;0;0;607;94975;18287;16464;19235;3278;13252;0;16806;214;789;179;469;237;0;720;0;0;0;0;0;0;46;0;161;0;0;101;4637;73;27
095;Bonn;NW;Urne;228194;121692;1243;120449;26235;37232;28116;3028;12321;0;10908;555;0;0;0;0;0;1740;0;0;0;0;0;0;314;0;0;0;0;0;0;0;797;120895;21141;28914;26076;6239;13258;0;16529;228;722;250;523;172;0;1260;0;0;0;0;0;0;40;0;157;0;0;93;5133;98;62
096;Rhein-Sieg-Kreis I;NW;Urne;238140;122096;1289;120807;26168;39668;12448;5144;26091;0;7998;1701;0;0;0;0;0;1589;0;0;0;0;0;0;0;0;0;0;0;0;0;0;833;121263;20329;35261;13876;6175;25891;0;9412;626;1473;335;639;192;0;888;0;0;0;0;0;0;22;0;195;0;0;169;5650;36;94
097;Rhein-Sieg-Kreis II;NW;Urne;214269;110478;1011;109467;18871;44268;13565;3673;19507;0;6848;1105;0;0;0;0;0;1630;0;0;0;0;0;0;0;0;0;0;0;0;0;0;665;109813;17381;34860;15575;6294;19535;0;8076;419;1011;265;476;138;0;913;0;0;0;0;0;0;13;0;149;0;0;157;4454;27;70
098;Oberbergischer Kreis;NW;Urne;204353;114046;1209;112837;22310;38757;8946;3714;29105;0;7337;1682;0;0;0;0;0;986;0;0;0;0;0;0;0;0;0;0;0;0;0;0;1004;113042;18808;32963;9758;5138;28678;0;7815;700;1448;415;622;145;0;591;0;0;0;0;0;0;30;0;183;0;0;206;5402;23;117
099;Rheinisch-Bergischer Kreis;NW;Urne;214554;112704;843;111861;20569;44761;14534;5400;17149;0;6576;940;0;0;0;0;0;1385;0;0;0;0;0;0;0;0;0;547;0;0;0;0;670;112034;19938;35419;15972;6250;18078;0;8228;554;1193;286;520;112;0;892;0;0;0;0;0;0;41;0;139;0;0;171;4142;30;69
100;Leverkusen – Köln IV;NW;Urne;206279;104718;1207;103511;32838;24678;10078;3262;19418;0;10629;1087;0;0;0;0;0;1303;0;0;0;0;0;218;0;0;0;0;0;0;0;0;823;103895;21039;23566;13249;4164;19359;0;13226;365;1213;241;621;237;0;742;0;0;0;0;0;0;86;0;157;0;0;112;5392;61;65
101;Wuppertal I;NW;Urne;196546;112043;1209;110834;36306;25098;8486;3257;23183;0;11205;1204;0;0;0;0;0;1291;0;0;0;0;0;0;0;0;0;0;0;0;0;804;850;111193;21418;24104;12758;4543;22839;0;14827;434;1358;266;611;224;0;769;0;0;0;0;0;0;71;0;145;0;0;117;6576;71;62
102;Solingen – Remscheid – Wuppertal II;NW;Urne;216618;121896;1187;120709;32114;36456;9533;4043;26088;0;10107;0;0;0;0;0;0;1631;0;0;0;0;0;312;0;0;0;0;0;0;0;425;925;120971;22995;31733;12483;5815;25785;0;11342;451;1535;291;760;294;0;849;0;0;0;0;0;0;85;0;185;0;0;161;6098;51;58
103;Mettmann I;NW;Urne;200860;105025;978;104047;22804;34891;11949;4777;20290;0;7845;0;0;0;0;0;0;1491;0;0;0;0;0;0;0;0;0;0;0;0;0;0;688;104337;18658;30103;12217;6080;20043;0;8394;387;1331;231;493;214;0;734;0;0;0;0;0;0;28;0;207;0;0;128;4971;40;78
104;Mettmann II;NW;Urne;156872;84633;897;83736;20262;27386;8651;3356;17399;0;6429;0;0;0;0;0;0;0;0;0;0;0;0;253;0;0;0;0;0;0;0;0;594;84039;15567;24096;8810;4524;17111;0;6907;305;1091;154;468;158;0;478;0;0;0;0;0;0;56;0;140;0;0;91;3994;34;55
105;Düsseldorf I;NW;Urne;224445;109432;1047;108385;23436;36100;17895;5630;13280;0;9134;535;0;0;0;0;0;1653;0;0;0;0;0;177;0;0;0;545;0;0;0;0;616;108816;18867;29853;18853;8452;13407;0;11528;230;822;180;442;168;0;876;0;0;0;0;0;0;72;0;162;0;0;152;4622;68;62
106;Düsseldorf II;NW;Urne;188875;93018;973;92045;21320;24428;15042;3718;14729;0;9990;481;0;0;0;0;0;1245;0;0;0;0;0;221;0;0;0;484;0;0;387;0;622;92396;17001;21197;14252;5024;14668;0;11960;251;911;160;418;196;0;778;0;0;0;0;0;0;58;0;123;0;0;157;5030;91;121
107;Neuss I;NW;Urne;210819;108347;1143;107204;28159;35478;8268;4424;22206;0;8669;0;0;0;0;0;0;0;0;0;0;0;0;0;0;0;0;0;0;0;0;0;796;107551;19236;31823;10623;5625;22140;0;9198;377;1374;336;526;248;0;559;0;0;0;0;0;0;33;0;164;0;0;121;5019;62;87
108;Mönchengladbach;NW;Urne;181209;96489;1297;95192;25101;32128;8605;3179;20599;0;0;952;0;0;2304;0;0;1358;0;0;0;0;0;0;0;0;0;714;0;0;252;0;778;95711;17482;26746;8575;4323;20416;0;9836;410;1248;223;534;145;0;520;0;0;0;0;0;0;24;0;114;0;0;204;4765;48;98
109;Krefeld I – Neuss II;NW;Urne;196586;107429;1106;106323;23724;37493;11079;5724;18607;0;7971;1725;0;0;0;0;0;0;0;0;0;0;0;0;0;0;0;0;0;0;0;0;704;106725;19042;33427;12282;6723;18579;0;8465;521;1281;262;500;222;0;491;0;0;0;0;0;0;32;0;167;0;0;132;4487;47;65
110;Viersen;NW;Urne;223739;118235;1174;117061;23662;43907;11293;4701;22965;0;7822;1440;0;0;0;0;0;1271;0;0;0;0;0;0;0;0;0;0;0;0;0;0;821;117414;20601;37749;12239;6539;22804;0;8309;665;1579;276;682;160;0;622;0;0;0;0;0;0;19;0;185;0;0;171;4704;31;79
111;Kleve;NW;Urne;223650;107688;965;106723;22340;40393;8786;3724;21845;0;7198;1243;0;0;0;0;0;1194;0;0;0;0;0;0;0;0;0;0;0;0;0;0;835;106853;19093;35486;10117;4902;21792;0;7654;690;1354;249;503;84;0;604;0;0;0;0;0;0;23;0;167;0;0;139;3911;27;58
112;Wesel I;NW;Urne;204087;112404;1047;111357;30299;36318;8066;3943;23325;0;7444;1274;0;0;0;0;0;0;0;0;0;0;0;0;0;0;0;688;0;0;0;0;777;111627;24669;32473;9601;4838;23338;0;8162;543;1576;211;700;161;0;418;0;0;0;0;0;0;46;0;171;0;0;221;4419;26;54
113;Krefeld II – Wesel II;NW;Urne;173314;94716;1025;93691;27864;27607;7392;3215;18845;0;6678;1061;0;0;0;0;0;1029;0;0;0;0;0;0;0;0;0;0;0;0;0;0;698;94018;20331;24652;9447;4461;18656;0;8560;431;1244;192;529;166;0;477;0;0;0;0;0;0;47;0;132;0;0;107;4482;50;54
114;Duisburg I;NW;Urne;159961;84491;977;83514;30962;17033;5893;2111;17346;0;8343;818;0;0;0;0;0;790;0;0;0;0;0;218;0;0;0;0;0;0;0;0;674;83817;20638;17385;7910;2815;17067;0;9892;322;1269;176;500;323;0;439;0;0;0;0;0;0;90;0;158;0;0;112;4606;76;39
115;Duisburg II;NW;Urne;152391;79914;1079;78835;25432;14112;4502;1671;23447;0;8176;916;0;0;0;0;0;0;0;0;0;0;0;242;0;0;0;0;0;0;0;337;869;79045;18845;13641;4462;2066;22129;0;9861;309;1238;147;422;371;0;226;0;0;0;0;0;0;94;0;100;0;0;119;4892;79;44
116;Oberhausen – Wesel III;NW;Urne;193877;105322;1081;104241;31163;25460;7407;3011;26104;0;9251;0;0;0;0;1394;0;0;0;0;0;0;0;451;0;0;0;0;0;0;0;0;764;104558;24460;23521;8272;3571;25438;0;9781;347;1660;199;677;375;0;432;0;0;0;0;0;0;79;0;176;0;0;170;5296;51;53
117;Mülheim – Essen I;NW;Urne;177448;98356;943;97413;30951;26207;8026;3339;19973;0;7454;1463;0;0;0;0;0;0;0;0;0;0;0;0;0;0;0;0;0;0;0;0;610;97746;22263;25305;9764;4251;19645;0;8415;449;1339;164;573;196;0;434;0;0;0;0;0;0;57;0;129;0;0;104;4556;43;59
118;Essen II;NW;Urne;152295;78684;933;77751;22589;17715;5468;1829;20728;0;8183;945;0;0;0;0;0;0;0;0;0;0;0;294;0;0;0;0;0;0;0;0;713;77971;17238;15821;6011;2308;19865;0;8936;280;1188;109;512;219;0;420;0;0;0;0;0;0;120;0;102;0;0;100;4678;37;27
119;Essen III;NW;Urne;186492;98828;1012;97816;24257;32837;14334;3053;14110;0;7987;1002;0;0;0;0;0;0;0;0;0;0;0;236;0;0;0;0;0;0;0;0;466;98362;20363;27034;14987;5002;14408;0;9741;267;1062;152;592;117;0;685;0;0;0;0;0;0;70;0;128;0;0;81;3607;30;36
120;Recklinghausen I;NW;Urne;161611;83228;742;82486;26322;21485;4787;2215;20165;0;5576;581;0;0;1190;0;0;0;0;0;0;0;0;165;0;0;0;0;0;0;0;0;569;82659;18129;20253;7001;3123;20068;0;7043;320;1191;204;504;187;0;333;0;0;0;0;0;0;64;0;116;0;0;113;3918;39;53
121;Recklinghausen II;NW;Urne;182424;94831;942;93889;26058;26823;5971;2298;23905;0;6400;1009;0;0;0;0;0;0;0;0;0;0;0;253;0;0;0;442;0;0;0;730;692;94139;20559;24067;7224;3444;24009;0;7192;411;1422;174;435;216;0;367;0;0;0;0;0;0;75;0;124;0;0;168;4158;45;49
122;Gelsenkirchen;NW;Urne;164673;86260;939;85321;25720;17538;4374;2771;25161;0;8184;1120;0;0;0;0;0;0;0;0;0;0;0;453;0;0;0;0;0;0;0;0;713;85547;19193;16928;4813;2633;24355;0;9150;372;1597;148;473;343;0;269;0;0;0;0;0;0;186;0;109;0;0;100;4775;65;38
123;Steinfurt I – Borken I;NW;Urne;201685;112887;777;112110;24835;44232;9528;3768;20584;0;7633;1530;0;0;0;0;0;0;0;0;0;0;0;0;0;0;0;0;0;0;0;0;704;112183;20231;40633;10700;4807;20163;0;7962;654;1184;231;551;120;0;568;0;0;0;0;0;0;14;0;196;0;0;117;3954;56;42
124;Bottrop – Recklinghausen III;NW;Urne;195336;108524;983;107541;30799;31190;6082;2857;26736;0;7049;1146;0;0;1515;0;0;0;0;0;0;0;0;167;0;0;0;0;0;0;0;0;768;107756;23610;28512;8074;3798;26607;0;8230;508;1622;173;597;213;0;423;0;0;0;0;0;0;71;0;146;0;0;154;4929;30;59
125;Borken II;NW;Urne;200973;114482;884;113598;21793;52384;9891;3505;17696;0;6480;1849;0;0;0;0;0;0;0;0;0;0;0;0;0;0;0;0;0;0;0;0;651;113831;19190;45818;11131;5266;18158;0;6850;763;1069;210;527;121;0;595;0;0;0;0;0;0;30;0;205;0;0;124;3686;34;54
126;Coesfeld – Steinfurt II;NW;Urne;194072;101304;802;100502;20007;43107;12257;3223;15564;0;5153;0;0;0;0;0;0;1191;0;0;0;0;0;0;0;0;0;0;0;0;0;0;575;100729;17389;37657;13034;4448;15991;0;6140;418;912;156;454;81;0;580;0;0;0;0;0;0;10;0;187;0;0;105;3101;21;45
127;Steinfurt III;NW;Urne;194178;117310;834;116476;28826;41767;12476;3585;21541;0;7636;0;0;0;0;0;0;0;0;0;0;0;0;0;0;0;0;0;0;0;0;645;725;116585;25051;36322;12816;4759;20985;0;8177;527;1231;244;609;183;0;648;0;0;0;0;0;0;15;0;164;0;0;117;4640;33;64
128;Münster;NW;Urne;237654;115287;800;114487;23149;31198;34093;3657;10217;0;8894;0;0;0;1491;0;0;1788;0;0;0;0;0;0;0;0;0;0;0;0;0;0;542;114745;20455;27746;28345;5395;10637;0;15432;202;689;136;555;89;0;1051;0;0;0;0;0;0;14;0;141;0;0;85;3686;49;38
129;Warendorf;NW;Urne;207690;112420;1109;111311;22366;43140;11134;3278;22226;0;7085;2082;0;0;0;0;0;0;0;0;0;0;0;0;0;0;0;0;0;0;0;0;838;111582;19672;37571;11642;4602;22106;0;7830;735;1088;243;476;146;0;556;0;0;0;0;0;0;24;0;173;0;0;145;4487;26;60
130;Gütersloh I;NW;Urne;232757;129255;1398;127857;25778;49803;10571;4008;26990;0;7841;1429;0;0;0;0;0;1188;0;0;0;0;0;0;0;0;0;0;0;0;0;249;1053;128202;21965;39799;13485;5656;28328;0;8990;639;1161;295;577;190;0;727;0;0;0;0;0;0;14;0;189;0;0;162;5907;37;81
131;Bielefeld – Gütersloh II;NW;Urne;240475;129101;1270;127831;34585;30756;17829;3753;22553;0;14403;0;0;0;1911;1024;0;1017;0;0;0;0;0;0;0;0;0;0;0;0;0;0;901;128200;25197;27335;18966;5322;22602;0;18125;311;1139;279;796;399;0;702;0;0;0;0;0;0;35;0;194;0;0;144;6507;71;76
132;Herford – Minden-Lübbecke II;NW;Urne;223060;120106;1300;118806;32632;32820;7721;3758;30694;0;8000;1297;0;0;1633;0;0;0;0;0;0;0;0;0;0;0;0;0;0;0;251;0;1000;119106;23642;29732;10623;4888;30615;0;9425;657;1254;317;667;169;0;481;0;0;0;0;0;0;28;0;185;0;0;186;6102;23;112
133;Minden-Lübbecke I;NW;Urne;199147;109963;1407;108556;25300;32631;8981;3578;28561;0;6631;1804;0;0;0;0;0;693;0;0;0;0;0;0;0;0;0;0;0;0;377;0;1023;108940;22421;27740;9342;4428;28389;0;7606;792;1090;294;603;144;0;333;0;0;0;0;0;0;12;0;171;0;0;177;5210;25;163
134;Lippe I;NW;Urne;221604;120815;1504;119311;26529;34698;12574;3584;31816;0;7872;2238;0;0;0;0;0;0;0;0;0;0;0;0;0;0;0;0;0;0;0;0;1130;119685;23038;29711;11396;4998;31692;0;8631;843;1349;408;685;190;0;485;0;0;0;0;0;0;24;0;193;0;0;167;5670;37;168
135;Höxter – Gütersloh III – Lippe II;NW;Urne;169491;97180;1109;96071;16998;39563;6343;2983;23349;0;5387;1448;0;0;0;0;0;0;0;0;0;0;0;0;0;0;0;0;0;0;0;0;893;96287;15369;33215;7155;4175;23393;0;5754;610;1049;277;464;130;0;317;0;0;0;0;0;0;11;0;140;0;0;130;3975;17;106
136;Paderborn;NW;Urne;231585;120310;1155;119155;17147;50722;10600;2905;27898;0;8034;0;0;0;1849;0;0;0;0;0;0;0;0;0;0;0;0;0;0;0;0;0;895;119415;15359;41383;11737;5094;28491;0;8773;352;1025;326;629;138;0;505;0;0;0;0;0;0;15;0;137;0;0;148;5188;32;83
137;Hagen – Ennepe-Ruhr-Kreis I;NW;Urne;195958;102674;1080;101594;25230;26686;7420;3319;25658;0;6931;978;0;0;0;969;0;0;0;0;0;0;0;172;0;0;0;0;4231;0;0;0;795;101879;20468;25872;8070;4022;25352;0;9103;418;1490;222;487;409;0;369;0;0;0;0;0;0;69;0;137;0;0;119;5151;39;82
138;Ennepe-Ruhr-Kreis II;NW;Urne;170960;92228;858;91370;26102;26506;8525;2752;18519;0;6220;790;0;0;1362;0;0;0;0;0;0;0;0;180;0;0;0;414;0;0;0;0;629;91599;20136;23151;10726;3810;18730;0;7580;350;1299;207;622;138;0;438;0;0;0;0;0;0;88;0;139;0;0;158;3957;28;42
139;Bochum I;NW;Urne;200128;101487;959;100528;32361;22581;12255;2880;17248;0;10710;0;0;0;1537;0;0;0;0;0;0;0;0;281;0;0;0;675;0;0;0;0;664;100823;23333;21441;13466;3716;17057;0;13620;277;1298;162;575;216;0;636;0;0;0;0;0;0;97;0;146;0;0;201;4492;44;46
140;Herne – Bochum II;NW;Urne;170434;90519;1140;89379;28646;19355;6620;2051;22425;0;8493;0;0;0;0;0;0;716;0;0;0;0;0;256;0;0;0;817;0;0;0;0;819;89700;21717;18446;7069;2725;22024;0;9648;306;1495;161;480;184;0;403;0;0;0;0;0;0;119;0;137;0;0;191;4500;45;50
141;Dortmund I;NW;Urne;203655;100623;985;99638;29912;21617;12429;2826;19340;0;10306;0;0;0;1672;0;0;1007;0;0;0;0;0;259;0;0;0;0;0;0;0;270;729;99894;21877;19967;13807;3536;19105;0;12949;285;1333;194;753;197;0;614;0;0;0;0;0;0;84;0;119;0;0;130;4829;58;57
142;Dortmund II;NW;Urne;195508;97894;1169;96725;30129;21800;8742;2558;21305;0;10198;0;0;0;1993;0;0;0;0;0;0;0;0;0;0;0;0;0;0;0;0;0;804;97090;22367;20458;9753;3502;20787;0;11314;271;1485;224;710;234;0;458;0;0;0;0;0;0;58;0;117;0;0;111;5148;48;45
143;Unna I;NW;Urne;190464;107167;1093;106074;32207;29404;8532;2738;23810;0;7323;0;0;0;0;0;0;1142;0;0;0;0;0;0;0;0;0;918;0;0;0;0;788;106379;24593;26693;9982;3718;24007;0;8684;454;1652;223;619;162;0;558;0;0;0;0;0;0;40;0;144;0;0;215;4556;30;49
144;Hamm – Unna II;NW;Urne;227760;123793;1303;122490;37886;33332;6702;3269;31551;0;9750;0;0;0;0;0;0;0;0;0;0;0;0;0;0;0;0;0;0;0;0;0;975;122818;27057;31231;8724;4181;30952;0;10315;460;1737;217;590;335;0;514;0;0;0;0;0;0;32;0;187;0;0;156;5997;73;60
145;Soest;NW;Urne;229384;120084;1060;119024;25273;40993;10343;4358;28862;0;7789;1406;0;0;0;0;0;0;0;0;0;0;0;0;0;0;0;0;0;0;0;0;789;119295;20472;37881;10873;4821;28204;0;8021;547;1328;355;601;158;0;525;0;0;0;0;0;0;16;0;187;0;0;154;5061;30;61
146;Hochsauerlandkreis;NW;Urne;196716;98863;718;98145;19735;43961;5417;2434;19970;0;5227;1401;0;0;0;0;0;0;0;0;0;0;0;0;0;0;0;0;0;0;0;0;627;98236;14918;39674;6590;3818;20652;0;5985;559;1076;215;523;113;0;425;0;0;0;0;0;0;16;0;106;0;0;121;3388;16;41
147;Siegen-Wittgenstein;NW;Urne;202346;105267;944;104323;23687;33026;7149;3319;25925;0;7568;1254;0;0;1263;0;0;765;0;0;0;0;0;0;0;0;0;0;0;0;367;0;669;104598;19188;29881;8353;4130;25767;0;8365;721;1093;275;580;132;0;547;0;0;0;0;0;0;23;0;127;0;0;136;5065;27;188
148;Olpe – Märkischer Kreis I;NW;Urne;198932;93731;981;92750;17790;34739;5281;3148;24295;0;5741;1039;0;0;0;0;0;0;0;0;0;0;0;0;0;0;0;0;0;0;0;717;757;92974;13830;31327;6023;3660;24680;0;6113;453;1027;260;392;149;0;347;0;0;0;0;0;0;25;0;118;0;0;140;4335;21;74
149;Märkischer Kreis II;NW;Urne;191152;97899;922;96977;20724;33826;5492;2982;25213;0;7458;0;0;0;0;0;0;0;0;0;0;0;0;0;0;0;0;809;0;0;0;473;721;97178;16356;28931;6399;3976;25660;0;7710;375;1461;286;429;214;0;308;0;0;0;0;0;0;27;0;131;0;0;244;4562;45;64
150;Nordsachsen;SN;Urne;158475;91394;856;90538;7857;19925;1786;2022;45005;0;7317;4386;0;0;992;0;0;546;0;0;0;0;0;0;0;0;0;702;0;0;0;0;692;90702;6681;16557;2440;2880;44099;0;7111;1681;992;0;438;0;101;277;0;0;0;58;0;0;38;0;0;0;0;257;7092;0;0
151;Leipzig I;SN;Urne;225020;118424;732;117692;12215;23990;7348;2417;36589;0;23612;1208;0;0;1277;0;0;927;0;0;0;0;0;191;0;0;0;235;7211;0;0;472;749;117675;10911;19211;10360;3842;36826;0;23000;935;1415;0;840;0;195;786;0;0;0;116;0;0;95;0;0;0;0;201;8942;0;0
152;Leipzig II;SN;Urne;232750;118664;598;118066;9193;18080;9357;2312;28573;0;41679;1107;0;0;1155;0;0;0;0;0;228;0;0;0;0;0;0;260;6122;0;0;0;562;118102;12166;17536;16011;3819;28395;0;27343;805;1166;0;842;0;183;858;0;0;0;153;0;0;70;0;0;0;0;207;8548;0;0
153;Leipzig-Land;SN;Urne;210845;123350;970;122380;11643;27422;3436;3002;53873;0;10637;5374;0;0;0;0;0;0;0;0;299;0;0;0;0;0;0;0;6694;0;0;0;890;122460;9555;24444;4490;4067;54105;0;10534;2721;1317;0;459;0;151;481;0;0;0;135;0;0;51;0;0;0;0;205;9745;0;0
154;Meißen;SN;Urne;193052;108747;1014;107733;6748;21829;3349;4879;56962;0;9615;3388;0;0;0;0;0;0;0;0;0;0;0;0;0;0;0;963;0;0;0;0;756;107991;6402;18198;3721;3819;55083;0;8127;1321;1200;0;421;0;162;435;0;0;0;59;0;0;32;0;0;0;0;407;8604;0;0
155;Bautzen I;SN;Urne;200639;122402;1197;121205;7395;26100;2069;2935;65167;0;11025;5562;0;0;0;0;0;0;0;0;0;0;0;0;0;0;0;952;0;0;0;0;991;121411;6811;21759;2740;3620;62388;0;8929;2059;1346;0;546;0;158;279;0;0;0;69;0;0;34;0;0;0;0;420;10253;0;0
156;Görlitz;SN;Urne;196873;114042;1008;113034;6062;23711;2635;2048;62638;0;6930;2419;0;0;0;0;0;0;0;0;0;0;0;0;0;0;0;582;6009;0;0;0;915;113127;6178;19343;2910;3170;59964;0;8196;1502;1337;0;444;0;183;243;0;0;0;90;0;0;40;0;0;0;0;377;9150;0;0
157;Sächsische Schweiz-Osterzgebirge;SN;Urne;196612;116119;1170;114949;7480;22456;2582;3002;64140;0;9809;4630;0;0;0;0;0;0;0;0;0;0;0;0;0;0;0;850;0;0;0;0;799;115320;5578;19179;3405;3506;61272;0;8069;1786;1236;0;393;0;141;465;0;0;0;73;0;0;24;0;0;0;0;373;9820;0;0
158;Dresden I;SN;Urne;225103;108479;1128;107351;10396;26069;9139;3409;40619;0;14880;0;0;0;0;0;0;1680;0;0;0;0;0;0;0;0;0;1159;0;0;0;0;640;107839;9220;18753;10498;4113;38269;0;14182;741;1070;0;568;0;244;998;0;0;0;117;0;0;49;0;0;0;0;362;8655;0;0
159;Dresden II – Bautzen II;SN;Urne;233483;116239;958;115281;8994;24997;9902;2911;44682;0;17614;1737;0;0;1705;0;0;1616;0;0;0;0;0;198;0;0;0;925;0;0;0;0;641;115598;8250;18577;11761;4158;43088;0;16704;961;1132;0;762;0;250;953;0;0;0;112;0;0;67;0;0;0;0;362;8461;0;0
160;Mittelsachsen;SN;Urne;188107;107012;951;106061;7994;25702;1991;2836;54450;0;9131;3957;0;0;0;0;0;0;0;0;0;0;0;0;0;0;0;0;0;0;0;0;707;106305;6851;19519;2844;3237;52515;0;8165;1765;1026;0;343;0;120;344;0;0;0;95;0;0;29;0;0;0;0;198;9254;0;0
161;Chemnitz;SN;Urne;183295;97277;595;96682;13944;18454;3525;2206;37829;0;9650;1184;0;0;942;0;0;473;0;0;220;0;0;0;0;0;0;387;7868;0;0;0;527;96750;9115;16414;5191;3059;38122;0;11716;781;1151;0;567;0;140;446;0;0;0;120;0;0;40;0;0;0;0;300;9588;0;0
162;Chemnitzer Umland – Erzgebirgskreis II;SN;Urne;172020;100922;1293;99629;10187;24556;2230;3103;49668;0;9885;0;0;0;0;0;0;0;0;0;0;0;0;0;0;0;0;0;0;0;0;0;700;100222;7582;18973;2631;3053;46817;0;7645;1765;1089;0;397;0;128;263;0;0;0;78;0;0;21;0;0;0;0;279;9501;0;0
163;Erzgebirgskreis I;SN;Urne;202990;119356;1395;117961;6828;26452;1502;2492;61803;0;7877;3711;0;0;0;0;0;0;0;0;0;0;0;0;0;0;0;0;5993;0;0;1303;1270;118086;6776;21612;2088;3324;61054;0;7871;2388;1321;0;398;0;133;241;0;0;0;67;0;0;37;0;0;0;0;384;10392;0;0
164;Zwickau;SN;Urne;189565;109517;905;108612;9520;23160;2059;2976;49300;0;8225;3067;0;0;1211;0;0;0;0;0;0;0;0;102;0;0;0;318;8674;0;0;0;766;108751;8654;20674;2816;3194;49788;0;9247;1611;1240;0;538;0;97;299;0;0;0;54;0;0;56;0;0;0;0;253;10230;0;0
165;Vogtlandkreis;SN;Urne;177951;97855;1099;96756;8386;23136;2445;2193;47866;0;8885;3845;0;0;0;0;0;0;0;0;0;0;0;0;0;0;0;0;0;0;0;0;694;97161;7451;18481;2370;2743;45414;0;7357;1320;1129;0;441;0;112;198;0;0;0;48;0;0;39;0;0;0;0;194;9864;0;0
166;Waldeck;HE;Urne;180475;98697;1122;97575;26001;28488;6151;3244;24907;0;5986;2798;0;0;0;0;0;0;0;0;0;0;0;0;0;0;0;0;0;0;0;0;1011;97686;20880;26084;7603;3960;24543;0;6456;1435;1316;0;397;0;0;380;0;0;0;76;0;0;27;0;0;0;0;155;4374;0;0
167;Kassel;HE;Urne;214132;112370;1449;110921;29589;25015;13805;3039;22220;0;13923;1733;0;0;0;0;0;1351;0;0;0;0;0;246;0;0;0;0;0;0;0;0;1156;111214;23540;22807;14403;4066;21577;0;14475;886;1359;0;512;0;0;697;0;0;0;71;0;0;88;0;0;0;0;170;6563;0;0
168;Werra-Meißner – Hersfeld-Rotenburg;HE;Urne;167770;90866;1198;89668;23576;26966;4313;2225;24053;0;5085;2326;0;0;0;0;0;808;0;0;0;0;0;0;0;0;0;0;0;0;0;316;1068;89798;18715;23560;5921;3511;24588;0;6004;1621;1034;0;351;0;0;560;0;0;0;39;0;0;17;0;0;0;0;141;3736;0;0
169;Schwalm-Eder;HE;Urne;182420;102478;1296;101182;26985;28782;5208;2973;28254;0;5616;3364;0;0;0;0;0;0;0;0;0;0;0;0;0;0;0;0;0;0;0;0;1160;101318;21313;25914;7244;4194;28010;0;6138;1716;1377;0;454;0;0;348;0;0;0;59;0;0;17;0;0;0;0;142;4392;0;0
170;Marburg;HE;Urne;179872;101303;870;100433;29272;27989;7782;2413;21898;0;7852;1835;0;0;0;0;0;831;0;0;0;0;0;0;0;0;0;0;0;0;0;561;772;100531;19825;25124;11442;4033;21750;0;10666;1270;1010;0;414;0;0;530;0;0;0;76;0;0;17;0;0;0;0;146;4228;0;0
171;Lahn-Dill;HE;Urne;203567;111537;1171;110366;25149;35433;6664;3085;29843;0;6571;2353;0;0;0;0;0;1268;0;0;0;0;0;0;0;0;0;0;0;0;0;0;1057;110480;19531;30710;8700;4549;29485;0;7998;1423;1397;0;709;0;0;704;0;0;0;61;0;0;27;0;0;0;0;198;4988;0;0
172;Gießen;HE;Urne;215142;116189;1315;114874;30368;33102;8773;3169;26372;0;8669;2974;0;0;0;0;0;1447;0;0;0;0;0;0;0;0;0;0;0;0;0;0;1121;115068;20397;28634;12622;4810;26497;0;11582;1743;1311;0;691;0;0;888;0;0;0;128;0;0;38;0;0;0;0;191;5536;0;0
173;Fulda;HE;Urne;206544;114970;1068;113902;14864;46493;6555;3797;30954;0;5054;3820;0;0;899;0;0;996;0;0;0;0;0;0;0;0;0;470;0;0;0;0;1002;113968;13903;40170;7522;5595;31578;0;6113;2515;949;0;462;0;0;678;0;0;0;76;0;0;16;0;0;0;0;238;4153;0;0
174;Main-Kinzig – Wetterau II – Schotten;HE;Urne;175443;94484;1094;93390;18017;29611;6131;3119;27506;0;4977;2597;0;0;0;0;0;926;0;0;0;0;0;0;0;0;0;506;0;0;0;0;961;93523;14346;26110;7387;4506;27337;0;5785;1564;1256;0;462;0;0;526;0;0;0;55;0;0;22;0;0;0;0;219;3948;0;0
175;Hochtaunus;HE;Urne;178433;93936;813;93123;17817;32769;10747;4378;18618;0;5641;1819;0;0;0;0;0;1334;0;0;0;0;0;0;0;0;0;0;0;0;0;0;661;93275;14988;28731;11536;6138;18443;0;6350;966;1015;0;388;0;0;709;0;0;0;73;0;0;21;0;0;0;0;140;3777;0;0
176;Wetterau I;HE;Urne;176870;93475;915;92560;23349;29220;8393;3537;19088;0;5482;2167;0;0;0;0;0;1324;0;0;0;0;0;0;0;0;0;0;0;0;0;0;818;92657;15555;26294;11559;5126;19113;0;7413;1285;1125;0;485;0;0;743;0;0;0;77;0;0;17;0;0;0;0;146;3719;0;0
177;Rheingau-Taunus – Limburg;HE;Urne;217091;110947;1028;109919;23889;37517;10963;4555;23139;0;6281;2007;0;0;0;0;0;1568;0;0;0;0;0;0;0;0;0;0;0;0;0;0;843;110104;18069;33587;12608;6331;23343;0;7751;1043;1326;0;543;0;0;898;0;0;0;86;0;0;18;0;0;0;0;187;4314;0;0
178;Wiesbaden;HE;Urne;186038;90606;1023;89583;19692;24873;12057;3638;15643;0;10813;1256;0;0;0;0;0;1611;0;0;0;0;0;0;0;0;0;0;0;0;0;0;750;89856;15179;21289;12729;5073;15714;0;11739;624;856;0;406;0;0;886;0;0;0;91;0;0;37;0;0;0;0;140;5093;0;0
179;Hanau;HE;Urne;175243;96155;1076;95079;23379;28465;7389;3485;21141;0;8085;1907;0;0;0;0;0;1228;0;0;0;0;0;0;0;0;0;0;0;0;0;0;885;95270;16753;25207;9385;4866;21172;0;9123;941;1245;0;458;0;0;712;0;0;0;83;0;0;33;0;0;0;0;152;5140;0;0
180;Main-Taunus;HE;Urne;193390;101523;866;100657;17876;37289;13267;5381;16026;0;7225;1581;0;0;0;0;0;1424;0;0;0;0;0;0;0;0;0;588;0;0;0;0;737;100786;15566;32278;13770;7656;16178;0;7760;821;930;0;427;0;0;823;0;0;0;76;0;0;30;0;0;0;0;241;4230;0;0
181;Frankfurt am Main I;HE;Urne;202372;101938;1202;100736;27024;23667;14716;4396;12917;0;14872;812;0;0;980;0;0;1149;0;0;0;0;0;203;0;0;0;0;0;0;0;0;973;100965;17900;21187;16116;6348;12813;0;17572;473;801;0;483;0;0;894;0;0;0;91;0;0;62;0;0;0;0;137;6088;0;0
182;Frankfurt am Main II;HE;Urne;230870;116660;1071;115589;22228;29277;28599;5079;12715;0;13472;777;0;0;1105;0;0;1505;0;0;0;0;0;138;0;0;0;387;0;0;0;307;854;115806;20379;26247;21845;7447;12814;0;17769;484;787;0;563;0;0;1073;0;0;0;104;0;0;48;0;0;0;0;206;6040;0;0
183;Groß-Gerau;HE;Urne;172314;90634;1146;89488;25521;24931;6440;2946;17136;0;9468;1866;0;0;0;0;0;983;0;0;0;0;0;197;0;0;0;0;0;0;0;0;946;89688;17222;22169;9296;4075;17502;0;10436;933;1086;0;487;0;0;526;0;0;0;91;0;0;66;0;0;0;0;149;5650;0;0
184;Offenbach;HE;Urne;218352;115593;1332;114261;25606;32953;15129;4354;20316;0;13517;2386;0;0;0;0;0;0;0;0;0;0;0;0;0;0;0;0;0;0;0;0;1105;114488;19489;28842;13785;6233;20159;0;14783;979;1350;0;528;0;0;831;0;0;0;93;0;0;38;0;0;0;0;177;7201;0;0
185;Darmstadt;HE;Urne;239490;126070;1198;124872;25352;31249;26186;4055;20416;0;11017;1058;1551;0;1115;0;0;2713;0;0;0;0;0;160;0;0;0;0;0;0;0;0;932;125138;22127;27864;22233;6052;20374;0;15475;716;1292;0;686;0;0;1690;0;0;0;145;0;0;60;0;0;0;0;195;6229;0;0
186;Odenwald;HE;Urne;230672;118996;1386;117610;28170;36371;9862;4212;26546;0;8207;2810;0;0;0;0;0;1432;0;0;0;0;0;0;0;0;0;0;0;0;0;0;1087;117909;20220;32644;12420;5971;26647;0;9546;1388;1656;0;602;0;0;891;0;0;0;88;0;0;43;0;0;0;0;202;5591;0;0
187;Bergstraße;HE;Urne;195419;103862;1063;102799;20962;34446;8726;3961;24866;0;6372;1975;0;0;0;0;0;1491;0;0;0;0;0;0;0;0;0;0;0;0;0;0;876;102986;17156;29203;10741;5486;24570;0;7066;1076;1388;0;533;0;0;849;0;0;0;70;0;0;31;0;0;0;0;184;4633;0;0
188;Eichsfeld – Nordhausen – Kyffhäuserkreis;TH;Urne;206544;125747;1078;124669;9604;32210;1854;2833;55479;0;13902;0;0;0;0;0;0;0;0;0;0;0;0;243;0;0;0;0;8544;0;0;0;981;124766;9633;26850;2727;3751;54806;0;15201;1204;0;0;0;0;0;309;0;0;0;0;0;0;122;0;0;0;0;277;9886;0;0
189;Eisenach – Wartburgkreis – Unstrut-Hainich-Kreis;TH;Urne;201183;119269;1072;118197;12064;24707;2271;1750;51669;0;11349;2550;0;0;0;0;0;0;0;0;0;0;0;236;0;0;0;0;8766;0;0;2835;1052;118217;9681;21297;2864;3030;54096;0;14010;1964;0;0;0;0;0;431;0;0;0;0;0;0;172;0;0;0;0;278;10394;0;0
190;Jena – Sömmerda – Weimarer Land I;TH;Urne;194202;114124;854;113270;11235;19772;5168;2527;43826;0;20263;2314;0;0;0;0;0;0;0;0;0;0;0;226;0;0;0;0;7939;0;0;0;748;113376;9097;18237;6802;3528;43757;0;19136;1564;0;0;0;0;0;777;0;0;0;0;0;0;168;0;0;0;0;262;10048;0;0
191;Gotha – Ilm-Kreis;TH;Urne;184279;112435;1125;111310;9809;20420;2768;2272;51242;0;13656;2383;0;0;0;0;0;0;0;0;0;0;0;0;0;0;0;0;7934;0;0;826;985;111450;8744;18003;3370;3019;50614;0;15385;1764;0;0;0;0;0;457;0;0;0;0;0;0;135;0;0;0;0;358;9601;0;0
192;Erfurt – Weimar – Weimarer Land II;TH;Urne;214387;124113;885;123228;9127;19005;3072;2399;39055;0;41903;1283;0;0;0;0;0;0;0;0;0;0;0;243;0;0;0;0;7141;0;0;0;920;123193;11623;20090;9018;3665;39168;0;26445;1146;0;0;0;0;0;930;0;0;0;0;0;0;200;0;0;0;0;279;10629;0;0
193;Gera – Greiz – Altenburger Land;TH;Urne;220281;133074;1159;131915;12569;23686;2162;2972;66017;0;14777;2533;0;0;0;0;0;0;0;0;0;0;0;0;0;0;0;0;7199;0;0;0;1112;131962;9290;20845;3264;3972;63984;0;15669;1629;0;0;0;0;0;471;0;0;0;0;0;0;161;0;0;0;0;458;12219;0;0
194;Saalfeld-Rudolstadt – Saale-Holzland-Kreis – Saale-Orla-Kreis;TH;Urne;211519;131501;1028;130473;9415;24332;2730;2867;65076;0;15358;2914;0;0;0;0;0;0;0;0;0;0;0;0;0;0;0;0;7781;0;0;0;972;130529;8682;20981;3303;3721;62933;0;16025;2041;0;0;0;0;0;508;0;0;0;0;0;0;130;0;0;0;0;363;11842;0;0
195;Suhl – Schmalkalden-Meiningen – Hildburghausen – Sonneberg;TH;Urne;220067;131520;1106;130414;11918;23162;1656;2922;61704;0;12708;4436;0;0;0;0;0;0;0;0;0;0;0;221;0;0;0;0;9817;0;0;1870;1037;130483;9580;20810;2623;3387;63107;0;14688;3147;0;0;0;0;0;409;0;0;0;0;0;0;193;0;0;0;0;326;12213;0;0
196;Neuwied;RP;Urne;236097;105059;1246;103813;21154;31765;5743;3547;29060;0;6043;2072;0;0;0;0;0;901;0;0;0;0;0;0;0;0;0;0;3528;0;0;0;895;104164;17360;28261;7517;4626;29949;0;7191;1454;1157;0;486;0;0;552;121;0;0;0;0;0;37;0;0;0;0;163;5290;0;0
197;Ahrweiler;RP;Urne;191196;81378;958;80420;14951;27638;6611;2834;19528;0;4845;2403;0;0;0;0;0;864;357;0;0;0;0;0;0;0;0;389;0;0;0;0;669;80709;13282;24280;7372;4031;19949;0;5285;1246;772;0;339;0;0;471;147;0;0;0;0;0;17;0;0;0;0;158;3360;0;0
198;Koblenz;RP;Urne;189667;79661;977;78684;18498;24401;6926;2460;17474;0;5535;2517;0;0;0;0;0;873;0;0;0;0;0;0;0;0;0;0;0;0;0;0;672;78989;14234;21091;8453;3919;17726;0;6926;1101;747;0;407;0;0;471;108;0;0;0;0;0;21;0;0;0;0;108;3677;0;0
199;Mosel/Rhein-Hunsrück;RP;Urne;168705;77834;1240;76594;13719;26818;4942;4016;19204;0;3857;2900;0;0;0;0;0;616;522;0;0;0;0;0;0;0;0;0;0;0;0;0;734;77100;12529;24397;5515;4028;19557;0;4347;1720;801;0;374;0;0;436;196;0;0;0;0;0;9;0;0;0;0;155;3036;0;0
200;Kreuznach;RP;Urne;179523;86391;970;85421;21235;25165;3960;2757;22565;0;4167;2263;0;0;0;0;0;732;0;0;0;0;0;0;0;0;0;0;2577;0;0;0;709;85682;16178;23308;6191;3784;23607;0;5556;1350;945;0;355;0;0;528;93;0;0;0;0;0;18;0;0;0;0;107;3662;0;0
201;Bitburg;RP;Urne;161542;68917;899;68018;13228;25123;3401;2072;15007;0;2905;5486;0;0;0;0;0;796;0;0;0;0;0;0;0;0;0;0;0;0;0;0;623;68294;10860;22663;4760;3176;15958;0;3691;3041;652;0;299;0;0;369;123;0;0;0;0;0;11;0;0;0;0;110;2581;0;0
202;Trier;RP;Urne;187569;78840;879;77961;22574;21565;6069;2907;14864;0;4560;1765;0;0;0;0;0;682;262;0;0;0;0;0;0;0;0;0;2713;0;0;0;636;78204;14500;21290;9179;3727;15872;0;6743;1215;785;0;395;0;0;622;137;0;0;0;0;0;29;0;0;0;0;102;3608;0;0
203;Montabaur;RP;Urne;209443;97159;1330;95829;20608;30563;5520;3092;25464;0;5551;2920;2111;0;0;0;0;0;0;0;0;0;0;0;0;0;0;0;0;0;0;0;925;96234;15822;27257;7553;4588;25993;0;6424;1796;1197;0;490;0;0;517;88;0;0;0;0;0;16;0;0;0;0;185;4308;0;0
204;Mainz;RP;Urne;251074;119224;1290;117934;27517;29718;22253;4299;15236;0;11457;1405;0;0;702;0;0;1833;550;0;0;0;0;0;0;0;0;0;2964;0;0;0;974;118250;21219;28660;23673;6128;16093;0;14226;858;804;0;502;0;0;1322;337;0;0;0;0;0;31;0;0;0;0;111;4286;0;0
205;Worms;RP;Urne;211986;102426;1230;101196;21222;32222;7829;2989;25515;0;5546;1843;0;0;0;0;0;1140;0;0;0;0;0;0;0;0;0;0;2610;0;0;280;1025;101401;17845;25880;10507;4903;27201;0;7158;1300;1071;0;417;0;0;735;117;0;0;0;0;0;25;0;0;0;0;108;4134;0;0
206;Ludwigshafen/Frankenthal;RP;Urne;205998;96008;1377;94631;23021;22851;6333;3244;27046;0;5431;2275;0;0;0;0;0;805;0;0;0;0;0;0;0;0;0;339;3286;0;0;0;1029;94979;16780;22709;7458;4175;27485;0;7606;1301;1130;0;434;0;0;528;90;0;0;0;0;0;30;0;0;0;0;244;5009;0;0
207;Neustadt – Speyer;RP;Urne;216200;95685;1046;94639;19186;28848;8274;2907;24479;0;4416;2231;0;0;0;0;0;1102;0;0;0;0;0;0;0;0;0;271;2925;0;0;0;820;94865;15302;24924;10558;4673;25304;0;6089;1476;1037;0;384;0;0;724;86;0;0;0;0;0;12;0;0;0;0;200;4096;0;0
208;Kaiserslautern;RP;Urne;219842;103756;1563;102193;26135;22056;5220;2945;32362;0;4708;3693;0;0;0;0;0;736;0;0;0;0;0;0;0;0;0;272;4066;0;0;0;1148;102608;18813;22629;7821;4096;32790;0;6708;2233;1246;0;435;0;0;445;114;0;0;0;0;0;31;0;0;0;0;197;5050;0;0
209;Pirmasens;RP;Urne;169645;74471;1154;73317;13785;21027;2982;2141;24093;0;3003;2016;1828;0;0;0;0;0;0;0;0;0;0;0;0;0;0;129;2313;0;0;0;896;73575;11428;18683;3962;2958;25718;0;3795;1187;1380;0;312;0;0;290;63;0;0;0;0;0;15;0;0;0;0;135;3649;0;0
210;Südpfalz;RP;Urne;215995;90299;1133;89166;16460;29457;6616;2371;23339;0;4246;1713;1390;0;0;0;0;930;0;0;0;0;0;0;0;0;0;0;2644;0;0;0;861;89438;14263;23244;9451;3896;24511;0;6234;1237;1122;0;411;0;0;662;134;0;0;0;0;0;23;0;0;0;0;128;4122;0;0
211;Altötting;BY;Urne;168462;66497;377;66120;5395;0;4440;1842;20391;25863;3224;3316;0;793;0;0;0;0;856;0;0;0;0;0;0;0;0;0;0;0;0;0;299;66198;5131;0;4575;2413;20840;23238;3351;2581;459;404;216;0;0;213;348;0;0;41;0;133;18;0;0;0;0;50;2187;0;0
212;Erding – Ebersberg;BY;Urne;201029;78333;379;77954;8050;0;10391;2977;15505;32431;3783;2492;0;0;0;0;0;792;1004;0;0;0;0;0;0;0;0;0;0;0;0;529;239;78094;8060;0;10057;4239;16205;28026;4645;2219;571;270;295;0;0;480;414;0;0;60;0;141;19;0;0;0;0;74;2319;0;0
213;Freising;BY;Urne;238829;94177;462;93715;11060;0;11448;2835;21409;36166;4792;4850;0;1155;0;0;0;0;0;0;0;0;0;0;0;0;0;0;0;0;0;0;338;93839;9462;0;10620;4417;22456;32076;5841;3421;658;439;395;0;0;456;434;0;0;91;0;145;23;0;0;0;0;73;2832;0;0
214;Fürstenfeldbruck;BY;Urne;230710;96252;465;95787;14405;0;11465;4236;17328;37382;4386;3448;1183;0;0;0;0;1084;870;0;0;0;0;0;0;0;0;0;0;0;0;0;342;95910;11183;0;13012;5188;18278;34392;6007;2410;706;294;322;0;0;683;385;0;0;65;0;127;14;0;0;0;0;84;2760;0;0
215;Ingolstadt;BY;Urne;237848;90305;588;89717;9698;0;6015;1837;24124;37665;4169;3501;838;0;614;0;0;573;683;0;0;0;0;0;0;0;0;0;0;0;0;0;479;89826;8832;0;7407;3499;25236;32022;4833;2800;582;301;372;0;0;379;323;0;0;31;0;110;14;0;0;0;0;69;3016;0;0
216;München-Nord;BY;Urne;223701;84432;573;83859;17319;0;18243;3722;10551;24601;7033;1083;0;0;0;0;0;1036;0;0;0;0;0;0;0;0;0;271;0;0;0;0;339;84093;13507;0;16551;5486;11033;21580;9400;696;500;203;349;0;0;793;228;0;0;73;0;61;24;0;0;0;0;92;3517;0;0
217;München-Ost;BY;Urne;243744;95061;578;94483;15430;0;21057;3828;11882;31028;7331;1544;0;0;979;0;0;1404;0;0;0;0;0;0;0;0;0;0;0;0;0;0;365;94696;14816;0;18445;5840;12502;26173;9716;915;524;233;365;0;0;775;322;0;0;84;0;77;27;0;0;0;0;69;3813;0;0
218;München-Süd;BY;Urne;214947;81211;354;80857;12330;0;22277;3066;9800;22339;5513;903;697;0;513;0;0;936;0;0;0;0;0;63;0;0;0;0;2420;0;0;0;291;80920;12903;0;17234;4585;10340;20632;9046;753;551;183;334;0;0;771;276;0;0;71;0;56;34;0;0;0;0;52;3099;0;0
219;München-West/Mitte;BY;Urne;246574;92220;1762;90458;14530;0;25330;4664;0;29406;7033;3078;1867;0;1161;0;0;1546;0;0;0;0;0;0;0;0;0;998;0;0;0;845;249;91971;14328;0;20837;5513;11381;23488;9901;769;481;202;354;0;0;816;297;0;0;77;0;61;22;0;0;0;0;85;3359;0;0
220;München-Land;BY;Urne;234884;94681;434;94247;12803;0;17843;4153;14113;37095;4649;2279;1312;0;0;0;0;0;0;0;0;0;0;0;0;0;0;0;0;0;0;0;267;94414;12555;0;15428;6372;14652;33114;5591;1402;697;236;342;0;0;707;319;0;0;72;0;96;11;0;0;0;0;77;2743;0;0
221;Rosenheim;BY;Urne;238910;95789;475;95314;8612;0;10993;2775;22844;35502;4918;6065;1157;1197;0;0;0;784;0;0;145;0;0;0;0;0;0;322;0;0;0;0;375;95414;8923;0;10846;4434;23982;32357;5443;3327;776;616;381;0;0;401;470;0;0;71;0;196;17;0;0;0;0;136;3038;0;0
222;Bad Tölz-Wolfratshausen – Miesbach;BY;Urne;165895;60431;327;60104;4647;0;8277;2014;13230;25415;2477;2560;0;0;0;0;0;419;502;0;0;0;563;0;0;0;0;0;0;0;0;0;227;60204;5371;0;6939;3366;13761;22622;2884;1943;372;222;220;0;0;278;237;0;0;18;0;181;4;0;0;0;0;49;1737;0;0
223;Starnberg – Landsberg am Lech;BY;Urne;215624;90283;433;89850;11481;0;14466;3293;15304;35297;3767;2551;1036;767;741;0;0;839;0;0;0;0;308;0;0;0;0;0;0;0;0;0;360;89923;10254;0;14237;5347;15856;31575;5420;1987;625;417;447;0;0;525;334;0;0;58;0;180;14;0;0;0;0;60;2587;0;0
224;Traunstein;BY;Urne;209020;75246;462;74784;8658;0;6014;1550;18847;30908;3528;3685;0;870;0;0;0;0;724;0;0;0;0;0;0;0;0;0;0;0;0;0;344;74902;6934;0;7086;2800;20335;25772;3775;3271;583;436;282;0;0;245;407;0;0;31;0;157;12;0;0;0;0;72;2704;0;0
225;Weilheim;BY;Urne;168111;61108;393;60715;5745;0;7305;2749;12479;25030;3025;2878;0;0;0;0;0;543;961;0;0;0;0;0;0;0;0;0;0;0;0;0;205;60903;5946;0;6817;3023;13426;22610;3511;1949;394;259;297;0;0;258;395;0;0;45;0;108;7;0;0;0;0;47;1811;0;0
226;Deggendorf;BY;Urne;165283;55765;325;55440;4847;0;2592;1879;18278;22032;1539;3662;0;0;0;0;0;285;0;0;0;0;326;0;0;0;0;0;0;0;0;0;213;55552;4465;0;2821;1912;19377;19344;1970;3006;247;116;92;0;0;134;200;0;0;14;0;141;11;0;0;0;0;37;1665;0;0
227;Landshut;BY;Urne;247907;96603;512;96091;8951;0;7474;3101;25159;30587;4289;14052;906;0;0;0;0;432;817;0;0;0;323;0;0;0;0;0;0;0;0;0;410;96193;9064;0;7911;3932;27023;31289;5219;6417;661;285;303;0;0;313;464;0;0;54;0;173;16;0;0;0;0;80;2989;0;0
228;Passau;BY;Urne;176118;58119;305;57814;7813;0;3002;1387;17328;20773;2073;2704;0;0;0;0;0;301;974;0;0;0;0;0;0;0;0;0;1459;0;0;0;260;57859;5487;0;3919;2113;18384;19588;2764;2349;290;108;160;0;0;187;352;0;0;31;0;78;4;0;0;0;0;35;2010;0;0
229;Rottal-Inn;BY;Urne;172941;66697;405;66292;4344;0;3161;1223;19673;21651;2278;12983;0;0;0;0;0;368;611;0;0;0;0;0;0;0;0;0;0;0;0;0;264;66433;4848;0;3213;2130;21598;23256;2622;5575;338;140;171;0;0;196;329;0;0;29;0;116;8;0;0;0;0;33;1831;0;0
230;Straubing;BY;Urne;172522;62252;337;61915;4870;0;2951;1258;19755;25865;2304;3989;0;0;0;0;0;0;722;0;0;0;0;0;0;0;0;201;0;0;0;0;257;61995;4947;0;3085;2066;20783;22108;2572;3484;314;138;152;0;0;139;358;0;0;23;0;110;10;0;0;0;0;59;1647;0;0
231;Amberg;BY;Urne;214379;90327;482;89845;9694;0;5696;2381;24083;36273;3987;5268;0;783;0;0;0;589;759;0;0;0;0;0;0;0;0;332;0;0;0;0;425;89902;9362;0;6544;3211;24849;32771;4339;4045;585;380;253;0;0;330;344;0;0;41;0;135;22;0;0;0;0;102;2589;0;0
232;Regensburg;BY;Urne;250984;99674;452;99222;13089;0;12261;2507;23252;33454;5426;3912;817;0;0;0;0;909;769;0;0;0;0;0;0;0;0;171;2655;0;0;0;387;99287;11107;0;12481;3753;24021;31087;7951;3196;556;254;326;0;0;673;345;0;0;77;0;82;20;0;0;0;0;111;3247;0;0
233;Schwandorf;BY;Urne;220950;80459;476;79983;10302;0;3107;1530;26172;30977;2540;4712;0;0;0;0;0;0;476;0;0;0;0;0;0;0;0;167;0;0;0;0;310;80149;7136;0;3821;2352;27404;28853;3029;4405;399;226;176;0;0;166;290;0;0;27;0;141;11;0;0;0;0;54;1659;0;0
234;Weiden;BY;Urne;162689;59266;346;58920;6627;0;2673;1729;17285;23368;2767;3472;0;0;0;0;0;0;325;0;0;0;0;0;0;0;0;0;0;0;0;674;237;59029;6406;0;3215;1977;18153;21478;2637;2599;345;201;150;0;0;141;151;0;0;22;0;117;4;0;0;0;0;40;1393;0;0
235;Bamberg;BY;Urne;181281;73460;382;73078;10221;0;9729;2278;17422;25596;4284;2409;0;0;0;0;0;720;419;0;0;0;0;0;0;0;0;0;0;0;0;0;297;73163;8009;0;9019;3019;17927;23729;5389;1982;460;242;257;0;0;564;191;0;0;54;0;52;30;0;0;0;0;56;2183;0;0
236;Bayreuth;BY;Urne;159361;62194;327;61867;8450;0;4937;1722;15276;24419;3354;2652;0;483;0;0;0;574;0;0;0;0;0;0;0;0;0;0;0;0;0;0;256;61938;7170;0;5923;2472;16022;20845;4039;2067;429;229;195;0;0;363;132;0;0;44;0;34;9;0;0;0;0;42;1923;0;0
237;Coburg;BY;Urne;153429;68617;364;68253;9180;0;5123;1314;18538;26070;3086;3190;0;0;0;0;0;0;432;0;0;0;0;0;0;0;0;0;1320;0;0;0;330;68287;8928;0;4671;2226;19444;22908;4027;2140;556;182;247;0;0;307;209;0;0;51;0;55;23;0;0;0;0;57;2256;0;0
238;Hof;BY;Urne;157915;66356;433;65923;10667;0;3032;1613;20369;23435;3448;2643;0;0;0;0;0;410;0;0;0;0;0;0;0;0;0;306;0;0;0;0;293;66063;8130;0;3650;2110;20675;21757;4031;1804;548;185;226;0;0;238;97;0;0;31;0;52;10;0;0;0;0;104;2415;0;0
239;Kulmbach;BY;Urne;165464;64562;434;64128;5812;0;4119;1359;18163;28196;2755;3277;0;0;0;0;0;447;0;0;0;0;0;0;0;0;0;0;0;0;0;0;305;64257;6580;0;4528;2203;19143;22865;3178;2449;469;187;223;0;0;290;179;0;0;25;0;62;14;0;0;0;0;58;1804;0;0
240;Ansbach;BY;Urne;241618;102219;576;101643;12535;0;8860;2616;27255;38439;5395;4631;0;0;0;0;0;886;1026;0;0;0;0;0;0;0;0;0;0;0;0;0;439;101780;11675;0;9172;3520;27525;34100;5702;3617;713;362;345;0;0;475;510;0;0;50;0;90;17;0;0;0;0;105;3802;0;0
241;Erlangen;BY;Urne;186938;85169;528;84641;14040;0;15112;2525;14916;28330;5589;2995;0;0;0;0;0;1134;0;0;0;0;0;0;0;0;0;0;0;0;0;0;323;84846;11546;0;14604;3787;15296;26081;6779;1584;554;260;367;0;0;609;264;0;0;70;0;67;29;0;0;0;0;53;2896;0;0
242;Fürth;BY;Urne;248612;114996;676;114320;19965;0;11810;3449;26302;38855;7949;3644;0;0;0;0;0;1130;1216;0;0;0;0;0;0;0;0;0;0;0;0;0;512;114484;15550;0;13600;4662;26752;35376;8710;2460;921;407;406;0;0;680;375;0;0;85;0;78;42;0;0;0;0;90;4290;0;0
243;Nürnberg-Nord;BY;Urne;187179;83353;598;82755;14775;0;16647;2624;12572;22971;9161;1419;0;0;856;0;0;1019;508;0;0;0;0;203;0;0;0;0;0;0;0;0;460;82893;12899;0;15068;3566;12597;20531;11601;789;603;259;386;0;0;701;240;0;0;83;0;28;47;0;0;0;0;75;3420;0;0
244;Nürnberg-Süd;BY;Urne;174758;80178;712;79466;13691;0;7538;2175;19923;25763;7201;1815;0;0;0;0;0;858;502;0;0;0;0;0;0;0;0;0;0;0;0;0;544;79634;11455;0;7829;2865;19748;22821;7619;1042;789;241;284;0;0;436;208;0;0;60;0;38;48;0;0;0;0;100;4051;0;0
245;Roth;BY;Urne;227696;98583;558;98025;12562;0;11654;2779;21078;38467;5526;3790;0;0;0;0;0;833;613;0;0;0;0;0;0;0;0;364;0;0;0;359;391;98192;12613;0;11575;3898;22218;33478;6037;2804;806;321;356;0;0;485;287;0;0;48;0;83;12;0;0;0;0;125;3046;0;0
246;Aschaffenburg;BY;Urne;181144;79001;585;78416;9517;0;8697;2723;18879;30206;4514;1865;0;0;0;0;0;726;437;0;0;0;249;0;0;0;0;281;0;0;0;322;470;78531;9476;0;8274;3702;19313;25885;5498;1330;677;190;336;0;0;543;191;0;0;49;0;105;37;0;0;0;0;123;2802;0;0
247;Bad Kissingen;BY;Urne;210364;80893;4555;76338;10331;0;4750;4257;0;35763;5480;10600;0;0;0;0;0;0;1093;0;0;0;0;0;0;0;0;4064;0;0;0;0;419;80474;7158;0;5810;2974;24148;29380;4157;2679;499;300;274;0;0;279;266;0;0;56;0;74;17;0;0;0;0;101;2302;0;0
248;Main-Spessart;BY;Urne;192185;73001;485;72516;10961;0;5890;1774;17687;28885;3673;3121;0;0;0;0;0;0;525;0;0;0;0;0;0;0;0;0;0;0;0;0;350;72651;8646;0;6353;2760;18510;25861;4148;2014;593;245;266;0;0;343;221;0;0;39;0;47;18;0;0;0;0;103;2484;0;0
249;Schweinfurt;BY;Urne;194125;81387;556;80831;10235;0;5961;2036;22336;30876;4420;3209;0;0;0;0;0;654;621;0;0;0;364;119;0;0;0;0;0;0;0;0;411;80976;8647;0;6914;3017;22558;27669;4724;2344;625;328;309;0;0;380;254;0;0;55;0;125;32;0;0;0;0;64;2931;0;0
250;Würzburg;BY;Urne;222633;82151;505;81646;10768;0;15768;3230;14476;28034;5234;2038;0;987;0;0;0;1111;0;0;0;0;0;0;0;0;0;0;0;0;0;0;327;81824;10482;0;13436;3681;14971;25220;7765;1300;557;338;289;0;0;690;233;0;0;78;0;48;14;0;0;0;0;88;2634;0;0
251;Augsburg-Stadt;BY;Urne;186448;84699;553;84146;11663;0;14870;2296;18826;24478;7071;2594;0;902;0;0;0;748;531;0;0;0;0;167;0;0;0;0;0;0;0;0;432;84267;10882;0;11736;3353;18940;22071;9480;1556;605;405;483;0;0;438;279;0;0;69;0;70;66;0;0;0;0;82;3752;0;0
252;Augsburg-Land;BY;Urne;232095;107320;605;106715;13300;0;9257;2932;24830;44021;4895;4660;0;1127;0;0;0;651;1042;0;0;0;0;0;0;0;0;0;0;0;0;0;429;106891;11280;0;10991;4386;25359;39104;5858;3845;675;557;408;0;0;330;406;0;0;58;0;127;21;0;0;0;0;83;3403;0;0
253;Donau-Ries;BY;Urne;192393;80150;397;79753;9345;0;4361;1945;21245;33118;3010;4054;0;692;0;0;0;0;440;0;0;0;0;0;0;0;0;0;1543;0;0;0;355;79795;7350;0;5522;3107;22118;30281;3383;3729;542;443;214;0;0;212;261;0;0;41;0;88;12;0;0;0;0;50;2442;0;0
254;Neu-Ulm;BY;Urne;215191;96166;620;95546;10071;0;7357;2728;27483;36433;5276;2689;1489;770;0;0;0;786;0;0;122;0;0;0;0;0;0;342;0;0;0;0;430;95736;9948;0;7853;3958;27234;31661;5980;2466;978;350;368;0;0;472;268;0;0;70;0;104;21;0;0;0;0;135;3870;0;0
255;Memmingen – Unterallgäu;BY;Urne;159653;70830;602;70228;6535;0;5194;2071;19653;28354;3664;4757;0;0;0;0;0;0;0;0;0;0;0;0;0;0;0;0;0;0;0;0;285;70545;6223;0;5470;2854;20246;25249;3455;2791;478;373;274;0;0;238;412;0;0;49;0;104;11;0;0;0;0;74;2244;0;0
256;Oberallgäu;BY;Urne;228068;91864;587;91277;7953;0;10200;3574;20896;30428;4505;6363;1359;0;0;0;0;949;700;0;0;0;0;0;0;0;0;0;0;0;0;4350;467;91397;9431;0;10027;3843;21755;30961;5643;3326;821;620;436;0;0;556;403;0;0;48;0;120;24;0;0;0;0;85;3298;0;0
257;Ostallgäu;BY;Urne;161048;72494;541;71953;6685;0;6694;1936;18050;30246;3635;4707;0;0;0;0;0;0;0;0;0;0;0;0;0;0;0;0;0;0;0;0;271;72223;6307;0;6494;2851;18587;26674;3792;3069;465;400;337;0;0;316;313;0;0;60;0;130;13;0;0;0;0;77;2338;0;0
258;Stuttgart I;BW;Urne;188918;87445;568;86877;14092;23442;22503;4763;10063;0;8577;956;0;0;850;0;0;1442;0;0;0;0;0;189;0;0;0;0;0;0;0;0;295;87150;13429;21189;19573;6291;10294;0;10331;397;443;192;351;0;0;910;120;0;0;0;69;0;66;0;0;0;0;61;3434;0;0
259;Stuttgart II;BW;Urne;174909;85037;787;84250;13770;23696;15395;3594;15230;0;8865;973;0;0;948;0;0;1106;0;0;0;0;0;249;0;0;0;0;0;0;0;424;486;84551;13680;20760;12382;4823;15089;0;10240;498;587;258;403;0;0;687;110;0;0;0;79;0;109;0;0;0;0;78;4768;0;0
260;Böblingen;BW;Urne;243100;134471;996;133475;22439;47339;16406;7833;27032;0;7309;3477;0;0;0;0;0;1083;0;0;0;0;0;207;0;0;0;0;0;0;0;350;746;133725;19196;41615;16967;9204;27457;0;8739;1664;826;289;490;0;0;747;195;0;0;0;279;0;76;0;0;0;0;155;5826;0;0
261;Esslingen;BW;Urne;165367;87632;563;87069;14283;30231;12342;3656;16504;0;6490;1920;0;749;0;0;0;894;0;0;0;0;0;0;0;0;0;0;0;0;0;0;463;87169;13383;26291;11805;4906;16839;0;6997;971;632;339;359;0;0;566;131;0;0;0;97;0;51;0;0;0;0;90;3712;0;0
262;Nürtingen;BW;Urne;203455;109414;703;108711;17773;38726;14370;5660;22858;0;6507;2817;0;0;0;0;0;0;0;0;0;0;0;0;0;0;0;0;0;0;0;0;595;108819;15166;34217;13650;7239;22969;0;6878;1432;863;463;487;0;0;646;186;0;0;0;200;0;38;0;0;0;0;111;4274;0;0
263;Göppingen;BW;Urne;174712;93859;863;92996;15372;32114;7616;3750;24712;0;5130;2521;0;1076;0;0;0;589;0;0;0;0;0;116;0;0;0;0;0;0;0;0;674;93185;12968;28657;7776;5058;25228;0;5656;1220;755;480;373;0;0;375;149;0;0;0;129;0;55;0;0;0;0;110;4196;0;0
264;Waiblingen;BW;Urne;219692;120694;823;119871;20139;42912;13421;6690;25663;0;6971;2647;0;1428;0;0;0;0;0;0;0;0;0;0;0;0;0;0;0;0;0;0;650;120044;17219;37537;13847;8169;26229;0;7583;1288;1045;621;448;0;0;647;184;0;0;0;241;0;61;0;0;0;0;152;4773;0;0
265;Ludwigsburg;BW;Urne;212465;115383;801;114582;17311;39389;16900;5798;23011;0;7862;1854;0;995;0;0;0;1016;446;0;0;0;0;0;0;0;0;0;0;0;0;0;590;114793;16903;34354;15611;7321;22958;0;8609;1152;781;440;437;0;0;731;194;0;0;0;127;0;48;0;0;0;0;110;5017;0;0
266;Neckar-Zaber;BW;Urne;228598;125871;900;124971;18200;46349;13461;4889;28828;0;6979;2864;0;1339;0;0;0;1509;553;0;0;0;0;0;0;0;0;0;0;0;0;0;711;125160;17368;38645;13926;7871;29795;0;7324;1610;988;676;482;0;0;841;262;0;0;0;204;0;40;0;0;0;0;121;5007;0;0
267;Heilbronn;BW;Urne;238592;133426;1296;132130;19789;43102;9867;6463;38685;0;8485;2634;0;1341;0;0;0;1106;0;0;0;0;0;205;0;0;0;453;0;0;0;0;1021;132405;18097;35698;10870;8108;39198;0;8822;1628;1299;753;654;0;0;727;208;0;0;0;257;0;70;0;0;0;0;161;5855;0;0
268;Schwäbisch Hall – Hohenlohe;BW;Urne;224446;132503;1060;131443;18531;46187;11766;5696;36442;0;6390;2945;0;1417;1167;0;0;902;0;0;0;0;0;0;0;0;0;0;0;0;0;0;906;131597;16393;40199;11444;7389;37791;0;7033;1856;969;780;600;0;0;679;281;0;0;0;341;0;49;0;0;0;0;196;5597;0;0
269;Backnang – Schwäbisch Gmünd;BW;Urne;175503;96996;902;96094;15136;32964;9117;3850;26346;0;5385;1886;0;0;1251;0;0;0;0;0;0;0;0;159;0;0;0;0;0;0;0;0;583;96413;12760;29317;9128;5116;26252;0;5920;963;744;383;504;0;0;458;168;0;0;0;220;0;51;0;0;0;0;107;4322;0;0
270;Aalen – Heidenheim;BW;Urne;217574;116435;1193;115242;15825;44753;8415;4081;31177;0;6427;2816;0;0;0;0;0;940;0;0;0;0;0;0;0;0;0;808;0;0;0;0;791;115644;15635;37383;9531;5520;31129;0;6760;1599;826;385;474;0;0;474;174;0;0;0;133;0;59;0;0;0;0;213;5349;0;0
271;Karlsruhe-Stadt;BW;Urne;202812;97910;757;97153;14467;21736;26712;3748;17565;0;8619;1062;0;0;1142;0;0;1933;0;0;0;0;0;169;0;0;0;0;0;0;0;0;578;97332;14540;20361;20615;4970;17281;0;11599;484;840;214;596;0;0;1284;111;0;0;0;163;0;60;0;0;0;0;81;4133;0;0
272;Karlsruhe-Land;BW;Urne;207276;108472;947;107525;15355;39492;13186;4471;24012;0;6009;2549;0;0;1153;0;0;1298;0;0;0;0;0;0;0;0;0;0;0;0;0;0;607;107865;15379;33021;13595;6048;24552;0;6588;1228;992;290;510;0;0;855;147;0;0;0;238;0;32;0;0;0;0;114;4276;0;0
273;Rastatt;BW;Urne;200964;104041;1083;102958;14960;37140;10481;3544;27588;0;5206;2963;0;1076;0;0;0;0;0;0;0;0;0;0;0;0;0;0;0;0;0;0;821;103220;14099;31624;10184;5017;27988;0;5996;1364;907;442;415;0;0;532;113;0;0;0;92;0;23;0;0;0;0;96;4328;0;0
274;Heidelberg;BW;Urne;218284;114769;751;114018;18024;31881;29808;4125;16734;0;8944;1329;0;0;1330;0;0;1727;0;0;0;0;0;116;0;0;0;0;0;0;0;0;561;114208;19167;28346;23200;6451;16793;0;12133;721;781;188;547;0;0;1177;133;0;0;0;104;0;35;0;0;0;0;87;4345;0;0
275;Mannheim;BW;Urne;195336;95406;901;94505;20817;21733;14631;3769;21000;0;8677;1306;1575;0;842;0;0;0;0;0;0;0;0;155;0;0;0;0;0;0;0;0;692;94714;16561;19873;12805;4759;20619;0;11591;591;1061;204;512;0;0;754;85;0;0;0;106;0;50;0;0;0;0;88;5055;0;0
276;Odenwald – Tauber;BW;Urne;206482;112125;1050;111075;14868;45091;7750;3470;30027;0;5387;3292;0;1190;0;0;0;0;0;0;0;0;0;0;0;0;0;0;0;0;0;0;828;111297;13963;38119;8319;5272;30610;0;5723;1862;853;462;439;0;0;425;259;0;0;0;156;0;19;0;0;0;0;119;4697;0;0
277;Rhein-Neckar;BW;Urne;195510;104060;957;103103;20339;33069;10659;4439;24671;0;5922;2592;0;0;0;0;0;1412;0;0;0;0;0;0;0;0;0;0;0;0;0;0;658;103402;15615;29540;11892;5865;24911;0;7183;1157;861;261;464;0;0;825;133;0;0;0;183;0;22;0;0;0;0;114;4376;0;0
278;Bruchsal – Schwetzingen;BW;Urne;194216;96596;968;95628;15012;31228;9596;3955;25887;0;5694;2836;0;0;0;0;0;1420;0;0;0;0;0;0;0;0;0;0;0;0;0;0;651;95945;13097;27321;9747;5110;26006;0;6227;1233;1081;293;426;0;0;657;102;0;0;0;114;0;25;0;0;0;0;133;4373;0;0
279;Pforzheim;BW;Urne;212982;110106;1453;108653;20597;36920;0;5589;35118;0;7587;0;0;0;0;0;0;2842;0;0;0;0;0;0;0;0;0;0;0;0;0;0;815;109291;13430;29616;9741;6697;33534;0;6597;1076;1199;344;435;0;0;732;138;0;0;0;371;0;40;0;0;0;0;145;5196;0;0
280;Calw;BW;Urne;197556;108866;956;107910;13271;40171;7670;4450;30427;0;4618;3219;1404;0;0;0;0;913;0;0;0;1321;0;0;0;0;0;446;0;0;0;0;708;108158;12416;34482;8336;6280;31913;0;5452;1507;943;338;324;0;0;540;181;0;0;0;899;0;21;0;0;0;0;169;4357;0;0
281;Freiburg;BW;Urne;228338;114156;873;113283;17719;26401;34625;3213;14890;0;12207;1282;0;0;1084;0;0;1701;0;0;0;0;0;161;0;0;0;0;0;0;0;0;619;113537;17079;23651;28273;4735;14997;0;16432;656;881;297;515;0;0;1125;204;0;0;0;163;0;48;0;0;0;0;104;4377;0;0
282;Lörrach – Müllheim;BW;Urne;229946;116636;1014;115622;19532;36184;16362;3668;25158;0;7944;5299;0;0;0;0;0;1475;0;0;0;0;0;0;0;0;0;0;0;0;0;0;843;115793;17814;31311;15659;5629;25655;0;8732;1879;1200;365;563;0;0;817;195;0;0;0;294;0;48;0;0;0;0;127;5505;0;0
283;Emmendingen – Lahr;BW;Urne;218790;113741;996;112745;23545;39373;10299;3519;26358;0;5888;3763;0;0;0;0;0;0;0;0;0;0;0;0;0;0;0;0;0;0;0;0;782;112959;16634;34075;13458;5101;26802;0;7025;1809;1186;326;539;0;0;688;214;0;0;0;183;0;35;0;0;0;0;126;4758;0;0
284;Offenburg;BW;Urne;204805;106373;1171;105202;13212;37622;11673;4620;26527;0;6185;4165;0;0;0;0;0;1198;0;0;0;0;0;0;0;0;0;0;0;0;0;0;842;105531;13267;32952;10606;5419;27455;0;6340;1744;880;426;442;0;0;653;137;0;0;0;124;0;20;0;0;0;0;94;4972;0;0
285;Rottweil – Tuttlingen;BW;Urne;196201;103857;1100;102757;10817;36708;6840;5380;33686;0;5099;2720;0;0;0;0;0;1507;0;0;0;0;0;0;0;0;0;0;0;0;0;0;914;102943;10497;32014;6848;6025;33165;0;5236;1248;896;382;385;0;0;707;308;0;0;0;233;0;22;0;0;0;0;132;4845;0;0
286;Schwarzwald-Baar;BW;Urne;160376;83523;785;82738;11610;32136;5501;2788;23124;0;3828;1695;0;0;0;0;0;812;0;0;0;0;0;0;0;0;0;0;0;0;0;1244;724;82799;10065;25790;6973;4217;24055;0;4476;1096;728;308;301;0;0;487;131;0;0;0;177;0;33;0;0;0;0;90;3872;0;0
287;Konstanz;BW;Urne;207094;95533;809;94724;13977;33474;11443;4093;22014;0;6222;1800;0;0;0;0;0;1341;0;0;0;0;0;0;0;0;0;0;0;0;0;360;634;94899;12036;26577;12821;5352;22741;0;7413;951;751;282;531;0;0;739;144;0;0;0;126;0;30;0;0;0;0;85;4320;0;0
288;Waldshut;BW;Urne;176262;88409;694;87715;15507;31808;9208;2950;19627;0;4672;2222;0;831;0;0;0;890;0;0;0;0;0;0;0;0;0;0;0;0;0;0;568;87841;12060;27934;10767;4238;20129;0;5413;1221;668;367;310;0;0;666;166;0;0;0;146;0;29;0;0;0;0;100;3627;0;0
289;Reutlingen;BW;Urne;197827;105916;870;105046;14149;37829;12242;5569;24943;0;6387;2436;0;0;1293;0;0;0;0;0;0;0;0;198;0;0;0;0;0;0;0;0;673;105243;13504;31892;11559;6628;25978;0;6944;1079;742;303;470;0;0;566;165;0;0;0;220;0;48;0;0;0;0;117;5028;0;0
290;Tübingen;BW;Urne;199799;106732;845;105887;13504;32423;24700;3775;19645;0;7105;2040;0;0;998;0;0;894;0;0;0;0;0;0;0;0;0;0;0;0;0;803;581;106151;14713;28715;18625;5266;20210;0;10643;935;672;234;416;0;0;656;194;0;0;0;152;0;62;0;0;0;0;123;4535;0;0
291;Ulm;BW;Urne;223539;124049;906;123143;16426;45921;16985;4355;26767;0;6876;2182;1745;0;0;0;0;993;0;0;0;0;0;138;0;0;0;755;0;0;0;0;739;123310;16327;39824;14887;6297;27583;0;8548;1461;1054;331;466;0;0;720;241;0;0;0;183;0;52;0;0;0;0;255;5081;0;0
292;Biberach;BW;Urne;169789;91079;715;90364;10886;35308;8180;3446;24254;0;3729;2367;1293;0;0;0;0;901;0;0;0;0;0;0;0;0;0;0;0;0;0;0;629;90450;8846;32641;7812;4510;24829;0;4335;1373;717;360;329;0;0;481;336;0;0;0;158;0;18;0;0;0;0;131;3574;0;0
293;Bodensee;BW;Urne;173329;90859;748;90111;13298;34155;9864;2957;22085;0;4367;1999;0;0;0;0;0;1231;0;0;0;0;0;155;0;0;0;0;0;0;0;0;584;90275;11332;29893;10571;5032;20686;0;5373;1128;621;325;344;0;0;591;179;0;0;0;129;0;33;0;0;0;0;96;3942;0;0
294;Ravensburg;BW;Urne;188225;101516;841;100675;10772;37454;13704;5512;22489;0;6628;2814;0;0;0;0;0;1302;0;0;0;0;0;0;0;0;0;0;0;0;0;0;614;100902;11441;33744;11892;5404;22922;0;6656;1509;727;481;434;0;0;679;334;0;0;0;171;0;32;0;0;0;0;107;4369;0;0
295;Zollernalb – Sigmaringen;BW;Urne;180742;96712;1059;95653;17700;33373;4432;3852;29016;0;4210;2245;0;0;0;0;0;0;0;0;0;0;0;193;0;0;0;632;0;0;0;0;689;96023;10119;32574;6425;5092;29219;0;5037;1162;768;295;379;0;0;360;173;0;0;0;137;0;73;0;0;0;0;172;4038;0;0
296;Saarbrücken;SL;Urne;187345;89255;1193;88062;27238;19386;5353;3151;22416;0;8345;1834;0;0;0;0;0;0;0;0;0;0;0;339;0;0;0;0;0;0;0;0;911;88344;18221;17533;7666;3862;21971;0;9715;718;1656;0;0;0;290;548;0;0;0;0;0;0;69;0;0;0;0;235;5860;0;0
297;Saarlouis;SL;Urne;198307;107868;1569;106299;28655;31485;4162;3393;27807;0;7797;3000;0;0;0;0;0;0;0;0;0;0;0;0;0;0;0;0;0;0;0;0;1182;106686;21306;27681;5733;4744;27633;0;7918;1255;1966;0;0;0;317;598;0;0;0;0;0;0;41;0;0;0;0;285;7209;0;0
298;St. Wendel;SL;Urne;168073;87837;1095;86742;23751;27448;2839;3198;21363;0;5436;2707;0;0;0;0;0;0;0;0;0;0;0;0;0;0;0;0;0;0;0;0;879;86958;18254;24166;4929;3582;21576;0;5795;1213;1594;0;0;0;253;374;0;0;0;0;0;0;24;0;0;0;0;243;4955;0;0
299;Homburg;SL;Urne;180479;90635;1223;89412;25437;22690;3277;2832;25723;0;6433;3020;0;0;0;0;0;0;0;0;0;0;0;0;0;0;0;0;0;0;0;0;903;89732;18163;20776;5090;3791;26118;0;6578;1343;1646;0;0;0;259;421;0;0;0;0;0;0;46;0;0;0;0;234;5267;0;0
001;Flensburg – Schleswig;SH;Brief;0;52355;207;52148;7358;14546;14833;1092;4411;0;2223;448;0;0;0;0;0;519;0;6355;0;0;0;0;0;0;0;163;0;0;0;200;152;52203;8489;14027;10711;1799;4583;0;3924;340;0;0;362;0;0;521;0;5796;0;0;0;0;14;0;0;0;0;81;1556;0;0
002;Nordfriesland – Dithmarschen Nord;SH;Brief;0;44007;238;43769;9087;14762;6027;1755;4587;0;2010;508;0;0;0;0;0;408;0;4625;0;0;0;0;0;0;0;0;0;0;0;0;166;43841;7958;13770;6814;2231;4595;0;2350;331;0;0;329;0;0;360;0;3591;0;0;0;0;19;0;0;0;0;37;1456;0;0
003;Steinburg – Dithmarschen Süd;SH;Brief;0;35016;242;34774;7943;13177;4391;1256;4536;0;1782;980;0;0;0;0;0;709;0;0;0;0;0;0;0;0;0;0;0;0;0;0;103;34913;6557;11305;4824;1534;4587;0;1974;513;0;0;334;0;0;380;0;1493;0;0;0;0;11;0;0;0;0;50;1351;0;0
004;Rendsburg-Eckernförde;SH;Brief;0;46473;235;46238;9931;16162;6547;2438;4448;0;1881;440;0;0;0;0;0;482;0;3560;0;0;0;0;0;0;0;122;0;0;0;227;159;46314;8292;14917;8304;2158;4682;0;2365;328;0;0;353;0;0;324;0;3122;0;0;0;0;11;0;0;0;0;78;1380;0;0
005;Kiel;SH;Brief;0;61312;236;61076;13087;13678;18114;1762;3855;0;5058;326;0;0;839;0;0;1156;0;3201;0;0;0;0;0;0;0;0;0;0;0;0;163;61149;11704;13168;16433;2306;3926;0;7598;243;0;0;564;0;0;853;0;2609;0;0;0;0;22;0;0;0;0;55;1668;0;0
006;Plön – Neumünster;SH;Brief;0;38223;458;37765;9748;13543;6119;1278;4075;0;1370;983;0;0;0;0;0;649;0;0;0;0;0;0;0;0;0;0;0;0;0;0;151;38072;7923;12172;6346;1627;4170;0;1983;356;0;0;285;0;0;384;0;1538;0;0;0;0;18;0;0;0;0;33;1237;0;0
007;Pinneberg;SH;Brief;0;59130;285;58845;15584;20261;8744;2257;5436;0;3033;788;0;0;0;0;0;891;0;1634;0;0;0;0;0;0;0;217;0;0;0;0;176;58954;12877;18992;9872;2851;5714;0;3685;436;0;0;379;0;0;728;0;1400;0;0;0;0;15;0;0;0;0;108;1897;0;0
008;Segeberg – Stormarn-Mitte;SH;Brief;0;57972;316;57656;15049;20154;8376;2589;6025;0;2832;1098;0;0;0;0;0;1220;0;0;0;0;0;0;0;0;0;313;0;0;0;0;161;57811;11790;18606;9595;2805;6091;0;3374;610;0;0;515;0;0;778;0;1552;0;0;0;0;12;0;0;0;0;136;1947;0;0
009;Ostholstein – Stormarn-Nord;SH;Brief;0;44082;325;43757;11671;16633;5494;1609;4765;0;2030;896;0;0;0;0;0;659;0;0;0;0;0;0;0;0;0;0;0;0;0;0;162;43920;8931;15323;6719;2189;4903;0;2093;457;0;0;345;0;0;380;0;1132;0;0;0;0;10;0;0;0;0;75;1363;0;0
010;Herzogtum Lauenburg – Stormarn-Süd;SH;Brief;0;58133;292;57841;14147;20682;9611;1924;6176;0;2923;1261;0;0;0;0;0;1117;0;0;0;0;0;0;0;0;0;0;0;0;0;0;167;57966;11864;19174;9529;2962;6311;0;3337;614;0;0;403;0;0;731;0;972;0;0;0;0;20;0;0;0;0;75;1974;0;0
011;Lübeck;SH;Brief;0;47559;322;47237;14028;11736;11309;1306;4139;0;2855;723;0;0;0;0;0;1030;0;0;0;0;0;111;0;0;0;0;0;0;0;0;184;47375;10455;11386;10940;1728;4268;0;4516;365;0;0;411;0;0;648;0;1048;0;0;0;0;35;0;0;0;0;54;1521;0;0
012;Schwerin – Ludwigslust-Parchim I – Nordwestmecklenburg I;MV;Brief;0;48508;476;48032;12180;11735;2084;1379;11613;0;6614;1637;0;0;0;0;0;0;0;0;0;0;0;202;0;0;0;588;0;0;0;0;228;48280;8805;10792;3637;1476;9746;0;5932;659;751;0;0;0;0;380;0;0;0;0;0;0;64;0;0;0;0;211;5827;0;0
013;Ludwigslust-Parchim II – Nordwestmecklenburg II – Landkreis Rostock I;MV;Brief;0;46521;384;46137;12284;11066;2384;1332;11456;0;5301;2314;0;0;0;0;0;0;0;0;0;0;0;0;0;0;0;0;0;0;0;0;167;46354;8147;10234;3066;1408;10617;0;5283;707;723;0;0;0;0;393;0;0;0;0;0;0;29;0;0;0;0;88;5659;0;0
014;Rostock – Landkreis Rostock II;MV;Brief;0;56346;349;55997;10932;12196;4188;1629;9209;0;15913;1259;0;0;0;0;0;0;0;0;0;0;0;216;0;0;0;455;0;0;0;0;156;56190;9481;10627;6607;1879;8908;0;10183;582;1000;0;0;0;0;758;0;0;0;0;0;0;67;0;0;0;0;175;5923;0;0
015;Vorpommern-Rügen – Vorpommern-Greifswald I;MV;Brief;0;57371;484;56887;10605;14325;4248;1544;13707;0;8205;1932;2321;0;0;0;0;0;0;0;0;0;0;0;0;0;0;0;0;0;0;0;267;57104;7387;12120;5223;1895;12849;0;7858;839;1350;0;0;0;0;636;0;0;0;0;0;0;51;0;0;0;0;137;6759;0;0
016;Mecklenburgische Seenplatte I – Vorpommern-Greifswald II ;MV;Brief;0;46460;475;45985;8353;11731;1516;1895;14172;0;5341;1801;0;0;0;0;0;0;0;0;0;0;0;0;0;0;0;0;0;0;0;1176;168;46292;5909;10542;1855;1626;13221;0;4988;634;809;0;0;0;0;255;0;0;0;0;0;0;26;0;0;0;0;127;6300;0;0
017;Mecklenburgische Seenplatte II – Landkreis Rostock III;MV;Brief;0;42182;460;41722;10229;10258;1352;1257;11383;0;5095;1215;0;0;0;0;0;0;0;0;0;0;0;0;0;0;0;933;0;0;0;0;218;41964;6246;9465;2056;1235;10852;0;4867;565;601;0;0;0;0;207;0;0;0;0;0;0;34;0;0;0;0;199;5637;0;0
018;Hamburg-Mitte;HH;Brief;0;74093;447;73646;19881;13869;18960;2634;4615;0;10607;606;0;0;0;0;0;2326;0;0;0;0;0;148;0;0;0;0;0;0;0;0;212;73881;16392;13055;17978;3113;4719;0;12818;305;795;0;418;0;0;1590;0;0;0;0;0;0;41;0;0;0;0;69;2588;0;0
019;Hamburg-Altona;HH;Brief;0;67579;394;67185;15486;16091;20024;2340;3071;0;9564;459;0;0;0;0;0;0;0;0;0;0;0;150;0;0;0;0;0;0;0;0;158;67421;13931;14989;17248;3194;3014;0;11032;172;566;0;281;0;0;1256;0;0;0;0;0;0;34;0;0;0;0;64;1640;0;0
020;Hamburg-Eimsbüttel;HH;Brief;0;72024;425;71599;18398;16672;21626;2974;3471;0;7817;641;0;0;0;0;0;0;0;0;0;0;0;0;0;0;0;0;0;0;0;0;178;71846;16166;16258;18659;3466;3443;0;9250;237;632;0;293;0;0;1524;0;0;0;0;0;0;23;0;0;0;0;43;1852;0;0
021;Hamburg-Nord;HH;Brief;0;83779;398;83381;21960;25915;19934;3056;4189;0;5504;650;0;0;0;0;0;2173;0;0;0;0;0;0;0;0;0;0;0;0;0;0;184;83595;18985;24421;18620;4846;4492;0;7414;326;709;0;286;0;0;1391;0;0;0;0;0;0;21;0;0;0;0;58;2026;0;0
022;Hamburg-Wandsbek;HH;Brief;0;71400;540;70860;24164;19703;10636;2281;6545;0;6268;1111;0;0;0;0;0;0;0;0;0;0;0;152;0;0;0;0;0;0;0;0;240;71160;18980;18155;11806;2899;6397;0;6876;466;1001;0;343;0;0;1347;0;0;0;0;0;0;24;0;0;0;0;78;2788;0;0
023;Hamburg-Bergedorf – Harburg;HH;Brief;0;58959;481;58478;20416;14653;8331;1482;5994;0;5502;695;0;0;0;0;0;1294;0;0;0;0;0;111;0;0;0;0;0;0;0;0;239;58720;15584;14286;8958;1910;6035;0;7066;381;771;0;310;0;0;1057;0;0;0;0;0;0;39;0;0;0;0;99;2224;0;0
024;Aurich – Emden;NI;Brief;0;36573;230;36343;15655;9602;2412;847;4500;0;1738;0;1176;0;0;0;0;0;0;0;0;0;0;0;0;0;0;0;0;0;0;413;137;36436;11165;9927;3961;1209;4820;0;2276;340;683;96;153;0;70;190;0;0;0;24;0;0;8;0;0;0;0;33;1481;0;0
025;Unterems;NI;Brief;0;45336;292;45044;11267;19106;4257;1112;6052;0;2296;954;0;0;0;0;0;0;0;0;0;0;0;0;0;0;0;0;0;0;0;0;158;45178;11104;15522;4209;1642;6322;0;2726;453;612;128;224;0;73;221;0;0;0;39;0;0;7;0;0;0;0;52;1844;0;0
026;Friesland – Wilhelmshaven – Wittmund;NI;Brief;0;37243;244;36999;14143;11439;2718;982;4470;0;1409;793;0;317;403;0;0;325;0;0;0;0;0;0;0;0;0;0;0;0;0;0;144;37099;10380;11409;3891;1466;4648;0;2078;371;657;125;216;0;60;254;0;0;0;24;0;0;11;0;0;0;0;41;1468;0;0
027;Oldenburg – Ammerland;NI;Brief;0;49847;231;49616;17455;12773;9064;1653;3747;0;3434;599;0;0;0;0;0;891;0;0;0;0;0;0;0;0;0;0;0;0;0;0;87;49760;12684;12759;9636;2280;3728;0;5061;276;569;84;265;0;48;573;0;0;0;48;0;0;14;0;0;0;0;47;1688;0;0
028;Delmenhorst – Wesermarsch – Oldenburg-Land;NI;Brief;0;40521;295;40226;11319;13074;5285;2629;4442;0;2219;1004;0;0;0;0;0;0;0;0;0;0;0;0;0;0;0;254;0;0;0;0;104;40417;10895;11960;5098;2009;4637;0;2523;529;584;93;200;0;58;280;0;0;0;34;0;0;9;0;0;0;0;90;1418;0;0
029;Cuxhaven – Stade II;NI;Brief;0;37006;245;36761;12402;12930;3292;977;4580;0;1594;986;0;0;0;0;0;0;0;0;0;0;0;0;0;0;0;0;0;0;0;0;86;36920;10025;11970;3959;1353;4705;0;1881;407;605;132;158;0;52;277;0;0;0;17;0;0;4;0;0;0;0;47;1328;0;0
030;Stade I – Rotenburg II;NI;Brief;0;42217;291;41926;12183;15807;5235;1154;4591;0;2230;0;0;0;0;0;0;726;0;0;0;0;0;0;0;0;0;0;0;0;0;0;121;42096;10709;13625;5754;1555;4761;0;2595;301;527;105;198;0;88;441;0;0;0;29;0;0;10;0;0;0;0;40;1358;0;0
031;Mittelems;NI;Brief;0;42106;224;41882;10983;18519;4135;1486;3847;0;1973;792;0;0;0;0;0;0;0;0;0;0;0;0;0;0;0;147;0;0;0;0;99;42007;9501;16874;4796;1770;3961;0;2473;344;440;83;190;0;42;239;0;0;0;39;0;0;16;0;0;0;0;68;1171;0;0
032;Cloppenburg – Vechta;NI;Brief;0;45162;216;44946;8704;22928;3623;1515;5230;0;1904;1042;0;0;0;0;0;0;0;0;0;0;0;0;0;0;0;0;0;0;0;0;110;45052;7940;19915;4108;2081;5290;0;2512;565;503;99;191;0;70;283;0;0;0;31;0;0;3;0;0;0;0;59;1402;0;0
033;Diepholz – Nienburg I;NI;Brief;0;39373;212;39161;11565;14907;3866;1335;4142;0;1898;1448;0;0;0;0;0;0;0;0;0;0;0;0;0;0;0;0;0;0;0;0;100;39273;9807;13070;4823;1807;4361;0;2188;597;564;98;198;0;67;250;0;0;0;28;0;0;4;0;0;0;0;56;1355;0;0
034;Osterholz – Verden;NI;Brief;0;41351;236;41115;10684;16057;5817;1358;4017;0;2396;0;0;0;0;0;0;786;0;0;0;0;0;0;0;0;0;0;0;0;0;0;104;41247;10403;12833;6093;1711;4364;0;2553;292;624;108;170;0;53;419;0;0;0;28;0;0;5;0;0;0;0;58;1533;0;0
035;Rotenburg I – Heidekreis;NI;Brief;0;33203;202;33001;15147;9716;2106;724;3918;0;0;770;0;0;0;0;0;620;0;0;0;0;0;0;0;0;0;0;0;0;0;0;106;33097;9310;10128;3830;1179;4123;0;1911;364;497;76;146;0;57;304;0;0;0;30;0;0;5;0;0;0;0;36;1101;0;0
036;Harburg;NI;Brief;0;46336;276;46060;12635;16581;5681;1665;4971;0;2241;956;0;0;0;0;0;888;0;0;0;0;0;0;0;0;0;0;0;0;0;442;121;46215;10369;15491;6770;2148;5087;0;2715;525;609;133;195;0;56;497;0;0;0;27;0;0;12;0;0;0;0;52;1529;0;0
037;Lüchow-Dannenberg – Lüneburg;NI;Brief;0;43600;260;43340;12220;12381;8808;1041;3862;0;2790;1305;0;477;0;0;0;456;0;0;0;0;0;0;0;0;0;0;0;0;0;0;129;43471;9877;11401;8419;1500;4233;0;4324;657;567;159;239;0;77;341;0;0;0;26;0;0;7;0;0;0;0;42;1602;0;0
038;Osnabrück-Land;NI;Brief;0;43336;263;43073;11567;17218;5400;1261;4245;0;2031;907;0;0;0;0;0;444;0;0;0;0;0;0;0;0;0;0;0;0;0;0;142;43194;10969;15362;5111;1835;4361;0;2387;465;524;107;187;0;78;241;0;0;0;25;0;0;9;0;0;0;0;38;1495;0;0
039;Stadt Osnabrück;NI;Brief;0;54442;209;54233;15090;17220;9229;1469;3293;0;6124;709;0;0;0;0;0;904;0;0;0;0;0;0;0;0;0;0;0;0;0;195;116;54326;13643;15138;10518;2262;3453;0;5734;351;510;130;281;0;75;594;0;0;0;52;0;0;15;0;0;0;0;36;1534;0;0
040;Nienburg II – Schaumburg;NI;Brief;0;37704;214;37490;12905;12060;3563;1035;4500;0;1686;778;0;0;442;0;0;355;0;0;0;0;0;0;0;0;0;0;0;0;0;166;100;37604;10257;11793;4472;1287;4748;0;2070;449;602;87;200;0;57;248;0;0;0;39;0;0;7;0;0;0;0;45;1243;0;0
041;Stadt Hannover I;NI;Brief;0;41197;209;40988;13728;10761;8166;1068;2999;0;2838;352;0;0;0;0;216;774;0;0;0;0;0;86;0;0;0;0;0;0;0;0;103;41094;9966;10108;9079;1714;2970;0;4300;199;469;67;220;0;97;469;0;0;0;51;0;0;17;0;0;0;0;31;1337;0;0
042;Stadt Hannover II;NI;Brief;0;48195;189;48006;17906;9274;10723;1154;2573;0;4745;277;0;0;448;0;159;680;0;0;0;0;0;67;0;0;0;0;0;0;0;0;127;48068;10665;9892;12146;1902;2719;0;7411;189;495;61;290;0;96;659;0;0;0;50;0;0;17;0;0;0;0;28;1448;0;0
043;Hannover-Land I;NI;Brief;0;48667;245;48422;14085;19070;5762;1190;4914;0;1839;708;0;0;0;0;0;645;0;0;0;0;0;0;0;0;0;209;0;0;0;0;133;48534;12248;16610;6715;2125;5003;0;2428;369;671;100;188;0;67;358;0;0;0;34;0;0;10;0;0;0;0;70;1538;0;0
044;Celle – Uelzen;NI;Brief;0;45543;272;45271;11517;17250;5447;1552;5632;0;2256;1033;0;0;0;0;0;584;0;0;0;0;0;0;0;0;0;0;0;0;0;0;145;45398;10631;14857;5925;1926;5744;0;2736;530;665;145;238;0;66;324;0;0;0;32;0;0;3;0;0;0;0;59;1517;0;0
045;Gifhorn – Peine;NI;Brief;0;44228;245;43983;16541;13775;3769;1137;5496;0;1708;775;0;0;0;0;0;566;0;0;0;0;0;0;0;0;0;216;0;0;0;0;142;44086;11788;13718;5386;1660;5532;0;2313;421;695;135;231;0;68;342;0;0;0;46;0;0;12;0;0;0;0;97;1642;0;0
046;Hameln-Pyrmont – Holzminden;NI;Brief;0;40032;271;39761;14305;13018;3590;1237;5185;0;1581;845;0;0;0;0;0;0;0;0;0;0;0;0;0;0;0;0;0;0;0;0;131;39901;11188;12340;4517;1493;5300;0;2165;370;585;110;142;0;52;205;0;0;0;22;0;0;5;0;0;0;0;30;1377;0;0
047;Hannover-Land II;NI;Brief;0;50261;248;50013;17512;16642;5307;1245;4929;0;1958;646;1038;0;0;0;272;464;0;0;0;0;0;0;0;0;0;0;0;0;0;0;170;50091;13894;15716;7040;1908;5181;0;2732;417;684;103;229;0;125;327;0;0;0;48;0;0;8;0;0;0;0;50;1629;0;0
048;Hildesheim;NI;Brief;0;47025;288;46737;14970;15167;5747;1081;5155;0;2858;646;0;0;0;0;0;462;0;0;0;0;0;0;0;0;0;0;0;0;0;651;166;46859;12406;14220;6486;1609;5120;0;3712;318;691;116;238;0;69;273;0;0;0;31;0;0;5;0;0;0;0;53;1512;0;0
049;Salzgitter – Wolfenbüttel;NI;Brief;0;39695;295;39400;13204;12989;3551;969;4896;0;2214;662;0;387;0;0;0;528;0;0;0;0;0;0;0;0;0;0;0;0;0;0;152;39543;10836;12284;4443;1390;4943;0;2659;338;544;165;187;0;71;280;0;0;0;21;0;0;14;0;0;0;0;26;1342;0;0
050;Braunschweig;NI;Brief;0;52585;268;52317;17599;14504;9331;1560;3703;0;3510;667;0;0;0;0;0;1120;0;0;0;0;0;71;0;0;0;0;0;0;0;252;123;52462;12522;13414;11232;2145;3767;0;5278;326;604;119;319;0;90;793;0;0;0;49;0;0;31;0;0;0;0;58;1715;0;0
051;Helmstedt – Wolfsburg;NI;Brief;0;37911;297;37614;11885;13197;3536;1293;4736;0;1936;0;0;0;0;0;0;658;0;0;0;0;0;58;0;0;0;0;0;0;0;315;151;37760;10084;12051;4170;1407;4705;0;2226;238;626;116;183;0;75;325;0;0;0;28;0;0;13;0;0;0;0;34;1479;0;0
052;Goslar – Northeim – Göttingen II;NI;Brief;0;42097;384;41713;13590;14241;3939;1042;5093;0;2133;838;0;0;0;0;0;633;0;0;0;0;0;0;0;0;0;204;0;0;0;0;206;41891;11461;13385;4375;1571;5213;0;2512;356;621;94;197;0;59;342;0;0;0;23;0;0;7;0;0;0;0;60;1615;0;0
053;Göttingen I;NI;Brief;0;50955;269;50686;13322;15938;9202;1910;4451;0;4125;722;0;0;0;0;0;940;0;0;0;0;0;76;0;0;0;0;0;0;0;0;151;50804;11683;14204;9328;1986;4597;0;5383;387;620;88;223;0;77;436;0;0;0;31;0;0;32;0;0;0;0;36;1693;0;0
054;Bremen I;HB;Brief;0;70783;488;70295;18351;18928;14929;2078;4649;0;8269;0;0;0;833;0;0;1525;0;0;0;0;0;108;0;0;0;272;0;0;0;353;181;70602;16519;16988;14769;2803;4717;0;10037;247;0;0;543;0;0;996;0;0;49;0;0;0;34;99;0;0;0;158;2572;71;0
055;Bremen II – Bremerhaven;HB;Brief;0;45053;431;44622;14475;10863;6303;1173;5038;0;4768;593;0;0;0;0;0;907;0;0;0;0;0;122;0;0;0;380;0;0;0;0;171;44882;12321;10272;6922;1363;5018;0;5161;356;0;0;399;0;0;618;0;0;59;0;0;0;24;79;0;0;0;196;2057;37;0
056;Prignitz – Ostprignitz-Ruppin – Havelland I;BB;Brief;0;32780;291;32489;9267;7937;1528;706;7867;0;3694;1490;0;0;0;0;0;0;0;0;0;0;0;0;0;0;0;0;0;0;0;0;149;32631;6595;7067;2100;804;7127;0;3378;652;0;0;290;0;0;208;0;0;0;0;0;0;33;0;0;0;0;64;4313;0;0
057;Uckermark – Barnim I;BB;Brief;0;40206;378;39828;9761;9100;2298;990;9456;0;5301;2007;0;0;915;0;0;0;0;0;0;0;0;0;0;0;0;0;0;0;0;0;197;40009;6857;8043;2858;1053;8630;0;4771;859;0;0;456;0;0;267;0;0;0;0;0;0;44;0;0;0;0;76;6095;0;0
058;Oberhavel – Havelland II;BB;Brief;0;67360;485;66875;16226;19499;5806;1952;12682;0;6174;2896;0;0;1640;0;0;0;0;0;0;0;0;0;0;0;0;0;0;0;0;0;296;67064;12577;17560;7169;2285;11870;0;5977;1308;0;0;878;0;0;663;0;0;0;0;0;0;57;0;0;0;0;121;6599;0;0
059;Märkisch-Oderland – Barnim II;BB;Brief;0;61334;541;60793;14275;13217;3278;1612;13521;0;9058;2878;0;0;1156;0;0;914;0;0;0;0;0;0;0;0;0;884;0;0;0;0;251;61083;10216;12748;4602;1742;12298;0;7316;1402;0;0;705;0;0;625;0;0;0;0;0;0;53;0;0;0;0;301;9075;0;0
060;Brandenburg an der Havel – Potsdam-Mittelmark I – Havelland III – Teltow-Fläming I;BB;Brief;0;46111;450;45661;13903;10581;2383;1043;9884;0;5211;1873;0;0;0;0;0;783;0;0;0;0;0;0;0;0;0;0;0;0;0;0;222;45889;9324;10119;3717;1236;8929;0;4996;916;0;0;407;0;0;464;0;0;0;0;0;0;34;0;0;0;0;110;5637;0;0
061;Potsdam – Potsdam-Mittelmark II – Teltow-Fläming II;BB;Brief;0;67007;465;66542;15678;15647;12029;2759;7612;0;8665;1742;0;0;0;0;0;1475;0;0;0;0;0;0;0;0;0;369;0;0;0;566;261;66746;12850;14757;11070;2777;7379;0;9156;834;0;0;645;0;0;1079;0;0;0;0;0;0;46;0;0;0;0;213;5940;0;0
062;Dahme-Spreewald – Teltow-Fläming III;BB;Brief;0;58294;510;57784;12177;16590;4040;1475;11975;0;6978;2089;0;0;1086;0;0;828;0;0;0;0;0;0;0;0;0;0;0;0;0;546;276;58018;10610;13854;4705;1989;11350;0;5919;1080;0;0;723;0;0;579;0;0;0;0;0;0;47;0;0;0;0;117;7045;0;0
063;Frankfurt (Oder) – Oder-Spree;BB;Brief;0;38505;355;38150;10695;8972;1722;828;8322;0;4620;1818;0;0;0;0;0;0;0;0;0;0;0;0;0;0;0;0;0;0;0;1173;184;38321;7060;7948;2728;1177;7459;0;4404;744;0;0;447;0;0;342;0;0;0;0;0;0;48;0;0;0;0;97;5867;0;0
064;Cottbus – Spree-Neiße;BB;Brief;0;39061;429;38632;12056;8619;0;1018;9924;0;4486;1212;0;0;831;0;0;486;0;0;0;0;0;0;0;0;0;0;0;0;0;0;224;38837;7297;8019;2298;1214;8956;0;3955;666;0;0;469;0;0;320;0;0;0;0;0;0;31;0;0;0;0;92;5520;0;0
065;Elbe-Elster – Oberspreewald-Lausitz;BB;Brief;0;33499;323;33176;7119;7598;963;1079;9347;0;4760;2310;0;0;0;0;0;0;0;0;0;0;0;0;0;0;0;0;0;0;0;0;160;33339;5549;7015;1338;1029;8808;0;3096;933;0;0;295;0;0;250;0;0;0;0;0;0;25;0;0;0;0;88;4913;0;0
066;Altmark – Jerichower Land;ST;Brief;0;43204;581;42623;9001;11637;1818;1554;10892;0;5617;2104;0;0;0;0;0;0;0;0;0;0;0;0;0;0;0;0;0;0;0;0;192;43012;6558;10449;2201;1288;10115;0;4407;918;0;0;376;0;0;322;0;0;0;0;0;0;33;0;0;0;0;106;6239;0;0
067;Börde – Salzlandkreis;ST;Brief;0;42219;490;41729;7754;11833;1413;1236;11919;0;4624;1301;0;0;0;0;0;0;0;0;0;0;0;0;0;0;0;826;0;0;0;823;217;42002;5875;10401;1758;1257;11265;0;3814;684;0;0;337;0;0;271;0;0;0;0;0;0;35;0;0;0;0;273;6032;0;0
068;Harz;ST;Brief;0;40713;593;40120;7567;11985;2116;953;9253;0;5066;1480;0;0;837;0;0;0;0;0;0;0;0;0;0;0;0;863;0;0;0;0;189;40524;6380;10255;2355;1166;8566;0;4115;736;0;0;488;0;0;310;0;0;0;0;0;0;44;0;0;0;0;272;5837;0;0
069;Magdeburg;ST;Brief;0;57010;749;56261;12158;15645;4675;1612;10729;0;8760;1661;0;0;0;0;0;0;0;0;0;0;0;348;0;0;0;673;0;0;0;0;243;56767;8918;12666;5453;1728;9748;0;7749;793;0;0;699;0;0;896;0;0;0;0;0;0;91;0;0;0;0;194;7832;0;0
070;Anhalt – Dessau – Wittenberg;ST;Brief;0;45968;491;45477;6172;16792;3404;952;10903;0;4798;2456;0;0;0;0;0;0;0;0;0;0;0;0;0;0;0;0;0;0;0;0;240;45728;6366;12451;2712;1290;10320;0;4449;1152;0;0;406;0;0;310;0;0;0;0;0;0;38;0;0;0;0;106;6128;0;0
071;Halle;ST;Brief;0;51648;555;51093;11780;12743;3751;1649;9383;0;9185;1008;0;0;966;0;0;0;0;0;0;0;0;164;0;0;0;464;0;0;0;0;233;51415;7599;10671;6092;1800;8519;0;8695;545;0;0;566;0;0;685;0;0;0;0;0;0;56;0;0;0;0;172;6015;0;0
072;Burgenland – Saalekreis;ST;Brief;0;40966;477;40489;5561;13024;1497;1264;11400;0;4809;2152;0;0;0;0;0;0;0;0;0;0;0;0;0;0;0;0;0;0;0;782;215;40751;5032;10313;1816;1383;10689;0;3704;933;0;0;411;0;0;380;0;0;0;0;0;0;45;0;0;0;0;123;5922;0;0
073;Mansfeld;ST;Brief;0;39823;590;39233;5756;10551;1140;1623;11296;0;5487;1609;0;0;0;0;0;0;0;0;0;0;0;0;0;0;0;0;0;0;0;1771;223;39600;5155;9355;1466;1371;11058;0;3856;751;0;0;301;0;0;222;0;0;0;0;0;0;33;0;0;0;0;103;5929;0;0
074;Berlin-Mitte;BE;Brief;0;63639;224;63415;10255;10116;18812;2016;3460;0;13739;208;810;0;647;242;0;0;0;0;0;0;0;43;0;19;0;65;2731;252;0;0;159;63480;9356;9677;16204;2728;3656;0;16144;124;658;0;424;178;0;918;0;0;0;0;0;0;18;0;92;9;5;59;3096;134;0
075;Berlin-Pankow;BE;Brief;0;85686;890;84796;12920;15496;23952;2424;8933;0;19083;1133;0;0;0;0;0;0;0;0;0;0;0;0;0;0;365;490;0;0;0;0;295;85391;12195;13870;19079;2763;8251;0;18429;393;1316;0;731;116;0;1193;0;0;0;0;0;0;35;0;202;28;54;124;6523;89;0
076;Berlin-Reinickendorf;BE;Brief;0;51115;596;50519;11659;17974;7491;1818;6236;0;4814;0;0;0;0;0;0;0;0;0;0;0;0;0;0;0;0;527;0;0;0;0;251;50864;9381;15831;7328;2220;6016;0;5124;207;1151;0;293;170;0;500;0;0;0;0;0;0;13;0;116;11;10;108;2345;40;0
077;Berlin-Spandau – Charlottenburg Nord;BE;Brief;0;46549;466;46083;13709;14036;5246;1572;5959;0;4229;0;0;0;1195;0;0;0;0;0;0;0;0;137;0;0;0;0;0;0;0;0;240;46309;9185;13139;6214;1892;5803;0;5207;189;1091;0;405;172;0;397;0;0;0;0;0;0;34;0;113;10;18;41;2345;54;0
078;Berlin-Steglitz-Zehlendorf;BE;Brief;0;80507;657;79850;18615;27271;18316;3183;5402;0;5751;979;0;0;0;0;0;0;0;0;0;0;0;0;0;0;0;333;0;0;0;0;252;80255;15548;24329;16637;4577;5456;0;8004;364;1062;0;366;139;0;854;0;0;0;0;0;0;9;0;154;7;14;105;2573;57;0
079;Berlin-Charlottenburg-Wilmersdorf;BE;Brief;0;70053;413;69640;16640;20136;17970;2982;3989;0;6645;0;0;0;1085;0;0;0;0;0;0;0;0;0;0;0;0;193;0;0;0;0;182;69871;12718;18037;16589;4322;4230;0;9190;130;700;0;354;135;0;870;0;0;0;0;0;0;8;0;90;6;6;61;2371;54;0
080;Berlin-Tempelhof-Schöneberg;BE;Brief;0;79375;552;78823;16436;21660;21618;2112;5642;0;7857;0;2136;0;0;691;0;0;0;0;0;0;0;0;0;0;97;179;0;0;0;395;297;79078;14684;18815;17847;2988;5782;0;12200;211;1251;0;431;247;0;864;0;0;0;0;0;0;20;0;162;19;47;91;3333;86;0
081;Berlin-Neukölln;BE;Brief;0;58329;343;57986;11416;12675;8365;1100;5024;0;16012;419;1303;0;586;777;0;0;0;0;0;0;0;70;0;0;0;168;0;0;0;71;243;58086;9368;11863;10840;1498;5026;0;14055;208;1004;0;360;264;0;534;0;0;0;0;0;0;23;0;91;12;10;82;2715;133;0
082;Berlin-Friedrichshain-Kreuzberg – Prenzlauer Berg Ost;BE;Brief;0;74211;583;73628;9769;8064;25566;1798;3707;0;23664;0;0;0;0;0;0;0;0;0;0;0;0;0;0;0;0;345;0;0;0;715;141;74070;9901;7591;21918;2062;3391;0;22170;146;768;0;655;127;0;1138;0;0;0;0;0;0;29;0;124;9;10;86;3777;168;0
083;Berlin-Treptow-Köpenick;BE;Brief;0;61092;280;60812;5850;9707;3550;1068;7652;0;27454;383;1337;0;0;0;0;0;0;0;0;0;0;36;0;0;38;135;3602;0;0;0;233;60859;8926;10763;8768;1764;8259;0;13118;334;1209;0;561;128;0;753;0;0;0;0;0;0;27;0;155;12;25;119;5895;43;0
084;Berlin-Marzahn-Hellersdorf;BE;Brief;0;51188;298;50890;5332;18215;2792;621;9005;0;8945;733;0;0;0;0;0;0;0;0;0;0;0;122;0;0;0;148;4977;0;0;0;228;50960;6853;10150;3925;1325;10099;0;9153;449;1326;0;418;82;0;510;0;0;0;0;0;0;40;0;158;15;16;88;6324;29;0
085;Berlin-Lichtenberg;BE;Brief;0;56623;259;56364;6025;11367;4293;824;7368;0;19424;380;1644;0;0;0;0;0;0;0;0;0;0;0;0;0;53;221;4765;0;0;0;202;56421;7790;8649;7488;1413;7788;0;13846;275;1249;0;549;105;0;780;0;0;0;0;0;0;45;0;175;13;33;107;6065;51;0
086;Aachen I;NW;Brief;0;56294;556;55738;10610;18904;17257;2059;0;0;3867;974;0;0;0;0;0;1348;0;0;0;0;0;0;0;0;0;719;0;0;0;0;125;56169;9982;15084;15613;2738;3120;0;6303;199;385;51;302;68;0;706;0;0;0;0;0;0;8;0;112;0;0;39;1425;19;15
087;Aachen II;NW;Brief;0;68283;1404;66879;20611;29749;5788;2222;0;0;3580;3496;0;0;0;0;0;1433;0;0;0;0;0;0;0;0;0;0;0;0;0;0;241;68042;15363;25109;7269;2808;8477;0;3422;567;1144;143;359;140;0;474;0;0;0;0;0;0;11;0;123;0;0;56;2500;32;45
088;Heinsberg;NW;Brief;0;51273;383;50890;10374;23908;4540;1611;6022;0;2402;1136;0;0;0;0;0;897;0;0;0;0;0;0;0;0;0;0;0;0;0;0;201;51072;9497;20756;5207;2120;6328;0;2673;495;917;118;322;90;0;444;0;0;0;0;0;0;7;0;118;0;0;55;1880;16;29
089;Düren;NW;Brief;0;64255;469;63786;14659;29106;5392;1815;8499;0;2692;1623;0;0;0;0;0;0;0;0;0;0;0;0;0;0;0;0;0;0;0;0;308;63947;12947;24855;5946;2811;8630;0;3183;603;1112;173;353;117;0;426;0;0;0;0;0;0;12;0;141;0;0;61;2523;19;35
090;Rhein-Erft-Kreis I;NW;Brief;0;79034;566;78468;20890;30874;9073;2963;8922;0;4011;1244;0;0;0;0;0;0;0;0;0;0;0;0;0;0;0;491;0;0;0;0;300;78734;16452;28498;9818;3888;8984;0;4470;571;1276;181;430;201;0;646;0;0;0;0;0;0;10;0;162;0;0;140;2924;30;53
091;Euskirchen – Rhein-Erft-Kreis II;NW;Brief;0;82454;580;81874;18092;35297;8507;3456;9618;0;3598;1428;0;0;0;0;0;1419;0;0;0;0;0;0;0;0;0;459;0;0;0;0;263;82191;15927;31742;9967;3828;9631;0;4129;712;1321;236;456;174;0;653;0;0;0;0;0;0;19;0;188;0;0;161;2973;14;60
092;Köln I;NW;Brief;0;68451;540;67911;16944;18568;15272;2140;6210;0;6242;835;0;0;0;0;0;1543;0;0;0;0;0;157;0;0;0;0;0;0;0;0;246;68205;14009;17280;13619;2870;5683;0;8921;357;817;130;420;149;0;961;0;0;0;0;0;0;36;0;155;0;0;73;2655;47;23
093;Köln II;NW;Brief;0;102261;467;101794;16969;30743;34509;3932;4381;0;7755;486;0;0;0;0;0;2669;0;0;0;0;0;0;0;0;0;235;0;0;0;115;233;102028;18341;28033;26884;5988;4634;0;12338;255;794;97;512;110;0;1327;0;0;0;0;0;0;9;0;185;0;0;66;2406;30;19
094;Köln III;NW;Brief;0;73554;378;73176;19185;15849;20402;2138;5851;0;6930;726;0;0;0;0;0;1686;0;0;0;0;0;0;409;0;0;0;0;0;0;0;175;73379;15208;16059;17534;2437;5609;0;10696;289;956;132;489;178;0;912;0;0;0;0;0;0;13;0;177;0;0;52;2553;64;21
095;Bonn;NW;Brief;0;72007;404;71603;15342;26741;18703;1709;3360;0;3868;380;0;0;0;0;0;1277;0;0;0;0;0;0;223;0;0;0;0;0;0;0;179;71828;12937;21499;18060;3756;3928;0;7465;191;530;88;354;98;0;887;0;0;0;0;0;0;19;0;130;0;0;35;1778;43;30
096;Rhein-Sieg-Kreis I;NW;Brief;0;77251;462;76789;18106;30682;9771;3294;8473;0;3333;1618;0;0;0;0;0;1512;0;0;0;0;0;0;0;0;0;0;0;0;0;0;235;77016;15154;28042;10907;3733;8562;0;4034;630;1136;176;459;158;0;817;0;0;0;0;0;0;14;0;173;0;0;85;2853;31;52
097;Rhein-Sieg-Kreis II;NW;Brief;0;72685;417;72268;13416;35371;9592;2206;6325;0;2920;1034;0;0;0;0;0;1404;0;0;0;0;0;0;0;0;0;0;0;0;0;0;217;72468;12952;28857;11225;3967;6501;0;3812;481;842;169;345;131;0;738;0;0;0;0;0;0;11;0;129;0;0;48;2182;18;60
098;Oberbergischer Kreis;NW;Brief;0;55773;350;55423;12559;23343;5867;1762;7160;0;2727;1232;0;0;0;0;0;773;0;0;0;0;0;0;0;0;0;0;0;0;0;0;206;55567;11152;20444;6277;2633;7044;0;2783;489;921;174;388;108;0;441;0;0;0;0;0;0;17;0;164;0;0;89;2366;14;63
099;Rheinisch-Bergischer Kreis;NW;Brief;0;71608;312;71296;13855;32540;10711;3654;5609;0;2733;752;0;0;0;0;0;1144;0;0;0;0;0;0;0;0;0;298;0;0;0;0;192;71416;13990;26556;11611;3949;6261;0;3744;445;958;138;335;106;0;802;0;0;0;0;0;0;17;0;166;0;0;109;2163;24;42
100;Leverkusen – Köln IV;NW;Brief;0;60648;388;60260;20736;17177;8003;1840;6021;0;4219;897;0;0;0;0;0;1255;0;0;0;0;0;112;0;0;0;0;0;0;0;0;209;60439;13832;16884;10106;2254;6033;0;5911;330;893;123;479;172;0;733;0;0;0;0;0;0;31;0;130;0;0;57;2394;39;38
101;Wuppertal I;NW;Brief;0;41071;233;40838;14601;11743;4547;1306;4524;0;2647;601;0;0;0;0;0;622;0;0;0;0;0;0;0;0;0;0;0;0;0;247;113;40958;9286;11725;6407;1743;4460;0;3781;236;565;88;279;102;0;400;0;0;0;0;0;0;22;0;104;0;0;32;1672;27;29
102;Solingen – Remscheid – Wuppertal II;NW;Brief;0;51760;324;51436;15123;19404;5464;1512;5823;0;2779;0;0;0;0;0;0;1015;0;0;0;0;0;117;0;0;0;0;0;0;0;199;157;51603;11684;17396;6839;2356;5754;0;3198;217;793;113;380;124;0;482;0;0;0;0;0;0;25;0;120;0;0;54;2017;30;21
103;Mettmann I;NW;Brief;0;62562;387;62175;14655;25922;8756;2705;5897;0;2868;0;0;0;0;0;0;1372;0;0;0;0;0;0;0;0;0;0;0;0;0;0;195;62367;12824;23413;9067;3339;5878;0;3112;293;928;109;332;124;0;667;0;0;0;0;0;0;10;0;143;0;0;60;2012;17;39
104;Mettmann II;NW;Brief;0;45214;324;44890;11907;18766;5586;1651;4698;0;2113;0;0;0;0;0;0;0;0;0;0;0;0;169;0;0;0;0;0;0;0;0;158;45056;9527;17261;5707;2293;4620;0;2252;195;676;71;260;83;0;359;0;0;0;0;0;0;20;0;109;0;0;38;1539;21;25
105;Düsseldorf I;NW;Brief;0;77625;345;77280;15920;31008;14374;4253;4947;0;4187;491;0;0;0;0;0;1691;0;0;0;0;0;115;0;0;0;294;0;0;0;0;147;77478;13200;26608;15200;6094;5129;0;6203;239;739;90;375;106;0;963;0;0;0;0;0;0;20;0;162;0;0;97;2169;40;44
106;Düsseldorf II;NW;Brief;0;58890;330;58560;13419;18854;12305;2532;4845;0;4034;453;0;0;0;0;0;1396;0;0;0;0;0;145;0;0;0;245;0;0;332;0;134;58756;11534;16809;11528;3212;4938;0;5840;233;760;74;353;118;0;792;0;0;0;0;0;0;19;0;109;0;0;73;2216;32;116
107;Neuss I;NW;Brief;0;64814;458;64356;18251;26772;6291;2843;6833;0;3366;0;0;0;0;0;0;0;0;0;0;0;0;0;0;0;0;0;0;0;0;0;184;64630;12821;24777;7816;3394;7007;0;3583;329;1044;163;393;170;0;464;0;0;0;0;0;0;16;0;165;0;0;55;2370;25;38
108;Mönchengladbach;NW;Brief;0;43574;319;43255;11158;18203;5043;1376;4681;0;0;526;0;0;1149;0;0;809;0;0;0;0;0;0;0;0;0;203;0;0;107;0;169;43405;8559;15779;5269;2001;4709;0;3370;247;768;90;326;83;0;331;0;0;0;0;0;0;8;0;91;0;0;66;1634;27;47
109;Krefeld I – Neuss II;NW;Brief;0;56721;364;56357;12788;24050;6761;3186;5162;0;2867;1543;0;0;0;0;0;0;0;0;0;0;0;0;0;0;0;0;0;0;0;0;202;56519;10530;22203;7725;3384;5307;0;3012;512;822;110;327;108;0;422;0;0;0;0;0;0;16;0;134;0;0;58;1798;19;32
110;Viersen;NW;Brief;0;67599;508;67091;14409;29769;8145;2616;6460;0;3515;1070;0;0;0;0;0;1107;0;0;0;0;0;0;0;0;0;0;0;0;0;0;291;67308;13043;26479;8846;3500;6508;0;3566;505;1096;163;455;127;0;525;0;0;0;0;0;0;7;0;164;0;0;84;2169;24;47
111;Kleve;NW;Brief;0;74687;386;74301;16851;34238;7661;2374;7129;0;3557;1186;0;0;0;0;0;1305;0;0;0;0;0;0;0;0;0;0;0;0;0;0;225;74462;14910;30728;8869;3198;7304;0;3971;648;1067;194;388;168;0;542;0;0;0;0;0;0;9;0;161;0;0;74;2183;16;32
112;Wesel I;NW;Brief;0;58029;351;57678;17133;22536;5720;2180;6050;0;2831;880;0;0;0;0;0;0;0;0;0;0;0;0;0;0;0;348;0;0;0;0;164;57865;14618;20888;6490;2367;6068;0;2988;391;958;105;391;100;0;321;0;0;0;0;0;0;17;0;107;0;0;125;1885;10;36
113;Krefeld II – Wesel II;NW;Brief;0;45506;228;45278;14135;16805;4741;1626;4576;0;1874;768;0;0;0;0;0;753;0;0;0;0;0;0;0;0;0;0;0;0;0;0;133;45373;10881;15542;5921;2168;4547;0;2650;298;683;86;327;93;0;328;0;0;0;0;0;0;18;0;89;0;0;48;1646;21;27
114;Duisburg I;NW;Brief;0;42679;320;42359;18154;10715;3937;970;4878;0;2462;560;0;0;0;0;0;599;0;0;0;0;0;84;0;0;0;0;0;0;0;0;188;42491;11830;11609;5560;1413;4800;0;3257;260;814;91;382;132;0;316;0;0;0;0;0;0;28;0;102;0;0;41;1806;26;24
115;Duisburg II;NW;Brief;0;31933;338;31595;11299;7679;3097;723;5998;0;1800;659;0;0;0;0;0;0;0;0;0;0;0;117;0;0;0;0;0;0;0;223;226;31707;9187;7879;2806;882;5299;0;2411;230;682;54;228;133;0;170;0;0;0;0;0;0;28;0;66;0;0;36;1580;19;17
116;Oberhausen – Wesel III;NW;Brief;0;50492;426;50066;17271;16059;5231;1445;6357;0;2811;0;0;0;0;702;0;0;0;0;0;0;0;190;0;0;0;0;0;0;0;0;241;50251;14507;15086;5487;1674;6127;0;2989;214;906;74;405;189;0;302;0;0;0;0;0;0;20;0;128;0;0;60;2035;22;26
117;Mülheim – Essen I;NW;Brief;0;47277;334;46943;16096;15500;5254;1619;5167;0;2400;907;0;0;0;0;0;0;0;0;0;0;0;0;0;0;0;0;0;0;0;0;150;47127;11940;15384;6163;1938;5050;0;2945;281;751;85;309;93;0;336;0;0;0;0;0;0;24;0;90;0;0;44;1658;15;21
118;Essen II;NW;Brief;0;35482;310;35172;11638;10127;3848;854;5330;0;2472;736;0;0;0;0;0;0;0;0;0;0;0;167;0;0;0;0;0;0;0;0;133;35349;8999;9456;4163;1052;5046;0;3136;249;683;52;305;110;0;287;0;0;0;0;0;0;38;0;79;0;0;37;1612;29;16
119;Essen III;NW;Brief;0;58738;388;58350;14289;22970;10283;1782;4453;0;3680;749;0;0;0;0;0;0;0;0;0;0;0;144;0;0;0;0;0;0;0;0;207;58531;12821;19353;10330;2708;4621;0;4438;249;779;67;397;91;0;599;0;0;0;0;0;0;35;0;137;0;0;44;1809;30;23
120;Recklinghausen I;NW;Brief;0;45806;249;45557;16034;15390;3899;1063;5747;0;1968;515;0;0;884;0;0;0;0;0;0;0;0;57;0;0;0;0;0;0;0;0;154;45652;11757;14878;5445;1458;5807;0;2579;239;754;56;371;88;0;284;0;0;0;0;0;0;16;0;92;0;0;57;1738;16;17
121;Recklinghausen II;NW;Brief;0;52631;364;52267;16396;19394;4603;1121;6462;0;2101;882;0;0;0;0;0;0;0;0;0;0;0;104;0;0;0;202;0;0;0;1002;203;52428;13714;18106;5597;1727;6715;0;2529;379;855;87;307;99;0;278;0;0;0;0;0;0;25;0;120;0;0;98;1750;12;30
122;Gelsenkirchen;NW;Brief;0;36416;284;36132;12398;10513;3005;1267;6141;0;2062;600;0;0;0;0;0;0;0;0;0;0;0;146;0;0;0;0;0;0;0;0;187;36229;10149;10737;3131;1049;5677;0;2335;254;762;43;212;99;0;175;0;0;0;0;0;0;53;0;58;0;0;42;1399;35;19
123;Steinfurt I – Borken I;NW;Brief;0;55748;285;55463;13202;25834;6272;2007;4649;0;2396;1103;0;0;0;0;0;0;0;0;0;0;0;0;0;0;0;0;0;0;0;0;179;55569;10943;24467;6871;2263;4716;0;2674;468;625;93;285;86;0;381;0;0;0;0;0;0;11;0;131;0;0;50;1466;18;21
124;Bottrop – Recklinghausen III;NW;Brief;0;49435;357;49078;15477;18435;4167;1328;6133;0;1878;664;0;0;911;0;0;0;0;0;0;0;0;85;0;0;0;0;0;0;0;0;214;49221;12670;17441;5090;1624;6163;0;2282;354;849;65;358;100;0;238;0;0;0;0;0;0;27;0;100;0;0;42;1781;19;18
125;Borken II;NW;Brief;0;58016;291;57725;11718;29616;6595;1538;4483;0;2262;1513;0;0;0;0;0;0;0;0;0;0;0;0;0;0;0;0;0;0;0;0;168;57848;10646;26927;7172;2305;4671;0;2508;589;615;102;253;74;0;377;0;0;0;0;0;0;6;0;141;0;0;47;1379;10;26
126;Coesfeld – Steinfurt II;NW;Brief;0;68367;340;68027;14145;33712;9314;2115;5051;0;2555;0;0;0;0;0;0;1135;0;0;0;0;0;0;0;0;0;0;0;0;0;0;173;68194;12842;30234;9807;2711;5377;0;3081;348;752;115;323;96;0;563;0;0;0;0;0;0;8;0;159;0;0;59;1675;6;38
127;Steinfurt III;NW;Brief;0;48252;260;47992;12571;20486;6907;1289;3943;0;2232;0;0;0;0;0;0;0;0;0;0;0;0;0;0;0;0;0;0;0;0;564;148;48104;11427;18227;7090;1813;3974;0;2435;271;552;84;251;101;0;349;0;0;0;0;0;0;7;0;103;0;0;57;1329;12;22
128;Münster;NW;Brief;0;92704;376;92328;19404;27798;30435;3122;3209;0;5189;0;0;0;1151;0;0;2020;0;0;0;0;0;0;0;0;0;0;0;0;0;0;226;92478;16982;25567;26799;4234;3573;0;10495;206;672;71;496;71;0;1191;0;0;0;0;0;0;12;0;162;0;0;43;1839;44;21
129;Warendorf;NW;Brief;0;63506;290;63216;13881;29580;7806;1841;5709;0;2713;1686;0;0;0;0;0;0;0;0;0;0;0;0;0;0;0;0;0;0;0;0;160;63346;12861;26521;8073;2531;5849;0;3116;622;705;117;347;105;0;434;0;0;0;0;0;0;4;0;134;0;0;53;1828;18;28
130;Gütersloh I;NW;Brief;0;63414;369;63045;14451;29570;6697;1934;5683;0;2648;1060;0;0;0;0;0;778;0;0;0;0;0;0;0;0;0;0;0;0;0;224;244;63170;12699;24103;8704;2821;6784;0;3249;485;747;130;379;133;0;502;0;0;0;0;0;0;16;0;129;0;0;68;2158;17;46
131;Bielefeld – Gütersloh II;NW;Brief;0;67872;309;67563;18545;19986;13445;2177;5442;0;5399;0;0;0;1180;524;0;865;0;0;0;0;0;0;0;0;0;0;0;0;0;0;188;67684;14642;18379;13408;2846;5541;0;7685;206;775;132;568;198;0;594;0;0;0;0;0;0;25;0;133;0;0;66;2411;27;48
132;Herford – Minden-Lübbecke II;NW;Brief;0;61644;355;61289;19944;21433;5178;2109;7647;0;2740;925;0;0;1129;0;0;0;0;0;0;0;0;0;0;0;0;0;0;0;184;0;216;61428;15159;20396;6885;2561;7818;0;3428;467;846;130;467;107;0;288;0;0;0;0;0;0;10;0;114;0;0;62;2609;6;75
133;Minden-Lübbecke I;NW;Brief;0;53460;324;53136;14631;19344;6027;1854;6838;0;2430;1171;0;0;0;0;0;553;0;0;0;0;0;0;0;0;0;0;0;0;288;0;181;53279;13505;16854;6037;2356;6895;0;3155;520;682;163;374;85;0;303;0;0;0;0;0;0;13;0;131;0;0;49;2049;11;97
134;Lippe I;NW;Brief;0;61864;418;61446;16023;21942;9337;1890;7611;0;3024;1619;0;0;0;0;0;0;0;0;0;0;0;0;0;0;0;0;0;0;0;0;194;61670;14888;19493;7849;2715;7825;0;3693;597;906;167;374;122;0;340;0;0;0;0;0;0;9;0;131;0;0;77;2399;14;71
135;Höxter – Gütersloh III – Lippe II;NW;Brief;0;44705;339;44366;9228;21018;4139;1408;5505;0;2034;1034;0;0;0;0;0;0;0;0;0;0;0;0;0;0;0;0;0;0;0;0;213;44492;8512;18105;4602;1901;5652;0;2151;457;620;122;238;88;0;203;0;0;0;0;0;0;6;0;102;0;0;79;1588;12;54
136;Paderborn;NW;Brief;0;72027;312;71715;11950;36111;9543;1623;7030;0;3915;0;0;0;1543;0;0;0;0;0;0;0;0;0;0;0;0;0;0;0;0;0;177;71850;10949;29990;10261;2955;7742;0;4777;315;842;184;542;146;0;474;0;0;0;0;0;0;12;0;143;0;0;78;2379;9;52
137;Hagen – Ennepe-Ruhr-Kreis I;NW;Brief;0;51593;315;51278;13958;17484;5164;1897;6985;0;2164;806;0;0;0;476;0;0;0;0;0;0;0;60;0;0;0;0;2284;0;0;0;177;51416;12307;17607;5423;1888;6742;0;2801;361;878;82;319;232;0;305;0;0;0;0;0;0;22;0;96;0;0;68;2248;14;23
138;Ennepe-Ruhr-Kreis II;NW;Brief;0;50630;315;50315;16474;17269;6062;1513;4969;0;2397;618;0;0;765;0;0;0;0;0;0;0;0;77;0;0;0;171;0;0;0;0;188;50442;13594;15653;7087;1977;5083;0;3080;322;781;104;327;92;0;347;0;0;0;0;0;0;32;0;111;0;0;85;1730;13;24
139;Bochum I;NW;Brief;0;62018;418;61600;20646;17344;9926;1800;5549;0;4563;0;0;0;1258;0;0;0;0;0;0;0;0;139;0;0;0;375;0;0;0;0;210;61808;16031;16816;10755;2225;5426;0;6033;200;860;89;503;123;0;536;0;0;0;0;0;0;35;0;123;0;0;121;1882;27;23
140;Herne – Bochum II;NW;Brief;0;41648;346;41302;15186;11677;4491;897;5663;0;2385;0;0;0;0;0;0;551;0;0;0;0;0;110;0;0;0;342;0;0;0;0;184;41464;12192;11394;4650;1168;5429;0;2928;178;832;68;312;108;0;305;0;0;0;0;0;0;29;0;108;0;0;109;1610;16;28
141;Dortmund I;NW;Brief;0;64815;366;64449;20348;17312;10565;2031;6717;0;4742;0;0;0;1381;0;0;882;0;0;0;0;0;142;0;0;0;0;0;0;0;329;214;64601;15984;16379;11373;2377;6747;0;6511;191;1092;98;623;149;0;521;0;0;0;0;0;0;38;0;139;0;0;53;2262;34;30
142;Dortmund II;NW;Brief;0;56414;369;56045;19424;16091;7000;1489;6935;0;3596;0;0;0;1510;0;0;0;0;0;0;0;0;0;0;0;0;0;0;0;0;0;174;56240;15144;15567;7538;1904;6810;0;4302;220;1157;106;537;134;0;394;0;0;0;0;0;0;22;0;109;0;0;65;2182;30;19
143;Unna I;NW;Brief;0;50300;315;49985;17478;17105;5527;1236;5260;0;2168;0;0;0;0;0;0;806;0;0;0;0;0;0;0;0;0;405;0;0;0;0;184;50116;14045;16152;6294;1719;5398;0;2585;262;837;66;304;83;0;390;0;0;0;0;0;0;14;0;85;0;0;113;1730;15;24
144;Hamm – Unna II;NW;Brief;0;58131;383;57748;20211;20854;4774;1517;7277;0;3115;0;0;0;0;0;0;0;0;0;0;0;0;0;0;0;0;0;0;0;0;0;170;57961;14792;20028;6053;1917;7141;0;3230;280;1031;107;354;174;0;357;0;0;0;0;0;0;13;0;112;0;0;58;2269;23;22
145;Soest;NW;Brief;0;70382;385;69997;17271;29494;7790;3091;7865;0;3355;1131;0;0;0;0;0;0;0;0;0;0;0;0;0;0;0;0;0;0;0;0;207;70175;14362;28480;8165;2860;7619;0;3556;460;941;168;412;112;0;383;0;0;0;0;0;0;19;0;164;0;0;78;2345;15;36
146;Hochsauerlandkreis;NW;Brief;0;66143;290;65853;15345;34298;4607;1686;6117;0;2428;1372;0;0;0;0;0;0;0;0;0;0;0;0;0;0;0;0;0;0;0;0;195;65948;11957;31940;5435;2419;6801;0;2788;585;882;121;385;112;0;360;0;0;0;0;0;0;11;0;107;0;0;62;1926;12;45
147;Siegen-Wittgenstein;NW;Brief;0;62807;338;62469;17137;23801;5337;1981;8213;0;3167;1090;0;0;916;0;0;523;0;0;0;0;0;0;0;0;0;0;0;0;304;0;193;62614;14127;22886;5985;2500;8140;0;3734;576;817;142;424;112;0;378;0;0;0;0;0;0;4;0;96;0;0;73;2461;16;143
148;Olpe – Märkischer Kreis I;NW;Brief;0;69563;381;69182;15850;33502;4910;2502;8063;0;2490;1063;0;0;0;0;0;0;0;0;0;0;0;0;0;0;0;0;0;0;0;802;230;69333;12858;31790;5693;2756;8609;0;2788;548;868;151;316;103;0;244;0;0;0;0;0;0;8;0;132;0;0;78;2307;25;59
149;Märkischer Kreis II;NW;Brief;0;55143;320;54823;13798;25142;4386;1596;6445;0;2459;0;0;0;0;0;0;0;0;0;0;0;0;0;0;0;0;509;0;0;0;488;173;54970;11432;22854;5035;2051;6813;0;2577;275;888;131;272;113;0;238;0;0;0;0;0;0;10;0;98;0;0;143;1991;10;39
150;Nordsachsen;SN;Brief;0;35511;323;35188;4697;11473;1304;662;10019;0;3185;2706;0;0;531;0;0;360;0;0;0;0;0;0;0;0;0;251;0;0;0;0;159;35352;3879;9614;1868;1132;9812;0;2970;1072;492;0;229;0;72;206;0;0;0;46;0;0;14;0;0;0;0;93;3853;0;0
151;Leipzig I;SN;Brief;0;65508;238;65270;9257;15296;6448;1411;9141;0;15765;978;0;0;1002;0;0;882;0;0;0;0;0;99;0;0;0;147;4516;0;0;328;183;65325;7545;12690;9387;1984;9462;0;15513;740;1016;0;575;0;146;764;0;0;0;84;0;0;46;0;0;0;0;108;5265;0;0
152;Leipzig II;SN;Brief;0;77316;219;77097;7422;13190;10597;1675;7976;0;30132;898;0;0;903;0;0;0;0;0;179;0;0;0;0;0;0;134;3991;0;0;0;175;77141;9767;13217;15706;2311;8030;0;19351;677;824;0;623;0;113;989;0;0;0;103;0;0;26;0;0;0;0;129;5275;0;0
153;Leipzig-Land;SN;Brief;0;48894;250;48644;7033;14624;2617;1393;11445;0;4307;2833;0;0;0;0;0;0;0;0;187;0;0;0;0;0;0;0;4205;0;0;0;174;48720;5543;13669;3379;1787;11762;0;4470;1648;656;0;237;0;67;345;0;0;0;71;0;0;21;0;0;0;0;102;4963;0;0
154;Meißen;SN;Brief;0;48437;472;47965;4665;15220;3180;3344;13610;0;5080;2222;0;0;0;0;0;0;0;0;0;0;0;0;0;0;0;644;0;0;0;0;192;48245;4623;12985;3408;2100;13068;0;4109;1007;624;0;253;0;87;385;0;0;0;52;0;0;25;0;0;0;0;257;5262;0;0
155;Bautzen I;SN;Brief;0;39372;361;39011;3989;12543;1415;1264;12172;0;4629;2488;0;0;0;0;0;0;0;0;0;0;0;0;0;0;0;511;0;0;0;0;156;39216;3562;10431;1952;1382;11524;0;3539;999;577;0;255;0;77;193;0;0;0;43;0;0;19;0;0;0;0;222;4441;0;0
156;Görlitz;SN;Brief;0;41015;272;40743;3564;13486;2024;904;12509;0;2865;1169;0;0;0;0;0;0;0;0;0;0;0;0;0;0;0;399;3823;0;0;0;202;40813;3637;11064;2250;1314;11891;0;3704;852;623;0;234;0;64;197;0;0;0;46;0;0;22;0;0;0;0;241;4674;0;0
157;Sächsische Schweiz-Osterzgebirge;SN;Brief;0;44253;460;43793;5286;13505;2169;1476;13761;0;4714;2378;0;0;0;0;0;0;0;0;0;0;0;0;0;0;0;504;0;0;0;0;156;44097;3927;11641;2913;1664;12902;0;3647;1066;539;0;224;0;88;357;0;0;0;55;0;0;24;0;0;0;0;227;4823;0;0
158;Dresden I;SN;Brief;0;76443;729;75714;11061;23971;10760;2820;13234;0;11205;0;0;0;0;0;0;1802;0;0;0;0;0;0;0;0;0;861;0;0;0;0;206;76237;9021;17832;12047;2969;12117;0;11263;767;890;0;562;0;207;1271;0;0;0;117;0;0;38;0;0;0;0;317;6819;0;0
159;Dresden II – Bautzen II;SN;Brief;0;80094;597;79497;9251;22110;12238;2219;13556;0;14347;1516;0;0;1440;0;0;2108;0;0;0;0;0;139;0;0;0;573;0;0;0;0;236;79858;8351;16729;13756;2789;12812;0;14297;922;914;0;650;0;264;1189;0;0;0;110;0;0;35;0;0;0;0;252;6788;0;0
160;Mittelsachsen;SN;Brief;0;41342;375;40967;5327;13963;1689;1448;12238;0;4103;2199;0;0;0;0;0;0;0;0;0;0;0;0;0;0;0;0;0;0;0;0;160;41182;4294;10884;2328;1439;11579;0;3635;1201;499;0;218;0;62;231;0;0;0;51;0;0;14;0;0;0;0;77;4670;0;0
161;Chemnitz;SN;Brief;0;47644;179;47465;10184;12414;3029;1108;8572;0;4699;882;0;0;569;0;0;372;0;0;145;0;0;0;0;0;0;169;5322;0;0;0;165;47479;6873;11587;4388;1465;8990;0;5932;623;666;0;342;0;66;357;0;0;0;93;0;0;33;0;0;0;0;141;5923;0;0
162;Chemnitzer Umland – Erzgebirgskreis II;SN;Brief;0;39133;580;38553;5952;13748;1598;1552;11359;0;4344;0;0;0;0;0;0;0;0;0;0;0;0;0;0;0;0;0;0;0;0;0;150;38983;4317;10565;1892;1363;10422;0;3219;1048;517;0;184;0;51;187;0;0;0;48;0;0;11;0;0;0;0;113;5046;0;0
163;Erzgebirgskreis I;SN;Brief;0;44964;288;44676;3913;14264;1095;1087;14073;0;3244;1833;0;0;0;0;0;0;0;0;0;0;0;0;0;0;0;0;4295;0;0;872;233;44731;3964;11972;1558;1474;14099;0;3489;1392;576;0;176;0;44;151;0;0;0;35;0;0;16;0;0;0;0;146;5639;0;0
164;Zwickau;SN;Brief;0;41321;293;41028;5317;12346;1426;1303;10425;0;2989;1645;0;0;561;0;0;0;0;0;0;0;0;43;0;0;0;140;4833;0;0;0;194;41127;4723;11212;2094;1306;11007;0;3550;957;522;0;294;0;62;199;0;0;0;34;0;0;25;0;0;0;0;116;5026;0;0
165;Vogtlandkreis;SN;Brief;0;43731;497;43234;5589;14634;2081;1220;12806;0;4451;2453;0;0;0;0;0;0;0;0;0;0;0;0;0;0;0;0;0;0;0;0;165;43566;4937;11925;2067;1353;11725;0;3578;1026;641;0;239;0;50;154;0;0;0;40;0;0;25;0;0;0;0;115;5691;0;0
166;Waldeck;HE;Brief;0;51385;520;50865;15882;17678;4408;1619;6794;0;2476;2008;0;0;0;0;0;0;0;0;0;0;0;0;0;0;0;0;0;0;0;0;359;51026;13115;16693;5115;1961;6817;0;2660;1059;838;0;260;0;0;244;0;0;0;43;0;0;11;0;0;0;0;79;2131;0;0
167;Kassel;HE;Brief;0;62795;621;62174;18311;16989;10533;1696;5906;0;6280;1201;0;0;0;0;0;1138;0;0;0;0;0;120;0;0;0;0;0;0;0;0;415;62380;15226;16182;10823;2172;5782;0;6855;632;1005;0;344;0;0;579;0;0;0;47;0;0;38;0;0;0;0;66;2629;0;0
168;Werra-Meißner – Hersfeld-Rotenburg;HE;Brief;0;47741;441;47300;14434;17207;3044;1101;6873;0;2161;1635;0;0;0;0;0;559;0;0;0;0;0;0;0;0;0;0;0;0;0;286;351;47390;11732;15424;4027;1741;7269;0;2566;1158;710;0;242;0;0;399;0;0;0;39;0;0;10;0;0;0;0;67;2006;0;0
169;Schwalm-Eder;HE;Brief;0;51111;575;50536;15958;16865;3497;1356;8103;0;2358;2399;0;0;0;0;0;0;0;0;0;0;0;0;0;0;0;0;0;0;0;0;388;50723;12750;15765;4631;1977;8100;0;2487;1357;894;0;271;0;0;261;0;0;0;33;0;0;9;0;0;0;0;58;2130;0;0
170;Marburg;HE;Brief;0;51050;316;50734;16502;16025;5956;1068;5735;0;3600;807;0;0;0;0;0;665;0;0;0;0;0;0;0;0;0;0;0;0;0;376;195;50855;11279;14675;8157;1877;5771;0;5340;607;679;0;237;0;0;416;0;0;0;40;0;0;15;0;0;0;0;67;1695;0;0
171;Lahn-Dill;HE;Brief;0;54512;484;54028;14384;20991;4537;1459;8155;0;2106;1454;0;0;0;0;0;942;0;0;0;0;0;0;0;0;0;0;0;0;0;0;316;54196;11553;18957;5767;2151;8000;0;2934;992;855;0;314;0;0;475;0;0;0;36;0;0;11;0;0;0;0;75;2076;0;0
172;Gießen;HE;Brief;0;62467;403;62064;18836;20749;6503;1737;7169;0;3775;2148;0;0;0;0;0;1147;0;0;0;0;0;0;0;0;0;0;0;0;0;0;287;62180;12837;18442;9304;2600;7420;0;5777;1300;883;0;389;0;0;663;0;0;0;82;0;0;13;0;0;0;0;93;2377;0;0
173;Fulda;HE;Brief;0;59978;383;59595;8811;28546;4905;2172;8836;0;2208;2273;0;0;708;0;0;906;0;0;0;0;0;0;0;0;0;230;0;0;0;0;268;59710;8397;25073;5673;2922;9373;0;2980;1428;699;0;328;0;0;585;0;0;0;39;0;0;6;0;0;0;0;117;2090;0;0
174;Main-Kinzig – Wetterau II – Schotten;HE;Brief;0;52430;516;51914;11778;20000;4607;1636;8725;0;2087;1914;0;0;0;0;0;796;0;0;0;0;0;0;0;0;0;371;0;0;0;0;326;52104;9401;18361;5437;2269;8834;0;2572;1205;944;0;331;0;0;453;0;0;0;46;0;0;15;0;0;0;0;126;2110;0;0
175;Hochtaunus;HE;Brief;0;58769;533;58236;11641;24492;7671;2897;6427;0;2467;1480;0;0;0;0;0;1161;0;0;0;0;0;0;0;0;0;0;0;0;0;0;340;58429;10263;22203;8278;3825;6412;0;3003;862;758;0;241;0;0;583;0;0;0;47;0;0;10;0;0;0;0;76;1868;0;0
176;Wetterau I;HE;Brief;0;56321;526;55795;14843;20709;6014;2229;6842;0;2244;1663;0;0;0;0;0;1251;0;0;0;0;0;0;0;0;0;0;0;0;0;0;345;55976;10589;19410;8127;2837;6715;0;3185;1092;865;0;339;0;0;682;0;0;0;53;0;0;12;0;0;0;0;75;1995;0;0
177;Rheingau-Taunus – Limburg;HE;Brief;0;71835;690;71145;16212;29131;8509;3105;8240;0;2745;1883;0;0;0;0;0;1320;0;0;0;0;0;0;0;0;0;0;0;0;0;0;358;71477;12771;27110;9533;3846;8604;0;3702;1131;1037;0;372;0;0;749;0;0;0;61;0;0;18;0;0;0;0;126;2417;0;0
178;Wiesbaden;HE;Brief;0;57609;430;57179;13005;20124;9819;2306;4763;0;4595;1061;0;0;0;0;0;1506;0;0;0;0;0;0;0;0;0;0;0;0;0;0;256;57353;10532;17901;10765;3161;5023;0;5200;620;648;0;288;0;0;889;0;0;0;82;0;0;24;0;0;0;0;63;2157;0;0
179;Hanau;HE;Brief;0;47274;454;46820;12527;16881;4745;1692;6009;0;2660;1433;0;0;0;0;0;873;0;0;0;0;0;0;0;0;0;0;0;0;0;0;284;46990;9296;15671;6097;2158;6237;0;3046;774;826;0;275;0;0;499;0;0;0;33;0;0;12;0;0;0;0;84;1982;0;0
180;Main-Taunus;HE;Brief;0;64362;455;63907;11362;28206;9734;3466;5515;0;2635;1381;0;0;0;0;0;1267;0;0;0;0;0;0;0;0;0;341;0;0;0;0;291;64071;10272;25619;10119;4534;5716;0;3141;840;725;0;272;0;0;775;0;0;0;56;0;0;22;0;0;0;0;177;1803;0;0
181;Frankfurt am Main I;HE;Brief;0;58241;345;57896;13808;17565;11040;3022;4150;0;5457;653;0;0;713;0;0;1368;0;0;0;0;0;120;0;0;0;0;0;0;0;0;186;58055;9289;16197;12581;4193;4279;0;6904;383;569;0;318;0;0;998;0;0;0;65;0;0;39;0;0;0;0;55;2185;0;0
182;Frankfurt am Main II;HE;Brief;0;74872;396;74476;12873;22733;21608;3694;4734;0;5308;723;0;0;744;0;0;1696;0;0;0;0;0;87;0;0;0;147;0;0;0;129;246;74626;12372;21198;17610;5084;4980;0;7992;479;621;0;414;0;0;1273;0;0;0;66;0;0;19;0;0;0;0;73;2445;0;0
183;Groß-Gerau;HE;Brief;0;50046;536;49510;14600;17250;4755;1721;5680;0;2922;1576;0;0;0;0;0;913;0;0;0;0;0;93;0;0;0;0;0;0;0;0;307;49739;10754;15731;6535;2192;6106;0;3440;882;852;0;325;0;0;550;0;0;0;55;0;0;19;0;0;0;0;60;2238;0;0
184;Offenbach;HE;Brief;0;58780;514;58266;12778;20868;10287;2252;5984;0;4324;1773;0;0;0;0;0;0;0;0;0;0;0;0;0;0;0;0;0;0;0;0;303;58477;10689;19132;8861;3127;6073;0;5110;860;870;0;330;0;0;708;0;0;0;54;0;0;29;0;0;0;0;66;2568;0;0
185;Darmstadt;HE;Brief;0;76917;528;76389;17046;22553;17443;2571;6975;0;4367;980;1221;0;740;0;0;2409;0;0;0;0;0;84;0;0;0;0;0;0;0;0;320;76597;15241;20856;16262;3612;7069;0;7066;672;954;0;456;0;0;1425;0;0;0;104;0;0;26;0;0;0;0;92;2762;0;0
186;Odenwald;HE;Brief;0;75835;821;75014;19560;29099;7465;2613;9018;0;3497;2454;0;0;0;0;0;1308;0;0;0;0;0;0;0;0;0;0;0;0;0;0;530;75305;14816;26694;9336;3569;9590;0;4193;1348;1326;0;420;0;0;847;0;0;0;56;0;0;23;0;0;0;0;100;2987;0;0
187;Bergstraße;HE;Brief;0;61015;613;60402;13257;24763;6191;2328;8462;0;2450;1675;0;0;0;0;0;1276;0;0;0;0;0;0;0;0;0;0;0;0;0;0;354;60661;11283;21893;7605;2989;8401;0;2905;984;1092;0;304;0;0;653;0;0;0;68;0;0;16;0;0;0;0;89;2379;0;0
188;Eichsfeld – Nordhausen – Kyffhäuserkreis;TH;Brief;0;40126;277;39849;4757;13518;1146;982;9554;0;5625;0;0;0;0;0;0;0;0;0;0;0;0;99;0;0;0;0;4168;0;0;0;179;39947;4461;11595;1702;1134;9340;0;6693;498;0;0;0;0;0;176;0;0;0;0;0;0;52;0;0;0;0;97;4199;0;0
189;Eisenach – Wartburgkreis – Unstrut-Hainich-Kreis;TH;Brief;0;40686;234;40452;6828;11229;1611;595;9426;0;4681;1215;0;0;0;0;0;0;0;0;0;0;0;102;0;0;0;0;4058;0;0;707;195;40491;5145;9921;1869;1023;9965;0;6753;948;0;0;0;0;0;244;0;0;0;0;0;0;63;0;0;0;0;101;4459;0;0
190;Jena – Sömmerda – Weimarer Land I;TH;Brief;0;47083;265;46818;7499;9889;4419;1128;8177;0;10984;1101;0;0;0;0;0;0;0;0;0;0;0;107;0;0;0;0;3514;0;0;0;178;46905;5399;9562;5355;1393;8263;0;10782;674;0;0;0;0;0;645;0;0;0;0;0;0;71;0;0;0;0;105;4656;0;0
191;Gotha – Ilm-Kreis;TH;Brief;0;35550;228;35322;4872;8925;1635;726;9112;0;5097;853;0;0;0;0;0;0;0;0;0;0;0;0;0;0;0;0;3726;0;0;376;172;35378;4214;7905;1781;885;8943;0;6580;685;0;0;0;0;0;241;0;0;0;0;0;0;43;0;0;0;0;106;3995;0;0
192;Erfurt – Weimar – Weimarer Land II;TH;Brief;0;51827;188;51639;4773;9582;2386;951;7557;0;22487;635;0;0;0;0;0;0;0;0;0;0;0;110;0;0;0;0;3158;0;0;0;175;51652;6784;10624;6295;1370;7831;0;12222;614;0;0;0;0;0;663;0;0;0;0;0;0;76;0;0;0;0;116;5057;0;0
193;Gera – Greiz – Altenburger Land;TH;Brief;0;40626;263;40363;6129;10720;1161;946;11144;0;5664;883;0;0;0;0;0;0;0;0;0;0;0;0;0;0;0;0;3716;0;0;0;227;40399;4332;9785;1660;1164;10777;0;6781;647;0;0;0;0;0;250;0;0;0;0;0;0;48;0;0;0;0;109;4846;0;0
194;Saalfeld-Rudolstadt – Saale-Holzland-Kreis – Saale-Orla-Kreis;TH;Brief;0;41101;240;40861;4846;10892;1610;968;11128;0;5756;1027;0;0;0;0;0;0;0;0;0;0;0;0;0;0;0;0;4634;0;0;0;189;40912;4225;9775;1753;1090;10644;0;7054;783;0;0;0;0;0;264;0;0;0;0;0;0;46;0;0;0;0;107;5171;0;0
195;Suhl – Schmalkalden-Meiningen – Hildburghausen – Sonneberg;TH;Brief;0;44692;246;44446;6397;10778;1173;1283;11904;0;5737;1704;0;0;0;0;0;0;0;0;0;0;0;91;0;0;0;0;4880;0;0;499;192;44500;5025;9785;1711;1160;12299;0;7264;1313;0;0;0;0;0;223;0;0;0;0;0;0;63;0;0;0;0;112;5545;0;0
196;Neuwied;RP;Brief;0;89265;685;88580;21160;36736;6178;3311;11305;0;3646;2273;0;0;0;0;0;1054;0;0;0;0;0;0;0;0;0;0;2917;0;0;0;325;88940;18319;34035;8157;3862;12050;0;4504;1780;1217;0;413;0;0;626;118;0;0;0;0;0;15;0;0;0;0;117;3727;0;0
197;Ahrweiler;RP;Brief;0;78272;743;77529;15586;34373;7802;2449;8807;0;3375;3181;0;0;0;0;0;1151;474;0;0;0;0;0;0;0;0;331;0;0;0;0;293;77979;15147;31009;8353;3532;9125;0;3785;1924;997;0;346;0;0;635;185;0;0;0;0;0;16;0;0;0;0;148;2777;0;0
198;Koblenz;RP;Brief;0;76270;662;75608;19161;30696;8075;2243;7362;0;3493;3341;0;0;0;0;0;1237;0;0;0;0;0;0;0;0;0;0;0;0;0;0;308;75962;15999;27667;9573;3486;7691;0;4974;1858;926;0;396;0;0;650;100;0;0;0;0;0;41;0;0;0;0;81;2520;0;0
199;Mosel/Rhein-Hunsrück;RP;Brief;0;64414;823;63591;13360;26687;5097;3572;7856;0;2637;3109;0;0;0;0;0;666;607;0;0;0;0;0;0;0;0;0;0;0;0;0;291;64123;12615;24913;5403;3493;8164;0;3061;1949;909;0;311;0;0;418;218;0;0;0;0;0;12;0;0;0;0;99;2558;0;0
200;Kreuznach;RP;Brief;0;60051;536;59515;16847;21603;3805;1957;8123;0;2185;2141;0;0;0;0;0;709;0;0;0;0;0;0;0;0;0;0;2145;0;0;0;279;59772;13314;20768;5379;2641;8845;0;3028;1362;871;0;266;0;0;471;109;0;0;0;0;0;15;0;0;0;0;74;2629;0;0
201;Bitburg;RP;Brief;0;65616;659;64957;13870;28336;3961;2083;7258;0;1988;6339;0;0;0;0;0;1122;0;0;0;0;0;0;0;0;0;0;0;0;0;0;294;65322;11775;26234;5310;2865;7978;0;2935;3989;827;0;281;0;0;501;139;0;0;0;0;0;5;0;0;0;0;81;2402;0;0
202;Trier;RP;Brief;0;77881;543;77338;24377;26261;6774;3241;7224;0;3231;2360;0;0;0;0;0;876;356;0;0;0;0;0;0;0;0;0;2638;0;0;0;276;77605;16592;26540;9841;3529;8207;0;5240;1977;929;0;426;0;0;812;174;0;0;0;0;0;8;0;0;0;0;97;3233;0;0
203;Montabaur;RP;Brief;0;77340;845;76495;19686;31011;5312;2370;9857;0;3158;3003;2098;0;0;0;0;0;0;0;0;0;0;0;0;0;0;0;0;0;0;0;458;76882;15575;28982;7099;3383;10387;0;3922;1981;1280;0;334;0;0;627;122;0;0;0;0;0;13;0;0;0;0;118;3059;0;0
204;Mainz;RP;Brief;0;95394;636;94758;22894;28248;18364;3725;6429;0;8017;1608;0;0;738;0;0;2253;483;0;0;0;0;0;0;0;0;0;1999;0;0;0;411;94983;18277;27988;20374;4786;6950;0;9375;1188;968;0;472;0;0;1447;311;0;0;0;0;0;19;0;0;0;0;70;2758;0;0
205;Worms;RP;Brief;0;75758;699;75059;17820;30068;6167;2182;10351;0;3092;2014;0;0;0;0;0;1252;0;0;0;0;0;0;0;0;0;0;1791;0;0;322;457;75301;15895;25040;8363;3339;11543;0;4060;1588;1211;0;372;0;0;789;136;0;0;0;0;0;12;0;0;0;0;141;2812;0;0
206;Ludwigshafen/Frankenthal;RP;Brief;0;67091;691;66400;19192;20776;6034;2493;10071;0;2363;2346;0;0;0;0;0;676;0;0;0;0;0;0;0;0;0;290;2159;0;0;0;404;66687;14618;21770;6921;2923;10386;0;3431;1570;1068;0;356;0;0;501;90;0;0;0;0;0;15;0;0;0;0;168;2870;0;0
207;Neustadt – Speyer;RP;Brief;0;86440;657;85783;20383;33742;8640;2675;10758;0;2706;2663;0;0;0;0;0;1409;0;0;0;0;0;0;0;0;0;236;2571;0;0;0;422;86018;17484;29988;10799;4125;11572;0;3990;2024;1222;0;329;0;0;931;135;0;0;0;0;0;16;0;0;0;0;138;3265;0;0
208;Kaiserslautern;RP;Brief;0;75449;757;74692;23329;20535;4879;2193;12798;0;2688;3692;0;0;0;0;0;840;0;0;0;0;0;0;0;0;0;176;3562;0;0;0;410;75039;17690;21603;6802;2879;13161;0;4063;2466;1400;0;360;0;0;547;119;0;0;0;0;0;25;0;0;0;0;124;3800;0;0
209;Pirmasens;RP;Brief;0;64596;686;63910;14689;24655;3130;1937;10331;0;1921;2616;2012;0;0;0;0;0;0;0;0;0;0;0;0;0;0;105;2514;0;0;0;484;64112;12548;22975;4176;2708;11568;0;2799;1716;1508;0;324;0;0;317;87;0;0;0;0;0;16;0;0;0;0;114;3256;0;0
210;Südpfalz;RP;Brief;0;89603;583;89020;17814;38667;7183;2315;12248;0;2868;2384;1670;0;0;0;0;1154;0;0;0;0;0;0;0;0;0;0;2717;0;0;0;462;89141;16442;31835;10349;3788;13355;0;4721;2126;1363;0;428;0;0;902;142;0;0;0;0;0;18;0;0;0;0;103;3569;0;0
211;Altötting;BY;Brief;0;71204;357;70847;6475;0;5959;2152;11878;34301;2643;5321;0;787;0;0;0;0;1331;0;0;0;0;0;0;0;0;0;0;0;0;0;152;71052;6362;0;6137;2474;12346;31154;2861;4923;594;396;285;0;0;337;495;0;0;47;0;206;10;0;0;0;0;51;2374;0;0
212;Erding – Ebersberg;BY;Brief;0;96831;342;96489;9559;0;12992;3347;11770;47656;3073;4567;0;0;0;0;0;1220;1468;0;0;0;0;0;0;0;0;0;0;0;0;837;194;96637;9572;0;12673;4582;12642;41984;4181;5305;845;330;400;0;0;740;615;0;0;68;0;230;12;0;0;0;0;68;2390;0;0
213;Freising;BY;Brief;0;110803;451;110352;12296;0;14270;2968;15556;51859;3838;8358;0;1207;0;0;0;0;0;0;0;0;0;0;0;0;0;0;0;0;0;0;213;110590;10771;0;13130;4486;16527;46546;4811;7613;997;512;473;0;0;738;596;0;0;86;0;224;14;0;0;0;0;62;3004;0;0
214;Fürstenfeldbruck;BY;Brief;0;103146;334;102812;15390;0;12421;4512;10669;47269;2927;5381;1686;0;0;0;0;1457;1100;0;0;0;0;0;0;0;0;0;0;0;0;0;159;102987;11950;0;14766;4827;11540;44538;4598;4515;932;355;461;0;0;1023;541;0;0;83;0;201;10;0;0;0;0;66;2581;0;0
215;Ingolstadt;BY;Brief;0;105682;312;105370;11858;0;8516;1874;15096;54174;3562;6408;1165;0;772;0;0;1001;944;0;0;0;0;0;0;0;0;0;0;0;0;0;167;105515;10981;0;10619;3850;16607;46627;4425;6345;828;351;497;0;0;655;501;0;0;83;0;192;16;0;0;0;0;62;2876;0;0
216;München-Nord;BY;Brief;0;101199;403;100796;19176;0;26465;4814;6133;35274;5090;1617;0;0;0;0;0;1974;0;0;0;0;0;0;0;0;0;253;0;0;0;0;145;101054;14962;0;25740;6908;6655;31929;7385;1499;685;198;430;0;0;1492;335;0;0;96;0;89;17;0;0;0;0;76;2558;0;0
217;München-Ost;BY;Brief;0;109979;459;109520;16116;0;28385;4450;6569;42999;5146;2105;0;0;1073;0;0;2677;0;0;0;0;0;0;0;0;0;0;0;0;0;0;182;109797;16144;0;26600;6997;7192;37389;7436;1575;791;204;477;0;0;1507;422;0;0;99;0;131;19;0;0;0;0;65;2749;0;0
218;München-Süd;BY;Brief;0;100044;269;99775;14131;0;31498;4105;6076;32520;4312;1461;949;0;659;0;0;1851;0;0;0;0;0;40;0;0;0;0;2173;0;0;0;155;99889;15146;0;26304;5478;6442;31235;7851;1342;775;209;471;0;0;1502;378;0;0;102;0;97;19;0;0;0;0;52;2486;0;0
219;München-West/Mitte;BY;Brief;0;118642;964;117678;18488;0;34913;5665;0;42794;5650;3288;1814;0;1087;0;0;2855;0;0;0;0;0;0;0;0;0;677;0;0;0;447;146;118496;17983;0;31870;7040;7441;37016;8770;1693;753;205;507;0;0;1714;447;0;0;94;0;100;23;0;0;0;0;77;2763;0;0
220;München-Land;BY;Brief;0;110867;345;110522;14503;0;22202;4633;8811;51109;3779;3792;1693;0;0;0;0;0;0;0;0;0;0;0;0;0;0;0;0;0;0;0;172;110695;14093;0;19916;6613;9424;46977;4719;2869;969;284;429;0;0;1115;447;0;0;89;0;144;14;0;0;0;0;70;2523;0;0
221;Rosenheim;BY;Brief;0;105794;419;105375;9304;0;14203;2949;13969;46521;4234;9972;1554;1144;0;0;0;1109;0;0;205;0;0;0;0;0;0;211;0;0;0;0;223;105571;10349;0;14180;4940;15396;43176;4697;6146;936;630;435;0;0;607;531;0;0;102;0;285;14;0;0;0;0;95;3052;0;0
222;Bad Tölz-Wolfratshausen – Miesbach;BY;Brief;0;81368;326;81042;6254;0;12543;2740;10061;40066;2217;4666;0;0;0;0;0;688;768;0;0;0;1039;0;0;0;0;0;0;0;0;0;170;81198;7458;0;10646;4140;10513;36614;2832;4369;562;284;321;0;0;496;360;0;0;44;0;359;17;0;0;0;0;54;2129;0;0
223;Starnberg – Landsberg am Lech;BY;Brief;0;98027;331;97696;12696;0;16845;3372;8883;45144;2682;3500;1394;753;758;0;0;1279;0;0;0;0;390;0;0;0;0;0;0;0;0;0;187;97840;11352;0;17289;5622;9452;41066;4296;3151;831;354;428;0;0;737;428;0;0;73;0;251;11;0;0;0;0;55;2444;0;0
224;Traunstein;BY;Brief;0;97326;360;96966;12187;0;8971;1720;12147;49599;3356;7005;0;926;0;0;0;0;1055;0;0;0;0;0;0;0;0;0;0;0;0;0;204;97122;9991;0;10591;3091;14284;41057;3739;7947;867;543;386;0;0;416;595;0;0;55;0;280;16;0;0;0;0;62;3202;0;0
225;Weilheim;BY;Brief;0;82590;389;82201;7744;0;10823;3607;9690;40379;2673;5058;0;0;0;0;0;857;1370;0;0;0;0;0;0;0;0;0;0;0;0;0;163;82427;7942;0;10282;3737;10813;37076;3359;4385;618;329;366;0;0;434;572;0;0;37;0;193;8;0;0;0;0;55;2221;0;0
226;Deggendorf;BY;Brief;0;79720;350;79370;7309;0;3762;3309;18128;36315;1531;7708;0;0;0;0;0;535;0;0;0;0;773;0;0;0;0;0;0;0;0;0;135;79585;6448;0;4035;2371;20153;32609;2208;7569;517;168;186;0;0;266;308;0;0;33;0;333;2;0;0;0;0;52;2327;0;0
227;Landshut;BY;Brief;0;111529;316;111213;9849;0;9651;3336;16964;40399;3273;24290;1187;0;0;0;0;640;1075;0;0;0;549;0;0;0;0;0;0;0;0;0;175;111354;10567;0;10142;3804;19406;43913;4386;12838;908;310;389;0;0;517;621;0;0;74;0;290;17;0;0;0;0;64;3108;0;0
228;Passau;BY;Brief;0;85996;290;85706;12308;0;4423;1685;16448;37765;2088;6494;0;0;0;0;0;498;1652;0;0;0;0;0;0;0;0;0;2345;0;0;0;143;85853;8417;0;5902;2593;18284;35859;2917;6805;583;192;195;0;0;303;661;0;0;40;0;163;4;0;0;0;0;39;2896;0;0
229;Rottal-Inn;BY;Brief;0;76012;234;75778;5603;0;4527;1402;13212;27931;1889;19685;0;0;0;0;0;529;1000;0;0;0;0;0;0;0;0;0;0;0;0;0;119;75893;6051;0;4628;2140;15509;31454;2368;9422;483;228;210;0;0;267;541;0;0;33;0;192;7;0;0;0;0;40;2320;0;0
230;Straubing;BY;Brief;0;79288;260;79028;6262;0;4290;1457;16918;39426;2090;7150;0;0;0;0;0;0;1155;0;0;0;0;0;0;0;0;280;0;0;0;0;159;79129;6363;0;4381;2213;18331;33320;2362;7652;572;176;214;0;0;216;545;0;0;27;0;183;7;0;0;0;0;71;2496;0;0
231;Amberg;BY;Brief;0;91614;326;91288;10011;0;6481;2317;14276;44353;3329;7615;0;824;0;0;0;813;989;0;0;0;0;0;0;0;0;280;0;0;0;0;190;91424;9977;0;7422;2760;15165;39901;3641;7288;745;399;325;0;0;475;450;0;0;66;0;209;10;0;0;0;0;97;2494;0;0
232;Regensburg;BY;Brief;0;113022;277;112745;14537;0;15480;2722;14712;47651;4310;7302;1234;0;0;0;0;1263;886;0;0;0;0;0;0;0;0;152;2496;0;0;0;166;112856;12500;0;15856;3674;15749;44596;6850;7251;855;277;405;0;0;981;513;0;0;71;0;151;12;0;0;0;0;94;3021;0;0
233;Schwandorf;BY;Brief;0;104574;407;104167;15232;0;4409;1902;23523;46740;2374;8879;0;0;0;0;0;0;755;0;0;0;0;0;0;0;0;353;0;0;0;0;212;104362;9974;0;5352;2575;24569;43592;3023;10073;662;283;247;0;0;319;391;0;0;51;0;196;18;0;0;0;0;101;2936;0;0
234;Weiden;BY;Brief;0;77521;295;77226;9667;0;3951;2397;14067;35900;2824;6201;0;0;0;0;0;0;462;0;0;0;0;0;0;0;0;0;0;0;0;1757;187;77334;9524;0;4712;2194;14972;33616;2730;5613;555;250;195;0;0;268;268;0;0;39;0;193;17;0;0;0;0;55;2133;0;0
235;Bamberg;BY;Brief;0;82069;279;81790;12348;0;11033;2431;11469;35448;3630;3765;0;0;0;0;0;1077;589;0;0;0;0;0;0;0;0;0;0;0;0;0;174;81895;9544;0;10457;3076;12053;33633;4722;3481;707;258;303;0;0;744;269;0;0;66;0;119;19;0;0;0;0;61;2383;0;0
236;Bayreuth;BY;Brief;0;71873;275;71598;10581;0;6062;1958;9868;34947;2763;4089;0;507;0;0;0;823;0;0;0;0;0;0;0;0;0;0;0;0;0;0;129;71744;9233;0;7232;2515;10665;30621;3566;3901;614;235;247;0;0;486;182;0;0;51;0;76;14;0;0;0;0;48;2058;0;0
237;Coburg;BY;Brief;0;60152;228;59924;9245;0;5820;1176;8284;27655;1933;3754;0;0;0;0;0;0;531;0;0;0;0;0;0;0;0;0;1526;0;0;0;136;60016;9473;0;4932;1908;9067;24802;2939;2932;631;200;242;0;0;396;241;0;0;52;0;65;10;0;0;0;0;50;2076;0;0
238;Hof;BY;Brief;0;63068;329;62739;12299;0;3359;1547;10245;28491;2341;3538;0;0;0;0;0;587;0;0;0;0;0;0;0;0;0;332;0;0;0;0;129;62939;9291;0;4152;1921;10633;27209;2826;2969;628;182;217;0;0;311;139;0;0;50;0;78;11;0;0;0;0;97;2225;0;0
239;Kulmbach;BY;Brief;0;76963;326;76637;7398;0;5114;1479;12535;41250;2606;5465;0;0;0;0;0;790;0;0;0;0;0;0;0;0;0;0;0;0;0;0;145;76818;8747;0;5648;2347;13846;33935;3031;4736;664;253;316;0;0;430;245;0;0;41;0;110;9;0;0;0;0;69;2391;0;0
240;Ansbach;BY;Brief;0;101605;432;101173;14183;0;9388;2660;15845;46284;4039;6329;0;0;0;0;0;1220;1225;0;0;0;0;0;0;0;0;0;0;0;0;0;197;101408;12941;0;10044;3265;16227;41649;4443;5882;966;439;371;0;0;665;579;0;0;72;0;165;17;0;0;0;0;83;3600;0;0
241;Erlangen;BY;Brief;0;77095;316;76779;13963;0;14225;2236;7721;29641;3526;4028;0;0;0;0;0;1439;0;0;0;0;0;0;0;0;0;0;0;0;0;0;138;76957;10900;0;14538;3104;8208;28513;4773;2545;607;232;337;0;0;771;292;0;0;100;0;70;21;0;0;0;0;46;1900;0;0
242;Fürth;BY;Brief;0;93204;391;92813;17018;0;10692;2646;12042;38657;4689;4398;0;0;0;0;0;1150;1521;0;0;0;0;0;0;0;0;0;0;0;0;0;194;93010;13846;0;12204;3425;12348;35937;5389;3491;1075;318;421;0;0;738;426;0;0;76;0;107;19;0;0;0;0;84;3106;0;0
243;Nürnberg-Nord;BY;Brief;0;68019;280;67739;11963;0;15785;2352;5521;22453;5536;1544;0;0;742;0;0;1224;476;0;0;0;0;143;0;0;0;0;0;0;0;0;158;67861;10668;0;14616;2964;5706;20557;7632;973;688;155;362;0;0;883;248;0;0;75;0;28;36;0;0;0;0;62;2208;0;0
244;Nürnberg-Süd;BY;Brief;0;56682;294;56388;10522;0;7192;1381;7205;23150;3620;1847;0;0;0;0;0;1007;464;0;0;0;0;0;0;0;0;0;0;0;0;0;172;56510;9359;0;7433;2006;7153;21092;4064;1344;717;181;294;0;0;474;219;0;0;44;0;48;20;0;0;0;0;40;2022;0;0
245;Roth;BY;Brief;0;98569;389;98180;12999;0;12527;2746;12121;45684;4425;5082;0;0;0;0;0;1051;784;0;0;0;0;0;0;0;0;290;0;0;0;471;194;98375;13712;0;12306;3585;13226;40737;4591;4351;1013;335;398;0;0;597;371;0;0;62;0;104;16;0;0;0;0;139;2832;0;0
246;Aschaffenburg;BY;Brief;0;76292;371;75921;9489;0;9533;2446;9559;37391;2820;2449;0;0;0;0;0;924;641;0;0;0;322;0;0;0;0;142;0;0;0;205;240;76052;10220;0;8975;3131;10099;32925;3778;2126;832;214;305;0;0;638;301;0;0;62;0;130;33;0;0;0;0;77;2206;0;0
247;Bad Kissingen;BY;Brief;0;99634;3053;96581;14796;0;5865;4187;0;51594;4477;11723;0;0;0;0;0;0;1123;0;0;0;0;0;0;0;0;2816;0;0;0;0;278;99356;10216;0;7510;3488;17284;45721;4102;5369;728;397;396;0;0;440;352;0;0;48;0;151;16;0;0;0;0;158;2980;0;0
248;Main-Spessart;BY;Brief;0;92462;439;92023;14845;0;7850;2028;12065;46011;3111;5207;0;0;0;0;0;0;906;0;0;0;0;0;0;0;0;0;0;0;0;0;227;92235;11907;0;8338;3107;13334;41923;3924;4225;831;344;335;0;0;628;330;0;0;53;0;114;11;0;0;0;0;117;2714;0;0
249;Schweinfurt;BY;Brief;0;82059;393;81666;11599;0;6933;1956;11496;39579;3186;4614;0;0;0;0;0;905;762;0;0;0;557;79;0;0;0;0;0;0;0;0;190;81869;10059;0;7914;2806;11846;36497;3744;3998;749;353;308;0;0;575;307;0;0;56;0;208;24;0;0;0;0;59;2366;0;0
250;Würzburg;BY;Brief;0;110255;485;109770;15581;0;20819;4782;10341;46883;4532;3666;0;1096;0;0;0;2070;0;0;0;0;0;0;0;0;0;0;0;0;0;0;210;110045;15359;0;18059;4685;10980;43459;7972;3135;943;415;426;0;0;1242;385;0;0;98;0;107;15;0;0;0;0;70;2695;0;0
251;Augsburg-Stadt;BY;Brief;0;63398;245;63153;9038;0;15450;1843;6662;21264;3895;2869;0;532;0;0;0;977;547;0;0;0;0;76;0;0;0;0;0;0;0;0;110;63288;8909;0;12574;2723;6886;19845;6088;1803;584;271;448;0;0;583;279;0;0;69;0;83;28;0;0;0;0;37;2078;0;0
252;Augsburg-Land;BY;Brief;0;92244;343;91901;11917;0;9021;2577;12733;44367;2947;5596;0;842;0;0;0;826;1075;0;0;0;0;0;0;0;0;0;0;0;0;0;177;92067;9983;0;10848;3560;13270;39956;3697;5482;771;444;384;0;0;447;460;0;0;62;0;173;22;0;0;0;0;57;2451;0;0
253;Donau-Ries;BY;Brief;0;83133;242;82891;10375;0;5037;1950;13671;40178;2526;5918;0;719;0;0;0;0;525;0;0;0;0;0;0;0;0;0;1992;0;0;0;169;82964;7876;0;6331;2964;14711;36837;2866;6562;668;468;290;0;0;308;315;0;0;41;0;134;8;0;0;0;0;59;2526;0;0
254;Neu-Ulm;BY;Brief;0;82269;423;81846;8691;0;7512;2393;14516;38926;2730;3473;1525;652;0;0;0;969;0;0;141;0;0;0;0;0;0;318;0;0;0;0;214;82055;9157;0;8068;3391;14056;34189;3338;4222;936;387;327;0;0;569;314;0;0;79;0;176;17;0;0;0;0;145;2684;0;0
255;Memmingen – Unterallgäu;BY;Brief;0;63728;355;63373;6139;0;5627;1867;10718;30125;2548;6349;0;0;0;0;0;0;0;0;0;0;0;0;0;0;0;0;0;0;0;0;129;63599;5915;0;5721;2675;11146;27193;2500;4516;528;349;276;0;0;299;428;0;0;41;0;131;12;0;0;0;0;52;1817;0;0
256;Oberallgäu;BY;Brief;0;99831;400;99431;8112;0;13468;4539;10908;39798;2956;10112;1619;0;0;0;0;1256;860;0;0;0;0;0;0;0;0;0;0;0;0;5803;247;99584;10685;0;13574;4374;11688;41565;4372;6448;1003;605;455;0;0;854;586;0;0;62;0;160;21;0;0;0;0;106;3026;0;0
257;Ostallgäu;BY;Brief;0;64344;372;63972;6823;0;7402;1593;8583;31653;2467;5451;0;0;0;0;0;0;0;0;0;0;0;0;0;0;0;0;0;0;0;0;150;64194;6386;0;7168;2346;8926;28031;2671;4455;546;354;322;0;0;464;317;0;0;35;0;146;6;0;0;0;0;68;1953;0;0
258;Stuttgart I;BW;Brief;0;74660;342;74318;11139;22220;23164;4564;3780;0;5626;1025;0;0;722;0;0;1984;0;0;0;0;0;94;0;0;0;0;0;0;0;0;117;74543;10700;21125;21305;5468;4127;0;7199;481;385;115;336;0;0;1148;140;0;0;0;64;0;28;0;0;0;0;50;1872;0;0
259;Stuttgart II;BW;Brief;0;54538;285;54253;8287;18365;14043;2195;4936;0;3549;817;0;0;709;0;0;1094;0;0;0;0;0;95;0;0;0;0;0;0;0;163;140;54398;8889;16453;11833;3264;4890;0;4855;477;400;93;289;0;0;736;108;0;0;0;59;0;36;0;0;0;0;39;1977;0;0
260;Böblingen;BW;Brief;0;70475;368;70107;11759;28694;11003;4605;7794;0;2627;2569;0;0;0;0;0;743;0;0;0;0;0;73;0;0;0;0;0;0;0;240;180;70295;10187;26140;11484;5107;8312;0;3428;1317;546;167;288;0;0;576;133;0;0;0;142;0;33;0;0;0;0;68;2367;0;0
261;Esslingen;BW;Brief;0;51754;215;51539;8163;21098;9158;2365;5250;0;2687;1559;0;355;0;0;0;904;0;0;0;0;0;0;0;0;0;0;0;0;0;0;121;51633;8152;18842;9004;3061;5459;0;2945;906;492;154;212;0;0;532;92;0;0;0;56;0;32;0;0;0;0;47;1647;0;0
262;Nürtingen;BW;Brief;0;63778;354;63424;10525;26225;10425;3445;7721;0;2757;2326;0;0;0;0;0;0;0;0;0;0;0;0;0;0;0;0;0;0;0;0;166;63612;9198;23874;9743;4264;8059;0;3074;1228;603;234;282;0;0;534;128;0;0;0;139;0;20;0;0;0;0;60;2172;0;0
263;Göppingen;BW;Brief;0;50018;330;49688;8860;20833;5623;2089;7552;0;1682;1928;0;577;0;0;0;483;0;0;0;0;0;61;0;0;0;0;0;0;0;0;158;49860;7576;19215;5671;2867;8052;0;2140;917;474;249;231;0;0;301;107;0;0;0;40;0;13;0;0;0;0;43;1964;0;0
264;Waiblingen;BW;Brief;0;64224;354;63870;11456;26313;9281;3829;7505;0;2755;2067;0;664;0;0;0;0;0;0;0;0;0;0;0;0;0;0;0;0;0;0;169;64055;9766;23815;9649;4316;7996;0;3148;1062;641;269;261;0;0;514;145;0;0;0;131;0;19;0;0;0;0;63;2260;0;0
265;Ludwigsburg;BW;Brief;0;64498;274;64224;9800;25937;11780;3351;7165;0;3292;1321;0;472;0;0;0;746;360;0;0;0;0;0;0;0;0;0;0;0;0;0;125;64373;10129;23082;11043;4147;7288;0;3694;973;533;208;274;0;0;586;166;0;0;0;101;0;13;0;0;0;0;57;2079;0;0
266;Neckar-Zaber;BW;Brief;0;70019;366;69653;10984;30041;9111;2806;9139;0;2946;2217;0;704;0;0;0;1266;439;0;0;0;0;0;0;0;0;0;0;0;0;0;162;69857;10803;25987;9711;4425;9839;0;3062;1244;648;327;324;0;0;630;197;0;0;0;125;0;21;0;0;0;0;72;2442;0;0
267;Heilbronn;BW;Brief;0;61250;379;60871;10125;24414;6770;3389;9675;0;2999;1694;0;574;0;0;0;891;0;0;0;0;0;109;0;0;0;231;0;0;0;0;198;61052;9616;21239;7437;3920;10043;0;3099;1021;679;250;273;0;0;514;161;0;0;0;102;0;16;0;0;0;0;96;2586;0;0
268;Schwäbisch Hall – Hohenlohe;BW;Brief;0;53605;354;53251;8968;21031;6762;2611;7921;0;2512;1669;0;650;552;0;0;575;0;0;0;0;0;0;0;0;0;0;0;0;0;0;185;53420;8052;18618;6639;3193;8633;0;2812;1006;556;336;296;0;0;426;179;0;0;0;188;0;21;0;0;0;0;70;2395;0;0
269;Backnang – Schwäbisch Gmünd;BW;Brief;0;49419;364;49055;8734;20100;6382;1994;7594;0;2101;1288;0;0;790;0;0;0;0;0;0;0;0;72;0;0;0;0;0;0;0;0;141;49278;7409;18132;6403;2730;7649;0;2504;770;507;185;308;0;0;337;119;0;0;0;128;0;9;0;0;0;0;91;1997;0;0
270;Aalen – Heidenheim;BW;Brief;0;64128;542;63586;9312;29257;6457;2344;10160;0;2560;2168;0;0;0;0;0;938;0;0;0;0;0;0;0;0;0;390;0;0;0;0;208;63920;9654;24889;7296;3226;10238;0;2936;1331;536;196;225;0;0;446;160;0;0;0;86;0;9;0;0;0;0;118;2574;0;0
271;Karlsruhe-Stadt;BW;Brief;0;70646;369;70277;11086;17861;24594;2651;5421;0;4734;953;0;0;803;0;0;2088;0;0;0;0;0;86;0;0;0;0;0;0;0;0;133;70513;11624;17284;19809;3688;5397;0;7201;509;553;138;424;0;0;1461;112;0;0;0;106;0;35;0;0;0;0;58;2114;0;0
272;Karlsruhe-Land;BW;Brief;0;67787;535;67252;10798;28947;9553;2859;8281;0;2830;2040;0;0;931;0;0;1013;0;0;0;0;0;0;0;0;0;0;0;0;0;0;247;67540;10982;25112;9782;3675;8842;0;3202;1101;782;168;379;0;0;669;108;0;0;0;171;0;18;0;0;0;0;64;2485;0;0
273;Rastatt;BW;Brief;0;59932;433;59499;9609;25976;7793;2183;8487;0;2402;2448;0;601;0;0;0;0;0;0;0;0;0;0;0;0;0;0;0;0;0;0;216;59716;9454;22724;7489;3015;8783;0;2741;1246;707;271;246;0;0;489;92;0;0;0;51;0;12;0;0;0;0;43;2353;0;0
274;Heidelberg;BW;Brief;0;71724;358;71366;11440;22179;21615;2642;5448;0;4281;1237;0;0;941;0;0;1524;0;0;0;0;0;59;0;0;0;0;0;0;0;0;191;71533;12389;20441;17399;4084;5621;0;6697;656;542;130;366;0;0;923;88;0;0;0;67;0;17;0;0;0;0;70;2043;0;0
275;Mannheim;BW;Brief;0;57740;324;57416;13320;15833;12862;2622;6170;0;3440;1320;1184;0;599;0;0;0;0;0;0;0;0;66;0;0;0;0;0;0;0;0;177;57563;11126;15354;11571;3080;6116;0;5620;537;701;106;308;0;0;737;83;0;0;0;63;0;32;0;0;0;0;34;2095;0;0
276;Odenwald – Tauber;BW;Brief;0;59290;465;58825;9147;27709;5584;1866;9048;0;2302;2467;0;702;0;0;0;0;0;0;0;0;0;0;0;0;0;0;0;0;0;0;244;59046;8609;23835;5965;2886;9540;0;2610;1381;623;236;261;0;0;353;178;0;0;0;79;0;12;0;0;0;0;77;2401;0;0
277;Rhein-Neckar;BW;Brief;0;59838;462;59376;12743;22861;7250;2590;8415;0;2354;2162;0;0;0;0;0;1001;0;0;0;0;0;0;0;0;0;0;0;0;0;0;226;59612;9963;21142;8160;3330;8776;0;3012;1057;677;161;276;0;0;612;89;0;0;0;105;0;13;0;0;0;0;66;2173;0;0
278;Bruchsal – Schwetzingen;BW;Brief;0;65825;654;65171;11242;26885;7655;2744;9862;0;2600;2837;0;0;0;0;0;1346;0;0;0;0;0;0;0;0;0;0;0;0;0;0;299;65526;10099;24572;7892;3359;10175;0;3049;1316;972;204;371;0;0;606;116;0;0;0;68;0;10;0;0;0;0;75;2642;0;0
279;Pforzheim;BW;Brief;0;64215;836;63379;15625;26842;0;3793;11147;0;3436;0;0;0;0;0;0;2536;0;0;0;0;0;0;0;0;0;0;0;0;0;0;165;64050;9394;23219;8496;4072;10425;0;2723;912;843;182;270;0;0;611;125;0;0;0;218;0;11;0;0;0;0;84;2465;0;0
280;Calw;BW;Brief;0;54816;318;54498;7674;23228;5517;2388;8898;0;1694;2593;1021;0;0;0;0;613;0;0;0;700;0;0;0;0;0;172;0;0;0;0;152;54664;7459;20592;6018;3391;9698;0;2197;1163;577;198;181;0;0;358;137;0;0;0;424;0;7;0;0;0;0;94;2170;0;0
281;Freiburg;BW;Brief;0;81911;431;81480;12767;21405;28656;2328;5118;0;7311;1292;0;0;758;0;0;1768;0;0;0;0;0;77;0;0;0;0;0;0;0;0;178;81733;12854;19694;23694;3549;5288;0;10733;744;768;166;388;0;0;1014;170;0;0;0;112;0;26;0;0;0;0;52;2481;0;0
282;Lörrach – Müllheim;BW;Brief;0;71173;426;70747;12758;25716;12877;2142;7690;0;3381;4875;0;0;0;0;0;1308;0;0;0;0;0;0;0;0;0;0;0;0;0;0;180;70993;11988;23306;12792;3527;8306;0;3919;1743;806;236;356;0;0;714;156;0;0;0;214;0;18;0;0;0;0;71;2841;0;0
283;Emmendingen – Lahr;BW;Brief;0;68570;443;68127;16659;27611;8029;2176;7924;0;2616;3112;0;0;0;0;0;0;0;0;0;0;0;0;0;0;0;0;0;0;0;0;211;68359;11516;24350;10534;3396;8507;0;3654;1543;887;183;341;0;0;540;177;0;0;0;101;0;9;0;0;0;0;67;2554;0;0
284;Offenburg;BW;Brief;0;61460;477;60983;8363;25870;8809;2786;7884;0;2808;3520;0;0;0;0;0;943;0;0;0;0;0;0;0;0;0;0;0;0;0;0;189;61271;8925;23049;7898;3362;8908;0;3150;1439;683;293;241;0;0;511;124;0;0;0;59;0;9;0;0;0;0;59;2561;0;0
285;Rottweil – Tuttlingen;BW;Brief;0;57530;459;57071;6880;25537;5621;3339;10316;0;2048;2074;0;0;0;0;0;1256;0;0;0;0;0;0;0;0;0;0;0;0;0;0;207;57323;6810;23049;5595;3712;10236;0;2305;1102;608;250;252;0;0;558;214;0;0;0;123;0;8;0;0;0;0;97;2404;0;0
286;Schwarzwald-Baar;BW;Brief;0;47612;272;47340;7786;22908;4478;1736;6019;0;1467;1238;0;0;0;0;0;688;0;0;0;0;0;0;0;0;0;0;0;0;0;1020;175;47437;6749;18548;5922;2657;6898;0;2115;970;515;173;201;0;0;442;103;0;0;0;108;0;14;0;0;0;0;77;1945;0;0
287;Konstanz;BW;Brief;0;75207;357;74850;12474;30448;13947;3270;7573;0;3765;1541;0;0;0;0;0;1570;0;0;0;0;0;0;0;0;0;0;0;0;0;262;155;75052;10563;24586;15794;4468;8395;0;5247;978;598;184;341;0;0;952;157;0;0;0;93;0;18;0;0;0;0;63;2615;0;0
288;Waldshut;BW;Brief;0;56974;284;56690;11451;22659;7601;2219;7083;0;2167;2099;0;541;0;0;0;870;0;0;0;0;0;0;0;0;0;0;0;0;0;0;144;56830;8691;20762;9009;2974;7478;0;2786;1193;535;258;230;0;0;518;120;0;0;0;74;0;12;0;0;0;0;65;2125;0;0
289;Reutlingen;BW;Brief;0;59550;394;59156;8291;25360;8626;3546;7536;0;2731;2213;0;0;761;0;0;0;0;0;0;0;0;92;0;0;0;0;0;0;0;0;139;59411;8121;21760;8563;3976;8618;0;3026;1048;568;140;296;0;0;428;104;0;0;0;143;0;25;0;0;0;0;78;2517;0;0
290;Tübingen;BW;Brief;0;65452;322;65130;8645;21829;17476;2467;7115;0;3416;1822;0;0;669;0;0;911;0;0;0;0;0;0;0;0;0;0;0;0;0;780;121;65331;9197;20160;14322;3313;7466;0;5822;821;480;173;303;0;0;624;138;0;0;0;126;0;26;0;0;0;0;57;2303;0;0
291;Ulm;BW;Brief;0;65971;334;65637;8794;27304;12359;2345;8223;0;2499;1618;1218;0;0;0;0;725;0;0;0;0;0;80;0;0;0;472;0;0;0;0;140;65831;9155;24303;10780;3452;8865;0;3652;1091;698;199;271;0;0;569;170;0;0;0;116;0;24;0;0;0;0;184;2302;0;0
292;Biberach;BW;Brief;0;53451;303;53148;7339;23343;6639;2109;7823;0;1718;2271;1108;0;0;0;0;798;0;0;0;0;0;0;0;0;0;0;0;0;0;0;155;53296;6105;22385;6252;2788;8487;0;2161;1323;541;254;229;0;0;404;240;0;0;0;115;0;11;0;0;0;0;84;1917;0;0
293;Bodensee;BW;Brief;0;54256;340;53916;8668;23503;8405;1671;7233;0;1723;1536;0;0;0;0;0;1101;0;0;0;0;0;76;0;0;0;0;0;0;0;0;169;54087;7446;20693;8989;3257;6604;0;2629;892;432;183;241;0;0;526;134;0;0;0;79;0;16;0;0;0;0;58;1908;0;0
294;Ravensburg;BW;Brief;0;56466;365;56101;6437;23248;10167;3436;6670;0;3182;1853;0;0;0;0;0;1108;0;0;0;0;0;0;0;0;0;0;0;0;0;0;132;56334;7005;21313;8949;3121;6978;0;3532;1170;505;237;282;0;0;629;289;0;0;0;99;0;14;0;0;0;0;62;2149;0;0
295;Zollernalb – Sigmaringen;BW;Brief;0;52076;540;51536;11195;21283;3406;2319;9482;0;1652;1613;0;0;0;0;0;0;0;0;0;0;0;124;0;0;0;462;0;0;0;0;168;51908;6225;21470;4726;2990;9577;0;2221;891;538;162;234;0;0;293;114;0;0;0;95;0;29;0;0;0;0;128;2215;0;0
296;Saarbrücken;SL;Brief;0;60113;659;59454;20534;17128;5578;2154;8006;0;4139;1698;0;0;0;0;0;0;0;0;0;0;0;217;0;0;0;0;0;0;0;0;338;59775;14429;16327;7055;2626;7710;0;4946;752;1350;0;0;0;180;676;0;0;0;0;0;0;65;0;0;0;0;141;3518;0;0
297;Saarlouis;SL;Brief;0;56897;804;56093;17353;20219;3564;1867;7814;0;3106;2170;0;0;0;0;0;0;0;0;0;0;0;0;0;0;0;0;0;0;0;0;452;56445;13382;18408;4457;2515;7788;0;3118;915;1367;0;0;0;146;402;0;0;0;0;0;0;14;0;0;0;0;99;3834;0;0
298;St. Wendel;SL;Brief;0;55344;763;54581;16657;20427;2503;2163;7675;0;2697;2459;0;0;0;0;0;0;0;0;0;0;0;0;0;0;0;0;0;0;0;0;497;54847;13214;18791;3872;2173;7815;0;2781;1115;1306;0;0;0;157;313;0;0;0;0;0;0;23;0;0;0;0;122;3165;0;0
299;Homburg;SL;Brief;0;57344;745;56599;19120;18220;3201;1853;8373;0;3262;2570;0;0;0;0;0;0;0;0;0;0;0;0;0;0;0;0;0;0;0;0;408;56936;14167;17431;4569;2432;8683;0;3229;1165;1378;0;0;0;151;388;0;0;0;0;0;0;22;0;0;0;0;128;3193;0;0
