# (c) Der Bundeswahlleiter, Wiesbaden 2016
# 
# Stimmabgabe der Urnen- und Briefwähler/-innen bei der Bundestagswahl 2013 nach Wahlkreisen
# 
Wahlkreis-Nr.;Wahlkreisname;Land;Wahlbezirksart;Wahlberechtigte;Wähler;Ungültige;Gültige;CDU;SPD;FDP;DIE LINKE;GRÜNE;CSU;PIRATEN;NPD;Tierschutzpartei;REP;ÖDP;FAMILIE;Bündnis 21/RRP;RENTNER;BP;PBC;BüSo;DIE VIOLETTEN;MLPD;Volksabstimmung;AfD;BIG;pro Deutschland;FREIE WÄHLER;PARTEI DER VERNUNFT;Die PARTEI;Bergpartei;BGD;DKP;NEIN;WGr/EB;Ungültige;Gültige;CDU;SPD;FDP;DIE LINKE;GRÜNE;CSU;Sonstige;PIRATEN;NPD;Tierschutzpartei;REP;ÖDP;FAMILIE;Bündnis 21/RRP;RENTNER;BP;PBC;BüSo;DIE VIOLETTEN;MLPD;Volksabstimmung;PSG;AfD;BIG;pro Deutschland;DIE RECHTE;DIE FRAUEN;FREIE WÄHLER;Partei der Nichtwähler;PARTEI DER VERNUNFT;Die PARTEI
;;;;;;Erststimmen;Erststimmen;Erststimmen;Erststimmen;Erststimmen;Erststimmen;Erststimmen;Erststimmen;Erststimmen;Erststimmen;Erststimmen;Erststimmen;Erststimmen;Erststimmen;Erststimmen;Erststimmen;Erststimmen;Erststimmen;Erststimmen;Erststimmen;Erststimmen;Erststimmen;Erststimmen;Erststimmen;Erststimmen;Erststimmen;Erststimmen;Erststimmen;Erststimmen;Erststimmen;Erststimmen;Erststimmen;Erststimmen;Zweitstimmen;Zweitstimmen;Zweitstimmen;Zweitstimmen;Zweitstimmen;Zweitstimmen;Zweitstimmen;Zweitstimmen;Zweitstimmen;Zweitstimmen;Zweitstimmen;Zweitstimmen;Zweitstimmen;Zweitstimmen;Zweitstimmen;Zweitstimmen;Zweitstimmen;Zweitstimmen;Zweitstimmen;Zweitstimmen;Zweitstimmen;Zweitstimmen;Zweitstimmen;Zweitstimmen;Zweitstimmen;Zweitstimmen;Zweitstimmen;Zweitstimmen;Zweitstimmen;Zweitstimmen;Zweitstimmen;Zweitstimmen;Zweitstimmen
001;Flensburg - Schleswig;SH;Urne;226944;136534;1926;134608;56856;51242;2386;6428;9496;0;2907;850;0;0;0;0;0;0;0;0;0;0;0;0;4443;0;0;0;0;0;0;0;0;0;0;1889;134645;51337;44743;6156;7909;12505;0;11995;2747;836;1210;0;0;0;0;576;0;0;0;0;36;0;0;5649;0;0;0;0;941;0;0;0
002;Nordfriesland - Dithmarschen Nord;SH;Urne;186177;109975;1423;108552;54188;35409;2420;3943;6568;0;2087;663;0;0;0;0;0;0;0;0;0;0;0;0;3274;0;0;0;0;0;0;0;0;0;0;1341;108634;47439;32755;6366;4943;8338;0;8793;2062;655;764;0;0;0;0;427;0;0;0;0;40;0;0;4201;0;0;0;0;644;0;0;0
003;Steinburg - Dithmarschen Süd;SH;Urne;176731;108221;1362;106859;48694;36764;4794;4353;5194;0;2348;892;0;0;0;0;0;0;0;0;0;0;0;0;3820;0;0;0;0;0;0;0;0;0;0;1320;106901;44813;32465;6117;5586;7854;0;10066;2409;955;758;0;0;0;0;386;0;0;0;0;30;0;0;4757;0;0;0;0;771;0;0;0
004;Rendsburg-Eckernförde;SH;Urne;198903;125013;1501;123512;55251;46486;2073;4291;7997;0;2372;782;0;0;0;0;0;0;0;0;0;0;0;0;4260;0;0;0;0;0;0;0;0;0;0;1428;123585;50254;39905;6117;5646;10934;0;10729;2257;771;1047;0;0;0;0;470;0;0;0;0;29;0;0;5552;0;0;0;0;603;0;0;0
005;Kiel;SH;Urne;205243;113692;1396;112296;36058;49510;2138;6334;10716;0;2884;731;0;0;0;0;0;649;0;0;0;0;0;0;3208;0;0;0;0;0;0;0;0;0;68;1269;112423;33111;40127;5377;8411;15142;0;10255;3201;709;957;0;0;0;0;582;0;0;0;0;59;0;0;4374;0;0;0;0;373;0;0;0
006;Plön - Neumünster;SH;Urne;174746;106214;1480;104734;45261;40002;1808;4084;6385;0;1862;1031;0;0;0;0;0;0;0;0;0;0;0;0;4075;0;0;0;0;0;0;0;0;0;226;1359;104855;40240;34970;5247;5244;9350;0;9804;1865;1031;829;0;0;0;0;394;0;0;0;0;35;0;0;5031;0;0;0;0;619;0;0;0
007;Pinneberg;SH;Urne;235610;145489;1459;144030;64630;52783;2451;5967;8768;0;2731;1107;0;0;0;0;0;0;0;0;0;0;0;0;5593;0;0;0;0;0;0;0;0;0;0;1490;143999;58050;45646;7219;7693;12024;0;13367;2838;1170;1026;0;0;0;0;462;0;0;0;0;35;0;0;7178;0;0;0;0;658;0;0;0
008;Segeberg - Stormarn-Mitte;SH;Urne;244240;150184;1513;148671;67263;53118;2799;5982;8496;0;3003;1038;0;0;0;0;0;0;0;0;0;0;0;0;5743;0;0;1229;0;0;0;0;0;0;0;1484;148700;60699;45179;7904;7853;12375;0;14690;3155;1137;1204;0;0;0;0;491;0;0;0;0;36;0;0;7721;0;0;0;0;946;0;0;0
009;Ostholstein - Stormarn-Nord;SH;Urne;180022;107885;1308;106577;47966;40549;2244;3892;5486;0;1764;644;0;0;0;0;0;0;0;0;0;0;0;0;4032;0;0;0;0;0;0;0;0;0;0;1265;106620;43310;34521;5982;4917;8267;0;9623;1853;657;734;0;0;0;0;355;0;0;0;0;21;0;0;5403;0;0;0;0;600;0;0;0
010;Herzogtum Lauenburg - Stormarn-Süd;SH;Urne;241257;147967;1462;146505;65446;51832;2770;5865;9784;0;2436;1178;0;0;0;0;0;0;0;0;0;0;0;0;6890;0;0;0;0;0;0;0;0;0;304;1366;146601;58938;44323;7971;7712;13041;0;14616;2592;1204;1101;0;0;0;0;452;0;0;0;0;36;0;0;8601;0;0;0;0;630;0;0;0
011;Lübeck;SH;Urne;181923;100470;1324;99146;35511;41121;2125;5694;7205;0;2369;849;0;0;0;0;0;0;0;0;0;0;0;0;3403;0;0;869;0;0;0;0;0;0;0;1231;99239;33423;34640;4287;6830;10462;0;9597;2526;874;719;0;0;0;0;298;0;0;0;0;81;0;0;4464;0;0;0;0;635;0;0;0
012;Schwerin - Ludwigslust-Parchim I - Nordwestmecklenburg I;MV;Urne;220166;122642;2204;120438;47852;30720;1681;26736;3894;0;2802;4397;0;0;0;0;0;0;0;0;0;0;0;0;0;0;0;2183;0;0;0;0;0;0;173;1902;120740;48681;25630;2646;24955;4961;0;13867;2191;3517;0;65;0;0;0;0;0;0;0;0;131;0;0;6642;0;213;0;0;1108;0;0;0
013;Ludwigslust-Parchim II - Nordwestmecklenburg II - Landkreis Rostock I;MV;Urne;208976;114912;2110;112802;48765;25739;1611;25849;3467;0;2488;3857;0;0;0;0;0;0;0;0;0;0;0;0;0;0;0;1026;0;0;0;0;0;0;0;1830;113082;47353;22271;2445;24415;4174;0;12424;1764;3169;0;76;0;0;0;0;0;0;0;0;130;0;0;6146;0;246;0;0;893;0;0;0
014;Rostock - Landkreis Rostock II;MV;Urne;223885;122200;2356;119844;42860;21858;1184;37191;7777;0;2622;2921;0;0;0;0;0;0;0;0;0;0;432;0;0;0;0;1106;0;0;0;0;0;0;1893;1822;120378;45865;22828;2190;29165;7076;0;13254;2769;2217;0;97;0;0;0;0;0;0;0;0;223;0;0;6918;0;179;0;0;851;0;0;0
015;Vorpommern-Rügen - Vorpommern-Greifswald I;MV;Urne;244880;125900;2219;123681;70346;17156;968;23486;3231;0;2992;3528;0;0;0;0;0;0;0;0;0;0;0;0;0;0;0;940;0;0;0;0;0;0;1034;2197;123703;56171;17640;3065;25505;5052;0;16270;2781;3156;0;109;0;0;0;0;0;0;0;0;113;0;0;8660;0;270;0;0;1181;0;0;0
016;Mecklenburgische Seenplatte I - Vorpommern-Greifswald II;MV;Urne;234110;122454;2417;120037;55720;18732;2015;28391;2419;0;3175;7717;0;0;0;0;0;0;0;0;0;0;0;0;0;0;0;1868;0;0;0;0;0;0;0;2249;120205;53935;17592;2285;25939;2962;0;17492;2151;6200;0;141;0;0;0;0;0;0;0;0;122;0;0;7495;0;271;0;0;1112;0;0;0
017;Mecklenburgische Seenplatte II - Landkreis Rostock III;MV;Urne;218688;113072;2848;110224;52343;20523;1511;24996;2989;0;2209;3772;0;0;0;0;0;0;0;0;0;0;405;0;0;0;0;1476;0;0;0;0;0;0;0;2591;110481;49830;18813;2215;23939;3366;0;12318;1755;3196;0;107;0;0;0;0;0;0;0;0;182;0;0;5742;0;214;0;0;1122;0;0;0
018;Hamburg-Mitte;HH;Urne;256862;121660;1929;119731;32247;48568;1793;12249;13168;0;4271;957;0;0;0;0;0;0;0;0;0;0;0;0;4204;0;0;459;0;1292;0;0;0;0;523;1832;119828;30589;41366;4135;14257;15538;0;13943;4897;996;0;0;287;0;0;440;0;0;0;0;73;0;0;5645;0;0;0;0;414;0;0;1191
019;Hamburg-Altona;HH;Urne;182776;92667;1098;91569;27603;33560;1377;10293;12282;0;2152;410;0;0;0;0;0;0;0;0;0;0;102;0;2221;0;0;306;0;986;0;0;0;0;277;1082;91585;25085;28535;4181;10984;14993;0;7807;2629;420;0;0;218;0;0;204;0;0;0;0;96;0;0;3170;0;0;0;0;266;0;0;804
020;Hamburg-Eimsbüttel;HH;Urne;189772;94778;1096;93682;29171;37289;1605;7134;11581;0;2449;389;0;0;0;0;0;0;0;0;0;0;0;0;2817;0;0;276;0;0;0;0;0;0;971;987;93791;27021;30804;4120;8980;14572;0;8294;2783;387;0;0;205;0;0;242;0;0;0;0;43;0;0;3748;0;0;0;0;253;0;0;633
021;Hamburg-Nord;HH;Urne;211824;109482;1055;108427;40714;39903;2123;5692;12458;0;2614;446;0;0;0;0;0;0;0;0;0;0;0;0;4057;0;0;420;0;0;0;0;0;0;0;991;108491;37490;34288;5862;7891;13554;0;9406;2733;443;0;0;189;0;0;317;0;0;0;0;27;0;0;4930;0;0;0;0;257;0;0;510
022;Hamburg-Wandsbek;HH;Urne;218797;103629;1445;102184;36587;41981;1625;7345;6142;0;2474;1115;0;0;0;0;0;0;0;0;0;0;0;0;4473;0;0;442;0;0;0;0;0;0;0;1405;102224;34082;36189;4117;8650;8655;0;10531;2601;1078;0;0;170;0;0;357;0;0;0;0;28;0;0;5463;0;0;0;0;379;0;0;455
023;Hamburg-Bergedorf - Harburg;HH;Urne;221887;104087;1636;102451;35455;42272;1384;8328;6105;0;2431;1143;0;0;416;0;0;0;0;0;0;0;0;0;4183;0;0;515;0;0;0;0;0;0;219;1628;102459;33476;36300;3300;9444;9073;0;10866;2800;1119;0;0;247;0;0;339;0;0;0;0;60;0;0;5217;0;0;0;0;398;0;0;686
024;Aurich - Emden;NI;Urne;190987;113349;1952;111397;35330;57482;1591;5563;9973;0;0;0;0;0;0;0;0;0;0;0;0;0;0;0;0;0;0;1458;0;0;0;0;0;0;0;1563;111786;35561;50303;3364;5725;8819;0;8014;1617;1137;860;92;0;0;0;0;0;126;0;0;27;0;0;3481;0;89;0;0;585;0;0;0
025;Unterems;NI;Urne;232784;143685;1809;141876;78083;44498;3415;5675;6806;0;0;1454;0;0;0;0;0;0;0;0;0;0;0;0;0;0;0;1500;0;0;0;0;0;0;445;1481;142204;69840;44162;5275;5989;7747;0;9191;1924;1210;861;78;0;0;0;0;0;234;0;0;20;0;0;4082;0;137;0;0;645;0;0;0
026;Friesland - Wilhelmshaven - Wittmund;NI;Urne;190034;107032;1967;105065;40962;47198;2220;5681;5595;0;0;1419;0;0;0;0;0;0;0;0;0;0;0;0;0;0;0;1990;0;0;0;0;0;0;0;1519;105513;39856;38977;4184;5801;7335;0;9360;1710;1047;932;78;0;0;0;0;0;65;0;0;60;0;0;4464;0;112;0;0;892;0;0;0
027;Oldenburg - Ammerland;NI;Urne;220409;132920;1473;131447;47861;50376;2818;7507;14224;0;2222;958;0;0;0;0;0;0;0;0;0;0;0;0;4553;0;0;928;0;0;0;0;0;0;0;1222;131698;45787;43962;6305;9013;15564;0;11067;2369;945;1038;46;0;0;0;0;0;107;0;0;52;0;0;5669;0;78;0;0;763;0;0;0
028;Delmenhorst - Wesermarsch - Oldenburg-Land;NI;Urne;227719;135751;1793;133958;53015;53204;4064;6343;7712;0;2377;1485;0;0;0;0;194;0;0;0;0;0;0;0;4477;0;0;1087;0;0;0;0;0;0;0;1750;134001;51793;46269;6364;7692;10352;0;11531;2255;1455;1144;84;0;0;0;0;0;66;0;0;32;0;0;5435;0;155;0;0;905;0;0;0
029;Cuxhaven - Stade II;NI;Urne;187640;114595;1270;113325;52885;41756;1429;4215;6468;0;1799;1168;0;0;0;0;203;0;0;0;0;0;0;0;3402;0;0;0;0;0;0;0;0;0;0;1053;113542;49817;38395;3773;5380;7613;0;8564;1701;1131;902;38;0;0;0;0;0;84;0;0;38;0;0;4065;0;107;0;0;498;0;0;0
030;Stade I - Rotenburg II;NI;Urne;194958;119412;954;118458;56509;40680;1899;4109;6946;0;1666;1278;0;0;0;0;0;0;0;0;0;0;0;0;4802;0;0;569;0;0;0;0;0;0;0;803;118609;53148;36973;4596;5136;8700;0;10056;1806;1159;763;46;0;0;0;0;0;92;0;0;11;0;0;5607;0;96;0;0;476;0;0;0
031;Mittelems;NI;Urne;228051;147373;1426;145947;86543;42455;2192;3958;6714;0;0;794;0;0;0;0;0;0;0;0;0;0;0;0;3291;0;0;0;0;0;0;0;0;0;0;1115;146258;82321;38301;5786;4513;7492;0;7845;2152;727;646;38;0;0;0;0;0;105;0;0;14;0;0;3789;0;118;0;0;256;0;0;0
032;Cloppenburg - Vechta;NI;Urne;216300;132142;1228;130914;87321;27970;2205;3384;4471;0;0;771;0;0;0;875;0;0;0;0;0;0;0;0;2717;0;0;1200;0;0;0;0;0;0;0;1113;131029;83210;26148;5677;3793;5201;0;7000;1580;788;523;43;0;0;0;0;0;235;0;0;18;0;0;3032;0;85;0;0;696;0;0;0
033;Diepholz - Nienburg I;NI;Urne;193097;118098;1282;116816;55387;39334;2265;4235;8430;0;1820;1151;0;0;0;0;0;0;0;0;0;0;0;0;3025;0;0;728;0;0;0;0;0;0;441;1099;116999;50909;37193;5459;5451;9130;0;8857;1787;1056;973;75;0;0;0;0;0;114;0;0;17;0;0;4137;0;144;0;0;554;0;0;0
034;Osterholz - Verden;NI;Urne;193643;120002;1350;118652;51618;45047;1039;6242;7619;0;2166;1167;0;0;0;0;0;0;0;0;0;0;0;0;3754;0;0;0;0;0;0;0;0;0;0;1577;118425;46823;39795;3962;6985;10911;0;9949;2308;1187;1033;81;0;0;0;0;0;151;0;0;26;0;0;4693;0;149;0;0;321;0;0;0
035;Rotenburg I - Heidekreis;NI;Urne;167867;102897;1133;101764;45375;41788;1603;4123;4768;0;1600;1427;0;0;0;0;0;0;0;0;0;0;0;0;0;0;0;1080;0;0;0;0;0;0;0;899;101998;44449;32246;3860;4854;8215;0;8374;1480;1132;825;58;0;0;0;0;0;152;0;0;17;0;0;3924;0;122;0;0;664;0;0;0
036;Harburg;NI;Urne;194856;121112;1162;119950;53683;38562;3839;4562;8247;0;1963;924;0;0;0;0;0;0;0;0;0;0;0;0;7103;0;0;1067;0;0;0;0;0;0;0;1030;120082;50988;34458;5337;5567;10935;0;12797;2083;999;1015;56;0;0;0;0;0;114;0;0;24;0;0;7543;0;106;0;0;857;0;0;0
037;Lüchow-Dannenberg - Lüneburg;NI;Urne;179069;105897;1117;104780;41565;35783;1547;6450;11862;0;2367;1062;0;0;0;0;0;0;0;144;0;0;0;0;4000;0;0;0;0;0;0;0;0;0;0;984;104913;38407;30912;3897;7626;14330;0;9741;2495;984;833;43;0;0;0;0;0;136;0;0;23;0;0;4793;0;109;0;0;325;0;0;0
038;Osnabrück-Land;NI;Urne;197532;120065;1179;118886;63017;38810;1994;4469;6494;0;2156;980;0;0;0;0;0;0;0;349;0;0;0;0;0;0;0;617;0;0;0;0;0;0;0;982;119083;57167;35207;5100;5077;8782;0;7750;1876;854;658;33;0;0;0;0;0;403;0;0;20;0;0;3414;0;103;0;0;389;0;0;0
039;Stadt Osnabrück;NI;Urne;194231;116918;1727;115191;52100;41097;2854;5048;9832;0;2587;798;0;0;0;0;0;0;0;235;0;0;0;0;0;0;0;640;0;0;0;0;0;0;0;1514;115404;49111;36260;4294;6182;12067;0;7490;2365;594;633;48;0;0;0;0;0;197;0;0;28;0;0;3161;0;77;0;0;387;0;0;0
040;Nienburg II - Schaumburg;NI;Urne;195948;115081;1189;113892;47035;51167;1433;4031;6330;0;2275;1621;0;0;0;0;0;0;0;0;0;0;0;0;0;0;0;0;0;0;0;0;0;0;0;1005;114076;45277;41758;3763;5171;8883;0;9224;1790;1096;897;98;0;0;0;0;0;168;0;0;27;0;0;4646;0;127;0;0;375;0;0;0
041;Stadt Hannover I;NI;Urne;181122;101579;1573;100006;35267;44767;1280;5374;7344;0;1966;0;0;0;0;0;0;0;0;0;0;0;115;0;3286;0;0;607;0;0;0;0;0;0;0;1662;99917;32631;36520;4198;6715;11785;0;8068;1965;702;764;110;0;0;0;0;0;108;0;0;62;0;0;3833;0;134;0;0;390;0;0;0
042;Stadt Hannover II;NI;Urne;193157;110167;1588;108579;35241;47682;1412;7342;10819;0;2353;690;0;0;0;0;0;0;0;0;0;0;0;0;3040;0;0;0;0;0;0;0;0;0;0;1677;108490;31225;38555;4149;9466;16412;0;8683;2498;652;944;66;0;0;0;0;0;110;0;0;74;0;0;3902;0;125;0;0;312;0;0;0
043;Hannover-Land I;NI;Urne;232941;139630;1359;138271;60027;54188;3233;5308;6673;0;1910;1410;0;0;0;0;0;0;0;0;0;0;0;0;4405;218;0;899;0;0;0;0;0;0;0;1277;138353;55937;46589;6292;6831;11074;0;11630;2141;1310;1051;165;0;0;0;0;0;168;0;0;32;0;0;5841;0;164;0;0;758;0;0;0
044;Celle - Uelzen;NI;Urne;215285;127065;1318;125747;60439;43556;1581;4854;7290;0;0;1449;0;0;0;0;0;0;0;0;0;0;0;0;5512;0;0;1066;0;0;0;0;0;0;0;1184;125881;55025;38454;4807;6054;9237;0;12304;2297;1345;947;129;0;0;0;0;0;151;0;0;24;0;0;6500;0;119;0;0;792;0;0;0
045;Gifhorn - Peine;NI;Urne;217256;136552;1554;134998;56259;58967;1717;5988;6119;0;2681;1703;0;0;0;0;0;0;0;752;0;0;0;0;0;0;0;812;0;0;0;0;0;0;0;1310;135242;53870;49290;4371;6710;9615;0;11386;2475;1368;1006;112;0;0;0;0;0;542;0;0;40;0;0;5089;0;178;0;0;576;0;0;0
046;Hameln-Pyrmont - Holzminden;NI;Urne;191980;108109;1768;106341;41528;45594;1733;5222;6106;0;2132;0;0;0;0;0;0;0;0;0;0;0;0;0;4026;0;0;0;0;0;0;0;0;0;0;1708;106401;39227;39137;4279;6007;8746;0;9005;1786;1078;786;88;0;0;0;0;0;151;0;0;25;0;0;4586;0;120;0;0;385;0;0;0
047;Hannover-Land II;NI;Urne;240409;144940;1690;143250;58706;62964;1902;6227;7351;0;2660;1944;0;0;0;0;0;0;0;0;0;0;0;0;0;0;0;1496;0;0;0;0;0;0;0;1430;143510;54075;52304;5294;7337;12543;0;11957;2304;1290;1139;149;0;0;0;0;0;127;0;0;47;0;0;5827;0;252;0;0;822;0;0;0
048;Hildesheim;NI;Urne;219571;133566;2028;131538;54739;55726;1793;6810;10285;0;0;2185;0;0;0;0;0;0;0;0;0;0;0;0;0;0;0;0;0;0;0;0;0;0;0;1598;131968;49985;49017;4228;7019;11264;0;10455;2484;1304;953;70;0;0;0;0;0;119;0;0;25;0;0;4800;0;328;0;0;372;0;0;0
049;Salzgitter - Wolfenbüttel;NI;Urne;208990;124704;1873;122831;44339;58238;1158;5693;5180;0;1774;1732;0;0;0;0;0;0;0;0;0;0;0;0;3717;0;0;1000;0;0;0;0;0;0;0;2292;122412;42654;48951;3849;7402;8667;0;10889;1896;1611;1029;180;0;0;0;0;0;136;0;0;30;0;0;4991;0;141;0;0;875;0;0;0
050;Braunschweig;NI;Urne;193799;106985;1309;105676;35890;47144;2103;5803;7158;0;3015;863;0;0;0;0;0;0;0;0;0;0;89;0;2955;0;0;656;0;0;0;0;0;0;0;1195;105790;34876;36514;4167;7776;12577;0;9880;3175;876;943;78;0;0;0;0;0;95;0;0;87;0;0;3986;0;88;0;0;552;0;0;0
051;Helmstedt - Wolfsburg;NI;Urne;187425;107376;1552;105824;46847;41535;1319;4888;5038;0;2475;2221;0;0;0;0;0;0;0;255;0;0;0;0;0;0;0;832;0;0;0;0;0;0;414;1277;106099;43160;37246;3554;5503;6955;0;9681;2083;1609;949;38;0;0;0;0;0;204;0;0;33;0;0;4108;0;129;0;0;528;0;0;0
052;Goslar - Northeim - Osterode;NI;Urne;208311;118779;2222;116557;47901;50616;1566;5668;5851;0;1957;1715;0;0;0;0;0;0;0;0;0;0;0;0;0;0;0;1116;0;0;0;0;0;0;167;1909;116870;43165;45549;4370;6317;7703;0;9766;1744;1331;847;81;0;0;0;0;0;98;0;0;26;0;0;4746;0;198;0;0;695;0;0;0
053;Göttingen;NI;Urne;222102;129166;1601;127565;47915;53167;1795;7032;11875;0;2599;1504;0;0;0;0;0;0;0;0;0;0;0;0;0;0;0;1678;0;0;0;0;0;0;0;1281;127885;45123;43666;4722;8498;14727;0;11149;2511;1124;916;82;0;0;0;0;0;108;0;0;46;0;0;5023;0;181;0;0;1158;0;0;0
054;Bremen I;HB;Urne;256547;141822;1749;140073;41196;54725;2695;12485;18321;0;3867;1175;0;0;0;0;0;0;0;0;0;0;169;0;4237;0;0;0;0;1203;0;0;0;0;0;1553;140269;41139;47718;4813;15219;18657;0;12723;3838;1196;1268;0;0;0;78;0;0;0;0;0;73;0;0;5022;0;160;0;0;311;0;0;777
055;Bremen II - Bremerhaven;HB;Urne;227276;122302;1807;120495;34024;53603;1530;11351;9566;0;3362;2118;0;0;0;0;361;0;0;0;0;0;0;0;4580;0;0;0;0;0;0;0;0;0;0;1594;120708;33221;47259;3004;12656;11398;0;13170;3150;1990;1471;0;0;0;221;0;0;0;0;0;59;0;0;5190;0;235;0;0;353;0;0;501
056;Prignitz - Ostprignitz-Ruppin - Havelland I;BB;Urne;162624;90099;2012;88087;29683;25915;1088;21319;2240;0;2279;2601;0;0;0;0;0;0;0;0;0;0;0;0;0;0;0;0;0;0;0;0;0;0;2962;1576;88523;32475;21998;1870;20180;2828;0;9172;1708;2154;0;104;0;0;0;0;0;0;0;0;60;0;0;4180;0;318;0;0;648;0;0;0
057;Uckermark - Barnim I;BB;Urne;160234;86780;1683;85097;33284;19989;1309;22247;2158;0;2091;3069;0;0;0;0;0;0;0;0;0;0;0;0;0;0;0;950;0;0;0;0;0;0;0;1567;85213;31587;19120;1716;20528;2763;0;9499;1662;2393;0;142;0;0;0;0;0;0;0;0;80;0;0;4242;0;274;0;0;706;0;0;0
058;Oberhavel - Havelland II;BB;Urne;250706;147388;3169;144219;53996;40171;1999;28946;6609;0;4422;5251;0;0;0;0;0;0;0;0;0;0;0;0;0;0;0;1938;0;0;0;0;244;0;643;2494;144894;52356;34088;3987;27296;7646;0;19521;3246;3870;0;260;0;0;0;0;0;0;0;0;136;0;0;10112;0;643;0;0;1254;0;0;0
059;Märkisch-Oderland - Barnim II;BB;Urne;251583;146409;3540;142869;49217;29320;1548;46248;4476;0;3924;5204;0;0;0;0;0;0;0;0;0;0;0;0;0;0;0;2002;0;0;0;0;0;0;930;3431;142978;46762;30815;3085;37146;5582;0;19588;3318;3823;0;243;0;0;0;0;0;0;0;0;117;0;0;9621;0;726;0;0;1740;0;0;0
060;Brandenburg an der Havel - Potsdam-Mittelmark I - Havelland III - Teltow-Fläming I;BB;Urne;191014;106613;2176;104437;34372;34441;1555;25086;2337;0;2631;3617;0;0;0;0;0;0;0;0;0;0;0;0;0;0;0;0;0;0;0;0;0;0;398;1998;104615;35591;27343;2257;24232;3630;0;11562;2048;2933;0;168;0;0;0;0;0;0;0;0;107;0;0;5119;0;377;0;0;810;0;0;0
061;Potsdam - Potsdam-Mittelmark II - Teltow-Fläming II;BB;Urne;244812;144226;2620;141606;46468;45801;2271;28776;9299;0;4412;2750;0;0;0;0;0;0;0;0;0;0;0;0;0;0;0;0;0;0;0;0;0;0;1829;2010;142216;44990;35055;4237;29949;12067;0;15918;3831;1815;0;177;0;0;0;0;0;0;0;0;196;0;0;8597;0;478;0;0;824;0;0;0
062;Dahme-Spreewald - Teltow-Fläming III - Oberspreewald-Lausitz I;BB;Urne;240784;142161;3055;139106;51914;37734;1557;30541;4766;0;3542;5001;0;804;0;0;0;0;0;0;0;0;0;0;0;0;0;3009;0;0;0;0;238;0;0;2692;139469;48749;31389;3585;30499;5797;0;19450;2974;4028;0;515;0;0;0;0;0;0;0;0;141;0;0;9242;0;602;0;0;1948;0;0;0
063;Frankfurt (Oder) - Oder-Spree;BB;Urne;199341;113667;2809;110858;38226;26922;1719;30769;3948;0;4229;5045;0;0;0;0;0;0;0;0;0;0;0;0;0;0;0;0;0;0;0;0;0;0;0;2216;111451;37646;24488;2306;27404;4036;0;15571;2449;3679;0;237;0;0;0;0;0;0;0;0;158;0;0;7484;0;525;0;0;1039;0;0;0
064;Cottbus - Spree-Neiße;BB;Urne;187157;103776;2373;101403;36583;24427;1880;20374;2433;0;2361;4372;0;0;0;0;0;0;0;0;0;0;0;0;0;0;0;0;0;698;0;0;196;0;8079;1923;101853;36780;21787;2282;22989;3330;0;14685;2109;3505;0;180;0;0;0;0;0;0;0;0;103;0;0;7235;0;436;0;0;1117;0;0;0
065;Elbe-Elster - Oberspreewald-Lausitz II;BB;Urne;177689;103340;2461;100879;41368;22539;1761;23784;2310;0;3325;5103;0;0;0;0;0;0;0;0;0;0;0;0;0;0;0;0;0;0;0;0;257;0;432;2022;101318;40054;19923;2489;22183;2512;0;14157;2274;4042;0;171;0;0;0;0;0;0;0;0;128;0;0;6142;0;451;0;0;949;0;0;0
066;Altmark;ST;Urne;172378;93860;1694;92166;38599;16449;1221;28015;2419;0;2235;2439;0;0;0;0;0;0;0;0;0;0;0;0;0;0;0;789;0;0;0;0;0;0;0;1570;92290;38687;17636;1871;22846;2856;0;8394;1723;2090;0;0;127;0;0;0;0;0;0;0;122;0;0;3433;0;261;0;0;638;0;0;0
067;Börde - Jerichower Land;ST;Urne;228139;123518;2740;120778;54098;27697;3079;26168;2964;0;3762;0;0;0;0;0;0;0;0;0;0;0;0;0;0;0;0;2463;0;0;0;0;0;0;547;2321;121197;52528;23552;3297;26510;3461;0;11849;2240;2705;0;0;187;0;0;0;0;0;0;0;144;0;0;4785;0;392;0;0;1396;0;0;0
068;Harz;ST;Urne;224917;113944;2419;111525;51261;21334;1515;25874;3956;0;2281;3038;1332;0;0;0;0;0;0;0;0;0;0;0;0;0;0;934;0;0;0;0;0;0;0;2189;111755;48451;20811;2461;25858;3828;0;10346;2008;2443;0;0;225;0;0;0;0;0;0;0;120;0;0;4386;0;376;0;0;788;0;0;0
069;Magdeburg;ST;Urne;244267;124025;2444;121581;44513;29958;1576;31384;4313;0;3380;2527;2098;0;0;0;0;0;0;0;0;0;335;0;0;0;0;1497;0;0;0;0;0;0;0;2063;121962;45832;24909;2778;30000;6067;0;12376;2957;2068;0;0;271;0;0;0;0;0;0;0;233;0;0;5456;0;373;0;0;1018;0;0;0
070;Dessau - Wittenberg;ST;Urne;185954;103508;1662;101846;45357;17449;1250;22519;4061;0;1769;2603;0;0;0;0;0;0;0;0;0;0;0;0;4949;0;0;1889;0;0;0;0;0;0;0;1608;101900;43257;17257;2361;23536;3685;0;11804;1868;2584;0;0;109;0;0;0;0;0;0;0;110;0;0;5385;0;275;0;0;1473;0;0;0
071;Anhalt;ST;Urne;236732;122321;2499;119822;48738;18470;2229;34876;2335;0;1529;3191;0;0;0;0;0;0;0;0;0;0;321;0;5716;0;0;2417;0;0;0;0;0;0;0;2331;119990;49398;20061;2945;31167;2921;0;13498;1979;3245;0;0;135;0;0;0;0;0;0;0;227;0;0;6012;0;340;0;0;1560;0;0;0
072;Halle;ST;Urne;219667;112789;1874;110915;40776;25324;2217;28506;3734;0;2247;1761;0;0;0;0;0;0;0;0;0;0;341;0;4010;0;0;970;0;0;0;0;0;0;1029;1792;110997;42120;19548;3350;27432;7286;0;11261;2871;1896;0;0;188;0;0;0;0;0;0;0;240;0;0;4931;0;268;0;0;867;0;0;0
073;Burgenland - Saalekreis;ST;Urne;201043;105898;1977;103921;46421;16240;1602;26868;3751;0;2181;4357;0;0;0;0;0;0;0;0;0;0;0;0;0;0;0;2179;0;0;0;0;0;0;322;1799;104099;44442;16892;2712;24969;2934;0;12150;1821;3530;0;0;151;0;0;0;0;0;0;0;130;0;0;4637;0;400;0;0;1481;0;0;0
074;Mansfeld;ST;Urne;217783;115141;2314;112827;47392;20224;2069;31438;2515;0;2703;3948;0;0;0;0;0;0;0;0;0;0;0;0;0;0;0;1840;0;0;0;0;0;0;698;2104;113037;46666;19154;3157;29299;2911;0;11850;1949;3228;0;0;123;0;0;0;0;0;0;0;174;0;0;4767;0;428;0;0;1181;0;0;0
075;Berlin-Mitte;BE;Urne;204085;101985;1791;100194;23019;29138;1217;17276;17840;0;4071;1076;0;0;0;0;0;0;0;0;140;0;156;0;3118;447;0;178;0;1402;0;0;187;0;929;1734;100251;21706;27198;3186;19603;15717;0;12841;4919;1004;0;153;227;0;0;0;0;0;88;0;119;0;54;4118;441;206;0;0;216;0;0;1296
076;Berlin-Pankow;BE;Urne;235344;127831;1867;125964;29962;26440;1013;36559;17336;0;4349;2381;0;0;0;0;0;0;0;0;215;0;0;0;5468;0;0;601;0;1640;0;0;0;0;0;1770;126061;29201;27861;2860;32493;16545;0;17101;5053;2200;0;172;285;0;0;0;0;0;121;0;116;0;95;6696;66;323;0;0;463;0;0;1511
077;Berlin-Reinickendorf;BE;Urne;182934;97787;2081;95706;41896;29010;1620;6850;6001;0;2531;1832;0;0;0;0;0;0;0;0;0;0;0;0;4416;0;0;431;0;608;0;0;0;0;511;1965;95822;37085;25991;3761;8342;7917;0;12726;2637;1583;0;245;173;0;0;0;0;0;54;0;33;0;39;6215;194;319;0;0;467;0;0;767
078;Berlin-Spandau - Charlottenburg Nord;BE;Urne;187363;96310;2122;94188;35370;35985;1124;7516;4042;0;3091;1637;0;0;0;0;0;0;0;0;187;0;0;0;4336;484;0;416;0;0;0;0;0;0;0;2069;94241;32976;27875;3157;9840;7308;0;13085;3062;1495;0;247;155;0;0;0;0;0;120;0;59;0;47;5960;417;347;0;0;406;0;0;770
079;Berlin-Steglitz - Zehlendorf;BE;Urne;220007;114905;1773;113132;45574;34841;2421;6800;13170;0;2973;876;0;0;0;0;0;0;0;0;166;0;0;0;5039;0;0;397;0;875;0;0;0;0;0;1414;113491;39961;30524;6294;9201;15099;0;12412;3094;752;0;108;228;0;0;0;0;0;80;0;37;0;39;6541;140;223;0;0;360;0;0;810
080;Berlin-Charlottenburg - Wilmersdorf;BE;Urne;197797;103241;1528;101713;36201;33584;2026;7066;14164;0;2657;555;0;0;0;0;53;0;0;0;120;0;0;0;3947;180;0;289;0;762;0;0;0;0;109;1264;101977;31732;28663;6095;10119;15078;0;10290;2851;471;0;85;168;0;0;0;0;0;79;0;27;0;25;5295;171;140;0;0;282;0;0;696
081;Berlin-Tempelhof - Schöneberg;BE;Urne;235259;122070;2261;119809;40388;32757;1457;10029;23118;0;3747;1325;0;0;0;0;0;0;0;0;206;0;0;0;4634;485;0;588;0;1075;0;0;0;0;0;2058;120012;36444;34059;4276;13735;17407;0;14091;3973;1213;0;154;239;0;0;0;0;0;132;0;59;0;45;5911;403;305;0;0;512;0;0;1145
082;Berlin-Neukölln;BE;Urne;205635;101643;2335;99308;29091;32857;1091;12667;10795;0;4495;2384;0;0;0;0;0;0;0;0;150;0;163;0;3275;0;0;567;0;1773;0;0;0;0;0;2174;99469;27412;26672;2620;15388;12999;0;14378;4219;2057;0;148;186;0;0;0;0;0;82;0;115;0;62;4651;559;310;0;0;492;0;0;1497
083;Berlin-Friedrichshain-Kreuzberg - Prenzlauer Berg Ost;BE;Urne;226240;121452;1861;119591;16177;22155;1062;21466;45842;0;4689;1013;0;0;0;0;0;0;0;0;70;328;0;0;2589;543;0;337;0;2050;482;0;0;0;788;1867;119585;17869;29264;2285;31249;23146;0;15772;7094;920;0;78;284;0;0;0;0;0;52;0;153;0;97;3601;533;175;0;0;311;0;0;2474
084;Berlin-Treptow - Köpenick;BE;Urne;201629;111230;1752;109478;25374;19528;902;45501;4999;0;3160;3424;0;0;0;0;0;0;0;0;148;0;141;0;4635;0;0;647;0;1019;0;0;0;0;0;1731;109499;28055;23128;2007;31861;7487;0;16961;3964;3275;0;178;217;0;0;0;0;0;135;0;131;0;56;6693;68;409;0;0;686;0;0;1149
085;Berlin-Marzahn - Hellersdorf;BE;Urne;203968;103762;1781;101981;26506;17642;713;38578;2880;0;2961;4838;0;0;0;0;0;0;0;0;171;0;0;0;5307;0;817;575;0;671;0;0;0;0;322;1806;101956;26614;19571;1678;32708;3631;0;17754;3203;4443;0;201;145;0;0;0;0;0;132;0;81;0;83;7035;66;868;0;0;607;0;0;890
086;Berlin-Lichtenberg;BE;Urne;205457;104078;1898;102180;23782;20021;663;40080;4080;0;3841;3193;0;0;0;0;0;0;0;0;169;0;0;0;4800;0;0;716;0;0;0;0;0;0;835;1815;102263;23819;20892;1488;34524;5647;0;15893;3923;2943;0;167;179;0;0;0;0;0;120;0;109;0;90;6201;59;459;0;0;533;0;0;1110
087;Aachen I;NW;Urne;179933;90371;1124;89247;34617;32757;1715;6395;7587;0;3191;607;0;0;0;0;0;0;0;0;0;0;0;0;1990;0;0;388;0;0;0;0;0;0;0;935;89436;31278;25551;4889;7930;11293;0;8495;3234;560;0;92;140;0;30;0;0;0;14;0;19;72;8;2973;111;114;36;0;393;88;75;536
088;Aachen II;NW;Urne;228375;120456;2287;118169;52805;43447;2443;7386;6065;0;3341;1701;0;981;0;0;0;0;0;0;0;0;0;0;0;0;0;0;0;0;0;0;0;0;0;1835;118621;47131;39400;5511;8343;7220;0;11016;2800;1365;0;641;143;0;58;0;0;0;19;0;20;178;23;4236;98;235;48;0;427;123;79;523
089;Heinsberg;NW;Urne;188266;105102;1816;103286;54700;29930;2131;4675;5505;0;2654;1439;0;0;0;0;0;0;0;0;0;0;0;0;2252;0;0;0;0;0;0;0;0;0;0;1611;103491;50460;27713;4813;5698;5536;0;9271;2473;1210;0;210;107;0;58;0;0;0;25;0;15;151;37;3722;56;193;23;0;360;128;94;409
090;Düren;NW;Urne;199550;105254;2120;103134;51277;36219;1720;5687;4591;0;3537;0;0;0;0;0;0;0;0;0;0;0;0;0;0;0;0;0;0;0;0;0;0;0;103;1680;103574;45231;31182;4688;6347;6052;0;10074;2570;1240;0;151;102;0;51;0;0;0;25;0;25;193;36;4425;55;228;36;0;251;114;107;465
091;Rhein-Erft-Kreis I;NW;Urne;247721;131387;5198;126189;58800;46370;3248;6288;6744;0;4739;0;0;0;0;0;0;0;0;0;0;0;0;0;0;0;0;0;0;0;0;0;0;0;0;3678;127709;52887;39823;6826;7419;8718;0;12036;2908;1390;0;176;147;0;74;0;0;0;26;0;17;193;33;4995;182;505;53;0;547;162;174;454
092;Euskirchen - Rhein-Erft-Kreis II;NW;Urne;245268;128918;3068;125850;63656;39358;3889;6415;6938;0;3615;1979;0;0;0;0;0;0;0;0;0;0;0;0;0;0;0;0;0;0;0;0;0;0;0;2251;126667;56170;34395;7898;7141;8890;0;12173;2914;1339;0;134;156;0;64;0;0;0;22;0;29;265;24;5469;87;358;17;0;434;150;154;557
093;Köln I;NW;Urne;191277;88294;1007;87287;30520;33829;1777;6422;8529;0;2307;963;0;0;0;0;0;0;0;0;93;0;0;0;2623;0;0;224;0;0;0;0;0;0;0;899;87395;27601;28043;4281;8014;10419;0;9037;2479;775;0;114;142;0;52;0;0;0;31;0;61;109;23;3790;228;255;14;0;186;123;76;579
094;Köln II;NW;Urne;233118;114841;888;113953;42832;39748;2560;6917;16168;0;2415;534;0;0;0;0;0;0;0;0;68;0;0;0;2435;0;0;276;0;0;0;0;0;0;0;698;114143;37943;31384;8306;9244;18281;0;8985;2710;403;0;76;201;0;32;0;0;0;24;0;29;90;26;3972;102;161;10;0;241;173;65;670
095;Köln III;NW;Urne;201922;95236;1223;94013;29590;38414;1644;7987;11771;0;2853;1217;0;0;0;0;0;0;0;0;109;0;0;0;0;0;0;428;0;0;0;0;0;0;0;990;94246;27319;30299;3684;9671;14153;0;9120;2615;773;0;102;166;0;41;0;0;0;26;0;48;116;23;3326;331;301;26;0;248;157;95;726
096;Bonn;NW;Urne;226487;123139;1715;121424;44482;48653;6085;5961;9511;0;3071;0;0;0;0;0;0;0;0;0;0;0;0;0;3045;0;0;0;0;616;0;0;0;0;0;1442;121697;42657;32978;9291;8655;15858;0;12258;3263;617;0;73;193;0;32;0;0;0;19;0;34;127;19;5481;870;247;18;0;226;130;100;809
097;Rhein-Sieg-Kreis I;NW;Urne;234377;129072;1814;127258;62360;38477;2775;6435;7738;0;2735;1283;0;0;0;0;0;0;0;0;0;0;0;727;4135;0;0;593;0;0;0;0;0;0;0;1594;127478;54645;34911;7440;7764;10111;0;12607;3037;1189;0;120;183;0;84;0;0;0;19;0;14;501;30;5835;144;248;15;0;401;122;109;556
098;Rhein-Sieg-Kreis II;NW;Urne;213791;121512;1657;119855;62253;33549;3245;4445;8097;0;2458;948;0;0;0;0;0;0;0;0;0;0;0;357;3787;0;0;716;0;0;0;0;0;0;0;1391;120121;53677;29802;9169;6094;10144;0;11235;2521;891;0;87;186;0;55;0;0;0;16;0;14;260;12;5710;134;243;8;0;438;98;93;469
099;Oberbergischer Kreis;NW;Urne;209414;119521;1707;117814;61075;35941;2301;5416;5677;0;2309;1292;0;0;0;0;0;0;0;0;0;0;0;0;3566;0;0;0;0;0;0;0;0;0;237;1699;117822;52822;32040;6203;6790;7837;0;12130;2437;1164;0;134;192;0;49;0;0;0;16;0;23;260;29;6280;72;399;20;0;306;130;116;503
100;Rheinisch-Bergischer Kreis;NW;Urne;216414;121438;1174;120264;68666;31329;1915;5538;8040;0;0;983;0;0;0;0;0;0;0;0;0;0;0;0;3521;0;0;0;0;0;0;0;0;0;272;1113;120325;51759;32033;7513;6696;10665;0;11659;2533;900;0;129;179;0;57;0;0;0;21;0;21;168;17;6015;99;240;22;0;374;178;126;580
101;Leverkusen - Köln IV;NW;Urne;214098;108188;1547;106641;41187;44609;2140;6940;7385;0;0;1885;0;0;0;0;0;0;0;0;0;0;285;0;0;0;0;1105;0;1105;0;0;0;0;0;1236;106952;36993;35290;4770;8573;10049;0;11277;2936;1221;0;133;144;0;54;0;0;0;26;0;122;169;21;4464;242;344;13;0;440;137;74;737
102;Wuppertal I;NW;Urne;213132;112260;2037;110223;39081;45878;2839;9182;7418;0;3464;2361;0;0;0;0;0;0;0;0;0;0;0;0;0;0;0;0;0;0;0;0;0;0;0;1653;110607;35058;36424;5798;10436;10686;0;12205;2935;1367;0;337;146;0;44;0;0;0;14;0;120;214;32;4932;170;396;70;0;367;164;104;793
103;Solingen - Remscheid - Wuppertal II;NW;Urne;226117;126112;1951;124161;53710;42796;2883;7738;8443;0;3653;0;0;0;0;0;0;0;0;0;0;0;374;0;4564;0;0;0;0;0;0;0;0;0;0;1632;124480;47279;38511;6868;9037;9827;0;12958;3262;1368;0;289;161;0;64;0;0;0;25;0;154;218;32;5527;242;408;20;0;299;133;127;629
104;Mettmann I;NW;Urne;205564;110482;1405;109077;52233;39094;1949;4576;5409;0;2461;0;0;0;0;0;0;0;0;0;0;0;0;0;3355;0;0;0;0;0;0;0;0;0;0;1257;109225;45321;31705;6208;6248;8300;0;11443;2563;1062;0;203;151;0;70;0;0;0;33;0;22;196;26;5952;133;248;36;0;226;108;71;343
105;Mettmann II;NW;Urne;165493;90792;1341;89451;39348;34378;1892;4257;4297;0;2421;0;0;0;0;0;0;0;0;0;0;0;0;0;2858;0;0;0;0;0;0;0;0;0;0;1139;89653;35695;28625;4914;5379;6158;0;8882;2129;902;0;155;103;0;39;0;0;0;23;0;27;139;15;4493;89;180;33;0;152;98;58;247
106;Düsseldorf I;NW;Urne;218889;116433;1258;115175;52747;35925;3280;6983;9149;0;2340;683;0;345;0;0;0;0;0;0;0;0;131;0;3592;0;0;0;0;0;0;0;0;0;0;1092;115341;44335;32131;9390;8441;10946;0;10098;2678;636;0;290;132;0;45;0;0;0;25;0;65;137;24;5062;107;147;15;0;175;116;61;383
107;Düsseldorf II;NW;Urne;196250;103064;1593;101471;40034;36842;2520;10013;7000;0;2961;1061;0;759;0;0;0;0;0;0;281;0;0;0;0;0;0;0;0;0;0;0;0;0;0;1146;101918;36076;31851;5414;8688;9563;0;10326;2762;858;0;458;140;0;50;0;0;0;55;0;56;159;33;4627;140;209;17;0;178;107;59;418
108;Neuss I;NW;Urne;214614;109418;1430;107988;54152;34280;2251;4701;5068;0;2963;1262;0;0;0;0;0;0;0;0;0;0;0;0;2880;0;0;431;0;0;0;0;0;0;0;1280;108138;47627;31016;6077;6068;6641;0;10709;2841;1118;0;179;136;0;56;0;0;0;25;0;32;171;30;4762;180;278;19;0;397;84;83;318
109;Mönchengladbach;NW;Urne;192676;101436;1594;99842;49466;30104;2095;6776;5908;0;0;1439;0;0;0;0;0;0;0;0;0;0;0;0;3371;0;0;0;0;683;0;0;0;0;0;1319;100117;42460;28963;5413;7017;6070;0;10194;2690;1172;0;122;121;0;36;0;0;0;18;0;23;129;21;4358;114;256;17;0;256;129;107;625
110;Krefeld I - Neuss II;NW;Urne;202204;111588;1500;110088;52747;35601;3381;5069;6177;0;2662;1163;0;0;0;0;0;0;0;0;0;0;0;0;2597;0;0;343;0;348;0;0;0;0;0;1301;110287;47812;31423;7306;6431;7539;0;9776;2524;986;0;116;113;0;58;0;0;0;31;0;34;182;26;4405;142;216;21;0;335;85;56;446
111;Viersen;NW;Urne;227631;130115;1535;128580;66623;37944;2757;6751;6675;0;2855;1415;0;0;0;0;0;0;0;0;0;0;0;0;3188;0;0;372;0;0;0;0;0;0;0;1418;128697;58021;35222;7685;7499;8533;0;11737;2919;1337;0;126;152;0;80;0;0;0;31;0;29;224;35;5491;97;251;17;0;332;92;98;426
112;Kleve;NW;Urne;225823;124376;1918;122458;62061;41323;3421;0;6780;0;3495;1337;0;0;0;0;0;0;0;0;0;0;0;0;4041;0;0;0;0;0;0;0;0;0;0;1427;122949;58868;33816;6602;6132;7357;0;10174;2617;1062;0;100;148;0;80;0;0;0;16;0;26;180;17;5054;35;236;24;0;163;70;83;263
113;Wesel I;NW;Urne;207485;119092;1442;117650;50036;47120;1911;6387;5465;0;2876;0;0;0;0;0;325;0;0;0;0;0;0;0;3530;0;0;0;0;0;0;0;0;0;0;1283;117809;45141;41823;5131;7656;7356;0;10702;2582;1409;0;192;120;0;160;0;0;0;20;0;32;153;24;4653;79;279;35;0;243;118;85;518
114;Krefeld II - Wesel II;NW;Urne;182593;101349;1591;99758;38590;42879;2104;5873;5025;0;2496;1680;0;0;0;0;0;0;0;0;0;0;204;0;0;0;0;485;0;422;0;0;0;0;0;1250;100099;35364;35727;5048;7184;7198;0;9578;2251;1234;0;140;104;0;56;0;0;0;24;0;89;145;17;4186;138;332;20;0;292;68;84;398
115;Duisburg I;NW;Urne;171223;92446;1712;90734;28201;42625;1294;7314;4463;0;3068;3769;0;0;0;0;0;0;0;0;0;0;0;0;0;0;0;0;0;0;0;0;0;0;0;1225;91221;26230;35969;2775;7898;6114;0;12235;2295;2301;0;258;123;0;56;0;0;0;29;0;158;171;37;5107;307;660;53;0;156;88;66;370
116;Duisburg II;NW;Urne;166103;83087;1642;81445;23069;35672;1164;7554;3827;0;2309;3990;0;0;0;0;0;0;0;0;0;0;282;0;3578;0;0;0;0;0;0;0;0;0;0;1304;81783;20668;35318;2041;7812;4081;0;11863;1966;3030;0;255;53;0;53;0;0;0;25;0;194;168;42;4523;311;671;66;0;103;63;63;277
117;Oberhausen - Wesel III;NW;Urne;208991;114148;1878;112270;34965;51593;1670;8821;8098;0;3659;3464;0;0;0;0;0;0;0;0;0;0;0;0;0;0;0;0;0;0;0;0;0;0;0;1471;112677;32426;46841;3453;9833;7221;0;12903;2935;2567;0;192;125;0;83;0;0;0;43;0;77;193;36;5173;139;520;43;0;173;116;98;390
118;Mülheim - Essen I;NW;Urne;191475;106404;1454;104950;36346;45457;2098;6161;6179;0;2419;1909;0;0;0;0;0;0;0;0;0;0;170;0;4211;0;0;0;0;0;0;0;0;0;0;1248;105156;34333;40883;4373;7266;7267;0;11034;2288;1666;0;175;110;0;63;0;0;0;29;0;91;139;33;5221;193;370;45;0;127;78;65;341
119;Essen II;NW;Urne;167962;82564;1312;81252;24414;40043;1163;6295;3742;0;2342;2354;0;0;0;0;0;0;0;0;229;0;189;0;0;0;0;0;0;481;0;0;0;0;0;1114;81450;22212;34348;2571;7120;5587;0;9612;2085;1687;0;287;56;0;39;0;0;0;64;0;129;110;19;3751;213;294;23;0;172;98;67;518
120;Essen III;NW;Urne;195692;107132;1202;105930;40282;43334;1795;5739;7948;0;2342;1190;0;0;0;0;0;0;0;0;115;0;0;0;2864;0;0;0;0;0;0;0;0;0;321;1015;106117;36778;36213;5483;7671;10305;0;9667;2303;1039;0;164;139;0;36;0;0;0;56;0;82;98;22;4422;98;240;12;0;182;112;79;583
121;Recklinghausen I;NW;Urne;172167;92611;1427;91184;30265;42200;1653;5981;4376;0;2234;1482;0;0;0;0;0;0;0;0;0;0;0;0;2993;0;0;0;0;0;0;0;0;0;0;1175;91436;29754;37024;2891;6651;5631;0;9485;2090;1283;0;171;119;0;62;0;0;0;18;0;78;132;30;4400;150;313;32;0;143;101;63;300
122;Recklinghausen II;NW;Urne;191504;100314;1735;98579;34746;45935;1436;5972;4597;0;3014;2077;0;0;0;0;0;0;0;0;0;0;226;0;0;0;0;0;0;0;0;0;0;0;576;1352;98962;32875;40121;3299;6816;5590;0;10261;2495;1432;0;189;104;0;46;0;0;0;22;0;116;187;54;4344;152;333;56;0;208;92;91;340
123;Gelsenkirchen;NW;Urne;181476;91676;1322;90354;24633;46296;1307;5912;3154;0;2197;2385;0;0;0;0;0;0;0;0;0;0;396;0;3565;0;0;509;0;0;0;0;0;0;0;1264;90412;23556;40183;2484;7413;4946;0;11830;2169;2211;0;391;62;0;56;0;0;0;13;0;324;126;19;4604;443;539;34;0;332;67;94;346
124;Steinfurt I - Borken I;NW;Urne;201091;115816;1233;114583;59384;37123;2848;4652;5432;0;2696;0;0;0;0;0;0;0;0;0;0;0;0;0;2448;0;0;0;0;0;0;0;0;0;0;1046;114770;56466;32782;5456;5506;6763;0;7797;2288;820;0;107;124;0;47;0;0;0;13;0;18;103;20;3318;33;122;27;0;228;99;74;356
125;Bottrop - Recklinghausen III;NW;Urne;206061;117057;1670;115387;41120;53620;1674;6584;3968;0;2945;0;0;0;746;0;0;0;0;0;0;0;256;0;4474;0;0;0;0;0;0;0;0;0;0;1450;115607;39064;46926;3769;7721;6130;0;11997;2543;1940;0;271;341;0;64;0;0;0;28;0;127;198;50;5027;221;436;46;0;141;84;87;393
126;Borken II;NW;Urne;198648;120210;1138;119072;67904;33076;2427;3828;7110;0;2501;0;0;0;0;0;0;0;0;0;0;0;0;0;2226;0;0;0;0;0;0;0;0;0;0;953;119257;63309;31008;5774;4603;7078;0;7485;2079;831;0;82;126;0;44;0;0;0;14;0;16;136;20;3320;19;136;8;0;209;82;70;293
127;Coesfeld - Steinfurt II;NW;Urne;190611;110146;1011;109135;60434;30201;2510;3949;7251;0;2244;0;0;0;0;295;0;0;0;0;0;0;0;0;2251;0;0;0;0;0;0;0;0;0;0;982;109164;53841;28518;5708;4972;8730;0;7395;2048;666;0;90;139;0;50;0;0;0;12;0;19;118;28;3303;16;188;8;0;206;61;79;364
128;Steinfurt III;NW;Urne;193909;118550;1145;117405;55593;43883;1915;4625;6459;0;1980;890;0;0;0;0;0;0;0;0;0;0;0;0;2060;0;0;0;0;0;0;0;0;0;0;1121;117429;50228;40002;5098;5712;8663;0;7726;2133;842;0;83;101;0;40;0;0;0;13;0;23;114;22;3344;66;100;14;0;249;111;76;395
129;Münster;NW;Urne;227762;113847;1146;112701;42715;42037;5489;5510;11575;0;2370;0;0;0;442;0;0;0;0;0;0;0;0;0;2385;0;0;0;0;0;0;0;0;0;178;1004;112843;40992;31608;7009;8163;16933;0;8138;2710;354;0;34;381;0;29;0;0;0;13;0;37;69;23;3570;46;86;16;0;121;123;85;441
130;Warendorf;NW;Urne;210355;119536;1421;118115;59971;38678;2371;4389;6718;0;2536;947;0;0;0;0;0;0;0;0;0;0;0;0;2505;0;0;0;0;0;0;0;0;0;0;1347;118189;54917;35171;5865;5545;8311;0;8380;2560;936;0;100;141;0;42;0;0;0;20;0;17;156;22;3587;44;113;3;0;279;46;56;258
131;Gütersloh I;NW;Urne;233596;129158;1755;127403;63662;43339;2161;5845;6475;0;2482;0;0;0;0;0;238;0;0;0;0;0;0;0;3201;0;0;0;0;0;0;0;0;0;0;1590;127568;58754;37106;5682;6855;9607;0;9564;2449;1051;0;108;273;0;118;0;0;0;17;0;19;147;27;4159;95;182;15;0;368;110;94;332
132;Bielefeld - Gütersloh II;NW;Urne;247179;135106;2096;133010;48441;52285;2157;10020;13299;0;3592;0;0;0;0;0;0;0;0;0;0;0;0;0;3216;0;0;0;0;0;0;0;0;0;0;1742;133364;46040;44408;4653;12204;14916;0;11143;3270;1008;0;103;189;0;43;0;0;0;32;0;82;203;36;4815;168;255;30;0;160;116;78;555
133;Herford - Minden-Lübbecke II;NW;Urne;230975;121596;1985;119611;48062;50414;3500;7077;5887;0;3683;0;0;0;0;0;0;0;0;0;0;0;0;0;0;0;0;709;0;0;0;0;0;0;279;1560;120036;46186;42588;4495;7700;8923;0;10144;2584;1026;0;158;139;0;60;0;0;0;21;0;30;182;25;4578;54;255;16;0;473;93;94;356
134;Minden-Lübbecke I;NW;Urne;206505;113716;1753;111963;51796;45758;1904;4870;4224;0;3005;0;0;0;0;0;0;0;0;0;0;0;0;0;0;0;0;406;0;0;0;0;0;0;0;1404;112312;46378;38747;4776;5843;7731;0;8837;2331;767;0;189;120;0;41;0;0;0;15;0;25;171;26;4187;32;193;21;0;272;83;69;295
135;Lippe I;NW;Urne;172330;96911;1480;95431;38327;39687;1913;4222;5024;0;2282;0;0;0;0;0;0;0;0;0;0;0;0;0;2472;0;0;627;0;0;0;0;0;0;877;1273;95638;37411;33818;3924;5183;6713;0;8589;2040;884;0;107;108;0;38;0;0;0;14;0;20;161;32;3840;53;206;24;0;616;65;76;305
136;Höxter - Lippe II;NW;Urne;213488;123275;1937;121338;61100;38302;2039;5202;6353;0;2258;1087;0;0;477;0;0;0;0;0;0;0;0;0;3174;0;0;792;0;0;0;0;0;0;554;1777;121498;55924;36146;5375;6536;7677;0;9840;2296;1003;0;67;282;0;54;0;0;0;22;0;17;146;22;4581;61;157;15;0;633;82;75;327
137;Paderborn - Gütersloh III;NW;Urne;247138;133158;1777;131381;77871;30887;2266;5722;7715;0;2878;1191;0;0;0;0;0;0;0;0;0;0;0;0;2619;0;0;0;0;0;0;0;0;0;232;1707;131451;67656;30829;6077;7337;8826;0;10726;2780;1125;0;106;206;0;49;0;0;0;23;0;14;168;22;5005;111;207;13;0;346;120;101;330
138;Hagen - Ennepe-Ruhr-Kreis I;NW;Urne;212903;110959;2064;108895;36528;51728;3127;6800;4735;0;3141;2293;0;0;0;0;326;0;0;0;0;0;217;0;0;0;0;0;0;0;0;0;0;0;0;1457;109502;37379;40756;4437;8045;7279;0;11606;2693;1352;0;264;104;0;122;0;0;0;11;0;78;201;27;5071;129;560;27;0;299;125;100;443
139;Ennepe-Ruhr-Kreis II;NW;Urne;181174;96088;1497;94591;33003;40572;1661;5180;7549;0;2266;1232;0;0;0;0;0;0;0;0;0;0;165;0;2963;0;0;0;0;0;0;0;0;0;0;1278;94810;30517;36438;3866;6516;8538;0;8935;2289;1020;0;107;136;0;45;0;0;0;16;0;106;123;25;4018;114;246;30;0;153;89;54;364
140;Bochum I;NW;Urne;210904;109104;1662;107442;36366;48482;1316;8140;7148;0;3523;2245;0;0;0;0;0;0;0;0;0;0;222;0;0;0;0;0;0;0;0;0;0;0;0;1268;107836;31190;41916;3730;9522;10443;0;11035;2999;1533;0;136;171;0;49;0;0;0;26;0;120;155;27;4476;173;272;40;0;196;110;54;498
141;Herne - Bochum II;NW;Urne;184009;98014;1913;96101;28222;47368;1334;7823;5269;0;2992;2765;0;0;0;0;0;0;0;0;0;0;328;0;0;0;0;0;0;0;0;0;0;0;0;1497;96517;26195;42480;2505;8457;6222;0;10658;2506;1855;0;360;125;0;66;0;0;0;21;0;172;177;31;4024;212;375;44;0;173;94;60;363
142;Dortmund I;NW;Urne;213946;107348;1203;106145;31184;49309;1816;7128;7585;0;2776;1686;0;0;0;0;124;0;0;0;0;0;189;0;3811;0;0;425;0;0;0;0;0;0;112;1218;106130;29101;41078;3985;9393;11178;0;11395;3089;1527;0;137;125;0;89;0;0;0;23;0;117;182;26;4612;149;171;105;0;292;98;112;541
143;Dortmund II;NW;Urne;206701;101749;1450;100299;31324;47551;1273;7549;6553;0;3093;2188;0;0;0;0;0;0;0;0;0;0;0;0;0;0;0;768;0;0;0;0;0;0;0;1257;100492;28228;41339;3457;8587;8213;0;10668;2565;1530;0;126;89;0;54;0;0;0;14;0;65;172;29;4452;219;250;38;0;425;74;104;462
144;Unna I;NW;Urne;200068;109886;1405;108481;37723;51423;1649;6263;5927;0;2842;1751;0;0;0;0;0;0;0;0;0;0;0;0;0;0;0;903;0;0;0;0;0;0;0;1188;108698;33404;44741;4028;7444;8439;0;10642;2627;1239;0;113;92;0;62;0;0;0;24;0;48;211;26;4429;154;300;18;0;679;95;85;440
145;Hamm - Unna II;NW;Urne;238091;126799;1964;124835;47486;55356;2191;7672;5867;0;3147;2403;0;0;0;0;0;0;0;0;0;0;0;0;0;0;0;713;0;0;0;0;0;0;0;1660;125139;44240;49190;4304;8602;7294;0;11509;2827;1742;0;231;91;0;47;0;0;0;18;0;52;194;26;4526;216;356;82;0;497;90;100;414
146;Soest;NW;Urne;232311;124046;1877;122169;60073;41571;2461;6661;6790;0;3081;1532;0;0;0;0;0;0;0;0;0;0;0;0;0;0;0;0;0;0;0;0;0;0;0;1463;122583;54135;37795;5507;6991;8267;0;9888;2694;1055;0;143;143;0;56;0;0;0;26;0;18;206;46;4464;76;274;47;0;162;81;68;329
147;Hochsauerlandkreis;NW;Urne;205948;109023;1576;107447;59744;32898;1790;4777;4118;0;2483;1287;0;0;0;0;0;0;0;0;0;0;0;0;0;0;0;350;0;0;0;0;0;0;0;1294;107729;53075;30710;4950;5465;4883;0;8646;2255;980;0;116;126;0;58;0;0;0;17;0;17;178;31;3902;38;211;16;0;344;55;66;236
148;Siegen-Wittgenstein;NW;Urne;215751;115489;1450;114039;52009;42192;2176;5545;5350;0;2049;1466;0;0;0;0;0;0;0;0;0;0;0;0;3252;0;0;0;0;0;0;0;0;0;0;1358;114131;46893;36796;4911;7120;7101;0;11310;2064;1426;0;211;208;0;34;0;0;0;17;0;34;198;31;5777;381;251;26;0;179;83;73;317
149;Olpe - Märkischer Kreis I;NW;Urne;210836;102561;1214;101347;51572;33968;2108;4281;3220;0;1953;1278;0;0;0;0;0;0;0;0;0;0;0;0;2653;0;0;314;0;0;0;0;0;0;0;1208;101353;47499;29109;4786;5411;5112;0;9436;2051;1220;0;142;128;0;52;0;0;0;16;0;15;162;34;4468;105;194;15;0;330;79;68;357
150;Märkischer Kreis II;NW;Urne;206189;104989;1349;103640;41854;44010;1704;5654;3091;0;2481;1475;0;0;0;0;0;0;0;0;0;0;0;0;3371;0;0;0;0;0;0;0;0;0;0;1343;103646;41272;34222;4156;6856;5624;0;11516;2620;1326;0;230;97;0;71;0;0;0;12;0;42;243;27;5504;134;254;18;0;293;114;83;448
151;Nordsachsen;SN;Urne;168695;96452;2360;94092;43045;19020;1895;20509;2775;0;1766;5082;0;0;0;0;0;0;0;0;0;0;0;0;0;0;0;0;0;0;0;0;0;0;0;1772;94680;42547;14380;2392;19491;2548;0;13322;1853;3896;0;0;0;0;0;0;0;0;116;0;82;0;0;6020;0;347;0;0;1008;0;0;0
152;Leipzig I;SN;Urne;210456;112992;1725;111267;44893;23846;1793;26248;5737;0;3253;3946;0;0;0;0;0;0;0;0;1551;0;0;0;0;0;0;0;0;0;0;0;0;0;0;1415;111577;41224;20432;3123;24008;7084;0;15706;3602;2888;0;0;0;0;0;0;0;0;330;0;158;0;0;7230;0;405;0;0;1093;0;0;0
153;Leipzig II;SN;Urne;219865;121069;1777;119292;41487;27360;1682;30342;9828;0;3089;2669;0;0;0;0;0;0;0;0;986;0;0;0;0;0;0;0;0;1849;0;0;0;0;0;1517;119552;39205;22249;3459;27495;12357;0;14787;4753;1932;0;0;0;0;0;0;0;0;271;0;184;0;0;6409;0;320;0;0;918;0;0;0
154;Leipzig-Land;SN;Urne;220400;129149;2458;126691;65034;19857;2336;27213;3973;0;2750;5528;0;0;0;0;0;0;0;0;0;0;0;0;0;0;0;0;0;0;0;0;0;0;0;2107;127042;58160;19075;3508;25349;3934;0;17016;2498;4125;0;0;0;0;0;0;0;0;148;0;112;0;0;8430;0;442;0;0;1261;0;0;0
155;Meißen;SN;Urne;207261;123302;2443;120859;64862;15122;2868;21429;3727;0;3078;5853;0;0;0;0;0;0;0;0;1352;0;0;0;0;0;2568;0;0;0;0;0;0;0;0;2272;121030;54609;14972;4288;22655;4504;0;20002;2773;5081;0;0;0;0;0;0;0;0;397;0;114;0;0;8942;0;1090;0;0;1605;0;0;0
156;Bautzen I;SN;Urne;223726;136735;2994;133741;66165;15010;3342;28460;3038;0;2673;6783;0;0;0;0;0;0;0;0;0;0;0;0;0;0;0;3904;0;0;0;0;0;0;4366;3037;133698;61087;15960;4020;26648;3538;0;22445;2758;5876;0;0;0;0;0;0;0;0;177;0;120;0;0;9680;0;793;0;0;3041;0;0;0
157;Görlitz;SN;Urne;223614;131980;2992;128988;64147;19412;2029;25397;4007;0;3327;7643;0;0;0;0;0;0;0;0;1824;0;0;0;0;0;0;0;0;0;0;1202;0;0;0;2770;129210;56957;15884;3489;25294;4046;0;23540;2833;5882;0;0;0;0;0;0;0;0;569;0;130;0;0;10951;0;922;0;0;2253;0;0;0
158;Sächsische Schweiz - Osterzgebirge;SN;Urne;207752;126484;2359;124125;62688;13110;2143;23324;3422;0;2399;8830;0;0;0;0;0;0;0;0;1271;0;0;0;0;0;0;6938;0;0;0;0;0;0;0;2227;124257;57176;13278;3827;21183;4138;0;24655;2593;6811;0;0;0;0;0;0;0;0;440;0;85;0;0;10157;0;585;0;0;3984;0;0;0
159;Dresden I;SN;Urne;233382;131910;2339;129571;55966;18942;2301;32514;7091;0;3997;4339;0;0;0;0;0;0;0;0;878;0;0;0;0;0;0;3351;0;0;0;0;0;0;192;1713;130197;52018;19671;3865;25272;9245;0;20126;4616;3243;0;0;0;0;0;0;0;0;312;0;132;0;0;9636;0;339;0;0;1848;0;0;0
160;Dresden II - Bautzen II;SN;Urne;235691;137228;2628;134600;57264;19526;2506;26301;11634;0;6159;5077;0;0;0;0;0;0;0;0;667;0;437;0;0;0;0;5029;0;0;0;0;0;0;0;1983;135245;52749;18488;4084;24979;11577;0;23368;5830;3989;0;0;0;0;0;0;0;0;316;0;205;0;0;10056;0;344;0;0;2628;0;0;0
161;Mittelsachsen;SN;Urne;210677;123196;2301;120895;63090;18205;2707;24657;3628;0;2536;6072;0;0;0;0;0;0;0;0;0;0;0;0;0;0;0;0;0;0;0;0;0;0;0;1992;121204;54983;15709;4080;25039;3743;0;17650;2549;4819;0;0;0;0;0;0;0;0;171;0;110;0;0;7861;0;557;0;0;1583;0;0;0
162;Chemnitz;SN;Urne;201249;106567;1439;105128;44155;21661;2036;25197;4659;0;2237;4036;0;0;0;0;0;0;0;0;0;0;0;0;0;0;0;0;0;1147;0;0;0;0;0;1132;105435;41123;18060;2952;24352;5168;0;13780;2650;2692;0;0;0;0;0;0;0;0;128;0;124;0;0;6906;0;433;0;0;847;0;0;0
163;Chemnitzer Umland - Erzgebirgskreis II;SN;Urne;191550;116767;2805;113962;56314;17769;2512;25252;4009;0;2400;5706;0;0;0;0;0;0;0;0;0;0;0;0;0;0;0;0;0;0;0;0;0;0;0;1960;114807;51583;16532;3010;23139;3522;0;17021;2220;3961;0;0;0;0;0;0;0;0;136;0;98;0;0;8637;0;448;0;0;1521;0;0;0
164;Erzgebirgskreis I;SN;Urne;232499;140337;3457;136880;68569;16515;8863;28342;4096;0;2773;7722;0;0;0;0;0;0;0;0;0;0;0;0;0;0;0;0;0;0;0;0;0;0;0;2768;137569;63068;17289;4897;26724;3192;0;22399;2646;5864;0;0;0;0;0;0;0;0;151;0;102;0;0;10879;0;534;0;0;2223;0;0;0
165;Zwickau;SN;Urne;217679;126359;2411;123948;55018;19532;3297;30671;3464;0;2377;5430;0;0;0;0;0;0;0;0;887;0;0;0;0;0;0;3272;0;0;0;0;0;0;0;2037;124322;54777;18247;3263;26702;3750;0;17583;2269;4264;0;0;0;0;0;0;0;0;323;0;150;0;0;7856;0;404;0;0;2317;0;0;0
166;Vogtlandkreis;SN;Urne;201934;118673;2322;116351;56342;23923;2852;23040;2849;0;2226;5119;0;0;0;0;0;0;0;0;0;0;0;0;0;0;0;0;0;0;0;0;0;0;0;1894;116779;51668;18540;3082;23775;3636;0;16078;2223;3903;0;0;0;0;0;0;0;0;122;0;103;0;0;7955;0;426;0;0;1346;0;0;0
167;Waldeck;HE;Urne;189728;108152;3991;104161;43305;43263;2443;6005;6241;0;2603;0;0;0;0;0;0;0;0;0;0;0;0;0;0;0;0;0;0;0;0;0;0;0;301;3549;104603;37996;37717;4743;6145;8206;0;9796;1876;990;0;205;0;0;0;0;0;0;38;0;28;0;62;5257;0;121;0;0;788;0;0;431
168;Kassel;HE;Urne;224555;121327;3976;117351;40567;47956;1973;10556;11804;0;3704;0;0;0;0;0;0;0;0;0;0;0;254;0;0;0;0;0;0;0;0;0;0;0;537;3332;117995;35568;40604;4215;11133;14638;0;11837;2878;1045;0;166;0;0;0;0;0;0;36;0;138;0;70;6135;0;118;0;0;646;0;0;605
169;Werra-Meißner - Hersfeld-Rotenburg;HE;Urne;180203;104013;3802;100211;40344;43357;1836;6070;4669;0;1866;2069;0;0;0;0;0;0;0;0;0;0;0;0;0;0;0;0;0;0;0;0;0;0;0;3650;100363;35990;37183;3717;6355;6645;0;10473;1600;1764;0;151;0;0;0;0;0;0;44;0;24;0;49;5573;0;104;0;0;742;0;0;422
170;Schwalm-Eder;HE;Urne;191354;113643;4084;109559;43439;46489;2272;5800;5981;0;2301;1754;0;0;0;0;0;0;0;0;0;0;0;0;0;0;0;1523;0;0;0;0;0;0;0;4106;109537;39044;40128;4829;6251;8123;0;11162;1911;1358;0;195;0;0;0;0;0;0;35;0;25;0;48;5794;0;120;0;0;1239;0;0;437
171;Marburg;HE;Urne;184686;105875;2483;103392;41079;45632;1684;5567;5488;0;2086;1290;0;0;0;0;0;0;0;0;0;0;0;0;0;0;0;0;0;566;0;0;0;0;0;2709;103166;38047;34996;3892;7168;9990;0;9073;1766;934;0;281;0;0;0;0;0;0;43;0;22;0;47;4906;0;88;0;0;470;0;0;516
172;Lahn-Dill;HE;Urne;210867;120214;3492;116722;55674;40812;2260;5693;6687;0;2761;2504;0;0;0;0;0;0;0;0;0;0;0;0;0;0;0;0;0;0;0;0;0;0;331;3410;116804;48342;35759;4780;6378;8397;0;13148;2112;2013;0;245;0;0;0;0;0;0;49;0;34;0;52;6957;0;183;0;0;1019;0;0;484
173;Gießen;HE;Urne;215246;124083;3616;120467;53381;43560;3235;6584;8030;0;3138;2145;0;0;0;0;0;0;0;0;0;0;0;0;0;0;0;0;0;0;0;0;0;0;394;3365;120718;46523;36346;5554;8252;10910;0;13133;2611;1715;0;239;0;0;0;0;0;0;81;0;52;0;70;6074;0;142;0;0;1558;0;0;591
174;Fulda;HE;Urne;209960;126723;3779;122944;72034;30792;2722;5804;6171;0;2794;2627;0;0;0;0;0;0;0;0;0;0;0;0;0;0;0;0;0;0;0;0;0;0;0;3349;123374;63327;27406;5685;5806;7785;0;13365;2246;1956;0;359;0;0;0;0;0;0;52;0;21;0;57;7238;0;138;0;0;833;0;0;465
175;Main-Kinzig - Wetterau II - Schotten;HE;Urne;180491;104005;3440;100565;48883;32816;2166;5538;5130;0;3002;3030;0;0;0;0;0;0;0;0;0;0;0;0;0;0;0;0;0;0;0;0;0;0;0;3429;100576;41111;28221;4871;5788;7375;0;13210;2213;2312;0;394;0;0;0;0;0;0;56;0;18;0;59;6464;0;156;0;0;1045;0;0;493
176;Hochtaunus;HE;Urne;182026;103090;2252;100838;48535;29205;3077;4326;7205;0;1700;799;0;371;0;0;0;0;0;0;0;0;0;0;5620;0;0;0;0;0;0;0;0;0;0;2412;100678;42573;25607;6916;5030;9227;0;11325;1807;874;0;375;0;0;0;0;0;0;36;0;9;0;34;7070;0;99;0;0;641;0;0;380
177;Wetterau I;HE;Urne;175085;100506;2891;97615;45492;31641;2407;5046;6990;0;2340;1970;0;0;0;0;0;0;0;0;0;0;0;0;0;0;0;1729;0;0;0;0;0;0;0;2734;97772;39361;26940;5435;5428;8978;0;11630;2086;1567;0;155;0;0;0;0;0;0;97;0;20;0;50;5948;0;140;0;0;1067;0;0;500
178;Rheingau-Taunus - Limburg;HE;Urne;220668;123094;2887;120207;61704;35786;2477;4994;6622;0;2252;1219;0;0;0;0;0;0;0;0;0;0;0;0;5153;0;0;0;0;0;0;0;0;0;0;3113;119981;53471;30774;7069;5856;10242;0;12569;2286;1249;0;243;0;0;0;0;0;0;40;0;35;0;50;7218;0;137;0;0;833;0;0;478
179;Wiesbaden;HE;Urne;189698;97159;2100;95059;40266;34625;2005;4974;6576;0;1713;790;0;0;0;0;0;0;0;0;229;0;0;0;3881;0;0;0;0;0;0;0;0;0;0;2151;95008;35695;27382;5820;6246;10668;0;9197;2006;738;0;277;0;0;0;0;0;0;102;0;38;0;30;5001;0;93;0;0;503;0;0;409
180;Hanau;HE;Urne;177413;101105;3200;97905;43059;35826;2180;5882;5483;0;2443;2232;0;0;0;0;0;0;0;0;0;0;0;0;0;0;0;0;0;800;0;0;0;0;0;2952;98153;38032;28301;4937;6339;8579;0;11965;2097;1650;0;558;0;0;0;0;0;0;57;0;22;0;57;6000;0;162;0;0;663;0;0;699
181;Main-Taunus;HE;Urne;196605;111444;2960;108484;55875;30588;3987;5003;8790;0;2841;1400;0;0;0;0;0;0;0;0;0;0;0;0;0;0;0;0;0;0;0;0;0;0;0;2538;108906;46535;25377;8643;5062;10814;0;12475;2145;810;0;214;0;0;0;0;0;0;32;0;28;0;54;7760;0;122;0;0;864;0;0;446
182;Frankfurt am Main I;HE;Urne;195615;98564;2413;96151;36980;33416;2495;8440;9003;0;2310;939;0;603;0;0;0;0;0;0;135;0;0;0;0;0;0;1162;0;668;0;0;0;0;0;2199;96365;30939;27207;5915;9590;12268;0;10446;2378;791;0;366;0;0;0;0;0;0;61;0;42;0;48;5338;0;104;0;0;661;0;0;657
183;Frankfurt am Main II;HE;Urne;219357;115272;2242;113030;39777;36252;3317;7631;14655;0;2117;802;0;0;0;0;0;0;0;0;74;0;0;0;3853;0;0;711;0;792;0;0;0;0;3049;2307;112965;36857;31151;7097;10192;16886;0;10782;2516;742;0;188;0;0;0;0;0;0;66;0;39;0;57;5668;0;92;0;0;691;0;0;723
184;Groß-Gerau;HE;Urne;174002;100651;3292;97359;40604;37525;1844;6398;7117;0;3871;0;0;0;0;0;0;0;0;0;0;0;0;0;0;0;0;0;0;0;0;0;0;0;0;3122;97529;35192;30072;4247;6426;10102;0;11490;2503;1227;0;419;0;0;0;0;0;0;40;0;68;0;53;5664;0;158;0;0;848;0;0;510
185;Offenbach;HE;Urne;221650;120498;3590;116908;52106;37702;2881;7800;9303;0;3067;2084;0;0;0;0;0;0;0;0;0;0;0;0;0;0;0;1965;0;0;0;0;0;0;0;3185;117313;44406;31216;6843;8436;12465;0;13947;2960;1398;0;503;0;0;0;0;0;0;38;0;31;0;53;7147;0;176;0;0;982;0;0;659
186;Darmstadt;HE;Urne;240017;137991;3324;134667;48285;50541;2806;7415;15215;0;3962;1186;0;0;0;0;0;0;0;0;0;0;0;0;5257;0;0;0;0;0;0;0;0;0;0;3367;134624;46410;38856;6352;9587;18634;0;14785;4344;1153;0;248;0;0;0;0;0;0;44;0;85;0;59;7227;0;115;0;0;717;0;0;793
187;Odenwald;HE;Urne;234360;135584;4770;130814;60571;44751;3032;7074;8697;0;4221;2468;0;0;0;0;0;0;0;0;0;0;0;0;0;0;0;0;0;0;0;0;0;0;0;4543;131041;52688;37199;6349;7725;11631;0;15449;3251;1696;0;634;0;0;0;0;0;0;69;0;66;0;69;7779;0;206;0;0;1005;0;0;674
188;Bergstraße;HE;Urne;199685;113466;2659;110807;52452;35839;1977;4803;6141;0;2299;1373;0;0;0;0;0;0;0;0;0;0;0;0;4763;0;0;1160;0;0;0;0;0;0;0;3218;110248;45756;30793;5718;5845;9467;0;12669;2452;1348;0;506;0;0;0;0;0;0;50;0;28;0;44;6411;0;137;0;0;1178;0;0;515
189;Eichsfeld - Nordhausen - Unstrut-Hainich-Kreis I;TH;Urne;196621;112201;1794;110407;55255;17817;1491;22101;3189;0;2333;3950;0;0;2153;0;0;0;0;0;0;0;0;0;0;0;0;2118;0;0;0;0;0;0;0;1666;110535;49577;16411;3030;22378;4064;0;15075;2030;3386;0;180;1285;0;0;0;0;0;0;0;77;0;0;6094;0;0;0;0;2023;0;0;0
190;Eisenach - Wartburgkreis - Unstrut-Hainich-Kreis II;TH;Urne;192663;110570;2034;108536;46850;19932;1597;25989;3219;0;3030;5511;0;0;0;0;0;0;0;0;0;0;0;0;0;0;0;2408;0;0;0;0;0;0;0;1770;108800;43555;18314;2562;24823;3995;0;15551;2341;4742;0;220;495;0;0;0;0;0;0;0;161;0;0;5554;0;0;0;0;2038;0;0;0
191;Kyffhäuserkreis - Sömmerda - Weimarer Land I;TH;Urne;191261;110025;2201;107824;46713;18214;1865;28634;3201;0;4008;5189;0;0;0;0;0;0;0;0;0;0;0;0;0;0;0;0;0;0;0;0;0;0;0;2069;107956;42078;16361;3120;26654;3796;0;15947;2682;4293;0;278;546;0;0;0;0;0;0;0;117;0;0;6393;0;0;0;0;1638;0;0;0
192;Gotha - Ilm-Kreis;TH;Urne;205859;119339;2159;117180;44034;28502;1518;24039;3210;0;3090;4301;0;0;0;0;0;0;0;0;0;0;0;0;6842;0;0;1644;0;0;0;0;0;0;0;2152;117187;44664;19568;2701;26428;4952;0;18874;3027;4060;0;315;635;0;0;0;0;0;0;0;150;0;0;8964;0;0;0;0;1723;0;0;0
193;Erfurt - Weimar - Weimarer Land II;TH;Urne;224121;125012;2313;122699;45747;28767;1363;29480;6383;0;4609;4309;0;0;0;0;0;0;0;0;0;0;0;0;0;0;0;2041;0;0;0;0;0;0;0;1995;123017;42452;21295;3063;29129;9387;0;17691;3897;3263;0;224;736;0;0;0;0;0;0;0;197;0;0;7810;0;0;0;0;1564;0;0;0
194;Gera - Jena - Saale-Holzland-Kreis;TH;Urne;238320;137191;2258;134933;49456;24164;2054;36506;5768;0;3186;3871;0;0;884;0;0;0;0;0;0;0;0;0;7659;0;0;1114;271;0;0;0;0;0;0;2236;134955;47278;20920;3609;34904;8517;0;19727;3768;4005;0;270;836;0;0;0;0;0;0;0;135;0;0;9466;0;0;0;0;1247;0;0;0
195;Greiz - Altenburger Land;TH;Urne;170746;99505;2065;97440;43424;13421;1497;23908;2628;0;2823;3873;0;0;0;0;0;0;0;0;0;0;0;0;5866;0;0;0;0;0;0;0;0;0;0;1923;97582;40457;13674;2498;22753;3092;0;15108;2160;3566;0;259;452;0;0;0;0;0;0;0;96;0;0;7553;0;0;0;0;1022;0;0;0
196;Sonneberg - Saalfeld-Rudolstadt - Saale-Orla-Kreis;TH;Urne;218597;124346;2789;121557;49745;23888;2585;32615;4422;0;0;6738;0;0;0;0;0;0;0;0;0;0;708;0;0;0;0;0;0;0;0;0;0;0;856;2149;122197;45861;19125;2843;30902;4228;0;19238;2763;4818;0;304;720;0;0;0;0;0;0;0;296;0;0;8597;0;0;0;0;1740;0;0;0
197;Suhl - Schmalkalden-Meiningen - Hildburghausen;TH;Urne;196071;109950;1870;108080;45594;19462;1434;29670;2871;0;3126;4381;0;0;0;0;0;0;0;0;0;0;0;0;0;0;0;1542;0;0;0;0;0;0;0;1755;108195;43018;17369;2486;27193;3882;0;14247;2231;3738;0;272;537;0;0;0;0;0;0;0;132;0;0;5721;0;0;0;0;1616;0;0;0
198;Neuwied;RP;Urne;240333;124271;2385;121886;56401;46330;2373;6056;4589;0;2589;1674;0;0;0;0;0;0;0;0;0;0;0;0;0;0;0;1874;0;0;0;0;0;0;0;1866;122405;54901;35699;5050;7129;7368;0;12258;2491;1257;0;187;207;0;0;0;0;0;0;0;51;0;0;6557;0;249;0;0;1021;0;238;0
199;Ahrweiler;RP;Urne;195077;102121;2268;99853;54756;28836;2177;4847;5252;0;3078;0;0;0;907;0;0;0;0;0;0;0;0;0;0;0;0;0;0;0;0;0;0;0;0;1538;100583;48540;25309;5160;5129;6356;0;10089;2154;855;0;152;324;0;0;0;0;0;0;0;24;0;0;5561;0;186;0;0;645;0;188;0
200;Koblenz;RP;Urne;198113;96198;2230;93968;44076;30509;2129;5133;7075;0;2852;0;0;0;0;0;0;0;0;0;0;0;0;0;0;0;0;2194;0;0;0;0;0;0;0;1524;94674;41344;26471;4596;5573;7247;0;9443;2231;711;0;114;226;0;0;0;0;0;0;0;18;0;0;4804;0;189;0;0;980;0;170;0
201;Mosel/Rhein-Hunsrück;RP;Urne;175441;100342;2510;97832;52477;27683;2846;4574;3651;0;2065;1076;0;0;581;0;0;0;0;0;0;0;0;0;0;0;0;2879;0;0;0;0;0;0;0;1968;98374;48482;24549;5733;5010;5337;0;9263;1875;916;0;133;335;0;0;0;0;0;0;0;29;0;0;4248;0;209;0;0;1256;0;262;0
202;Kreuznach;RP;Urne;187473;100823;2747;98076;40244;37700;2519;5346;4026;0;2351;1443;0;0;0;0;0;0;0;0;0;0;0;0;0;0;0;3808;0;0;0;0;0;0;639;2105;98718;40204;31539;5011;6037;5930;0;9997;1875;1168;0;165;190;0;0;0;0;0;0;0;21;0;0;4911;0;215;0;0;1240;0;212;0
203;Bitburg;RP;Urne;166313;91902;2171;89731;50782;23727;2634;3133;4128;0;1607;846;0;0;304;0;0;0;0;0;0;0;0;0;0;0;0;2006;564;0;0;0;0;0;0;1700;90202;47653;20279;4989;4146;5163;0;7972;1673;721;0;99;218;0;0;0;0;0;0;0;26;0;0;3359;0;130;0;0;1385;0;361;0
204;Trier;RP;Urne;193803;103779;2752;101027;49017;32253;1647;5960;6533;0;2815;1049;0;0;0;0;0;0;0;0;0;0;0;0;0;0;0;1123;0;630;0;0;0;0;0;2257;101522;44221;27510;4432;6764;9176;0;9419;2520;872;0;93;198;0;0;0;0;0;0;0;60;0;0;4442;0;126;0;0;909;0;199;0
205;Montabaur;RP;Urne;211010;113474;2508;110966;54194;35530;2306;5681;6129;0;2847;1822;0;0;0;0;0;0;0;0;0;0;0;0;0;0;0;2457;0;0;0;0;0;0;0;1831;111643;49688;31768;5311;6132;6719;0;12025;2345;1356;0;212;206;0;0;0;0;0;0;0;67;0;0;6118;0;200;0;0;1289;0;232;0
206;Mainz;RP;Urne;256317;133062;2463;130599;51726;48187;5258;6255;11847;0;3761;0;0;0;1151;0;0;0;0;0;176;0;0;0;0;0;0;1652;586;0;0;0;0;0;0;1851;131211;48926;36315;7763;8078;16734;0;13395;3422;798;0;365;821;0;0;0;0;0;0;0;45;0;0;6454;0;225;0;0;934;0;331;0
207;Worms;RP;Urne;201931;106775;2220;104555;43429;39398;2300;4110;5571;0;2004;1567;0;0;413;0;0;0;0;0;0;0;0;0;4599;0;0;1164;0;0;0;0;0;0;0;2014;104761;40672;31516;5737;5765;8616;0;12455;2334;1637;0;389;345;0;0;0;0;0;0;0;30;0;0;6231;0;184;0;0;1074;0;231;0
208;Ludwigshafen/Frankenthal;RP;Urne;217129;109156;2354;106802;45398;38580;2248;5710;5022;0;3113;2121;0;1811;0;0;0;0;0;0;0;0;210;0;0;0;0;2589;0;0;0;0;0;0;0;1950;107206;40789;31825;5027;6557;7660;0;15348;2887;1721;0;1316;190;0;0;0;0;0;0;0;117;0;0;7193;0;241;0;0;1399;0;284;0
209;Neustadt - Speyer;RP;Urne;220643;110663;2661;108002;50825;32013;2543;5299;8334;0;2971;1974;0;0;0;760;0;0;0;0;0;0;0;0;0;0;0;2822;461;0;0;0;0;0;0;1870;108793;46558;28814;5643;5804;9061;0;12913;2615;1325;0;638;279;0;0;0;0;0;0;0;35;0;0;5749;0;209;0;0;1701;0;362;0
210;Kaiserslautern;RP;Urne;232164;122820;3195;119625;44226;46891;2379;9405;5740;0;3621;3201;0;0;0;1334;0;0;0;0;0;0;0;0;0;0;0;2828;0;0;0;0;0;0;0;2551;120269;42817;39792;4997;9684;8127;0;14852;3202;2519;0;458;210;0;0;0;0;0;0;0;39;0;0;5661;0;311;0;0;2068;0;384;0
211;Pirmasens;RP;Urne;180540;94701;2955;91746;41354;30228;2322;5946;3617;0;2533;1976;0;1402;0;0;0;0;0;0;0;0;0;0;0;0;0;2368;0;0;0;0;0;0;0;2424;92277;39479;26339;4302;6486;4259;0;11412;2341;1770;0;961;167;0;0;0;0;0;0;0;33;0;0;4242;0;190;0;0;1373;0;335;0
212;Südpfalz;RP;Urne;216137;112299;2668;109631;53176;31812;3889;4777;7341;0;3323;1576;0;1138;595;0;0;0;0;0;0;0;0;0;0;0;0;2004;0;0;0;0;0;0;0;2187;110112;46377;29347;6256;5739;9061;0;13332;2947;1396;0;872;409;0;0;0;0;0;0;0;55;0;0;5724;0;226;0;0;1418;0;285;0
213;Altötting;BY;Urne;167160;72826;656;72170;0;10569;1243;2042;3526;48113;1498;0;0;0;0;0;0;0;0;0;233;406;0;0;2507;0;0;2033;0;0;0;0;0;0;0;642;72184;0;10984;2708;2369;3730;43247;9146;1272;469;380;337;724;0;21;0;731;0;60;223;12;0;0;3188;0;50;0;112;1470;0;97;0
214;Erding - Ebersberg;BY;Urne;192385;94677;748;93929;0;18032;1794;2630;7067;53659;0;0;0;0;1660;0;104;0;1493;0;0;0;0;0;4251;0;0;3098;0;0;0;0;0;141;0;652;94025;0;16050;4631;3012;7707;49105;13520;1727;419;528;604;1076;0;71;0;1093;0;16;93;11;0;0;5072;0;60;0;143;2535;0;72;0
215;Freising;BY;Urne;216717;96435;846;95589;0;17719;2014;3102;10488;51604;2260;0;0;0;1359;0;0;0;0;0;0;0;0;0;3706;0;0;3337;0;0;0;0;0;0;0;690;95745;0;16552;4396;3544;8441;49071;13741;2008;779;591;273;994;0;20;0;900;0;15;95;14;0;0;4990;0;74;0;150;2742;0;96;0
216;Fürstenfeldbruck;BY;Urne;251146;123325;909;122416;0;25492;2346;3733;8835;68692;2837;0;0;0;1610;0;0;0;0;0;0;0;0;0;5676;0;0;3195;0;0;0;0;0;0;0;798;122527;0;23500;5817;4242;10166;62424;16378;2424;663;750;330;1138;0;33;0;1055;0;12;148;31;0;0;6760;0;109;0;173;2662;0;90;0
217;Ingolstadt;BY;Urne;254661;112112;901;111211;0;18795;1894;4527;6732;69504;2230;0;0;0;1292;0;0;0;0;0;0;0;0;0;3299;0;0;2550;0;388;0;0;0;0;0;978;111134;0;19614;4488;4347;6329;63194;13162;1961;1004;573;425;1096;0;41;0;818;0;15;101;18;0;0;4284;0;61;0;137;2509;0;119;0
218;München-Nord;BY;Urne;225557;92774;736;92038;0;30878;2819;3991;8471;39168;2910;750;0;0;1240;0;0;0;0;0;141;0;102;0;0;0;0;1568;0;0;0;0;0;0;0;442;92332;0;24388;6655;4979;11682;33370;11258;2535;440;589;154;807;0;19;0;402;0;31;121;41;0;0;4809;0;63;0;103;1061;0;83;0
219;München-Ost;BY;Urne;236523;102340;827;101513;0;30837;3349;4023;9802;44934;2333;728;0;0;1482;0;0;0;1133;0;152;0;0;0;0;0;0;2740;0;0;0;0;0;0;0;492;101848;0;25306;7417;4945;12643;39458;12079;2359;383;608;161;886;0;18;0;606;0;29;120;28;0;0;5289;0;62;0;119;1334;0;77;0
220;München-Süd;BY;Urne;215368;92031;564;91467;0;27900;2377;4045;9524;38940;2352;467;0;0;1358;0;0;0;0;0;76;0;0;0;2990;0;0;1438;0;0;0;0;0;0;0;461;91570;0;23612;5874;5011;12000;34002;11071;2381;407;591;155;734;0;28;0;440;0;20;130;26;0;0;4670;0;45;0;154;1213;0;77;0
221;München-West/Mitte;BY;Urne;239700;103968;770;103198;0;31377;3336;4859;12626;43498;2719;639;0;0;1547;0;0;0;0;0;108;0;0;0;0;0;429;1944;0;0;0;0;0;0;116;466;103502;0;26040;6919;5734;15441;37561;11807;2648;426;628;133;941;0;28;0;438;0;35;140;112;0;0;4723;0;112;0;184;1170;0;89;0
222;München-Land;BY;Urne;247787;117183;693;116490;0;25776;3634;2700;11507;61872;2058;0;0;0;1156;0;101;0;0;0;0;0;0;0;4789;0;0;2702;195;0;0;0;0;0;0;732;116451;0;24222;9164;3692;10865;54663;13845;2247;407;709;320;839;0;60;0;598;0;13;105;22;0;0;6184;0;66;0;132;2024;0;119;0
223;Rosenheim;BY;Urne;231069;105902;892;105010;0;13748;2187;2809;8842;62461;2361;0;0;1264;1946;0;0;0;2171;0;125;0;0;0;4453;0;0;2528;0;0;0;0;0;0;115;725;105177;0;15959;4802;3388;8062;58078;14888;1850;545;584;831;1387;0;20;0;1696;0;49;137;18;0;0;5391;0;61;0;147;2061;0;111;0
224;Starnberg;BY;Urne;245379;107198;1237;105961;0;19728;6049;3456;9073;59410;2428;0;0;0;1862;0;0;0;0;0;0;0;0;0;0;0;0;3955;0;0;0;0;0;0;0;711;106487;0;17015;6944;3305;9285;55741;14197;1659;469;666;211;958;0;23;0;1200;0;22;227;12;0;0;6269;0;66;0;137;2172;0;106;0
225;Traunstein;BY;Urne;206868;88389;948;87441;0;15216;1705;2831;6657;56010;1949;0;0;1193;1880;0;0;0;0;0;0;0;0;0;0;0;0;0;0;0;0;0;0;0;0;711;87678;0;13319;3618;2917;6942;51249;9633;1369;537;445;470;972;0;19;0;876;0;23;112;14;0;0;3170;0;54;0;113;1355;0;104;0
226;Weilheim;BY;Urne;252724;115045;1162;113883;0;19633;2529;3729;9125;66835;2084;1066;0;0;2937;0;0;0;2869;0;0;0;0;0;0;0;0;3076;0;0;0;0;0;0;0;862;114183;0;18451;5271;3989;9497;61010;15965;1879;717;644;251;1657;0;47;0;1727;0;15;153;34;0;0;6230;0;91;0;165;2239;0;116;0
227;Deggendorf;BY;Urne;155082;56390;506;55884;0;9149;943;1774;2249;35244;766;947;0;0;0;0;0;0;786;0;0;0;0;0;1873;0;0;2153;0;0;0;0;0;0;0;435;55955;0;9445;2032;2013;2210;32465;7790;748;835;286;230;472;0;16;0;667;0;5;46;6;0;0;2476;0;33;0;79;1855;0;36;0
228;Landshut;BY;Urne;251273;108947;1017;107930;0;18708;2669;3595;8340;64196;2209;1432;0;0;2351;0;0;0;0;0;0;0;0;0;0;0;0;4430;0;0;0;0;0;0;0;798;108149;0;18139;5010;3771;6952;58885;15392;1735;886;730;293;1179;0;19;0;1164;0;17;166;17;0;0;4422;0;84;0;178;4386;0;116;0
229;Passau;BY;Urne;186392;66693;669;66024;0;13316;0;2373;3047;40021;1140;735;0;0;1480;0;0;0;0;0;0;0;0;0;2152;0;0;1760;0;0;0;0;0;0;0;534;66159;0;12698;2761;2846;3556;36248;8050;965;624;378;188;896;0;14;0;473;0;9;59;6;0;0;2836;0;39;0;90;1420;0;53;0
230;Rottal-Inn;BY;Urne;163308;65597;759;64838;0;10401;1141;1833;2754;41015;0;916;0;0;1514;0;0;0;0;0;0;0;0;0;2149;0;0;2652;0;463;0;0;0;0;0;585;65012;0;9942;2589;1909;2852;39187;8533;888;773;350;247;878;0;31;0;608;0;16;53;14;0;0;2646;0;62;0;98;1788;0;81;0
231;Straubing;BY;Urne;173773;70063;689;69374;0;12333;1328;1945;1978;43715;1191;1185;0;0;1691;0;0;0;0;0;0;0;0;0;2282;0;0;1726;0;0;0;0;0;0;0;606;69457;0;11364;2759;2334;2380;41015;9605;1024;959;303;221;1041;0;8;0;648;0;9;51;5;0;0;3115;0;45;0;98;1996;0;82;0
232;Amberg;BY;Urne;215146;103757;1036;102721;0;22401;1908;3692;4612;60663;2577;1602;0;0;2417;0;0;0;0;0;0;0;0;0;0;0;0;2849;0;0;0;0;0;0;0;838;102919;0;20812;3692;3784;5529;55705;13397;1967;1115;604;253;1165;0;30;0;790;0;17;90;23;0;0;3880;0;77;0;177;3100;0;109;0
233;Regensburg;BY;Urne;248820;112573;924;111649;0;25166;3572;4252;8581;55898;2270;992;0;0;2418;0;0;0;0;0;0;0;0;0;4229;0;0;4032;0;0;0;0;0;0;239;895;111678;0;22246;4827;4850;9592;54731;15432;2176;892;689;306;1467;0;16;0;678;0;17;124;21;0;0;5016;0;76;0;159;3711;0;84;0
234;Schwandorf;BY;Urne;216389;86338;771;85567;0;21510;1143;2651;2608;50311;0;1344;0;0;1149;0;0;0;1550;0;0;0;0;0;0;0;0;3301;0;0;0;0;0;0;0;943;85395;0;17014;2798;3053;3374;47582;11574;1259;1062;433;234;821;0;18;0;1018;0;6;45;33;0;0;3110;0;77;0;122;3251;0;85;0
235;Weiden;BY;Urne;170403;75511;733;74778;0;16515;970;2142;2629;42612;1107;1188;0;0;819;0;0;0;0;0;0;0;0;0;1858;0;0;2028;0;0;0;0;0;0;2910;749;74762;0;16987;2474;2740;2885;40308;9368;1092;1184;352;152;593;0;15;0;545;0;15;58;6;0;0;2940;0;67;0;127;2133;0;89;0
236;Bamberg;BY;Urne;179923;81087;662;80425;0;19045;2199;3091;6386;41936;2004;1180;0;0;0;0;0;0;0;0;0;0;0;0;2698;0;0;1886;0;0;0;0;0;0;0;558;80529;0;16582;3621;3711;6924;39115;10576;1890;1115;541;361;442;0;18;0;256;0;10;83;48;0;0;3598;0;59;0;176;1902;0;77;0
237;Bayreuth;BY;Urne;164828;78214;749;77465;0;20009;1682;2387;4413;43930;1811;965;0;0;0;0;0;0;0;0;0;0;0;0;2268;0;0;0;0;0;0;0;0;0;0;549;77665;0;18371;3358;2801;4825;39323;8987;1470;776;432;322;308;0;29;0;222;0;9;65;10;0;0;3120;0;51;0;132;1978;0;63;0
238;Coburg;BY;Urne;160103;82824;753;82071;0;26829;1129;3017;2878;41207;1294;1459;0;0;0;0;0;0;0;0;0;0;0;0;2352;0;0;1906;0;0;0;0;0;0;0;751;82073;0;23264;3056;3566;4285;38347;9555;1358;1352;432;161;353;0;17;0;212;0;9;75;29;0;0;3685;0;50;0;167;1591;0;64;0
239;Hof;BY;Urne;174569;83641;779;82862;0;24522;944;4083;4074;45046;0;1272;0;0;0;0;0;0;0;0;0;0;0;0;2921;0;0;0;0;0;0;0;0;0;0;859;82782;0;22851;2954;4423;3990;38375;10189;1651;1071;621;320;288;0;27;0;403;0;11;55;14;0;0;3791;0;79;0;150;1597;0;111;0
240;Kulmbach;BY;Urne;172449;79928;789;79139;0;18405;1042;2625;2974;45442;1473;1327;0;0;814;0;0;0;516;0;0;0;0;0;2608;0;0;1913;0;0;0;0;0;0;0;765;79163;0;17463;2803;3240;3931;41422;10304;1521;1360;477;311;528;0;20;0;373;0;5;66;18;0;0;3451;0;66;0;162;1878;0;68;0
241;Ansbach;BY;Urne;243643;112484;1184;111300;0;26369;4253;4422;6359;60307;2711;1766;0;0;0;0;119;0;864;0;0;269;0;0;0;0;0;3861;0;0;0;0;0;0;0;998;111486;0;25013;4750;4632;8829;54068;14194;2245;1425;583;364;1140;0;74;0;428;0;26;135;16;0;0;4367;0;118;0;217;2951;0;105;0
242;Erlangen;BY;Urne;179506;86731;546;86185;0;23623;1628;3900;7017;41890;2048;663;0;0;0;0;0;0;306;0;0;0;0;0;2913;0;0;2197;0;0;0;0;0;0;0;602;86129;0;21657;4380;4161;9178;36178;10575;2154;632;518;190;666;0;23;0;265;0;14;74;34;0;0;3828;0;50;0;111;1959;0;57;0
243;Fürth;BY;Urne;253603;123554;953;122601;0;34051;1941;5701;9334;60345;3389;1613;0;0;0;0;0;0;0;0;0;0;0;0;3990;0;0;2237;0;0;0;0;0;0;0;1008;122546;0;31370;5321;6678;10509;52741;15927;2983;1267;804;562;854;0;38;0;458;0;19;115;29;0;0;5851;0;91;0;179;2540;0;137;0
244;Nürnberg-Nord;BY;Urne;193031;87273;696;86577;0;28683;1861;5788;8130;33752;2643;918;0;0;0;0;0;0;0;0;0;0;89;0;2954;0;0;1126;0;544;0;0;0;0;89;741;86532;0;24397;4162;6749;10745;29698;10781;2795;719;588;268;512;0;23;0;152;0;16;90;91;0;0;4146;0;53;0;144;1077;0;107;0
245;Nürnberg-Süd;BY;Urne;185799;85304;847;84457;0;27782;1320;4579;4992;37826;2147;1218;0;0;0;0;98;0;0;0;0;0;0;0;3164;0;0;1331;0;0;0;0;0;0;0;970;84334;0;24488;3323;5266;6197;34296;10764;2131;1131;550;317;476;0;57;0;181;0;6;73;41;0;0;4241;0;49;0;139;1284;0;88;0
246;Roth;BY;Urne;226102;109851;1013;108838;0;31011;2776;4324;6687;55862;2817;1817;0;0;0;0;0;0;0;0;0;0;0;0;0;0;0;3544;0;0;0;0;0;0;0;842;109009;0;27379;4526;4578;8650;49981;13895;2160;1011;680;469;635;0;39;0;284;0;7;97;20;0;0;4804;0;94;0;174;3301;0;120;0
247;Aschaffenburg;BY;Urne;184171;87940;1586;86354;0;22531;2348;2815;6735;45021;2324;1616;0;0;964;0;0;0;0;0;0;0;0;0;0;0;0;1712;0;0;0;0;0;0;288;1273;86667;0;19775;4424;3572;7292;40845;10759;1777;1145;648;472;457;0;30;0;321;0;7;116;59;0;0;3834;0;98;0;157;1531;0;107;0
248;Bad Kissingen;BY;Urne;217994;98371;1139;97232;0;19527;2352;4825;6973;57227;2307;1931;0;0;0;0;0;0;0;0;0;0;0;0;0;0;0;2090;0;0;0;0;0;0;0;1067;97304;0;18212;4508;4905;5849;52321;11509;1920;1381;474;552;609;0;29;0;388;0;15;87;32;0;0;3515;0;78;0;168;2139;0;122;0
249;Main-Spessart;BY;Urne;197762;87751;1240;86511;0;20584;1782;3119;5296;45168;1791;923;0;697;0;0;182;0;0;0;0;0;0;0;2992;0;0;3977;0;0;0;0;0;0;0;1031;86720;0;19401;3776;3454;5924;42659;11506;1698;937;611;545;473;0;78;0;225;0;14;81;20;0;0;3804;0;61;0;153;2709;0;97;0
250;Schweinfurt;BY;Urne;200150;96126;1175;94951;0;22447;1653;5414;5061;52802;2100;1531;0;0;741;0;0;0;895;0;0;0;0;0;0;0;0;2307;0;0;0;0;0;0;0;950;95176;0;19876;3782;5122;6451;48845;11100;1774;1010;490;759;519;0;26;0;434;0;11;70;38;0;0;3489;0;81;0;134;2169;0;96;0
251;Würzburg;BY;Urne;226597;98969;782;98187;0;25963;2519;3623;9708;47629;2543;830;0;0;1020;0;0;0;0;0;0;0;0;0;3092;0;0;1260;0;0;0;0;0;0;0;722;98247;0;22907;4736;4497;11286;43437;11384;2518;562;598;694;727;0;32;0;202;0;11;83;23;0;0;4348;0;53;0;158;1283;0;92;0
252;Augsburg-Stadt;BY;Urne;208231;99020;1018;98002;0;25212;2706;5091;9757;44551;2564;708;0;620;0;0;98;0;0;0;81;0;130;0;4761;0;0;1723;0;0;0;0;0;0;0;932;98088;0;22345;4172;5898;9557;43136;12980;2552;649;690;495;675;0;75;0;428;0;21;147;71;0;0;5560;0;88;0;170;1258;0;101;0
253;Augsburg-Land;BY;Urne;244203;125599;1051;124548;0;22192;2378;3863;7915;76476;2582;1321;0;0;1687;0;436;0;0;0;0;0;0;0;5698;0;0;0;0;0;0;0;0;0;0;838;124761;0;21841;5388;4276;8368;68215;16673;2255;929;856;679;1119;0;203;0;885;0;20;141;39;0;0;6811;0;97;0;253;2291;0;95;0
254;Donau-Ries;BY;Urne;189974;86193;965;85228;0;14979;1800;3978;4930;53236;0;1587;0;0;1635;0;255;0;0;0;0;0;0;0;0;0;0;2828;0;0;0;0;0;0;0;857;85336;0;14019;3531;3045;4777;48780;11184;1237;1014;458;578;763;0;67;0;586;0;7;113;15;0;0;3856;0;49;0;263;2103;0;75;0
255;Neu-Ulm;BY;Urne;237651;112774;1148;111626;0;20861;2435;4179;7830;65083;2192;2247;0;0;1582;0;0;0;0;0;0;0;0;0;5217;0;0;0;0;0;0;0;0;0;0;914;111860;0;20588;4770;4554;6634;59727;15587;2128;1870;716;367;1040;0;34;0;554;0;22;103;37;0;0;6640;0;102;0;211;1664;0;99;0
256;Oberallgäu;BY;Urne;224278;101839;985;100854;0;18202;2717;4160;8057;61561;2118;0;0;1492;2316;0;231;0;0;0;0;0;0;0;0;0;0;0;0;0;0;0;0;0;0;735;101104;0;16994;5028;4210;8627;53547;12698;1673;634;696;682;1166;0;101;0;491;0;18;140;25;0;0;4657;0;65;0;168;2077;0;105;0
257;Ostallgäu;BY;Urne;244541;113435;1017;112418;0;17365;1667;3432;6091;68661;2283;0;0;0;2003;0;0;0;2841;0;0;0;0;0;4738;0;0;3017;0;0;0;0;0;0;320;936;112499;0;17242;4581;3894;7152;63623;16007;2031;1027;609;375;1525;0;32;0;1637;0;18;109;19;0;0;5704;0;72;0;226;2509;0;114;0
258;Stuttgart I;BW;Urne;191191;101797;878;100919;41346;17398;2130;4412;27790;0;2308;507;0;0;399;0;0;0;0;0;110;0;0;0;2871;0;0;546;0;0;0;0;0;0;1102;814;100983;37062;22478;7436;7059;16897;0;10051;3040;382;570;143;334;0;0;127;0;117;48;0;76;76;0;4499;121;44;0;0;417;0;57;0
259;Stuttgart II;BW;Urne;183064;97225;1133;96092;41619;26731;2149;5277;12096;0;2290;807;0;0;0;0;0;0;0;0;72;0;232;0;3375;0;0;825;0;0;0;0;0;0;619;1083;96142;37292;23108;5778;7050;12365;0;10549;2566;586;595;362;280;0;0;189;0;102;27;0;185;86;0;4692;239;71;0;0;502;0;67;0
260;Böblingen;BW;Urne;247128;147988;1967;146021;79364;35472;4473;6200;12878;0;3635;2173;0;0;0;0;0;0;0;0;0;0;242;0;0;0;0;1584;0;0;0;0;0;0;0;1619;146369;68880;29890;9687;6834;14293;0;16785;3372;1475;1015;472;403;0;0;185;0;462;40;0;143;339;0;7645;172;114;0;0;856;0;92;0
261;Esslingen;BW;Urne;166975;98149;1031;97118;49192;25266;1638;3860;10406;0;2307;750;0;777;0;0;0;0;0;0;0;0;0;0;2922;0;0;0;0;0;0;0;0;0;0;991;97158;43120;21929;5429;4719;11415;0;10546;2317;732;820;684;245;0;0;125;0;125;16;0;99;94;0;4551;130;69;0;0;467;0;72;0
262;Nürtingen;BW;Urne;205756;123407;1388;122019;62038;31500;2721;4251;11626;0;2588;1022;0;1685;0;0;0;0;0;0;0;0;0;0;3852;0;0;736;0;0;0;0;0;0;0;1389;122018;55894;24931;7765;5422;13663;0;14343;2897;1017;928;1405;354;0;0;222;0;256;8;0;50;202;0;6061;101;100;0;0;664;0;78;0
263;Göppingen;BW;Urne;179130;105433;1526;103907;51070;25537;3043;3959;10744;0;2089;1531;0;0;441;0;0;0;0;0;0;0;0;0;5493;0;0;0;0;0;0;0;0;0;0;1295;104138;47500;23078;5651;4723;10084;0;13102;2183;1369;784;432;310;0;0;187;0;193;14;0;62;133;0;6750;123;62;0;0;411;0;89;0
264;Waiblingen;BW;Urne;221739;134715;1751;132964;68950;30949;4416;5136;13495;0;3043;1862;0;0;0;0;0;0;0;0;0;370;0;0;4743;0;0;0;0;0;0;0;0;0;0;1433;133282;61138;27263;9769;6311;13096;0;15705;2951;1520;1060;548;472;0;0;409;0;491;14;0;97;293;0;7172;79;78;0;0;424;0;97;0
265;Ludwigsburg;BW;Urne;209968;123857;1759;122098;61622;26990;3488;6250;15451;0;3400;1833;0;0;790;0;0;0;0;0;0;0;0;0;0;0;0;2274;0;0;0;0;0;0;0;1300;122557;53768;26827;7859;6203;13719;0;14181;2790;1128;836;433;398;0;0;297;0;246;16;0;103;133;0;6498;127;116;0;0;953;0;107;0
266;Neckar-Zaber;BW;Urne;226751;139367;2282;137085;72968;36977;3901;6393;12160;0;0;2814;0;0;1872;0;0;0;0;0;0;0;0;0;0;0;0;0;0;0;0;0;0;0;0;1629;137738;62509;29608;8713;6061;13821;0;17026;3132;1606;982;600;521;0;0;375;0;370;74;0;79;192;0;7847;174;145;0;0;799;0;130;0
267;Heilbronn;BW;Urne;241656;140831;2449;138382;71494;37883;4436;6441;9664;0;3773;3281;0;0;1079;0;0;0;0;0;0;0;331;0;0;0;0;0;0;0;0;0;0;0;0;1955;138876;63963;31144;8073;6999;11225;0;17472;3116;2291;986;602;553;0;0;325;0;343;22;0;105;192;0;7689;305;191;0;0;612;0;140;0
268;Schwäbisch Hall - Hohenlohe;BW;Urne;224384;132882;2275;130607;69528;29700;4854;5687;12210;0;3567;2752;0;0;2309;0;0;0;0;0;0;0;0;0;0;0;0;0;0;0;0;0;0;0;0;1962;130920;61917;26152;8383;6498;12259;0;15711;2835;1890;882;522;971;0;0;326;0;461;20;0;64;193;0;6685;84;131;0;0;506;0;141;0
269;Backnang - Schwäbisch Gmünd;BW;Urne;175434;103621;2065;101556;56224;25456;2683;4219;7818;0;3091;2065;0;0;0;0;0;0;0;0;0;0;0;0;0;0;0;0;0;0;0;0;0;0;0;1477;102144;49442;21194;5574;4548;8711;0;12675;2242;1350;784;452;330;0;0;255;0;426;24;0;60;155;0;5987;51;97;0;0;324;0;138;0
270;Aalen - Heidenheim;BW;Urne;222959;131802;2439;129363;74824;32205;2165;6739;9224;0;4052;0;0;0;0;0;0;0;0;0;0;0;0;0;0;0;0;0;0;0;0;0;154;0;0;1851;129951;64474;29264;5467;6395;10212;0;14139;2547;1882;755;817;467;0;0;286;0;242;15;0;43;197;0;6013;95;128;0;0;542;0;110;0
271;Karlsruhe-Stadt;BW;Urne;205735;108851;1497;107354;42399;32736;2846;5768;13732;0;3803;721;0;356;0;0;0;0;0;0;0;0;0;0;4310;0;0;683;0;0;0;0;0;0;0;1215;107636;40137;25083;5891;7083;15294;0;14148;4449;684;810;279;294;0;0;155;0;135;22;0;72;121;0;6391;67;68;0;0;512;0;89;0
272;Karlsruhe-Land;BW;Urne;209733;123924;2220;121704;64991;32089;3065;4808;9186;0;3466;1562;0;945;0;0;0;0;0;0;0;0;0;0;0;0;0;1592;0;0;0;0;0;0;0;1598;122326;57208;26343;6713;5300;11377;0;15385;2996;1106;919;571;261;0;0;198;0;389;14;0;30;153;0;7578;57;156;0;0;843;0;114;0
273;Rastatt;BW;Urne;207555;115238;2150;113088;60697;26476;3065;4125;8999;0;2428;1382;0;0;0;0;0;0;0;0;0;0;0;0;5386;0;0;0;0;0;0;0;0;0;530;1949;113289;55820;23739;6012;5020;9785;0;12913;2344;1184;759;304;204;0;0;214;0;146;10;0;41;191;0;6674;41;97;0;0;593;0;111;0
274;Heidelberg;BW;Urne;215943;122096;1452;120644;48683;38246;3339;5389;13840;0;2523;995;0;0;432;0;0;0;0;0;0;0;0;0;6135;0;0;550;0;512;0;0;0;0;0;1432;120664;44592;29238;7644;7360;17038;0;14792;3430;955;859;215;263;0;0;171;0;106;8;0;29;115;0;7869;70;55;0;0;544;0;103;0
275;Mannheim;BW;Urne;198525;100299;2079;98220;38319;33004;2364;7070;11139;0;3462;2020;0;0;0;0;0;0;0;0;0;0;200;0;0;0;0;0;0;642;0;0;0;0;0;1706;98593;33961;27885;4767;8082;10233;0;13665;3219;1283;1024;395;183;0;0;259;0;113;20;0;95;167;0;6321;84;99;0;0;333;0;70;0
276;Odenwald - Tauber;BW;Urne;213424;128083;1992;126091;75166;27036;2029;4370;6929;0;2419;1840;0;0;1195;0;0;0;0;0;0;0;0;0;5107;0;0;0;0;0;0;0;0;0;0;2101;125982;65861;25123;6148;5430;8592;0;14828;2532;1742;914;521;800;0;0;232;0;165;16;0;29;201;0;6639;67;109;0;0;742;0;119;0
277;Rhein-Neckar;BW;Urne;197424;116902;1829;115073;56988;30253;2701;4814;9166;0;3182;1673;0;516;553;0;0;0;0;0;0;0;0;0;5227;0;0;0;0;0;0;0;0;0;0;1730;115172;50082;26231;7028;5768;10654;0;15409;3270;1611;953;477;327;0;0;212;0;207;11;0;28;177;0;7075;70;102;0;0;762;0;127;0
278;Bruchsal - Schwetzingen;BW;Urne;195953;112669;2001;110668;57109;27990;2791;4378;7278;0;2707;1383;0;955;0;0;0;0;0;0;0;0;0;0;4807;0;0;1270;0;0;0;0;0;0;0;1730;110939;51241;24425;5916;5275;8819;0;15263;2887;1306;1054;787;220;0;0;224;0;123;20;0;37;175;0;7084;81;131;0;0;994;0;140;0
279;Pforzheim;BW;Urne;219976;123702;1921;121781;60807;28416;6076;5271;9209;0;2765;2072;0;0;0;0;0;0;0;0;0;0;0;0;6250;0;0;915;0;0;0;0;0;0;0;1833;121869;54921;24990;8051;6003;10390;0;17514;2758;1783;949;491;305;0;0;245;0;474;13;0;34;197;0;9177;89;133;0;0;730;0;136;0
280;Calw;BW;Urne;197679;115879;2024;113855;67123;23366;2974;5006;7429;0;2472;1745;0;1267;861;0;0;0;0;0;0;0;0;0;0;0;0;1612;0;0;0;0;0;0;0;1703;114176;58797;20348;6891;4932;8152;0;15056;2154;1430;730;766;390;0;0;217;0;630;19;0;34;153;0;7486;83;103;0;0;761;0;100;0
281;Freiburg;BW;Urne;219472;121440;1364;120076;42316;36979;2010;6236;23621;0;2815;765;0;0;0;0;0;0;0;0;0;301;0;0;3045;0;0;682;0;0;0;0;0;0;1306;1371;120069;42689;27185;5325;10045;22626;0;12199;3669;628;1060;224;428;0;0;200;0;255;11;0;61;160;0;4794;44;70;0;0;507;0;88;0
282;Lörrach - Müllheim;BW;Urne;229316;127202;1839;125363;63037;31331;2680;5329;14180;0;3004;1477;0;0;0;0;0;0;0;0;0;0;0;0;4325;0;0;0;0;0;0;0;0;0;0;1803;125399;54943;27867;6587;6515;14975;0;14512;2935;1203;1046;490;321;0;0;265;0;470;20;0;38;341;0;6520;62;102;0;0;574;0;125;0
283;Emmendingen - Lahr;BW;Urne;215623;124908;2749;122159;64470;32583;2133;5912;13093;0;0;1615;0;0;2353;0;0;0;0;0;0;0;0;0;0;0;0;0;0;0;0;0;0;0;0;2382;122526;56566;26223;6001;5951;14051;0;13734;3042;1016;1178;355;866;0;0;206;0;319;22;0;26;254;0;5683;25;79;0;0;569;0;94;0
284;Offenburg;BW;Urne;205119;117589;2071;115518;65309;23434;2380;5134;10839;0;2339;1235;0;0;0;0;0;0;0;0;0;0;0;0;4303;0;0;545;0;0;0;0;0;0;0;2185;115404;56368;22359;6132;5713;11755;0;13077;2508;1121;940;266;269;0;0;176;0;154;4;0;24;227;0;6388;20;65;0;0;656;0;259;0
285;Rottweil - Tuttlingen;BW;Urne;199241;114719;2185;112534;65621;20349;3425;4363;7781;0;0;1940;0;0;1726;0;0;0;0;0;0;0;0;0;5782;0;0;1547;0;0;0;0;0;0;0;2031;112688;58552;20001;6853;4671;7723;0;14888;2154;1796;687;331;962;0;0;276;0;272;18;0;22;230;0;6779;50;87;0;0;1080;0;144;0
286;Schwarzwald-Baar;BW;Urne;166191;93662;1548;92114;52465;17797;2154;3468;6534;0;0;1645;0;0;422;0;0;0;0;0;0;0;0;0;3684;0;0;1360;0;0;0;0;0;0;2585;1617;92045;45674;17890;4985;4069;7770;0;11657;1805;1492;720;167;267;0;0;203;0;361;15;0;45;144;0;5455;33;61;0;0;797;0;92;0
287;Konstanz;BW;Urne;202393;109189;1575;107614;56677;20942;3628;4743;13062;0;2463;1041;0;0;707;0;0;0;0;0;0;0;0;0;4351;0;0;0;0;0;0;0;0;0;0;1529;107660;47736;22122;7295;5734;12437;0;12336;2477;945;863;166;443;0;0;185;0;166;13;0;36;226;0;6173;44;68;0;0;459;0;72;0
288;Waldshut;BW;Urne;177313;101382;1955;99427;51933;27876;2961;4564;9354;0;0;1393;0;0;1346;0;0;0;0;0;0;0;0;0;0;0;0;0;0;0;0;0;0;0;0;1561;99821;49948;19207;5373;4514;10291;0;10488;1882;785;642;526;497;0;0;176;0;185;16;0;26;200;0;4684;38;81;0;0;674;0;76;0
289;Reutlingen;BW;Urne;199091;118333;1599;116734;61223;24021;3903;4952;13622;0;0;1453;0;0;591;0;0;0;0;0;0;0;257;0;5149;0;0;875;0;0;0;0;0;0;688;1786;116547;54106;22848;7780;5890;12042;0;13881;2624;1281;701;438;380;0;0;236;0;249;19;0;123;213;0;6698;66;82;0;0;685;0;86;0
290;Tübingen;BW;Urne;193188;114648;1501;113147;54036;23661;2252;7631;17161;0;3328;1323;0;0;0;0;0;0;0;0;0;0;0;0;3755;0;0;0;0;0;0;0;0;0;0;1322;113326;48179;23596;5790;7927;15488;0;12346;3066;1095;773;371;420;0;0;165;0;256;19;0;72;174;0;5322;55;82;0;0;384;0;92;0
291;Ulm;BW;Urne;220702;132467;1795;130672;69158;31437;3091;5085;11745;0;3497;0;0;0;0;0;0;0;0;0;0;0;0;0;4678;0;0;1189;0;0;0;0;0;0;792;1560;130907;64317;26838;6349;5949;12461;0;14993;3255;1487;862;459;560;0;0;255;0;258;24;0;94;200;0;6375;87;119;0;0;836;0;122;0
292;Biberach;BW;Urne;163772;99500;1795;97705;58937;18992;1888;3369;8283;0;2813;0;0;0;1470;0;0;0;0;0;0;0;0;0;0;0;0;1953;0;0;0;0;0;0;0;1475;98025;55987;14434;4543;3456;8290;0;11315;2073;915;647;497;924;0;0;207;0;159;25;0;17;194;0;4217;60;97;0;0;1161;0;122;0
293;Bodensee;BW;Urne;171016;99128;1515;97613;53570;20258;3275;4571;10397;0;2247;1321;0;0;1034;0;0;0;0;0;0;0;0;0;0;0;0;940;0;0;0;0;0;0;0;1257;97871;48487;18065;5712;4561;10715;0;10331;2080;932;684;245;689;0;0;137;0;125;17;0;39;255;0;4331;28;63;0;0;630;0;76;0
294;Ravensburg;BW;Urne;185006;107163;1364;105799;55600;21517;2338;3658;13525;0;2241;1071;0;0;2108;0;0;0;0;0;0;0;0;0;2706;0;0;838;0;0;0;0;0;0;197;1235;105928;53864;18598;5190;4749;12106;0;11421;2315;993;699;338;1534;0;0;193;0;169;15;0;47;230;0;4025;28;72;0;0;674;0;89;0
295;Zollernalb - Sigmaringen;BW;Urne;184370;109296;2316;106980;65347;19821;2354;4623;8216;0;0;2380;0;0;879;0;0;0;0;0;0;0;457;0;0;0;0;2903;0;0;0;0;0;0;0;1669;107627;57340;18621;5683;4605;8467;0;12911;2264;1628;762;568;412;0;0;241;0;231;30;0;169;180;0;5174;40;109;0;0;970;0;133;0
296;Saarbrücken;SL;Urne;204905;105558;2559;102999;36675;38004;1594;11981;5005;0;2987;2121;0;0;0;0;0;0;0;0;0;0;210;0;4422;0;0;0;0;0;0;0;0;0;0;2404;103154;33157;32541;4223;12926;7672;0;12635;3198;2159;0;0;0;1188;0;0;0;0;0;0;124;0;0;5148;0;165;0;0;653;0;0;0
297;Saarlouis;SL;Urne;211529;124296;3603;120693;52702;42570;1407;9225;4306;0;3057;2159;0;0;0;0;0;0;0;0;0;0;0;0;5267;0;0;0;0;0;0;0;0;0;0;3618;120678;47367;37206;4176;11422;6180;0;14327;3158;2284;0;0;0;1375;0;0;0;0;0;0;54;0;0;6403;0;175;0;0;878;0;0;0
298;St. Wendel;SL;Urne;181521;108160;3261;104899;46895;35582;1558;8357;2793;0;2450;1654;0;0;0;0;0;0;0;0;0;0;0;0;5112;0;0;0;498;0;0;0;0;0;0;3190;104970;41816;32210;3409;10008;4652;0;12875;2810;1745;0;0;0;1512;0;0;0;0;0;0;42;0;0;5968;0;157;0;0;641;0;0;0
299;Homburg;SL;Urne;198117;111005;2970;108035;41637;41195;1335;10313;3677;0;2682;1916;0;0;0;0;0;0;0;0;0;0;0;0;5280;0;0;0;0;0;0;0;0;0;0;2845;108160;38188;34787;3853;11715;5346;0;14271;2868;2110;0;0;0;1900;0;0;0;0;0;0;56;0;0;6456;0;157;0;0;724;0;0;0
001;Flensburg - Schleswig;SH;Brief;0;26215;297;25918;11379;8476;653;1008;2995;0;511;105;0;0;0;0;0;0;0;0;0;0;0;0;791;0;0;0;0;0;0;0;0;0;0;224;25991;10010;7653;1909;1175;3229;0;2015;436;93;249;0;0;0;0;214;0;0;0;0;8;0;0;914;0;0;0;0;101;0;0;0
002;Nordfriesland - Dithmarschen Nord;SH;Brief;0;21552;225;21327;10490;6305;752;710;1897;0;380;94;0;0;0;0;0;0;0;0;0;0;0;0;699;0;0;0;0;0;0;0;0;0;0;142;21410;8944;5835;1955;790;2209;0;1677;351;78;205;0;0;0;0;134;0;0;0;0;5;0;0;793;0;0;0;0;111;0;0;0
003;Steinburg - Dithmarschen Süd;SH;Brief;0;18188;161;18027;7975;5712;1530;556;1192;0;326;88;0;0;0;0;0;0;0;0;0;0;0;0;648;0;0;0;0;0;0;0;0;0;0;131;18057;7595;5037;1572;700;1631;0;1522;300;83;172;0;0;0;0;130;0;0;0;0;4;0;0;735;0;0;0;0;98;0;0;0
004;Rendsburg-Eckernförde;SH;Brief;0;24570;242;24328;11524;7911;681;611;2309;0;384;84;0;0;0;0;0;0;0;0;0;0;0;0;824;0;0;0;0;0;0;0;0;0;0;188;24382;10095;6753;2009;801;2773;0;1951;363;83;243;0;0;0;0;198;0;0;0;0;3;0;0;948;0;0;0;0;113;0;0;0
005;Kiel;SH;Brief;0;32760;278;32482;11867;12761;931;1288;3719;0;691;103;0;0;0;0;0;271;0;0;0;0;0;0;832;0;0;0;0;0;0;0;0;0;19;214;32546;10782;10135;2331;1612;5252;0;2434;745;93;244;0;0;0;0;235;0;0;0;0;12;0;0;1005;0;0;0;0;100;0;0;0
006;Plön - Neumünster;SH;Brief;0;20879;201;20678;9572;7083;514;624;1594;0;305;131;0;0;0;0;0;0;0;0;0;0;0;0;762;0;0;0;0;0;0;0;0;0;93;161;20718;8443;6124;1475;743;2227;0;1706;289;128;175;0;0;0;0;141;0;0;0;0;11;0;0;870;0;0;0;0;92;0;0;0
007;Pinneberg;SH;Brief;0;33566;244;33322;15853;11223;852;1018;2556;0;494;153;0;0;0;0;0;0;0;0;0;0;0;0;1173;0;0;0;0;0;0;0;0;0;0;192;33374;13956;9725;2644;1217;3267;0;2565;532;149;245;0;0;0;0;203;0;0;0;0;7;0;0;1301;0;0;0;0;128;0;0;0
008;Segeberg - Stormarn-Mitte;SH;Brief;0;33066;222;32844;15208;10880;923;1021;2645;0;543;152;0;0;0;0;0;0;0;0;0;0;0;0;1136;0;0;336;0;0;0;0;0;0;0;176;32890;13462;9512;2545;1259;3320;0;2792;531;170;330;0;0;0;0;255;0;0;0;0;10;0;0;1313;0;0;0;0;183;0;0;0
009;Ostholstein - Stormarn-Nord;SH;Brief;0;24054;243;23811;11817;7800;718;577;1659;0;296;79;0;0;0;0;0;0;0;0;0;0;0;0;865;0;0;0;0;0;0;0;0;0;0;187;23867;10395;6613;2054;746;2223;0;1836;258;80;183;0;0;0;0;134;0;0;0;0;4;0;0;1068;0;0;0;0;109;0;0;0
010;Herzogtum Lauenburg - Stormarn-Süd;SH;Brief;0;35015;246;34769;16508;10917;1131;969;2990;0;472;178;0;0;0;0;0;0;0;0;0;0;0;0;1461;0;0;0;0;0;0;0;0;0;143;194;34821;14665;9621;2907;1250;3538;0;2840;439;173;284;0;0;0;0;182;0;0;0;0;7;0;0;1609;0;0;0;0;146;0;0;0
011;Lübeck;SH;Brief;0;24241;239;24002;9385;8998;833;968;2270;0;456;99;0;0;0;0;0;0;0;0;0;0;0;0;749;0;0;244;0;0;0;0;0;0;0;209;24032;8795;7443;1570;1140;3176;0;1908;468;100;199;0;0;0;0;124;0;0;0;0;12;0;0;859;0;0;0;0;146;0;0;0
012;Schwerin - Ludwigslust-Parchim I - Nordwestmecklenburg I;MV;Brief;0;25972;302;25670;9114;7144;574;5668;1311;0;538;531;0;0;0;0;0;0;0;0;0;0;0;0;0;0;0;737;0;0;0;0;0;0;53;233;25739;10400;5936;657;4914;1577;0;2255;390;405;0;5;0;0;0;0;0;0;0;0;33;0;0;1094;0;38;0;0;290;0;0;0
013;Ludwigslust-Parchim II - Nordwestmecklenburg II - Landkreis Rostock I;MV;Brief;0;22259;249;22010;9152;4972;514;4963;1174;0;476;387;0;0;0;0;0;0;0;0;0;0;0;0;0;0;0;372;0;0;0;0;0;0;0;156;22103;9569;4370;561;4388;1274;0;1941;362;296;0;10;0;0;0;0;0;0;0;0;23;0;0;992;0;45;0;0;213;0;0;0
014;Rostock - Landkreis Rostock II;MV;Brief;0;30620;313;30307;9801;5640;422;8969;3439;0;641;387;0;0;0;0;0;0;0;0;0;0;113;0;0;0;0;279;0;0;0;0;0;0;616;224;30396;11323;6182;721;6627;2798;0;2745;819;267;0;9;0;0;0;0;0;0;0;0;69;0;0;1278;0;45;0;0;258;0;0;0
015;Vorpommern-Rügen - Vorpommern-Greifswald I;MV;Brief;0;31502;248;31254;16796;4532;259;6361;1497;0;746;442;0;0;0;0;0;0;0;0;0;0;0;0;0;0;0;265;0;0;0;0;0;0;356;229;31273;13512;4990;1002;6425;2320;0;3024;746;369;0;17;0;0;0;0;0;0;0;0;48;0;0;1499;0;60;0;0;285;0;0;0
016;Mecklenburgische Seenplatte I - Vorpommern-Greifswald II;MV;Brief;0;26420;361;26059;11349;4138;680;6581;940;0;650;808;0;0;0;0;0;0;0;0;0;0;0;0;0;0;0;913;0;0;0;0;0;0;0;265;26155;11832;4011;625;5719;1048;0;2920;478;555;0;14;0;0;0;0;0;0;0;0;41;0;0;1355;0;66;0;0;411;0;0;0
017;Mecklenburgische Seenplatte II - Landkreis Rostock III;MV;Brief;0;23765;347;23418;10509;4506;472;5288;1094;0;444;471;0;0;0;0;0;0;0;0;0;0;86;0;0;0;0;548;0;0;0;0;0;0;0;277;23488;10577;4168;556;4880;1108;0;2199;357;388;0;13;0;0;0;0;0;0;0;0;51;0;0;1064;0;46;0;0;280;0;0;0
018;Hamburg-Mitte;HH;Brief;0;46805;516;46289;14506;16429;1085;3444;6775;0;1462;288;0;0;0;0;0;0;0;0;0;0;0;0;1321;0;0;241;0;446;0;0;0;0;292;420;46385;14358;14355;2323;3867;7107;0;4375;1545;261;0;0;130;0;0;350;0;0;0;0;19;0;0;1541;0;0;0;0;175;0;0;354
019;Hamburg-Altona;HH;Brief;0;43190;356;42834;16006;13358;1250;3466;6098;0;853;105;0;0;0;0;0;0;0;0;0;0;33;0;873;0;0;191;0;373;0;0;0;0;228;311;42879;14496;11474;3172;3541;7174;0;3022;1001;108;0;0;116;0;0;216;0;0;0;0;27;0;0;1151;0;0;0;0;118;0;0;285
020;Hamburg-Eimsbüttel;HH;Brief;0;48306;550;47756;17941;15816;1659;2594;6818;0;903;159;0;0;0;0;0;0;0;0;0;0;0;0;1217;0;0;151;0;0;0;0;0;0;498;457;47849;16968;13688;3188;3157;7502;0;3346;968;164;0;0;88;0;0;283;0;0;0;0;13;0;0;1449;0;0;0;0;144;0;0;237
021;Hamburg-Nord;HH;Brief;0;54468;611;53857;23745;16518;1798;1934;6885;0;945;164;0;0;0;0;0;0;0;0;0;0;0;0;1651;0;0;217;0;0;0;0;0;0;0;521;53947;21754;14751;4380;2724;6803;0;3535;905;145;0;0;108;0;0;268;0;0;0;0;12;0;0;1791;0;0;0;0;135;0;0;171
022;Hamburg-Wandsbek;HH;Brief;0;43524;515;43009;17415;16048;1158;2249;3178;0;854;259;0;0;0;0;0;0;0;0;0;0;0;0;1553;0;0;295;0;0;0;0;0;0;0;390;43134;16559;14150;2439;2428;4012;0;3546;836;258;0;0;59;0;0;436;0;0;0;0;9;0;0;1630;0;0;0;0;181;0;0;137
023;Hamburg-Bergedorf - Harburg;HH;Brief;0;38617;453;38164;14589;14595;850;2267;2983;0;767;303;0;0;221;0;0;0;0;0;0;0;0;0;1265;0;0;212;0;0;0;0;0;0;112;360;38257;14049;13002;1652;2373;3843;0;3338;807;279;0;0;146;0;0;367;0;0;0;0;16;0;0;1407;0;0;0;0;136;0;0;180
024;Aurich - Emden;NI;Brief;0;20907;265;20642;7407;8866;494;810;2654;0;0;0;0;0;0;0;0;0;0;0;0;0;0;0;0;0;0;411;0;0;0;0;0;0;0;161;20746;7465;7777;959;863;2209;0;1473;283;122;205;18;0;0;0;0;0;34;0;0;8;0;0;655;0;20;0;0;128;0;0;0
025;Unterems;NI;Brief;0;23274;287;22987;12153;6911;873;751;1635;0;0;202;0;0;0;0;0;0;0;0;0;0;0;0;0;0;0;320;0;0;0;0;0;0;142;164;23110;10776;6917;1262;782;1759;0;1614;294;129;209;13;0;0;0;0;0;47;0;0;4;0;0;788;0;28;0;0;102;0;0;0
026;Friesland - Wilhelmshaven - Wittmund;NI;Brief;0;27130;402;26728;11313;10980;804;1055;1767;0;0;261;0;0;0;0;0;0;0;0;0;0;0;0;0;0;0;548;0;0;0;0;0;0;0;241;26889;10940;9034;1486;1013;2396;0;2020;297;159;262;9;0;0;0;0;0;17;0;0;10;0;0;1015;0;37;0;0;214;0;0;0
027;Oldenburg - Ammerland;NI;Brief;0;30623;275;30348;11664;10171;1148;1287;4328;0;447;135;0;0;0;0;0;0;0;0;0;0;0;0;949;0;0;219;0;0;0;0;0;0;0;180;30443;11280;8894;1905;1510;4606;0;2248;484;105;270;8;0;0;0;0;0;25;0;0;10;0;0;1164;0;22;0;0;160;0;0;0
028;Delmenhorst - Wesermarsch - Oldenburg-Land;NI;Brief;0;26947;266;26681;10817;10052;1199;930;2072;0;370;170;0;0;0;0;44;0;0;0;0;0;0;0;815;0;0;212;0;0;0;0;0;0;0;161;26786;10827;8579;1671;1122;2707;0;1880;322;157;246;13;0;0;0;0;0;14;0;0;9;0;0;924;0;28;0;0;167;0;0;0
029;Cuxhaven - Stade II;NI;Brief;0;22556;220;22336;10546;7639;443;689;1858;0;321;138;0;0;0;0;70;0;0;0;0;0;0;0;632;0;0;0;0;0;0;0;0;0;0;131;22425;9882;7139;1151;861;1979;0;1413;267;139;172;5;0;0;0;0;0;17;0;0;4;0;0;688;0;33;0;0;88;0;0;0
030;Stade I - Rotenburg II;NI;Brief;0;25719;207;25512;12036;8431;606;769;2153;0;319;179;0;0;0;0;0;0;0;0;0;0;0;0;830;0;0;189;0;0;0;0;0;0;0;144;25575;11324;7625;1427;885;2509;0;1805;325;143;216;8;0;0;0;0;0;27;0;0;6;0;0;924;0;12;0;0;144;0;0;0
031;Mittelems;NI;Brief;0;23071;145;22926;13162;6448;481;585;1679;0;0;85;0;0;0;0;0;0;0;0;0;0;0;0;486;0;0;0;0;0;0;0;0;0;0;91;22980;12602;5768;1246;594;1668;0;1102;304;63;121;10;0;0;0;0;0;9;0;0;6;0;0;542;0;18;0;0;29;0;0;0
032;Cloppenburg - Vechta;NI;Brief;0;21627;188;21439;13694;4452;607;437;1231;0;0;99;0;0;0;147;0;0;0;0;0;0;0;0;521;0;0;251;0;0;0;0;0;0;0;92;21535;13191;4020;1396;466;1287;0;1175;236;89;158;8;0;0;0;0;0;15;0;0;3;0;0;544;0;19;0;0;103;0;0;0
033;Diepholz - Nienburg I;NI;Brief;0;24252;214;24038;11475;7733;532;698;2221;0;346;137;0;0;0;0;0;0;0;0;0;0;0;0;546;0;0;175;0;0;0;0;0;0;175;116;24136;10495;7238;1470;908;2426;0;1599;356;119;223;27;0;0;0;0;0;23;0;0;4;0;0;703;0;25;0;0;119;0;0;0
034;Osterholz - Verden;NI;Brief;0;24921;152;24769;11556;8613;320;953;2110;0;350;122;0;0;0;0;0;0;0;0;0;0;0;0;745;0;0;0;0;0;0;0;0;0;0;131;24790;10420;7618;1273;1023;2797;0;1659;347;134;217;9;0;0;0;0;0;39;0;0;32;0;0;794;0;16;0;0;71;0;0;0
035;Rotenburg I - Heidekreis;NI;Brief;0;19926;184;19742;9073;7513;494;635;1258;0;275;190;0;0;0;0;0;0;0;0;0;0;0;0;0;0;0;304;0;0;0;0;0;0;0;95;19831;8714;5772;1070;718;2117;0;1440;242;143;203;10;0;0;0;0;0;22;0;0;5;0;0;662;0;21;0;0;132;0;0;0
036;Harburg;NI;Brief;0;31707;254;31453;14775;9346;1271;910;2507;0;413;188;0;0;0;0;0;0;0;0;0;0;0;0;1601;0;0;442;0;0;0;0;0;0;0;189;31518;13917;8457;2045;1074;3143;0;2882;416;194;351;18;0;0;0;0;0;45;0;0;9;0;0;1526;0;35;0;0;288;0;0;0
037;Lüchow-Dannenberg - Lüneburg;NI;Brief;0;27677;258;27419;11079;8708;565;1334;4056;0;512;178;0;0;0;0;0;0;0;62;0;0;0;0;925;0;0;0;0;0;0;0;0;0;0;174;27503;10349;7503;1384;1576;4562;0;2129;505;161;248;4;0;0;0;0;0;41;0;0;7;0;0;1059;0;27;0;0;77;0;0;0
038;Osnabrück-Land;NI;Brief;0;24788;211;24577;13162;7555;552;693;1836;0;370;155;0;0;0;0;0;0;0;55;0;0;0;0;0;0;0;199;0;0;0;0;0;0;0;138;24650;11805;7007;1499;706;2264;0;1369;312;114;143;3;0;0;0;0;0;41;0;0;3;0;0;646;0;18;0;0;89;0;0;0
039;Stadt Osnabrück;NI;Brief;0;25922;192;25730;12316;7962;1080;792;2736;0;515;86;0;0;0;0;0;0;0;55;0;0;0;0;0;0;0;188;0;0;0;0;0;0;0;127;25795;11643;6839;1580;1006;3323;0;1404;429;58;182;1;0;0;0;0;0;29;0;0;5;0;0;604;0;11;0;0;85;0;0;0
040;Nienburg II - Schaumburg;NI;Brief;0;26692;275;26417;11314;11474;517;618;1843;0;418;233;0;0;0;0;0;0;0;0;0;0;0;0;0;0;0;0;0;0;0;0;0;0;0;151;26541;11002;9285;1230;835;2487;0;1702;318;120;232;14;0;0;0;0;0;43;0;0;14;0;0;868;0;32;0;0;61;0;0;0
041;Stadt Hannover I;NI;Brief;0;28288;315;27973;11383;10944;609;1061;2532;0;468;0;0;0;0;0;0;0;0;0;0;0;28;0;765;0;0;183;0;0;0;0;0;0;0;206;28082;10279;8921;1845;1278;3933;0;1826;469;106;224;12;0;0;0;0;0;29;0;0;16;0;0;821;0;34;0;0;115;0;0;0
042;Stadt Hannover II;NI;Brief;0;31048;283;30765;11939;12004;638;1315;3410;0;584;113;0;0;0;0;0;0;0;0;0;0;0;0;762;0;0;0;0;0;0;0;0;0;0;248;30800;10459;9737;1834;1663;5147;0;1960;615;84;227;14;0;0;0;0;0;36;0;0;21;0;0;847;0;30;0;0;86;0;0;0
043;Hannover-Land I;NI;Brief;0;37041;299;36742;17482;13252;1271;912;2062;0;322;209;0;0;0;0;0;0;0;0;0;0;0;0;988;34;0;210;0;0;0;0;0;0;0;253;36788;16349;11333;2433;1100;3234;0;2339;375;177;295;20;0;0;0;0;0;45;0;0;5;0;0;1197;0;46;0;0;179;0;0;0
044;Celle - Uelzen;NI;Brief;0;29993;244;29749;14930;9681;510;801;2273;0;0;228;0;0;0;0;0;0;0;0;0;0;0;0;1079;0;0;247;0;0;0;0;0;0;0;177;29816;13543;8477;1671;1031;2834;0;2260;376;166;226;20;0;0;0;0;0;32;0;0;3;0;0;1222;0;25;0;0;190;0;0;0
045;Gifhorn - Peine;NI;Brief;0;25389;234;25155;11109;10292;549;822;1547;0;382;234;0;0;0;0;0;0;0;98;0;0;0;0;0;0;0;122;0;0;0;0;0;0;0;163;25226;10581;8585;1277;865;2240;0;1678;358;156;236;22;0;0;0;0;0;74;0;0;6;0;0;697;0;34;0;0;95;0;0;0
046;Hameln-Pyrmont - Holzminden;NI;Brief;0;29730;307;29423;12198;11890;763;1086;2096;0;445;0;0;0;0;0;0;0;0;0;0;0;0;0;945;0;0;0;0;0;0;0;0;0;0;235;29495;11710;10274;1706;1194;2682;0;1929;366;193;245;16;0;0;0;0;0;34;0;0;5;0;0;964;0;30;0;0;76;0;0;0
047;Hannover-Land II;NI;Brief;0;38023;377;37646;17055;15469;665;1123;2071;0;484;303;0;0;0;0;0;0;0;0;0;0;0;0;0;0;0;476;0;0;0;0;0;0;0;242;37781;15569;12865;1934;1332;3669;0;2412;433;209;290;23;0;0;0;0;0;41;0;0;6;0;0;1131;0;57;0;0;222;0;0;0
048;Hildesheim;NI;Brief;0;31230;423;30807;13914;11260;696;1099;3486;0;0;352;0;0;0;0;0;0;0;0;0;0;0;0;0;0;0;0;0;0;0;0;0;0;0;201;31029;13056;10302;1361;1101;3323;0;1886;453;178;255;22;0;0;0;0;0;32;0;0;6;0;0;801;0;56;0;0;83;0;0;0
049;Salzgitter - Wolfenbüttel;NI;Brief;0;27895;335;27560;11381;11842;424;831;1450;0;345;208;0;0;0;0;0;0;0;0;0;0;0;0;831;0;0;248;0;0;0;0;0;0;0;326;27569;10939;9930;1293;1059;2346;0;2002;332;185;257;28;0;0;0;0;0;31;0;0;9;0;0;947;0;42;0;0;171;0;0;0
050;Braunschweig;NI;Brief;0;36767;340;36427;13820;14808;1140;1316;2959;0;997;169;0;0;0;0;0;0;0;0;0;0;27;0;939;0;0;252;0;0;0;0;0;0;0;272;36495;13543;11227;2047;1751;5037;0;2890;994;162;352;19;0;0;0;0;0;33;0;0;13;0;0;1106;0;39;0;0;172;0;0;0
051;Helmstedt - Wolfsburg;NI;Brief;0;25893;375;25518;11913;9291;520;843;1628;0;497;378;0;0;0;0;0;0;0;76;0;0;0;0;0;0;0;217;0;0;0;0;0;0;155;217;25676;11028;8591;1242;937;2049;0;1829;377;231;233;6;0;0;0;0;0;50;0;0;5;0;0;784;0;28;0;0;115;0;0;0
052;Goslar - Northeim - Osterode;NI;Brief;0;30650;377;30273;13822;11593;683;1137;1982;0;416;252;0;0;0;0;0;0;0;0;0;0;0;0;0;0;0;286;0;0;0;0;0;0;102;256;30394;12610;10436;1729;1158;2438;0;2023;397;162;239;12;0;0;0;0;0;36;0;0;7;0;0;987;0;43;0;0;140;0;0;0
053;Göttingen;NI;Brief;0;36648;373;36275;14643;13025;838;1549;4865;0;620;226;0;0;0;0;0;0;0;0;0;0;0;0;0;0;0;509;0;0;0;0;0;0;0;230;36418;13877;10744;1945;1934;5349;0;2569;662;156;262;11;0;0;0;0;0;37;0;0;21;0;0;1098;0;53;0;0;269;0;0;0
054;Bremen I;HB;Brief;0;42690;379;42311;14002;14436;1476;2701;7021;0;982;228;0;0;0;0;0;0;0;0;0;0;38;0;1099;0;0;0;0;328;0;0;0;0;0;263;42427;14115;12784;2355;3283;6791;0;3099;918;204;373;0;0;0;41;0;0;0;0;0;14;0;0;1241;0;39;0;0;87;0;0;182
055;Bremen II - Bremerhaven;HB;Brief;0;26208;276;25932;8043;10673;659;1984;2759;0;620;275;0;0;0;0;71;0;0;0;0;0;0;0;848;0;0;0;0;0;0;0;0;0;0;200;26008;7984;9443;1032;2126;3168;0;2255;549;250;353;0;0;0;55;0;0;0;0;0;10;0;0;854;0;32;0;0;63;0;0;89
056;Prignitz - Ostprignitz-Ruppin - Havelland I;BB;Brief;0;13805;144;13661;4432;4164;206;3200;550;0;354;225;0;0;0;0;0;0;0;0;0;0;0;0;0;0;0;0;0;0;0;0;0;0;530;106;13699;4830;3640;429;2868;704;0;1228;259;175;0;16;0;0;0;0;0;0;0;0;22;0;0;581;0;51;0;0;124;0;0;0
057;Uckermark - Barnim I;BB;Brief;0;13854;196;13658;5110;3246;256;3426;667;0;365;305;0;0;0;0;0;0;0;0;0;0;0;0;0;0;0;283;0;0;0;0;0;0;0;148;13706;4790;3355;353;3044;817;0;1347;323;239;0;17;0;0;0;0;0;0;0;0;20;0;0;534;0;43;0;0;171;0;0;0
058;Oberhavel - Havelland II;BB;Brief;0;29990;490;29500;11085;8497;572;5100;1901;0;859;629;0;0;0;0;0;0;0;0;0;0;0;0;0;0;0;543;0;0;0;0;62;0;252;363;29627;10843;7515;1132;4727;2215;0;3195;648;403;0;44;0;0;0;0;0;0;0;0;32;0;0;1601;0;144;0;0;323;0;0;0
059;Märkisch-Oderland - Barnim II;BB;Brief;0;28684;382;28302;8993;5425;339;10143;1400;0;664;600;0;0;0;0;0;0;0;0;0;0;0;0;0;0;0;474;0;0;0;0;0;0;264;339;28345;8578;6508;731;7850;1631;0;3047;650;423;0;35;0;0;0;0;0;0;0;0;49;0;0;1360;0;135;0;0;395;0;0;0
060;Brandenburg an der Havel - Potsdam-Mittelmark I - Havelland III - Teltow-Fläming I;BB;Brief;0;17563;258;17305;5601;5865;356;3888;615;0;407;351;0;0;0;0;0;0;0;0;0;0;0;0;0;0;0;0;0;0;0;0;0;0;222;207;17356;5898;4659;523;3689;948;0;1639;340;254;0;15;0;0;0;0;0;0;0;0;24;0;0;810;0;73;0;0;123;0;0;0
061;Potsdam - Potsdam-Mittelmark II - Teltow-Fläming II;BB;Brief;0;38001;468;37533;11931;11868;929;7138;3604;0;1033;397;0;0;0;0;0;0;0;0;0;0;0;0;0;0;0;0;0;0;0;0;0;0;633;320;37681;11459;9668;1663;7345;4174;0;3372;983;252;0;30;0;0;0;0;0;0;0;0;69;0;0;1685;0;132;0;0;221;0;0;0
062;Dahme-Spreewald - Teltow-Fläming III - Oberspreewald-Lausitz I;BB;Brief;0;27319;423;26896;9573;7344;432;5743;1558;0;789;581;0;120;0;0;0;0;0;0;0;0;0;0;0;0;0;661;0;0;0;0;95;0;0;337;26982;9118;6391;941;5811;1628;0;3093;643;440;0;64;0;0;0;0;0;0;0;0;39;0;0;1363;0;111;0;0;433;0;0;0
063;Frankfurt (Oder) - Oder-Spree;BB;Brief;0;21626;358;21268;6596;5369;533;6239;1244;0;748;539;0;0;0;0;0;0;0;0;0;0;0;0;0;0;0;0;0;0;0;0;0;0;0;247;21379;6655;5143;616;5458;1230;0;2277;462;379;0;21;0;0;0;0;0;0;0;0;40;0;0;1078;0;117;0;0;180;0;0;0
064;Cottbus - Spree-Neiße;BB;Brief;0;22144;316;21828;7718;5083;618;4307;845;0;528;557;0;0;0;0;0;0;0;0;0;0;0;0;0;0;0;0;0;203;0;0;49;0;1920;284;21860;7450;5076;702;4976;1052;0;2604;506;392;0;24;0;0;0;0;0;0;0;0;35;0;0;1320;0;89;0;0;238;0;0;0
065;Elbe-Elster - Oberspreewald-Lausitz II;BB;Brief;0;15340;207;15133;6086;3593;324;3353;589;0;509;505;0;0;0;0;0;0;0;0;0;0;0;0;0;0;0;0;0;0;0;0;66;0;108;143;15197;5990;3213;461;3138;592;0;1803;352;379;0;25;0;0;0;0;0;0;0;0;25;0;0;769;0;80;0;0;173;0;0;0
066;Altmark;ST;Brief;0;14035;163;13872;6087;2167;268;4149;579;0;306;174;0;0;0;0;0;0;0;0;0;0;0;0;0;0;0;142;0;0;0;0;0;0;0;108;13927;5968;2560;407;3334;686;0;972;274;137;0;0;20;0;0;0;0;0;0;0;19;0;0;393;0;45;0;0;84;0;0;0
067;Börde - Jerichower Land;ST;Brief;0;18296;236;18060;7792;4421;607;3591;647;0;462;0;0;0;0;0;0;0;0;0;0;0;0;0;0;0;0;391;0;0;0;0;0;0;149;167;18129;7679;3727;698;3725;820;0;1480;316;198;0;0;45;0;0;0;0;0;0;0;26;0;0;595;0;66;0;0;234;0;0;0
068;Harz;ST;Brief;0;18595;176;18419;8518;3541;337;3986;972;0;275;266;347;0;0;0;0;0;0;0;0;0;0;0;0;0;0;177;0;0;0;0;0;0;0;151;18444;8168;3596;500;4017;888;0;1275;247;208;0;0;68;0;0;0;0;0;0;0;16;0;0;538;0;57;0;0;141;0;0;0
069;Magdeburg;ST;Brief;0;30379;392;29987;10533;8195;514;6847;1760;0;773;259;660;0;0;0;0;0;0;0;0;0;68;0;0;0;0;378;0;0;0;0;0;0;0;315;30064;11150;6854;909;6473;2423;0;2255;697;204;0;0;77;0;0;0;0;0;0;0;47;0;0;899;0;93;0;0;238;0;0;0
070;Dessau - Wittenberg;ST;Brief;0;17297;174;17123;7691;3096;239;3496;1135;0;284;211;0;0;0;0;0;0;0;0;0;0;0;0;626;0;0;345;0;0;0;0;0;0;0;150;17147;7376;3097;531;3600;1018;0;1525;292;215;0;0;36;0;0;0;0;0;0;0;10;0;0;665;0;52;0;0;255;0;0;0
071;Anhalt;ST;Brief;0;18346;215;18131;7776;2774;549;4839;549;0;191;259;0;0;0;0;0;0;0;0;0;0;68;0;598;0;0;528;0;0;0;0;0;0;0;167;18179;7959;3163;611;4258;651;0;1537;221;271;0;0;29;0;0;0;0;0;0;0;56;0;0;623;0;49;0;0;288;0;0;0
072;Halle;ST;Brief;0;30543;311;30232;10430;7633;741;7500;1552;0;651;226;0;0;0;0;0;0;0;0;0;0;108;0;758;0;0;337;0;0;0;0;0;0;296;250;30293;11145;5711;1068;7017;2899;0;2453;728;238;0;0;109;0;0;0;0;0;0;0;77;0;0;948;0;73;0;0;280;0;0;0
073;Burgenland - Saalekreis;ST;Brief;0;17911;193;17718;8123;2551;277;4432;1009;0;307;497;0;0;0;0;0;0;0;0;0;0;0;0;0;0;0;402;0;0;0;0;0;0;120;163;17748;7752;2958;662;3964;798;0;1614;276;390;0;0;41;0;0;0;0;0;0;0;21;0;0;597;0;75;0;0;214;0;0;0
074;Mansfeld;ST;Brief;0;17842;258;17584;7313;3336;389;4544;678;0;420;329;0;0;0;0;0;0;0;0;0;0;0;0;0;0;0;392;0;0;0;0;0;0;183;185;17657;7203;3245;680;4314;726;0;1489;286;250;0;0;37;0;0;0;0;0;0;0;26;0;0;611;0;57;0;0;222;0;0;0
075;Berlin-Mitte;BE;Brief;0;39589;491;39098;10246;10222;871;5924;7847;0;1392;287;0;0;0;0;0;0;0;0;77;0;46;0;1094;32;0;61;0;454;0;0;74;0;471;440;39149;9838;9205;1948;6465;7612;0;4081;1689;230;0;45;92;0;0;0;0;0;56;0;26;0;22;1325;32;86;0;0;88;0;0;390
076;Berlin-Pankow;BE;Brief;0;47230;547;46683;11333;9740;568;12367;8106;0;1511;491;0;0;0;0;0;0;0;0;107;0;0;0;1620;0;0;260;0;580;0;0;0;0;0;467;46763;11416;10169;1520;10979;7755;0;4924;1714;397;0;59;131;0;0;0;0;0;61;0;30;0;29;1676;18;134;0;0;202;0;0;473
077;Berlin-Reinickendorf;BE;Brief;0;35697;522;35175;16949;9583;985;1658;2789;0;720;422;0;0;0;0;0;0;0;0;0;0;0;0;1436;0;0;193;0;257;0;0;0;0;183;463;35234;15460;8580;1947;2052;3510;0;3685;780;393;0;65;67;0;0;0;0;0;21;0;11;0;11;1691;15;130;0;0;194;0;0;307
078;Berlin-Spandau - Charlottenburg Nord;BE;Brief;0;34175;600;33575;14701;11805;664;1683;1900;0;939;385;0;0;0;0;0;0;0;0;83;0;0;0;1207;69;0;139;0;0;0;0;0;0;0;570;33605;13781;9057;1699;2306;3234;0;3528;898;320;0;63;69;0;0;0;0;0;44;0;26;0;8;1498;43;147;0;0;144;0;0;268
079;Berlin-Steglitz - Zehlendorf;BE;Brief;0;60634;786;59848;27886;15699;2184;2302;7246;0;1243;289;0;0;0;0;0;0;0;0;115;0;0;0;2282;0;0;201;0;401;0;0;0;0;0;688;59946;24539;13847;4763;3225;8388;0;5184;1264;264;0;61;125;0;0;0;0;0;60;0;18;0;11;2716;20;108;0;0;192;0;0;345
080;Berlin-Charlottenburg - Wilmersdorf;BE;Brief;0;50179;558;49621;19878;14035;1775;2302;8012;0;1000;199;0;0;0;0;31;0;0;0;61;0;0;0;1702;47;0;189;0;295;0;0;0;0;95;491;49688;17553;12395;4252;3327;8246;0;3915;1021;168;0;29;74;0;0;0;0;0;41;0;18;0;14;1981;34;80;0;0;175;0;0;280
081;Berlin-Tempelhof - Schöneberg;BE;Brief;0;55135;785;54350;20538;12902;1128;2772;12343;0;1486;464;0;0;0;0;0;0;0;0;142;0;0;0;1757;82;0;317;0;419;0;0;0;0;0;715;54420;18831;13775;2858;4202;9534;0;5220;1553;375;0;65;103;0;0;0;0;0;89;0;14;0;18;2077;70;176;0;0;247;0;0;433
082;Berlin-Neukölln;BE;Brief;0;39182;767;38415;13001;11671;770;3477;5331;0;1599;710;0;0;0;0;0;0;0;0;72;0;45;0;865;0;0;227;0;647;0;0;0;0;0;694;38488;12626;9539;1502;4289;6157;0;4375;1435;570;0;68;69;0;0;0;0;0;44;0;28;0;18;1181;58;144;0;0;197;0;0;563
083;Berlin-Friedrichshain-Kreuzberg - Prenzlauer Berg Ost;BE;Brief;0;46596;456;46140;6546;7644;585;6975;20214;0;1628;278;0;0;0;0;0;0;0;0;38;129;0;0;736;59;0;178;0;616;142;0;0;0;372;491;46105;7605;10520;1294;10390;11274;0;5022;2518;220;0;29;142;0;0;0;0;0;34;0;56;0;29;1022;61;77;0;0;166;0;0;668
084;Berlin-Treptow - Köpenick;BE;Brief;0;37176;435;36741;7662;6565;527;16160;2345;0;1045;615;0;0;0;0;0;0;0;0;70;0;67;0;1153;0;0;208;0;324;0;0;0;0;0;394;36782;9115;8076;897;11257;3300;0;4137;1212;520;0;49;111;0;0;0;0;0;64;0;60;0;27;1413;20;115;0;0;208;0;0;338
085;Berlin-Marzahn - Hellersdorf;BE;Brief;0;29055;297;28758;7046;4699;225;12288;1191;0;707;702;0;0;0;0;0;0;0;0;68;0;0;0;1040;0;284;142;0;189;0;0;0;0;177;279;28776;7333;5532;600;10318;1437;0;3556;793;658;0;42;57;0;0;0;0;0;49;0;30;0;19;1284;7;248;0;0;145;0;0;224
086;Berlin-Lichtenberg;BE;Brief;0;34473;361;34112;7206;6615;276;14852;1668;0;1076;665;0;0;0;0;0;0;0;0;62;0;0;0;1027;0;0;281;0;0;0;0;0;0;384;335;34138;7672;6994;629;12634;2309;0;3900;1149;543;0;53;86;0;0;0;0;0;52;0;54;0;27;1279;14;136;0;0;238;0;0;269
087;Aachen I;NW;Brief;0;44076;352;43724;19558;14150;1168;1830;4344;0;1350;136;0;0;0;0;0;0;0;0;0;0;0;0;971;0;0;217;0;0;0;0;0;0;0;278;43798;17450;10881;3512;2282;6192;0;3481;1435;120;0;24;81;0;10;0;0;0;3;0;6;65;6;1176;12;46;10;0;162;61;16;248
088;Aachen II;NW;Brief;0;44120;740;43380;20816;14188;1384;2032;3031;0;1202;452;0;275;0;0;0;0;0;0;0;0;0;0;0;0;0;0;0;0;0;0;0;0;0;473;43647;19197;13497;2437;2195;3000;0;3321;912;332;0;151;70;0;19;0;0;0;11;0;6;160;7;1101;13;85;7;0;124;102;25;196
089;Heinsberg;NW;Brief;0;29419;389;29030;15949;7514;790;1045;2006;0;656;279;0;0;0;0;0;0;0;0;0;0;0;0;791;0;0;0;0;0;0;0;0;0;0;271;29148;14957;7182;1730;1217;1800;0;2262;546;217;0;44;38;0;19;0;0;0;4;0;3;80;7;930;4;58;3;0;77;67;18;147
090;Düren;NW;Brief;0;40287;645;39642;20626;12630;1002;1601;2360;0;1330;0;0;0;0;0;0;0;0;0;0;0;0;0;0;0;0;0;0;0;0;0;0;0;93;390;39897;18301;11367;2414;1773;2677;0;3365;908;325;0;32;46;0;23;0;0;0;10;0;6;180;4;1307;12;83;10;0;93;124;15;187
091;Rhein-Erft-Kreis I;NW;Brief;0;51583;997;50586;24798;17306;2142;1532;3078;0;1730;0;0;0;0;0;0;0;0;0;0;0;0;0;0;0;0;0;0;0;0;0;0;0;0;557;51026;22634;15266;3409;1847;3546;0;4324;957;379;0;69;74;0;34;0;0;0;20;0;2;214;11;1665;43;195;20;0;200;151;53;237
092;Euskirchen - Rhein-Erft-Kreis II;NW;Brief;0;49300;872;48428;25103;14345;2212;1751;3128;0;1279;610;0;0;0;0;0;0;0;0;0;0;0;0;0;0;0;0;0;0;0;0;0;0;0;496;48804;22885;12587;3713;1934;3654;0;4031;912;363;0;57;57;0;30;0;0;0;2;0;6;208;9;1714;9;131;3;0;142;127;56;205
093;Köln I;NW;Brief;0;44543;438;44105;17712;14803;1466;2161;4984;0;1054;366;0;0;0;0;0;0;0;0;77;0;0;0;1262;0;0;220;0;0;0;0;0;0;0;336;44207;16262;12716;2954;2695;5637;0;3943;1022;257;0;54;62;0;28;0;0;0;30;0;12;99;8;1577;26;156;4;0;151;118;35;304
094;Köln II;NW;Brief;0;69321;590;68731;30179;20227;2202;2604;10258;0;1262;249;0;0;0;0;0;0;0;0;39;0;0;0;1404;0;0;307;0;0;0;0;0;0;0;445;68876;26966;16806;6565;3445;10361;0;4733;1362;193;0;27;127;0;21;0;0;0;14;0;14;123;11;1983;30;84;0;0;162;191;31;360
095;Köln III;NW;Brief;0;46478;542;45936;16409;16607;1514;2896;6275;0;1308;533;0;0;0;0;0;0;0;0;94;0;0;0;0;0;0;300;0;0;0;0;0;0;0;378;46100;15583;13941;2655;3289;6752;0;3880;1174;284;0;49;97;0;26;0;0;0;33;0;9;132;11;1187;50;187;1;0;157;136;32;315
096;Bonn;NW;Brief;0;51875;428;51447;20296;17302;4331;1562;5286;0;1042;0;0;0;0;0;0;0;0;0;0;0;0;0;1337;0;0;0;0;291;0;0;0;0;0;333;51542;20187;11931;5127;2333;7828;0;4136;1155;184;0;19;100;0;15;0;0;0;6;0;8;70;2;1908;85;111;1;0;83;87;32;270
097;Rhein-Sieg-Kreis I;NW;Brief;0;43581;437;43144;22196;11794;1397;1511;3157;0;737;335;0;0;0;0;0;0;0;0;0;0;0;423;1384;0;0;210;0;0;0;0;0;0;0;312;43269;19542;11154;3356;1732;3889;0;3596;734;275;0;28;55;0;19;0;0;0;4;0;4;308;8;1679;8;67;5;0;133;83;29;157
098;Rhein-Sieg-Kreis II;NW;Brief;0;43123;533;42590;22805;10549;1813;1000;3635;0;693;259;0;0;0;0;0;0;0;0;0;0;0;241;1271;0;0;324;0;0;0;0;0;0;0;334;42789;20183;9769;4299;1339;3978;0;3221;642;200;0;24;84;0;20;0;0;0;5;0;4;161;5;1652;12;56;2;0;147;65;22;120
099;Oberbergischer Kreis;NW;Brief;0;31378;276;31102;16725;8832;925;957;1998;0;460;199;0;0;0;0;0;0;0;0;0;0;0;0;889;0;0;0;0;0;0;0;0;0;117;254;31124;14615;8145;2243;1265;2510;0;2346;412;165;0;18;70;0;23;0;0;0;2;0;3;103;3;1207;8;74;1;0;58;59;14;126
100;Rheinisch-Bergischer Kreis;NW;Brief;0;47693;353;47340;29351;10565;1022;1346;3432;0;0;258;0;0;0;0;0;0;0;0;0;0;0;0;1192;0;0;0;0;0;0;0;0;0;174;298;47395;21519;11688;4163;1777;4448;0;3800;778;249;0;26;86;0;22;0;0;0;4;0;9;126;7;1930;20;108;6;0;89;119;27;194
101;Leverkusen - Köln IV;NW;Brief;0;41842;539;41303;17014;16563;1307;1614;3204;0;0;565;0;0;0;0;0;0;0;0;0;0;113;0;0;0;0;499;0;424;0;0;0;0;0;354;41488;15891;13221;2442;2042;4234;0;3658;880;357;0;44;58;0;11;0;0;0;4;0;42;146;2;1343;35;170;3;0;192;93;22;256
102;Wuppertal I;NW;Brief;0;33665;483;33182;13346;12529;1475;1810;2780;0;800;442;0;0;0;0;0;0;0;0;0;0;0;0;0;0;0;0;0;0;0;0;0;0;0;334;33331;12412;10214;2400;2063;3632;0;2610;626;253;0;53;56;0;17;0;0;0;5;0;11;97;5;1057;17;77;9;0;73;63;22;169
103;Solingen - Remscheid - Wuppertal II;NW;Brief;0;34817;406;34411;16559;10135;1287;1484;2891;0;779;0;0;0;0;0;0;0;0;0;0;0;56;0;1220;0;0;0;0;0;0;0;0;0;0;276;34541;14750;9612;2782;1703;2849;0;2845;639;222;0;56;55;0;10;0;0;0;7;0;23;102;4;1326;21;92;5;0;48;67;11;157
104;Mettmann I;NW;Brief;0;43991;395;43596;23395;13738;1015;1121;2326;0;673;0;0;0;0;0;0;0;0;0;0;0;0;0;1328;0;0;0;0;0;0;0;0;0;0;333;43658;20375;11468;3452;1560;3399;0;3404;680;211;0;80;78;0;26;0;0;0;12;0;4;77;4;1812;15;80;11;0;79;91;30;114
105;Mettmann II;NW;Brief;0;32244;316;31928;15959;10713;1028;909;1690;0;576;0;0;0;0;0;0;0;0;0;0;0;0;0;1053;0;0;0;0;0;0;0;0;0;0;243;32001;14559;8955;2507;1267;2250;0;2463;526;195;0;42;44;0;16;0;0;0;3;0;4;73;6;1237;7;65;6;0;45;78;16;100
106;Düsseldorf I;NW;Brief;0;48595;377;48218;25459;11806;2545;1674;4278;0;723;141;0;121;0;0;0;0;0;0;0;0;42;0;1429;0;0;0;0;0;0;0;0;0;0;261;48334;21643;11138;5595;2064;4499;0;3395;780;134;0;89;50;0;18;0;0;0;8;0;16;65;4;1829;19;54;6;0;66;71;28;158
107;Düsseldorf II;NW;Brief;0;36326;390;35936;15956;11223;1460;2525;3315;0;887;269;0;202;0;0;0;0;0;0;99;0;0;0;0;0;0;0;0;0;0;0;0;0;0;202;36124;14974;9886;2565;2017;3836;0;2846;747;190;0;92;48;0;15;0;0;0;26;0;5;86;2;1218;14;74;1;0;78;86;26;138
108;Neuss I;NW;Brief;0;45026;448;44578;24560;12339;1256;1282;2158;0;928;403;0;0;0;0;0;0;0;0;0;0;0;0;1275;0;0;377;0;0;0;0;0;0;0;355;44671;21853;11588;3341;1538;2722;0;3629;825;385;0;47;51;0;36;0;0;0;18;0;7;126;9;1514;21;80;7;0;249;84;24;146
109;Mönchengladbach;NW;Brief;0;26123;359;25764;14377;6561;752;1051;1730;0;0;224;0;0;0;0;0;0;0;0;0;0;0;0;888;0;0;0;0;181;0;0;0;0;0;298;25825;12570;6484;2001;1063;1722;0;1985;459;167;0;23;37;0;9;0;0;0;2;0;7;70;2;897;10;54;3;0;60;50;16;119
110;Krefeld I - Neuss II;NW;Brief;0;39411;358;39053;20454;10547;2066;1096;2516;0;710;252;0;0;0;0;0;0;0;0;0;0;0;0;1036;0;0;186;0;190;0;0;0;0;0;278;39133;18990;9545;3595;1337;2764;0;2902;649;206;0;39;52;0;19;0;0;0;3;0;8;119;8;1348;14;73;3;0;122;65;24;150
111;Viersen;NW;Brief;0;37375;351;37024;21141;9254;1100;1247;2205;0;611;269;0;0;0;0;0;0;0;0;0;0;0;0;994;0;0;203;0;0;0;0;0;0;0;275;37100;18726;8881;2808;1398;2573;0;2714;545;220;0;19;52;0;19;0;0;0;6;0;3;131;8;1315;8;52;3;0;125;67;15;126
112;Kleve;NW;Brief;0;37497;465;37032;19155;11455;1582;0;2440;0;832;293;0;0;0;0;0;0;0;0;0;0;0;0;1275;0;0;0;0;0;0;0;0;0;0;286;37211;18965;9437;2492;1190;2499;0;2628;595;231;0;15;50;0;14;0;0;0;8;0;5;100;6;1246;12;70;6;0;71;67;18;114
113;Wesel I;NW;Brief;0;34889;294;34595;16136;12589;870;1140;2024;0;691;0;0;0;0;0;165;0;0;0;0;0;0;0;980;0;0;0;0;0;0;0;0;0;0;229;34660;14829;11426;2093;1435;2424;0;2453;572;237;0;37;38;0;83;0;0;0;5;0;4;103;4;1025;5;67;4;0;52;61;31;125
114;Krefeld II - Wesel II;NW;Brief;0;29836;357;29479;13245;10699;1141;1121;1863;0;544;359;0;0;0;0;0;0;0;0;0;0;64;0;0;0;0;245;0;198;0;0;0;0;0;239;29597;12442;9129;2189;1362;2287;0;2188;488;229;0;26;22;0;18;0;0;0;6;0;21;77;10;899;5;72;6;0;110;41;22;136
115;Duisburg I;NW;Brief;0;29369;449;28920;10276;13154;661;1488;1644;0;858;839;0;0;0;0;0;0;0;0;0;0;0;0;0;0;0;0;0;0;0;0;0;0;0;275;29094;9879;11196;1269;1577;2227;0;2946;602;447;0;60;33;0;20;0;0;0;7;0;23;96;6;1104;29;197;10;0;51;89;25;147
116;Duisburg II;NW;Brief;0;22595;421;22174;7585;9087;516;1366;1544;0;600;686;0;0;0;0;0;0;0;0;0;0;69;0;721;0;0;0;0;0;0;0;0;0;0;246;22349;6997;9409;850;1348;1295;0;2450;483;477;0;44;22;0;62;0;0;0;7;0;34;80;10;826;24;174;11;0;40;59;9;88
117;Oberhausen - Wesel III;NW;Brief;0;33531;591;32940;11924;13849;745;1806;3298;0;781;537;0;0;0;0;0;0;0;0;0;0;0;0;0;0;0;0;0;0;0;0;0;0;0;441;33090;11456;13381;1349;1899;2383;0;2622;644;371;0;42;42;0;21;0;0;0;6;0;15;100;11;972;16;121;4;0;52;52;18;135
118;Mülheim - Essen I;NW;Brief;0;34557;342;34215;13141;13284;1314;1503;2645;0;674;430;0;0;0;0;0;0;0;0;0;0;52;0;1172;0;0;0;0;0;0;0;0;0;0;235;34322;12914;12392;2015;1702;2570;0;2729;570;363;0;52;32;0;14;0;0;0;12;0;17;78;9;1183;16;99;8;0;40;73;13;150
119;Essen II;NW;Brief;0;26035;302;25733;8829;11634;558;1457;1640;0;706;530;0;0;0;0;0;0;0;0;75;0;51;0;0;0;0;0;0;253;0;0;0;0;0;205;25830;8328;10336;1056;1596;2029;0;2485;648;327;0;83;32;0;12;0;0;0;17;0;39;81;2;805;18;91;5;0;40;55;25;205
120;Essen III;NW;Brief;0;43908;349;43559;18819;15674;1212;1602;3628;0;827;299;0;0;0;0;0;0;0;0;98;0;0;0;1151;0;0;0;0;0;0;0;0;0;249;253;43655;17532;13413;3098;2184;4245;0;3183;784;255;0;51;47;0;24;0;0;0;35;0;18;92;10;1390;42;86;9;0;54;93;19;174
121;Recklinghausen I;NW;Brief;0;29735;374;29361;11118;12304;773;1429;1802;0;719;288;0;0;0;0;0;0;0;0;0;0;0;0;928;0;0;0;0;0;0;0;0;0;0;244;29491;11144;11046;1209;1593;2085;0;2414;571;247;0;33;33;0;23;0;0;0;3;0;8;85;7;1064;12;89;9;0;42;62;16;110
122;Recklinghausen II;NW;Brief;0;37112;486;36626;14658;15813;686;1557;2136;0;793;497;0;0;0;0;0;0;0;0;0;0;56;0;0;0;0;0;0;0;0;0;0;0;430;350;36762;14207;14257;1514;1685;2270;0;2829;645;298;0;63;27;0;19;0;0;0;7;0;24;141;7;1150;16;107;10;0;58;92;37;128
123;Gelsenkirchen;NW;Brief;0;26776;286;26490;8827;12671;626;1200;1116;0;473;448;0;0;0;0;0;0;0;0;0;0;97;0;840;0;0;192;0;0;0;0;0;0;0;240;26536;8824;11331;984;1467;1467;0;2463;400;351;0;72;20;0;25;0;0;0;4;0;74;79;3;949;12;163;14;0;116;53;18;110
124;Steinfurt I - Borken I;NW;Brief;0;31633;369;31264;16469;9336;1227;832;2026;0;550;0;0;0;0;0;0;0;0;0;0;0;0;0;824;0;0;0;0;0;0;0;0;0;0;197;31436;16336;8291;1978;914;2173;0;1744;490;123;0;16;31;0;7;0;0;0;3;0;2;49;4;808;7;24;1;0;54;31;16;78
125;Bottrop - Recklinghausen III;NW;Brief;0;31124;340;30784;12234;13293;698;1243;1309;0;668;0;0;0;240;0;0;0;0;0;0;0;43;0;1056;0;0;0;0;0;0;0;0;0;0;243;30881;11957;11874;1326;1432;1868;0;2424;486;268;0;56;124;0;15;0;0;0;8;0;15;82;3;1007;22;111;8;0;36;58;23;102
126;Borken II;NW;Brief;0;31177;263;30914;18124;7567;962;685;2438;0;515;0;0;0;0;0;0;0;0;0;0;0;0;0;623;0;0;0;0;0;0;0;0;0;0;165;31012;17043;7383;2141;844;2060;0;1541;389;117;0;21;41;0;17;0;0;0;3;0;1;46;2;722;3;34;4;0;39;35;8;59
127;Coesfeld - Steinfurt II;NW;Brief;0;39532;286;39246;22741;9523;1316;980;3095;0;640;0;0;0;0;166;0;0;0;0;0;0;0;0;785;0;0;0;0;0;0;0;0;0;0;211;39321;20550;9557;2620;1195;3353;0;2046;557;146;0;20;49;0;14;0;0;0;2;0;3;53;1;913;2;55;5;0;61;40;17;108
128;Steinfurt III;NW;Brief;0;27500;191;27309;13792;8903;688;908;2005;0;376;131;0;0;0;0;0;0;0;0;0;0;0;0;506;0;0;0;0;0;0;0;0;0;0;175;27325;12501;8322;1724;1053;2318;0;1407;371;98;0;13;22;0;10;0;0;0;3;0;2;42;2;684;8;15;2;0;30;22;13;70
129;Münster;NW;Brief;0;66246;381;65865;26637;21259;4733;2110;8192;0;1212;0;0;0;310;0;0;0;0;0;0;0;0;0;1266;0;0;0;0;0;0;0;0;0;146;287;65959;26634;16971;5110;3091;10185;0;3968;1327;136;0;20;214;0;23;0;0;0;8;0;14;54;4;1666;13;53;7;0;74;95;28;232
130;Warendorf;NW;Brief;0;38549;263;38286;20301;11378;1162;1099;2582;0;627;187;0;0;0;0;0;0;0;0;0;0;0;0;950;0;0;0;0;0;0;0;0;0;0;205;38344;18847;10438;2621;1313;2994;0;2131;563;154;0;22;37;0;11;0;0;0;5;0;6;67;7;984;9;34;1;0;99;47;14;71
131;Gütersloh I;NW;Brief;0;39825;325;39500;20207;12692;985;1288;2594;0;652;0;0;0;0;0;105;0;0;0;0;0;0;0;977;0;0;0;0;0;0;0;0;0;0;250;39575;18607;10856;2554;1477;3541;0;2540;621;209;0;31;81;0;46;0;0;0;4;0;1;75;11;1127;16;46;2;0;86;61;18;105
132;Bielefeld - Gütersloh II;NW;Brief;0;44519;380;44139;17580;15179;1366;2133;5727;0;972;0;0;0;0;0;0;0;0;0;0;0;0;0;1182;0;0;0;0;0;0;0;0;0;0;335;44184;16658;13523;2402;2665;5795;0;3141;919;225;0;28;91;0;20;0;0;0;7;0;15;112;15;1261;22;81;4;0;66;74;15;186
133;Herford - Minden-Lübbecke II;NW;Brief;0;42219;497;41722;17811;16223;2151;1629;2322;0;1014;0;0;0;0;0;0;0;0;0;0;0;0;0;0;0;0;410;0;0;0;0;0;0;162;295;41924;17569;13966;2303;1709;3374;0;3003;766;241;0;53;47;0;16;0;0;0;8;0;6;104;7;1254;13;77;6;0;188;82;15;120
134;Minden-Lübbecke I;NW;Brief;0;31921;360;31561;14589;12428;834;1073;1699;0;751;0;0;0;0;0;0;0;0;0;0;0;0;0;0;0;0;187;0;0;0;0;0;0;0;207;31714;12756;10789;1864;1271;2796;0;2238;562;169;0;50;31;0;20;0;0;0;1;0;5;83;5;983;7;51;7;0;86;58;20;100
135;Lippe I;NW;Brief;0;28797;317;28480;11456;11247;960;964;2046;0;532;0;0;0;0;0;0;0;0;0;0;0;0;0;682;0;0;241;0;0;0;0;0;0;352;241;28556;11365;9765;1774;1186;2410;0;2056;458;136;0;32;25;0;18;0;0;0;4;0;7;77;4;918;7;60;5;0;172;40;19;74
136;Höxter - Lippe II;NW;Brief;0;32719;323;32396;15782;9857;917;1126;2404;0;596;225;0;0;216;0;0;0;0;0;0;0;0;0;830;0;0;294;0;0;0;0;0;0;149;219;32500;14596;9561;2048;1358;2589;0;2348;557;185;0;21;118;0;9;0;0;0;0;0;5;75;7;964;30;41;4;0;174;31;16;111
137;Paderborn - Gütersloh III;NW;Brief;0;42991;326;42665;24996;9542;1030;1247;3539;0;922;251;0;0;0;0;0;0;0;0;0;0;0;0;902;0;0;0;0;0;0;0;0;0;236;294;42697;21738;9801;2697;1728;3619;0;3114;902;258;0;26;87;0;27;0;0;0;8;0;3;89;9;1291;8;41;11;0;154;67;25;108
138;Hagen - Ennepe-Ruhr-Kreis I;NW;Brief;0;36224;531;35693;12801;16316;1851;1381;1786;0;790;529;0;0;0;0;188;0;0;0;0;0;51;0;0;0;0;0;0;0;0;0;0;0;0;280;35944;13949;12624;2167;1775;2527;0;2902;569;259;0;46;55;0;67;0;0;0;9;0;18;104;6;1303;13;184;2;0;74;57;13;123
139;Ennepe-Ruhr-Kreis II;NW;Brief;0;38661;400;38261;14527;15625;1005;1563;3415;0;737;291;0;0;0;0;0;0;0;0;0;0;68;0;1030;0;0;0;0;0;0;0;0;0;0;322;38339;13511;14508;2111;1982;3533;0;2694;662;221;0;45;51;0;19;0;0;0;3;0;50;99;12;1160;29;77;14;0;44;64;21;123
140;Bochum I;NW;Brief;0;44926;1203;43723;17495;18369;753;2191;3175;0;1085;587;0;0;0;0;0;0;0;0;0;0;68;0;0;0;0;0;0;0;0;0;0;0;0;580;44346;15258;16850;2132;2500;4224;0;3382;904;383;0;34;66;0;20;0;0;0;10;0;25;90;9;1344;23;102;8;0;90;77;17;180
141;Herne - Bochum II;NW;Brief;0;28913;484;28429;9585;13242;560;1677;1925;0;787;583;0;0;0;0;0;0;0;0;0;0;70;0;0;0;0;0;0;0;0;0;0;0;0;297;28616;8954;12396;1023;1705;2053;0;2485;572;370;0;79;31;0;23;0;0;0;3;0;26;90;9;925;12;88;10;0;44;58;28;117
142;Dortmund I;NW;Brief;0;41683;359;41324;14126;17710;1066;1707;3457;0;999;453;0;0;0;0;79;0;0;0;0;0;65;0;1377;0;0;209;0;0;0;0;0;0;76;328;41355;13611;15102;2122;2260;4649;0;3611;989;367;0;20;47;0;47;0;0;0;4;0;37;122;6;1448;9;72;20;0;145;63;25;190
143;Dortmund II;NW;Brief;0;35754;400;35354;12364;15837;741;1791;2675;0;943;553;0;0;0;0;0;0;0;0;0;0;0;0;0;0;0;450;0;0;0;0;0;0;0;244;35510;11376;14344;1682;1981;3115;0;3012;757;364;0;34;36;0;27;0;0;0;7;0;6;125;4;1119;22;61;12;0;184;55;18;181
144;Unna I;NW;Brief;0;38233;438;37795;14710;16864;865;1486;2315;0;693;423;0;0;0;0;0;0;0;0;0;0;0;0;0;0;0;439;0;0;0;0;0;0;0;316;37917;13390;15278;1822;1683;3128;0;2616;562;266;0;26;33;0;21;0;0;0;16;0;7;98;5;1096;18;62;11;0;203;46;29;117
145;Hamm - Unna II;NW;Brief;0;40539;462;40077;17385;15818;1248;1605;2383;0;783;510;0;0;0;0;0;0;0;0;0;0;0;0;0;0;0;345;0;0;0;0;0;0;0;286;40253;16744;14456;1849;1797;2696;0;2711;638;322;0;50;32;0;29;0;0;0;3;0;14;104;7;997;20;101;10;0;186;39;18;141
146;Soest;NW;Brief;0;43865;558;43307;22321;13556;1409;1606;3078;0;915;422;0;0;0;0;0;0;0;0;0;0;0;0;0;0;0;0;0;0;0;0;0;0;0;302;43563;20245;12644;2711;1730;3298;0;2935;716;266;0;37;61;0;30;0;0;0;6;0;7;127;6;1247;15;56;12;0;67;111;33;138
147;Hochsauerlandkreis;NW;Brief;0;42704;547;42157;24208;11784;1088;1382;2190;0;797;421;0;0;0;0;0;0;0;0;0;0;0;0;0;0;0;287;0;0;0;0;0;0;0;387;42317;21455;11344;2675;1590;2278;0;2975;685;289;0;44;47;0;27;0;0;0;3;0;5;141;8;1238;5;67;6;0;189;76;22;123
148;Siegen-Wittgenstein;NW;Brief;0;41080;362;40718;18824;14318;1207;1346;2458;0;683;390;0;0;0;0;0;0;0;0;0;0;0;0;1492;0;0;0;0;0;0;0;0;0;0;315;40765;17414;12767;2416;1800;2836;0;3532;658;333;0;58;78;0;21;0;0;0;5;0;7;114;4;1876;25;61;4;0;64;63;28;133
149;Olpe - Märkischer Kreis I;NW;Brief;0;47908;418;47490;25339;14743;1478;1354;1912;0;741;414;0;0;0;0;0;0;0;0;0;0;0;0;1278;0;0;231;0;0;0;0;0;0;0;346;47562;23938;12893;2908;1702;2614;0;3507;657;354;0;46;65;0;32;0;0;0;11;0;7;150;10;1683;12;81;5;0;175;55;33;131
150;Märkischer Kreis II;NW;Brief;0;40208;346;39862;17914;15811;1088;1272;1407;0;633;399;0;0;0;0;0;0;0;0;0;0;0;0;1338;0;0;0;0;0;0;0;0;0;0;294;39914;18264;12096;2275;1607;2347;0;3325;664;294;0;54;48;0;48;0;0;0;6;0;5;120;4;1618;13;63;9;0;96;80;26;177
151;Nordsachsen;SN;Brief;0;15619;250;15369;6861;3296;381;3334;624;0;383;490;0;0;0;0;0;0;0;0;0;0;0;0;0;0;0;0;0;0;0;0;0;0;0;136;15483;6926;2590;520;3205;596;0;1646;288;376;0;0;0;0;0;0;0;0;21;0;22;0;0;742;0;47;0;0;150;0;0;0
152;Leipzig I;SN;Brief;0;25435;303;25132;9673;5665;514;5675;1946;0;790;543;0;0;0;0;0;0;0;0;326;0;0;0;0;0;0;0;0;0;0;0;0;0;0;218;25217;9257;4854;905;5114;2382;0;2705;760;358;0;0;0;0;0;0;0;0;78;0;45;0;0;1164;0;84;0;0;216;0;0;0
153;Leipzig II;SN;Brief;0;32866;298;32568;10590;8155;555;7408;3904;0;825;427;0;0;0;0;0;0;0;0;206;0;0;0;0;0;0;0;0;498;0;0;0;0;0;231;32635;10348;6529;1124;6807;4718;0;3109;1144;275;0;0;0;0;0;0;0;0;78;0;37;0;0;1293;0;63;0;0;219;0;0;0
154;Leipzig-Land;SN;Brief;0;22388;339;22049;11239;3685;554;4652;932;0;449;538;0;0;0;0;0;0;0;0;0;0;0;0;0;0;0;0;0;0;0;0;0;0;0;225;22163;10188;3606;784;4367;965;0;2253;407;388;0;0;0;0;0;0;0;0;24;0;25;0;0;1132;0;53;0;0;224;0;0;0
155;Meißen;SN;Brief;0;22377;263;22114;11804;2968;593;3850;1090;0;522;610;0;0;0;0;0;0;0;0;266;0;0;0;0;0;411;0;0;0;0;0;0;0;0;218;22159;10013;3052;965;4080;1217;0;2832;479;507;0;0;0;0;0;0;0;0;97;0;22;0;0;1253;0;192;0;0;282;0;0;0
156;Bautzen I;SN;Brief;0;18520;258;18262;8629;2258;606;3992;671;0;362;487;0;0;0;0;0;0;0;0;0;0;0;0;0;0;0;613;0;0;0;0;0;0;644;205;18315;8248;2542;703;3642;711;0;2469;351;395;0;0;0;0;0;0;0;0;25;0;26;0;0;1131;0;112;0;0;429;0;0;0
157;Görlitz;SN;Brief;0;20964;269;20695;10057;3329;413;4153;1038;0;551;680;0;0;0;0;0;0;0;0;245;0;0;0;0;0;0;0;0;0;0;229;0;0;0;213;20751;9149;2955;696;4086;998;0;2867;426;478;0;0;0;0;0;0;0;0;116;0;42;0;0;1380;0;101;0;0;324;0;0;0
158;Sächsische Schweiz - Osterzgebirge;SN;Brief;0;20943;297;20646;9956;2332;485;4247;822;0;380;795;0;0;0;0;0;0;0;0;185;0;0;0;0;0;0;1444;0;0;0;0;0;0;0;225;20718;9497;2587;828;3665;1020;0;3121;387;559;0;0;0;0;0;0;0;0;82;0;27;0;0;1260;0;85;0;0;721;0;0;0
159;Dresden I;SN;Brief;0;41257;463;40794;16571;6379;1004;10085;3338;0;1220;857;0;0;0;0;0;0;0;0;302;0;0;0;0;0;0;965;0;0;0;0;0;0;73;318;40939;16174;6769;1378;7233;4272;0;5113;1470;645;0;0;0;0;0;0;0;0;145;0;47;0;0;2178;0;63;0;0;565;0;0;0
160;Dresden II - Bautzen II;SN;Brief;0;36261;463;35798;13963;5624;965;6287;5016;0;1682;772;0;0;0;0;0;0;0;0;185;0;117;0;0;0;0;1187;0;0;0;0;0;0;0;313;35948;13343;5455;1321;6080;4727;0;5022;1678;601;0;0;0;0;0;0;0;0;84;0;68;0;0;1874;0;95;0;0;622;0;0;0
161;Mittelsachsen;SN;Brief;0;22382;291;22091;11119;3874;496;4422;955;0;595;630;0;0;0;0;0;0;0;0;0;0;0;0;0;0;0;0;0;0;0;0;0;0;0;212;22170;9988;3361;853;4486;960;0;2522;493;486;0;0;0;0;0;0;0;0;36;0;29;0;0;1136;0;77;0;0;265;0;0;0
162;Chemnitz;SN;Brief;0;29309;262;29047;11754;6440;688;6795;1816;0;571;625;0;0;0;0;0;0;0;0;0;0;0;0;0;0;0;0;0;358;0;0;0;0;0;216;29093;11257;5498;913;6662;2000;0;2763;648;443;0;0;0;0;0;0;0;0;42;0;60;0;0;1232;0;104;0;0;234;0;0;0
163;Chemnitzer Umland - Erzgebirgskreis II;SN;Brief;0;17793;310;17483;8843;2748;494;3531;865;0;503;499;0;0;0;0;0;0;0;0;0;0;0;0;0;0;0;0;0;0;0;0;0;0;0;165;17628;8356;2646;584;3295;760;0;1987;302;346;0;0;0;0;0;0;0;0;22;0;23;0;0;999;0;56;0;0;239;0;0;0
164;Erzgebirgskreis I;SN;Brief;0;21381;343;21038;10749;2628;1383;4130;955;0;490;703;0;0;0;0;0;0;0;0;0;0;0;0;0;0;0;0;0;0;0;0;0;0;0;200;21181;10030;2825;931;4017;772;0;2606;362;534;0;0;0;0;0;0;0;0;32;0;31;0;0;1240;0;79;0;0;328;0;0;0
165;Zwickau;SN;Brief;0;21946;312;21634;9839;3501;699;5176;870;0;367;488;0;0;0;0;0;0;0;0;143;0;0;0;0;0;0;551;0;0;0;0;0;0;0;214;21732;10095;3439;661;4359;903;0;2275;320;400;0;0;0;0;0;0;0;0;61;0;25;0;0;1022;0;74;0;0;373;0;0;0
166;Vogtlandkreis;SN;Brief;0;20117;334;19783;9401;4249;681;3667;691;0;520;574;0;0;0;0;0;0;0;0;0;0;0;0;0;0;0;0;0;0;0;0;0;0;0;201;19916;8798;3345;754;3842;933;0;2244;380;419;0;0;0;0;0;0;0;0;26;0;26;0;0;1140;0;62;0;0;191;0;0;0
167;Waldeck;HE;Brief;0;30480;940;29540;12139;11954;1136;1248;2245;0;574;0;0;0;0;0;0;0;0;0;0;0;0;0;0;0;0;0;0;0;0;0;0;0;244;667;29813;11067;10703;1709;1211;2666;0;2457;366;169;0;32;0;0;0;0;0;0;9;0;5;0;9;1517;0;31;0;0;225;0;0;94
168;Kassel;HE;Brief;0;39368;1256;38112;14107;14222;1219;2510;4755;0;920;0;0;0;0;0;0;0;0;0;0;0;71;0;0;0;0;0;0;0;0;0;0;0;308;884;38484;12793;12628;2044;2547;5246;0;3226;697;173;0;32;0;0;0;0;0;0;15;0;27;0;19;1842;0;37;0;0;193;0;0;191
169;Werra-Meißner - Hersfeld-Rotenburg;HE;Brief;0;27433;830;26603;11042;11273;677;1207;1664;0;417;323;0;0;0;0;0;0;0;0;0;0;0;0;0;0;0;0;0;0;0;0;0;0;0;543;26890;9882;9730;1297;1229;2223;0;2529;354;249;0;19;0;0;0;0;0;0;11;0;17;0;6;1523;0;32;0;0;219;0;0;99
170;Schwalm-Eder;HE;Brief;0;28022;752;27270;10723;11455;733;1090;1903;0;470;265;0;0;0;0;0;0;0;0;0;0;0;0;0;0;0;631;0;0;0;0;0;0;0;578;27444;9703;9924;1533;1191;2375;0;2718;395;174;0;34;0;0;0;0;0;0;11;0;7;0;10;1600;0;42;0;0;353;0;0;92
171;Marburg;HE;Brief;0;25070;460;24610;9604;10350;545;1179;2107;0;495;169;0;0;0;0;0;0;0;0;0;0;0;0;0;0;0;0;0;161;0;0;0;0;0;327;24743;8946;7753;1219;1552;3453;0;1820;440;100;0;32;0;0;0;0;0;0;4;0;4;0;15;952;0;21;0;0;123;0;0;129
172;Lahn-Dill;HE;Brief;0;26729;616;26113;12992;8401;773;910;1960;0;504;363;0;0;0;0;0;0;0;0;0;0;0;0;0;0;0;0;0;0;0;0;0;0;210;430;26299;11418;7647;1543;1055;2203;0;2433;421;240;0;43;0;0;0;0;0;0;14;0;3;0;11;1358;0;30;0;0;231;0;0;82
173;Gießen;HE;Brief;0;32569;734;31835;14206;10468;1308;1218;3156;0;811;338;0;0;0;0;0;0;0;0;0;0;0;0;0;0;0;0;0;0;0;0;0;0;330;564;32005;12539;8953;1999;1676;3849;0;2989;657;262;0;34;0;0;0;0;0;0;12;0;7;0;14;1370;0;41;0;0;424;0;0;168
174;Fulda;HE;Brief;0;27302;650;26652;15229;6560;883;1065;1954;0;596;365;0;0;0;0;0;0;0;0;0;0;0;0;0;0;0;0;0;0;0;0;0;0;0;446;26856;13451;5812;1628;1094;2273;0;2598;469;234;0;55;0;0;0;0;0;0;12;0;4;0;14;1473;0;24;0;0;200;0;0;113
175;Main-Kinzig - Wetterau II - Schotten;HE;Brief;0;27005;797;26208;13028;8245;797;1201;1685;0;744;508;0;0;0;0;0;0;0;0;0;0;0;0;0;0;0;0;0;0;0;0;0;0;0;567;26438;11194;7092;1645;1146;2345;0;3016;453;350;0;93;0;0;0;0;0;0;16;0;7;0;15;1634;0;31;0;0;280;0;0;137
176;Hochtaunus;HE;Brief;0;36796;659;36137;18250;9230;1789;1156;2859;0;494;135;0;96;0;0;0;0;0;0;0;0;0;0;2128;0;0;0;0;0;0;0;0;0;0;591;36205;16249;8239;3418;1328;3463;0;3508;459;150;0;94;0;0;0;0;0;0;15;0;9;0;4;2377;0;35;0;0;235;0;0;130
177;Wetterau I;HE;Brief;0;30974;819;30155;14626;9164;1120;1128;2507;0;523;394;0;0;0;0;0;0;0;0;0;0;0;0;0;0;0;693;0;0;0;0;0;0;0;597;30377;13058;7997;2151;1187;3013;0;2971;449;293;0;39;0;0;0;0;0;0;13;0;3;0;7;1660;0;30;0;0;373;0;0;104
178;Rheingau-Taunus - Limburg;HE;Brief;0;42694;869;41825;22785;11366;1249;1306;2497;0;617;245;0;0;0;0;0;0;0;0;0;0;0;0;1760;0;0;0;0;0;0;0;0;0;0;751;41943;20128;9944;3070;1434;3713;0;3654;598;227;0;59;0;0;0;0;0;0;17;0;7;0;17;2251;0;52;0;0;293;0;0;133
179;Wiesbaden;HE;Brief;0;35176;605;34571;16200;10686;1291;1123;3208;0;511;151;0;0;0;0;0;0;0;0;106;0;0;0;1295;0;0;0;0;0;0;0;0;0;0;501;34675;14492;8659;2981;1422;4465;0;2656;525;127;0;75;0;0;0;0;0;0;49;0;14;0;8;1549;0;31;0;0;162;0;0;116
180;Hanau;HE;Brief;0;27175;979;26196;11861;9358;873;1187;1734;0;542;393;0;0;0;0;0;0;0;0;0;0;0;0;0;0;0;0;0;248;0;0;0;0;0;834;26341;10796;7349;1674;1291;2604;0;2627;452;249;0;129;0;0;0;0;0;0;16;0;6;0;8;1356;0;50;0;0;184;0;0;177
181;Main-Taunus;HE;Brief;0;43701;1118;42583;23478;10339;2485;1352;3663;0;888;378;0;0;0;0;0;0;0;0;0;0;0;0;0;0;0;0;0;0;0;0;0;0;0;688;43013;20063;8779;4457;1344;4243;0;4127;628;193;0;71;0;0;0;0;0;0;21;0;7;0;9;2710;0;37;0;0;348;0;0;103
182;Frankfurt am Main I;HE;Brief;0;35011;643;34368;15447;9708;1630;1840;3872;0;756;209;0;169;0;0;0;0;0;0;42;0;0;0;0;0;0;424;0;271;0;0;0;0;0;488;34523;12944;7899;3294;2094;5130;0;3162;739;158;0;84;0;0;0;0;0;0;24;0;14;0;14;1645;0;29;0;0;243;0;0;212
183;Frankfurt am Main II;HE;Brief;0;44642;695;43947;17227;11602;2117;1916;6529;0;741;213;0;0;0;0;0;0;0;0;27;0;0;0;1302;0;0;277;0;363;0;0;0;0;1633;594;44048;16341;10209;3882;2586;7279;0;3751;910;188;0;47;0;0;0;0;0;0;21;0;15;0;12;2001;0;33;0;0;241;0;0;283
184;Groß-Gerau;HE;Brief;0;26732;787;25945;11483;9417;645;1247;2385;0;768;0;0;0;0;0;0;0;0;0;0;0;0;0;0;0;0;0;0;0;0;0;0;0;0;572;26160;10197;7709;1515;1267;3027;0;2445;486;203;0;90;0;0;0;0;0;0;12;0;8;0;8;1275;0;42;0;0;188;0;0;133
185;Offenbach;HE;Brief;0;37742;1047;36695;17824;10282;1495;1679;3245;0;713;454;0;0;0;0;0;0;0;0;0;0;0;0;0;0;0;1003;0;0;0;0;0;0;0;805;36937;15499;8987;2993;1769;4038;0;3651;667;265;0;123;0;0;0;0;0;0;11;0;9;0;22;1847;0;48;0;0;479;0;0;180
186;Darmstadt;HE;Brief;0;42799;869;41930;15112;15279;1500;1696;5489;0;1071;251;0;0;0;0;0;0;0;0;0;0;0;0;1532;0;0;0;0;0;0;0;0;0;0;723;42076;15267;11560;2593;2279;6515;0;3862;1164;201;0;55;0;0;0;0;0;0;18;0;11;0;18;1942;0;39;0;0;216;0;0;198
187;Odenwald;HE;Brief;0;41689;1253;40436;19752;12835;1549;1547;3157;0;1058;538;0;0;0;0;0;0;0;0;0;0;0;0;0;0;0;0;0;0;0;0;0;0;0;898;40791;17523;11053;2615;1734;3929;0;3937;783;339;0;130;0;0;0;0;0;0;32;0;10;0;14;2085;0;83;0;0;302;0;0;159
188;Bergstraße;HE;Brief;0;34915;593;34322;17679;10260;818;927;2081;0;480;262;0;0;0;0;0;0;0;0;0;0;0;0;1366;0;0;449;0;0;0;0;0;0;0;604;34311;15581;9045;2257;1180;3053;0;3195;499;241;0;111;0;0;0;0;0;0;17;0;4;0;18;1723;0;45;0;0;424;0;0;113
189;Eichsfeld - Nordhausen - Unstrut-Hainich-Kreis I;TH;Brief;0;21812;214;21598;10529;4009;334;3990;940;0;369;421;0;0;518;0;0;0;0;0;0;0;0;0;0;0;0;488;0;0;0;0;0;0;0;192;21620;9657;3771;631;3944;1229;0;2388;336;381;0;19;361;0;0;0;0;0;0;0;26;0;0;901;0;0;0;0;364;0;0;0
190;Eisenach - Wartburgkreis - Unstrut-Hainich-Kreis II;TH;Brief;0;19334;278;19056;8370;3632;330;4231;910;0;420;458;0;0;0;0;0;0;0;0;0;0;0;0;0;0;0;705;0;0;0;0;0;0;0;219;19115;7887;3417;561;3964;1126;0;2160;341;402;0;34;121;0;0;0;0;0;0;0;38;0;0;753;0;0;0;0;471;0;0;0
191;Kyffhäuserkreis - Sömmerda - Weimarer Land I;TH;Brief;0;17881;286;17595;7637;3255;388;4605;747;0;543;420;0;0;0;0;0;0;0;0;0;0;0;0;0;0;0;0;0;0;0;0;0;0;0;214;17667;7021;3004;552;4167;938;0;1985;389;352;0;24;109;0;0;0;0;0;0;0;29;0;0;806;0;0;0;0;276;0;0;0
192;Gotha - Ilm-Kreis;TH;Brief;0;22122;229;21893;7827;6224;361;3976;907;0;566;388;0;0;0;0;0;0;0;0;0;0;0;0;1221;0;0;423;0;0;0;0;0;0;0;217;21905;8532;4247;579;4330;1462;0;2755;539;356;0;28;99;0;0;0;0;0;0;0;32;0;0;1345;0;0;0;0;356;0;0;0
193;Erfurt - Weimar - Weimarer Land II;TH;Brief;0;31355;376;30979;11245;7927;418;6437;2768;0;1061;465;0;0;0;0;0;0;0;0;0;0;0;0;0;0;0;658;0;0;0;0;0;0;0;266;31089;10671;5864;952;6292;3738;0;3572;952;291;0;43;269;0;0;0;0;0;0;0;51;0;0;1518;0;0;0;0;448;0;0;0
194;Gera - Jena - Saale-Holzland-Kreis;TH;Brief;0;30900;312;30588;10275;6146;701;8151;2095;0;772;354;0;0;305;0;0;0;0;0;0;0;0;0;1467;0;0;242;80;0;0;0;0;0;0;276;30624;10412;5359;1044;7463;2918;0;3428;901;360;0;30;257;0;0;0;0;0;0;0;106;0;0;1522;0;0;0;0;252;0;0;0
195;Greiz - Altenburger Land;TH;Brief;0;16485;224;16261;7589;2452;294;3719;583;0;384;314;0;0;0;0;0;0;0;0;0;0;0;0;926;0;0;0;0;0;0;0;0;0;0;194;16291;7123;2539;534;3420;750;0;1925;302;310;0;23;139;0;0;0;0;0;0;0;26;0;0;970;0;0;0;0;155;0;0;0
196;Sonneberg - Saalfeld-Rudolstadt - Saale-Orla-Kreis;TH;Brief;0;22694;388;22306;9408;4633;694;5293;1252;0;0;702;0;0;0;0;0;0;0;0;0;0;127;0;0;0;0;0;0;0;0;0;0;0;197;235;22459;8998;3877;709;4917;1214;0;2744;468;474;0;39;175;0;0;0;0;0;0;0;53;0;0;1210;0;0;0;0;325;0;0;0
197;Suhl - Schmalkalden-Meiningen - Hildburghausen;TH;Brief;0;20681;229;20452;8385;4057;358;5477;833;0;460;391;0;0;0;0;0;0;0;0;0;0;0;0;0;0;0;491;0;0;0;0;0;0;0;182;20499;8042;3599;627;4954;1223;0;2054;372;310;0;31;128;0;0;0;0;0;0;0;22;0;0;836;0;0;0;0;355;0;0;0
198;Neuwied;RP;Brief;0;49265;862;48403;23384;17123;1533;1599;2190;0;829;505;0;0;0;0;0;0;0;0;0;0;0;0;0;0;0;1240;0;0;0;0;0;0;0;514;48751;23104;13167;2973;1836;3293;0;4378;758;353;0;75;115;0;0;0;0;0;0;0;17;0;0;2202;0;106;0;0;636;0;116;0
199;Ahrweiler;RP;Brief;0;40473;835;39638;22623;10235;1136;1374;2561;0;1177;0;0;0;532;0;0;0;0;0;0;0;0;0;0;0;0;0;0;0;0;0;0;0;0;396;40077;20140;9351;2737;1440;2931;0;3478;766;212;0;60;231;0;0;0;0;0;0;0;10;0;0;1767;0;75;0;0;284;0;73;0
200;Koblenz;RP;Brief;0;46690;963;45727;22970;12585;1643;1768;4109;0;1101;0;0;0;0;0;0;0;0;0;0;0;0;0;0;0;0;1551;0;0;0;0;0;0;0;501;46189;22083;11750;2999;1785;3606;0;3966;842;227;0;62;98;0;0;0;0;0;0;0;11;0;0;1821;0;93;0;0;734;0;78;0
201;Mosel/Rhein-Hunsrück;RP;Brief;0;28920;601;28319;15181;7463;1144;1073;1432;0;541;197;0;0;249;0;0;0;0;0;0;0;0;0;0;0;0;1039;0;0;0;0;0;0;0;342;28578;14221;6653;2215;1129;1920;0;2440;477;141;0;27;142;0;0;0;0;0;0;0;7;0;0;1075;0;73;0;0;442;0;56;0
202;Kreuznach;RP;Brief;0;31476;662;30814;13080;10821;1248;1342;1707;0;645;329;0;0;0;0;0;0;0;0;0;0;0;0;0;0;0;1386;0;0;0;0;0;0;256;390;31086;13131;9169;2225;1448;2291;0;2822;519;266;0;45;63;0;0;0;0;0;0;0;11;0;0;1269;0;73;0;0;505;0;71;0
203;Bitburg;RP;Brief;0;27396;535;26861;14470;6886;1173;734;1647;0;461;217;0;0;125;0;0;0;0;0;0;0;0;0;0;0;0;869;279;0;0;0;0;0;0;331;27065;13539;5910;2147;988;2002;0;2479;486;183;0;36;87;0;0;0;0;0;0;0;7;0;0;905;0;46;0;0;540;0;189;0
204;Trier;RP;Brief;0;37355;569;36786;18264;10626;1009;1727;3022;0;1048;238;0;0;0;0;0;0;0;0;0;0;0;0;0;0;0;530;0;322;0;0;0;0;0;353;37002;16688;8900;2409;1924;3981;0;3100;988;171;0;43;92;0;0;0;0;0;0;0;16;0;0;1294;0;47;0;0;380;0;69;0
205;Montabaur;RP;Brief;0;41626;819;40807;20693;11567;1408;1536;2885;0;860;519;0;0;0;0;0;0;0;0;0;0;0;0;0;0;0;1339;0;0;0;0;0;0;0;438;41188;19431;10732;2683;1592;2927;0;3823;759;349;0;67;85;0;0;0;0;0;0;0;10;0;0;1713;0;100;0;0;656;0;84;0
206;Mainz;RP;Brief;0;63014;1120;61894;25559;18982;4375;2104;7492;0;1403;0;0;0;668;0;0;0;0;0;110;0;0;0;0;0;0;957;244;0;0;0;0;0;0;672;62342;25466;15299;4925;2574;8605;0;5473;1377;262;0;196;493;0;0;0;0;0;0;0;27;0;0;2361;0;114;0;0;488;0;155;0
207;Worms;RP;Brief;0;42153;733;41420;17908;14550;1352;1249;2540;0;724;513;0;0;221;0;0;0;0;0;0;0;0;0;1717;0;0;646;0;0;0;0;0;0;0;556;41597;16948;12154;2920;1633;3651;0;4291;804;479;0;155;152;0;0;0;0;0;0;0;11;0;0;1957;0;85;0;0;521;0;127;0
208;Ludwigshafen/Frankenthal;RP;Brief;0;45849;889;44960;20348;15423;1525;1766;2225;0;1066;545;0;641;0;0;0;0;0;0;0;0;71;0;0;0;0;1350;0;0;0;0;0;0;0;635;45214;18636;13176;2925;1981;3382;0;5114;991;456;0;485;93;0;0;0;0;0;0;0;31;0;0;2031;0;107;0;0;763;0;157;0
209;Neustadt - Speyer;RP;Brief;0;54772;1204;53568;26520;14204;1812;1945;4720;0;1218;754;0;0;0;339;0;0;0;0;0;0;0;0;0;0;0;1706;350;0;0;0;0;0;0;762;54010;24514;13168;3694;2067;4854;0;5713;1045;453;0;305;148;0;0;0;0;0;0;0;10;0;0;2246;0;123;0;0;1134;0;249;0
210;Kaiserslautern;RP;Brief;0;40190;829;39361;14860;14362;1205;2408;2706;0;1189;752;0;0;0;562;0;0;0;0;0;0;0;0;0;0;0;1317;0;0;0;0;0;0;0;591;39599;14559;12450;2318;2423;3303;0;4546;1076;561;0;122;113;0;0;0;0;0;0;0;16;0;0;1440;0;104;0;0;963;0;151;0
211;Pirmasens;RP;Brief;0;34052;1130;32922;15847;9952;1124;1540;1442;0;793;453;0;514;0;0;0;0;0;0;0;0;0;0;0;0;0;1257;0;0;0;0;0;0;0;735;33317;15398;8769;2042;1686;1701;0;3721;720;408;0;352;100;0;0;0;0;0;0;0;9;0;0;1219;0;92;0;0;673;0;148;0
212;Südpfalz;RP;Brief;0;46362;877;45485;22572;11573;2328;1531;3723;0;1285;506;0;467;345;0;0;0;0;0;0;0;0;0;0;0;0;1155;0;0;0;0;0;0;0;630;45732;20146;11190;3421;1799;4111;0;5065;1144;437;0;361;251;0;0;0;0;0;0;0;16;0;0;1860;0;123;0;0;748;0;125;0
213;Altötting;BY;Brief;0;39020;329;38691;0;5352;1050;790;2504;24802;820;0;0;0;0;0;0;0;0;0;155;248;0;0;1162;0;0;1808;0;0;0;0;0;0;0;343;38677;0;5813;1657;872;2664;21751;5920;630;233;379;204;625;0;18;0;754;0;56;127;3;0;0;1308;0;29;0;101;1414;0;39;0
214;Erding - Ebersberg;BY;Brief;0;48949;335;48614;0;9201;1331;1082;4310;25332;0;0;0;0;1332;0;74;0;1298;0;0;0;0;0;2134;0;0;2371;0;0;0;0;0;149;0;277;48672;0;7620;2691;1166;4880;23745;8570;884;188;501;448;900;0;48;0;1084;0;15;78;14;0;0;2323;0;32;0;104;1908;0;43;0
215;Freising;BY;Brief;0;59446;593;58853;0;9446;1840;1338;7681;30125;1279;0;0;0;1209;0;0;0;0;0;0;0;0;0;2149;0;0;3786;0;0;0;0;0;0;0;416;59030;0;8691;2852;1486;5949;29853;10199;1149;402;563;227;919;0;24;0;1110;0;14;92;12;0;0;2434;0;49;0;114;3038;0;52;0
216;Fürstenfeldbruck;BY;Brief;0;65092;468;64624;0;12083;1850;1363;5680;35212;1422;0;0;0;1204;0;0;0;0;0;0;0;0;0;2996;0;0;2814;0;0;0;0;0;0;0;366;64726;0;11160;3638;1469;6420;32034;10005;1175;238;651;210;918;0;29;0;1031;0;11;92;9;0;0;3047;0;52;0;102;2389;0;51;0
217;Ingolstadt;BY;Brief;0;62598;477;62121;0;9766;1577;2228;4608;37164;1385;0;0;0;932;0;0;0;0;0;0;0;0;0;1579;0;0;2655;0;227;0;0;0;0;0;533;62065;0;10266;2919;1816;4423;33610;9031;1134;468;488;302;890;0;22;0;978;0;8;93;9;0;0;1805;0;43;0;129;2605;0;57;0
218;München-Nord;BY;Brief;0;63168;449;62719;0;17747;2930;1731;7491;27762;2069;392;0;0;1080;0;0;0;0;0;87;0;62;0;0;0;0;1368;0;0;0;0;0;0;0;256;62912;0;13962;6123;2109;9492;23730;7496;1688;214;482;108;737;0;23;0;498;0;25;88;19;0;0;2297;0;47;0;93;1132;0;45;0
219;München-Ost;BY;Brief;0;66455;528;65927;0;17214;3571;1690;7298;29811;1424;417;0;0;1220;0;0;0;947;0;97;0;0;0;0;0;0;2238;0;0;0;0;0;0;0;261;66194;0;13881;6358;2186;9076;26891;7802;1455;238;516;136;689;0;29;0;629;0;16;90;13;0;0;2518;0;51;0;87;1266;0;69;0
220;München-Süd;BY;Brief;0;62115;411;61704;0;15671;2273;1982;7883;27573;1598;277;0;0;1240;0;0;0;0;0;62;0;0;0;1671;0;0;1474;0;0;0;0;0;0;0;288;61827;0;13265;4853;2330;9440;24095;7844;1622;225;501;128;684;0;18;0;648;0;29;94;16;0;0;2412;0;37;0;102;1280;0;48;0
221;München-West/Mitte;BY;Brief;0;70354;533;69821;0;18042;3648;2276;10117;30163;1701;357;0;0;1249;0;0;0;0;0;77;0;0;0;0;0;306;1769;0;0;0;0;0;0;116;323;70031;0;15068;5931;2578;11627;26660;8167;1665;217;591;139;829;0;23;0;564;0;25;109;13;0;0;2526;0;89;0;107;1217;0;53;0
222;München-Land;BY;Brief;0;74850;468;74382;0;13010;3795;1296;9772;38304;1241;0;0;0;1055;0;99;0;0;0;0;0;0;0;2817;0;0;2849;144;0;0;0;0;0;0;441;74409;0;13275;7136;1688;8095;34841;9374;1299;219;637;213;822;0;32;0;727;0;14;84;10;0;0;3119;0;46;0;105;1962;0;85;0
223;Rosenheim;BY;Brief;0;57056;444;56612;0;6481;2085;1123;6283;31503;1290;0;0;751;1344;0;0;0;1503;0;64;0;0;0;2118;0;0;1956;0;0;0;0;0;0;111;422;56634;0;8007;3238;1300;5569;29491;9029;938;227;527;537;1032;0;16;0;1392;0;47;104;6;0;0;2401;0;32;0;122;1592;0;56;0
224;Starnberg;BY;Brief;0;75085;942;74143;0;11950;7332;1585;6958;37973;1583;0;0;0;1567;0;0;0;0;0;0;0;0;0;0;0;0;5195;0;0;0;0;0;0;0;484;74601;0;10330;6402;1491;7132;37460;11786;1145;270;656;204;1027;0;26;0;1409;0;13;170;10;0;0;3891;0;57;0;98;2715;0;95;0
225;Traunstein;BY;Brief;0;53067;596;52471;0;9354;1608;1286;5316;31588;1085;0;0;724;1510;0;0;0;0;0;0;0;0;0;0;0;0;0;0;0;0;0;0;0;0;415;52652;0;7556;2521;1276;5392;29102;6805;747;234;467;343;871;0;24;0;932;0;13;90;4;0;0;1427;0;31;0;74;1488;0;60;0
226;Weilheim;BY;Brief;0;69122;789;68333;0;10386;2796;1592;6434;37401;1053;515;0;0;2073;0;0;0;2730;0;0;0;0;0;0;0;0;3353;0;0;0;0;0;0;0;535;68587;0;9891;4190;1640;6520;34875;11471;1028;345;640;161;1354;0;32;0;1846;0;17;118;11;0;0;3435;0;46;0;156;2202;0;80;0
227;Deggendorf;BY;Brief;0;37551;337;37214;0;5630;1007;1028;1938;21901;530;717;0;0;0;0;0;0;987;0;0;0;0;0;1167;0;0;2309;0;0;0;0;0;0;0;304;37247;0;5993;1525;1094;1855;20016;6764;532;605;375;205;463;0;20;0;892;0;8;41;5;0;0;1311;0;33;0;92;2152;0;30;0
228;Landshut;BY;Brief;0;62697;631;62066;0;8829;2478;1325;5745;34507;1140;779;0;0;1651;0;0;0;0;0;0;0;0;0;0;0;0;5612;0;0;0;0;0;0;0;408;62289;0;9021;2979;1390;4475;33184;11240;907;492;598;196;997;0;21;0;1300;0;10;108;5;0;0;1689;0;69;0;131;4652;0;65;0
229;Passau;BY;Brief;0;50698;611;50087;0;9529;0;1390;2909;29407;1051;528;0;0;1569;0;0;0;0;0;0;0;0;0;1464;0;0;2240;0;0;0;0;0;0;0;415;50283;0;8913;2437;1553;3339;26517;7524;846;480;486;161;996;0;9;0;647;0;10;63;7;0;0;1682;0;42;0;100;1945;0;50;0
230;Rottal-Inn;BY;Brief;0;38277;474;37803;0;6218;929;835;2019;21733;0;711;0;0;1343;0;0;0;0;0;0;0;0;0;980;0;0;2726;0;309;0;0;0;0;0;317;37960;0;5684;1606;844;2144;21314;6368;546;523;372;191;862;0;9;0;738;0;16;60;3;0;0;1077;0;20;0;87;1814;0;50;0
231;Straubing;BY;Brief;0;41474;478;40996;0;7067;1268;812;1604;23864;724;673;0;0;1510;0;0;0;0;0;0;0;0;0;1380;0;0;2094;0;0;0;0;0;0;0;382;41092;0;6426;1894;963;1944;22872;6993;603;554;385;156;898;0;11;0;742;0;5;30;11;0;0;1260;0;14;0;93;2175;0;56;0
232;Amberg;BY;Brief;0;47264;506;46758;0;8852;1240;1217;2753;26585;1204;627;0;0;1407;0;0;0;0;0;0;0;0;0;0;0;0;2873;0;0;0;0;0;0;0;447;46817;0;8224;1941;1268;3468;24368;7548;953;471;377;119;794;0;23;0;585;0;13;52;9;0;0;1393;0;32;0;103;2581;0;43;0
233;Regensburg;BY;Brief;0;59381;470;58911;0;12375;3258;1587;5621;26750;1183;450;0;0;1766;0;0;0;0;0;0;0;0;0;2000;0;0;3767;0;0;0;0;0;0;154;420;58961;0;10656;3008;1767;6167;27825;9538;1178;388;572;169;1104;0;19;0;642;0;6;89;12;0;0;1984;0;27;0;120;3175;0;53;0
234;Schwandorf;BY;Brief;0;55026;476;54550;0;13206;1287;1169;1908;30529;0;811;0;0;1003;0;0;0;1414;0;0;0;0;0;0;0;0;3223;0;0;0;0;0;0;0;621;54405;0;10052;1903;1452;2553;28871;9574;894;643;587;235;706;0;24;0;1102;0;15;58;5;0;0;1465;0;28;0;131;3607;0;74;0
235;Weiden;BY;Brief;0;43392;381;43011;0;9366;765;975;1902;22318;699;707;0;0;670;0;0;0;0;0;0;0;0;0;997;0;0;2137;0;0;0;0;0;0;2475;444;42948;0;9497;1479;1242;2187;21818;6725;666;725;420;137;505;0;12;0;526;0;4;47;12;0;0;1303;0;42;0;127;2126;0;73;0
236;Bamberg;BY;Brief;0;45782;333;45449;0;9749;2053;1274;3897;23787;1021;481;0;0;0;0;0;0;0;0;0;0;0;0;1524;0;0;1663;0;0;0;0;0;0;0;362;45420;0;8342;2452;1432;4343;22431;6420;1015;504;423;225;350;0;22;0;314;0;9;56;12;0;0;1613;0;23;0;143;1657;0;54;0
237;Bayreuth;BY;Brief;0;37445;438;37007;0;9335;1451;859;2776;20006;852;427;0;0;0;0;0;0;0;0;0;0;0;0;1301;0;0;0;0;0;0;0;0;0;0;306;37139;0;8305;2181;982;2978;17523;5170;722;328;364;208;248;0;15;0;176;0;7;47;14;0;0;1315;0;19;0;113;1546;0;48;0
238;Coburg;BY;Brief;0;28554;232;28322;0;8956;706;664;1396;14102;423;281;0;0;0;0;0;0;0;0;0;0;0;0;791;0;0;1003;0;0;0;0;0;0;0;257;28297;0;7444;1413;849;2024;13220;3347;427;269;246;57;183;0;8;0;93;0;8;34;10;0;0;1045;0;12;0;76;844;0;35;0
239;Hof;BY;Brief;0;35197;310;34887;0;9209;583;1181;2375;19842;0;450;0;0;0;0;0;0;0;0;0;0;0;0;1247;0;0;0;0;0;0;0;0;0;0;342;34855;0;8555;1464;1196;2325;16844;4471;606;390;409;126;216;0;13;0;194;0;3;32;5;0;0;1318;0;28;0;85;1001;0;45;0
240;Kulmbach;BY;Brief;0;42379;436;41943;0;9182;954;991;1871;23461;739;686;0;0;616;0;0;0;602;0;0;0;0;0;1221;0;0;1620;0;0;0;0;0;0;0;442;41937;0;8567;1710;1152;2465;21956;6087;795;657;412;243;328;0;11;0;385;0;7;56;10;0;0;1349;0;39;0;145;1598;0;52;0
241;Ansbach;BY;Brief;0;54071;499;53572;0;11962;3201;1780;3306;27615;1227;730;0;0;0;0;85;0;658;0;0;164;0;0;0;0;0;2844;0;0;0;0;0;0;0;460;53611;0;11677;2869;1736;4942;24572;7815;1031;583;531;279;708;0;49;0;432;0;7;104;7;0;0;1583;0;59;0;134;2257;0;51;0
242;Erlangen;BY;Brief;0;48455;317;48138;0;11754;1362;1711;4963;23261;1168;294;0;0;0;0;0;0;263;0;0;0;0;0;1480;0;0;1882;0;0;0;0;0;0;0;335;48120;0;10981;3060;1679;6217;19762;6421;1157;285;383;99;478;0;28;0;242;0;12;52;11;0;0;1762;0;20;0;111;1725;0;56;0
243;Fürth;BY;Brief;0;54657;417;54240;0;13885;1298;1823;5261;26652;1403;633;0;0;0;0;0;0;0;0;0;0;0;0;1598;0;0;1687;0;0;0;0;0;0;0;496;54161;0;13115;2930;2138;5617;22854;7507;1165;472;534;325;520;0;40;0;314;0;11;70;41;0;0;1973;0;41;0;126;1795;0;80;0
244;Nürnberg-Nord;BY;Brief;0;45401;357;45044;0;12983;1695;2311;5206;18077;1412;423;0;0;0;0;0;0;0;0;0;0;33;0;1463;0;0;1008;0;329;0;0;0;0;104;286;45115;0;10913;2988;2562;6699;16050;5903;1426;342;444;141;428;0;34;0;185;0;10;75;58;0;0;1760;0;28;0;100;832;0;40;0
245;Nürnberg-Süd;BY;Brief;0;36510;310;36200;0;11160;872;1459;3173;15693;909;483;0;0;0;0;70;0;0;0;0;0;0;0;1334;0;0;1047;0;0;0;0;0;0;0;269;36241;0;9875;1764;1682;3508;14585;4827;805;441;340;164;285;0;53;0;137;0;5;41;9;0;0;1496;0;30;0;75;903;0;43;0
246;Roth;BY;Brief;0;58914;553;58361;0;15189;2595;1740;4455;28756;1320;781;0;0;0;0;0;0;0;0;0;0;0;0;0;0;0;3525;0;0;0;0;0;0;0;470;58444;0;13728;2941;1816;5597;26200;8162;1092;460;555;334;460;0;29;0;276;0;11;83;4;0;0;1729;0;47;0;119;2891;0;72;0
247;Aschaffenburg;BY;Brief;0;43370;824;42546;0;9777;1851;826;3549;22570;990;557;0;0;587;0;0;0;0;0;0;0;0;0;0;0;0;1661;0;0;0;0;0;0;178;691;42679;0;8633;2579;1119;3843;20896;5609;768;405;450;267;334;0;22;0;242;0;8;74;16;0;0;1429;0;58;0;106;1371;0;59;0
248;Bad Kissingen;BY;Brief;0;56984;683;56301;0;11037;2039;2105;5154;31684;1255;858;0;0;0;0;0;0;0;0;0;0;0;0;0;0;0;2169;0;0;0;0;0;0;0;666;56318;0;9719;2834;2041;4025;30439;7260;1060;637;445;332;510;0;38;0;368;0;12;80;8;0;0;1473;0;47;0;143;1990;0;117;0
249;Main-Spessart;BY;Brief;0;55386;784;54602;0;12228;1850;1307;3514;27833;1031;437;0;526;0;0;148;0;0;0;0;0;0;0;1660;0;0;4068;0;0;0;0;0;0;0;676;54710;0;11085;2637;1385;4048;27294;8261;972;467;508;456;442;0;73;0;300;0;17;86;5;0;0;1779;0;29;0;148;2910;0;69;0
250;Schweinfurt;BY;Brief;0;45149;538;44611;0;9743;1268;2100;2991;23746;894;511;0;0;414;0;0;0;637;0;0;0;0;0;0;0;0;2307;0;0;0;0;0;0;0;466;44683;0;8996;2124;1818;3452;22419;5874;719;323;362;359;340;0;30;0;394;0;12;44;14;0;0;1176;0;40;0;130;1872;0;59;0
251;Würzburg;BY;Brief;0;67624;582;67042;0;16173;2804;1751;6746;33147;1591;609;0;0;883;0;0;0;0;0;0;0;0;0;1739;0;0;1599;0;0;0;0;0;0;0;600;67024;0;14318;3749;2140;8025;30750;8042;1496;384;538;585;661;0;17;0;293;0;9;84;6;0;0;2040;0;41;0;161;1637;0;90;0
252;Augsburg-Stadt;BY;Brief;0;34358;336;34022;0;7933;1805;1317;4811;14071;944;200;0;224;0;0;43;0;0;0;61;0;32;0;1540;0;0;1041;0;0;0;0;0;0;0;180;34178;0;6983;2015;1493;4383;14563;4741;872;192;322;146;359;0;40;0;272;0;22;58;13;0;0;1576;0;28;0;88;718;0;35;0
253;Augsburg-Land;BY;Brief;0;50640;549;50091;0;8687;1596;1314;4152;29365;968;519;0;0;978;0;298;0;0;0;0;0;0;0;2214;0;0;0;0;0;0;0;0;0;0;391;50249;0;8285;2746;1355;4302;25758;7803;834;350;528;344;665;0;164;0;695;0;9;80;3;0;0;2229;0;54;0;137;1638;0;73;0
254;Donau-Ries;BY;Brief;0;44862;595;44267;0;7879;1370;1819;3223;25288;0;755;0;0;1264;0;126;0;0;0;0;0;0;0;0;0;0;2543;0;0;0;0;0;0;0;440;44422;0;7597;2293;1215;2996;23285;7036;701;489;419;421;549;0;54;0;558;0;5;101;11;0;0;1577;0;32;0;199;1861;0;59;0
255;Neu-Ulm;BY;Brief;0;48840;549;48291;0;8559;1942;1367;4675;26878;893;762;0;0;911;0;0;0;0;0;0;0;0;0;2304;0;0;0;0;0;0;0;0;0;0;334;48506;0;8435;2715;1404;3783;24871;7298;862;574;471;213;692;0;23;0;432;0;17;82;9;0;0;2346;0;37;0;144;1321;0;75;0
256;Oberallgäu;BY;Brief;0;53796;546;53250;0;8520;2784;1370;4954;31933;954;0;0;744;1811;0;180;0;0;0;0;0;0;0;0;0;0;0;0;0;0;0;0;0;0;349;53447;0;7782;3721;1364;5702;27355;7523;758;227;505;370;923;0;60;0;485;0;12;90;10;0;0;2038;0;34;0;122;1841;0;48;0
257;Ostallgäu;BY;Brief;0;54233;439;53794;0;7644;1180;1299;3948;30672;977;0;0;0;1255;0;0;0;1967;0;0;0;0;0;2104;0;0;2408;0;0;0;0;0;0;340;392;53841;0;7729;3096;1376;4633;28041;8966;873;347;494;212;1068;0;10;0;1276;0;10;90;11;0;0;2287;0;42;0;156;2028;0;62;0
258;Stuttgart I;BW;Brief;0;50749;420;50329;22119;7652;1764;1412;13732;0;1007;166;0;0;298;0;0;0;0;0;51;0;0;0;1280;0;0;318;0;0;0;0;0;0;530;232;50517;19732;9288;5112;2373;9637;0;4375;1298;124;290;81;194;0;0;131;0;53;31;0;27;65;0;1782;15;22;0;0;228;0;34;0
259;Stuttgart II;BW;Brief;0;37130;387;36743;16603;7959;1445;1356;6409;0;774;267;0;0;0;0;0;0;0;0;49;0;49;0;1122;0;0;378;0;0;0;0;0;0;332;231;36899;15031;7361;3142;1852;5976;0;3537;894;213;251;117;102;0;0;178;0;33;17;0;34;67;0;1355;16;13;0;0;230;0;17;0
260;Böblingen;BW;Brief;0;43161;433;42728;23044;9204;2028;1421;4872;0;847;408;0;0;0;0;0;0;0;0;0;0;63;0;0;0;0;841;0;0;0;0;0;0;0;253;42908;19854;7918;3829;1400;5320;0;4587;761;268;316;94;130;0;0;146;0;151;45;0;20;117;0;2021;12;47;0;0;435;0;24;0
261;Esslingen;BW;Brief;0;31551;244;31307;16633;7113;836;928;3830;0;629;162;0;227;0;0;0;0;0;0;0;0;0;0;949;0;0;0;0;0;0;0;0;0;0;173;31378;14478;6276;2430;1143;4068;0;2983;554;148;290;189;57;0;0;120;0;40;2;0;12;58;0;1284;13;19;0;0;180;0;17;0
262;Nürtingen;BW;Brief;0;36646;292;36354;18672;8513;1276;954;4059;0;650;179;0;442;0;0;0;0;0;0;0;0;0;0;1203;0;0;406;0;0;0;0;0;0;0;238;36408;16950;6568;3115;1111;4772;0;3892;705;164;305;339;122;0;0;165;0;114;2;0;9;118;0;1538;11;28;0;0;251;0;21;0
263;Göppingen;BW;Brief;0;27199;395;26804;13025;6109;1350;751;3266;0;468;282;0;0;155;0;0;0;0;0;0;0;0;0;1398;0;0;0;0;0;0;0;0;0;0;234;26965;12558;5357;1995;846;3191;0;3018;446;230;216;120;93;0;0;102;0;47;3;0;5;65;0;1509;6;31;0;0;119;0;26;0
264;Waiblingen;BW;Brief;0;36794;359;36435;18132;7959;1938;1075;4343;0;696;382;0;0;0;0;0;0;0;0;0;150;0;0;1760;0;0;0;0;0;0;0;0;0;0;217;36577;16323;6823;3558;1352;4415;0;4106;632;263;299;117;105;0;0;231;0;134;2;0;19;106;0;1988;23;26;0;0;140;0;21;0
265;Ludwigsburg;BW;Brief;0;38958;495;38463;19313;6987;1638;1489;6215;0;949;418;0;0;355;0;0;0;0;0;0;0;0;0;0;0;0;1099;0;0;0;0;0;0;0;244;38714;17214;7511;3281;1391;5123;0;4194;777;231;266;130;159;0;0;210;0;88;5;0;17;69;0;1749;11;26;0;0;427;0;29;0
266;Neckar-Zaber;BW;Brief;0;37767;572;37195;19725;8985;1503;1304;4314;0;0;628;0;0;736;0;0;0;0;0;0;0;0;0;0;0;0;0;0;0;0;0;0;0;0;247;37520;16863;7241;3086;1210;4730;0;4390;678;315;368;138;184;0;0;270;0;104;5;0;7;107;0;1856;12;45;0;0;252;0;49;0
267;Heilbronn;BW;Brief;0;32941;436;32505;16283;8348;1742;1113;3107;0;826;624;0;0;390;0;0;0;0;0;0;0;72;0;0;0;0;0;0;0;0;0;0;0;0;227;32714;14581;6789;2854;1139;3437;0;3914;673;381;264;113;178;0;0;219;0;89;6;0;21;116;0;1582;17;70;0;0;159;0;26;0
268;Schwäbisch Hall - Hohenlohe;BW;Brief;0;25507;349;25158;11899;6028;1274;939;3359;0;659;432;0;0;568;0;0;0;0;0;0;0;0;0;0;0;0;0;0;0;0;0;0;0;0;194;25313;10918;5078;1972;1037;3382;0;2926;536;229;261;75;217;0;0;116;0;113;3;0;17;85;0;1114;10;15;0;0;102;0;33;0
269;Backnang - Schwäbisch Gmünd;BW;Brief;0;26634;403;26231;14524;6217;858;860;2621;0;765;386;0;0;0;0;0;0;0;0;0;0;0;0;0;0;0;0;0;0;0;0;0;0;0;170;26464;12794;5004;1846;906;2946;0;2968;519;237;227;95;94;0;0;147;0;88;5;0;16;90;0;1281;4;25;0;0;109;0;31;0
270;Aalen - Heidenheim;BW;Brief;0;31167;420;30747;17469;7259;692;1190;3178;0;882;0;0;0;0;0;0;0;0;0;0;0;0;0;0;0;0;0;0;0;0;0;77;0;0;185;30982;14935;6597;1800;1088;3320;0;3242;571;284;255;166;188;0;0;164;0;82;1;0;6;85;0;1242;1;33;0;0;150;0;14;0
271;Karlsruhe-Stadt;BW;Brief;0;41199;442;40757;16053;11130;1868;1486;6605;0;1346;191;0;96;0;0;0;0;0;0;0;0;0;0;1673;0;0;309;0;0;0;0;0;0;0;229;40970;15654;8702;3087;1850;6969;0;4708;1560;169;301;73;129;0;0;95;0;70;12;0;21;64;0;1943;10;22;0;0;212;0;27;0
272;Karlsruhe-Land;BW;Brief;0;36068;517;35551;18857;8646;1425;1088;3112;0;908;291;0;279;0;0;0;0;0;0;0;0;0;0;0;0;0;945;0;0;0;0;0;0;0;289;35779;16597;7073;2840;1161;3798;0;4310;765;195;359;159;85;0;0;188;0;102;2;0;11;105;0;1895;5;40;0;0;362;0;37;0
273;Rastatt;BW;Brief;0;32921;363;32558;17153;7006;1462;948;3234;0;630;260;0;0;0;0;0;0;0;0;0;0;0;0;1635;0;0;0;0;0;0;0;0;0;230;253;32668;15932;6304;2424;1035;3438;0;3535;562;225;317;72;76;0;0;166;0;28;2;0;13;138;0;1723;5;24;0;0;158;0;26;0
274;Heidelberg;BW;Brief;0;46081;406;45675;19378;12604;1841;1503;6552;0;907;215;0;0;231;0;0;0;0;0;0;0;0;0;2008;0;0;226;0;210;0;0;0;0;0;339;45742;17739;9677;3982;2053;7563;0;4728;1151;181;328;53;142;0;0;118;0;39;2;0;15;73;0;2350;15;21;0;0;222;0;18;0
275;Mannheim;BW;Brief;0;37497;550;36947;15500;10732;1408;1881;5405;0;1144;494;0;0;0;0;0;0;0;0;0;0;70;0;0;0;0;0;0;313;0;0;0;0;0;346;37151;13637;9482;2660;2145;4814;0;4413;1068;302;354;119;95;0;0;238;0;49;7;0;25;110;0;1827;20;37;0;0;132;0;30;0
276;Odenwald - Tauber;BW;Brief;0;27502;308;27194;15458;5660;778;788;2090;0;549;337;0;0;361;0;0;0;0;0;0;0;0;0;1173;0;0;0;0;0;0;0;0;0;0;238;27264;13655;5146;1808;949;2392;0;3314;517;281;285;94;230;0;0;154;0;48;8;0;5;98;0;1355;8;40;0;0;169;0;22;0
277;Rhein-Neckar;BW;Brief;0;30880;399;30481;15283;7471;1008;1010;2865;0;684;367;0;139;206;0;0;0;0;0;0;0;0;0;1448;0;0;0;0;0;0;0;0;0;0;305;30575;13794;6225;2416;1191;3258;0;3691;639;325;302;114;94;0;0;130;0;57;7;0;8;90;0;1711;2;23;0;0;170;0;19;0
278;Bruchsal - Schwetzingen;BW;Brief;0;32438;467;31971;16835;7262;1175;967;2400;0;689;333;0;306;0;0;0;0;0;0;0;0;0;0;1470;0;0;534;0;0;0;0;0;0;0;342;32096;15415;6436;2217;1082;2877;0;4069;669;322;362;255;58;0;0;194;0;41;2;0;5;97;0;1616;8;37;0;0;370;0;33;0
279;Pforzheim;BW;Brief;0;35789;373;35416;16930;7643;2988;1164;3330;0;692;430;0;0;0;0;0;0;0;0;0;0;0;0;1795;0;0;444;0;0;0;0;0;0;0;262;35527;16076;6798;3120;1245;3691;0;4597;647;342;375;122;84;0;0;215;0;124;2;0;4;120;0;2202;9;43;0;0;284;0;24;0
280;Calw;BW;Brief;0;29272;418;28854;16391;5526;1098;1088;2607;0;566;362;0;255;303;0;0;0;0;0;0;0;0;0;0;0;0;658;0;0;0;0;0;0;0;178;29094;14466;4937;2303;1016;2794;0;3578;488;259;265;138;134;0;0;193;0;166;2;0;5;104;0;1527;5;19;0;0;256;0;17;0
281;Freiburg;BW;Brief;0;46820;362;46458;15790;13025;1172;1847;11141;0;1014;185;0;0;0;0;0;0;0;0;0;151;0;0;1162;0;0;429;0;0;0;0;0;0;542;310;46510;16318;9606;2734;3060;10418;0;4374;1304;156;405;58;214;0;0;163;0;74;10;0;16;101;0;1590;8;18;0;0;225;0;32;0
282;Lörrach - Müllheim;BW;Brief;0;37139;459;36680;18168;8571;1176;976;5288;0;743;264;0;0;0;0;0;0;0;0;0;0;0;0;1494;0;0;0;0;0;0;0;0;0;0;336;36803;15945;7461;2572;1341;5618;0;3866;659;209;347;99;89;0;0;192;0;120;4;0;12;173;0;1747;8;17;0;0;164;0;26;0
283;Emmendingen - Lahr;BW;Brief;0;28961;505;28456;14327;7189;609;1090;4275;0;0;313;0;0;653;0;0;0;0;0;0;0;0;0;0;0;0;0;0;0;0;0;0;0;0;218;28743;12706;5908;1748;1065;4242;0;3074;625;160;312;58;221;0;0;165;0;78;4;0;3;109;0;1140;8;22;0;0;141;0;28;0
284;Offenburg;BW;Brief;0;27670;315;27355;14774;5428;683;949;3272;0;497;236;0;0;0;0;0;0;0;0;0;0;0;0;1260;0;0;256;0;0;0;0;0;0;0;252;27418;12605;5089;2008;1049;3556;0;3111;520;197;304;68;81;0;0;135;0;64;10;0;8;105;0;1355;4;14;0;0;196;0;50;0
285;Rottweil - Tuttlingen;BW;Brief;0;28730;334;28396;15896;4695;1289;927;2765;0;0;356;0;0;693;0;0;0;0;0;0;0;0;0;1330;0;0;445;0;0;0;0;0;0;0;250;28480;14446;4756;2172;930;2662;0;3514;428;284;281;82;288;0;0;142;0;89;9;0;7;123;0;1435;4;12;0;0;303;0;27;0
286;Schwarzwald-Baar;BW;Brief;0;25519;267;25252;14040;4414;792;676;2450;0;0;318;0;0;164;0;0;0;0;0;0;0;0;0;919;0;0;485;0;0;0;0;0;0;994;219;25300;12238;4524;1948;791;2843;0;2956;455;245;206;41;108;0;0;136;0;92;2;0;12;85;0;1242;4;15;0;0;287;0;26;0
287;Konstanz;BW;Brief;0;38368;332;38036;18847;7014;1848;1237;6260;0;735;196;0;0;398;0;0;0;0;0;0;0;0;0;1501;0;0;0;0;0;0;0;0;0;0;212;38156;15827;7382;3440;1561;6009;0;3937;713;171;317;33;218;0;0;150;0;64;7;0;7;158;0;1854;5;21;0;0;190;0;29;0
288;Waldshut;BW;Brief;0;27426;412;27014;13076;7483;1223;1049;3414;0;0;301;0;0;468;0;0;0;0;0;0;0;0;0;0;0;0;0;0;0;0;0;0;0;0;211;27215;12662;4923;1934;968;3696;0;3032;453;162;234;109;186;0;0;138;0;43;5;0;4;144;0;1295;8;16;0;0;216;0;19;0
289;Reutlingen;BW;Brief;0;31681;284;31397;15647;5838;1762;1014;4777;0;0;311;0;0;203;0;0;0;0;0;0;0;39;0;1286;0;0;244;0;0;0;0;0;0;276;206;31475;14288;5710;2661;1199;4153;0;3464;643;236;261;105;125;0;0;110;0;65;4;0;16;111;0;1547;5;22;0;0;190;0;24;0
290;Tübingen;BW;Brief;0;35120;288;34832;15318;6499;1106;1958;7316;0;1074;235;0;0;0;0;0;0;0;0;0;0;0;0;1326;0;0;0;0;0;0;0;0;0;0;165;34955;13710;6821;2418;1893;6490;0;3623;913;202;280;68;169;0;0;111;0;84;11;0;23;93;0;1493;18;12;0;0;125;0;21;0
291;Ulm;BW;Brief;0;34732;358;34374;16826;7884;1280;927;4296;0;823;0;0;0;0;0;0;0;0;0;0;0;0;0;1311;0;0;471;0;0;0;0;0;0;556;171;34561;16053;6594;2313;1138;4562;0;3901;820;260;296;94;164;0;0;167;0;86;22;0;20;142;0;1464;8;28;0;0;311;0;19;0
292;Biberach;BW;Brief;0;22218;336;21882;11603;4794;679;644;2471;0;598;0;0;0;488;0;0;0;0;0;0;0;0;0;0;0;0;605;0;0;0;0;0;0;0;155;22063;11580;3380;1308;619;2597;0;2579;430;147;178;102;242;0;0;109;0;50;3;0;3;79;0;855;6;8;0;0;355;0;12;0
293;Bodensee;BW;Brief;0;29568;415;29153;14763;5847;1680;1178;3827;0;578;273;0;0;381;0;0;0;0;0;0;0;0;0;0;0;0;626;0;0;0;0;0;0;0;230;29338;13474;5060;2374;1068;4240;0;3122;514;159;266;58;213;0;0;117;0;38;4;0;12;107;0;1358;9;12;0;0;233;0;22;0
294;Ravensburg;BW;Brief;0;28714;266;28448;13712;5392;982;766;4773;0;520;181;0;0;674;0;0;0;0;0;0;0;0;0;968;0;0;354;0;0;0;0;0;0;126;136;28578;13387;4668;1857;1021;4465;0;3180;522;171;252;80;448;0;0;104;0;62;8;0;13;90;0;1175;1;13;0;0;227;0;14;0
295;Zollernalb - Sigmaringen;BW;Brief;0;23609;398;23211;13619;3863;715;837;2586;0;0;376;0;0;315;0;0;0;0;0;0;0;87;0;0;0;0;813;0;0;0;0;0;0;0;175;23434;11836;3826;1710;754;2541;0;2767;482;226;250;100;131;0;0;87;0;58;7;0;29;102;0;987;5;23;0;0;252;0;28;0
296;Saarbrücken;SL;Brief;0;36842;790;36052;14649;12282;816;3221;2417;0;917;429;0;0;0;0;0;0;0;0;0;0;57;0;1264;0;0;0;0;0;0;0;0;0;0;661;36181;13356;10788;2023;3342;3238;0;3434;912;423;0;0;0;372;0;0;0;0;0;0;36;0;0;1427;0;68;0;0;196;0;0;0
297;Saarlouis;SL;Brief;0;29991;757;29234;13992;9733;465;1711;1271;0;595;316;0;0;0;0;0;0;0;0;0;0;0;0;1151;0;0;0;0;0;0;0;0;0;0;739;29252;12685;8831;1304;2036;1693;0;2703;581;326;0;0;0;278;0;0;0;0;0;0;17;0;0;1242;0;62;0;0;197;0;0;0
298;St. Wendel;SL;Brief;0;29937;780;29157;13970;9286;663;1890;1000;0;585;321;0;0;0;0;0;0;0;0;0;0;0;0;1253;0;0;0;189;0;0;0;0;0;0;714;29223;13095;8651;1105;2131;1436;0;2805;581;317;0;0;0;346;0;0;0;0;0;0;16;0;0;1319;0;57;0;0;169;0;0;0
299;Homburg;SL;Brief;0;31639;759;30880;13613;11071;555;2279;1277;0;607;315;0;0;0;0;0;0;0;0;0;0;0;0;1163;0;0;0;0;0;0;0;0;0;0;697;30942;12704;9578;1413;2465;1781;0;3001;585;327;0;0;0;478;0;0;0;0;0;0;16;0;0;1328;0;61;0;0;206;0;0;0
