# (c) Die Bundeswahlleiterin, Statistisches Bundesamt (Destatis), 2025;;;;;;;;;;;;;;;
# Datenlizenz Deutschland – Namensnennung – Version 2.0 (https://www.govdata.de/dl-de/by-2-0);;;;;;;;;;;;;;;
# ;;;;;;;;;;;;;;;
# Wahl zum 21. Deutschen Bundestag (23. Februar 2025);;;;;;;;;;;;;;;
# Ergebnisse der repräsentativen Wahlstatistik;;;;;;;;;;;;;;;
# Stimmabgabe in der Kombination der Erst- und Zweitstimmen nach Geschlecht und Geburtsjahresgruppen in den Ländern;;;;;;;;;;;;;;;
# ;;;;;;;;;;;;;;;
# Die Ergebnisse der Männer beinhalten auch die Ergebnisse der Personen mit dem Geschlechtsmerkmal 'divers' als auch derjenigen ohne Geschlechtseintrag im Geburtenregister.;;;;;;;;;;;;;;;
# Erläuterungen zur Methodik siehe Dokument 'Allgemeine und methodische Hinweise zur repräsentativen Wahlstatistik der Bundestagswahl 2025'.;;;;;;;;;;;;;;;
# Durch Auf- bzw. Abrundungen können sich geringfügige Differenzen ergeben.;;;;;;;;;;;;;;;
# ;;;;;;;;;;;;;;;
Land;Geschlecht;Geburtsjahresgruppe;Partei Zweitstimme;Erststimme: Summe;Erststimme: Ungültig;Erststimme: SPD;Erststimme: CDU;Erststimme: GRÜNE;Erststimme: FDP;Erststimme: AfD;Erststimme: CSU;Erststimme: Die Linke;Erststimme: Sonstige;Erststimme: dar. FREIE WÄHLER;Erststimme: dar. BSW
Bund;Summe;Summe;Summe;49928653;423264;9936433;12604184;5443393;1622912;10177318;3272064;3933297;2515788;1254565;299401
Bund;Summe;Summe;ungültig;279141;191760;22783;25009;3013;2933;19513;4917;4595;4617;2471;157
Bund;Summe;Summe;SPD;8149124;24957;6746832;478559;422432;42864;34879;82525;203984;112092;48860;5526
Bund;Summe;Summe;CDU;11196374;30700;485042;10040497;136318;160431;158368;;69031;115986;72199;7388
Bund;Summe;Summe;GRÜNE;5762380;7381;1005031;283983;4054600;22876;4724;54317;222755;106713;20411;557
Bund;Summe;Summe;FDP;2148757;5361;107648;650844;33348;1071077;77306;122461;23210;57502;38164;2408
Bund;Summe;Summe;AfD;10328780;35987;98754;440246;6922;85805;9288003;120129;51845;201090;120242;18513
Bund;Summe;Summe;CSU;2964028;5372;60253;;28255;31309;26435;2704950;5837;101618;84697;688
Bund;Summe;Summe;Die Linke;4356532;10491;815479;133649;566310;25157;36242;17911;2645454;105841;29050;13635
Bund;Summe;Summe;Sonstige;4743537;111254;594612;551398;192193;180460;531849;164853;706587;1710330;838473;250528
Bund;Summe;Summe;dar. FREIE WÄHLER;769279;3492;39534;58771;7939;17960;29681;89285;13428;509188;488495;2008
Bund;Summe;Summe;dar. BSW;2472947;76464;362789;343254;46703;106811;393971;45992;508834;588131;198247;240352
Bund;Summe;2001-2007;Summe;3396728;20857;664422;460874;444805;156426;622309;133099;691867;202067;78817;19268
Bund;Summe;2001-2007;ungültig;13506;10497;617;239;47;23;901;288;538;358;144;
Bund;Summe;2001-2007;SPD;381835;423;268976;29635;31312;6790;2437;6229;24997;11035;3438;293
Bund;Summe;2001-2007;CDU;337620;654;23887;275828;6009;11679;8737;;4334;6492;3127;409
Bund;Summe;2001-2007;GRÜNE;398134;268;76546;14086;256401;3126;500;3813;30545;12850;1476;4
Bund;Summe;2001-2007;FDP;191006;434;14209;48511;4569;96027;6909;9909;4454;5984;3749;216
Bund;Summe;2001-2007;AfD;641153;1260;8551;32149;585;8481;561761;9010;4650;14707;7427;1564
Bund;Summe;2001-2007;CSU;100800;30;3163;;1732;2092;2232;85606;737;5208;4374;
Bund;Summe;2001-2007;Die Linke;922034;1145;207098;15055;123755;5753;2870;3754;541488;21117;4308;1876
Bund;Summe;2001-2007;Sonstige;410641;6145;61375;45373;20396;22456;35963;14491;80125;124317;50774;14907
Bund;Summe;2001-2007;dar. FREIE WÄHLER;43511;175;2576;2487;447;1612;1620;5896;1906;26791;25025;308
Bund;Summe;2001-2007;dar. BSW;192219;3586;34523;26497;4257;12337;21746;5004;45942;38327;11910;13689
Bund;Summe;1991-2000;Summe;6214725;35360;1053162;965210;1029044;269350;1251724;291474;884000;435402;190045;30672
Bund;Summe;1991-2000;ungültig;18520;14885;546;826;128;62;1057;185;412;419;232;
Bund;Summe;1991-2000;SPD;682423;1352;511857;46035;56392;6352;3788;10354;29746;16546;5328;393
Bund;Summe;1991-2000;CDU;758646;1252;45312;641710;13179;19124;16586;;7097;14387;8471;362
Bund;Summe;1991-2000;GRÜNE;984471;543;154732;32780;700906;4456;579;7101;58088;25285;3273;226
Bund;Summe;1991-2000;FDP;319398;538;19297;78658;8423;173419;9344;15325;4477;9916;5906;275
Bund;Summe;1991-2000;AfD;1291174;3593;12895;60071;1334;15501;1141247;19888;6712;29932;18039;1797
Bund;Summe;1991-2000;CSU;240777;184;5160;;3763;3877;3288;211541;885;12080;9465;215
Bund;Summe;1991-2000;Die Linke;1088429;1498;196704;18140;192656;6170;5034;3291;640175;24761;4566;1712
Bund;Summe;1991-2000;Sonstige;830886;11513;106660;86988;52261;40389;70801;23789;136409;302075;134764;25691
Bund;Summe;1991-2000;dar. FREIE WÄHLER;114986;516;5565;9388;1644;2616;4239;10648;2177;78193;74352;283
Bund;Summe;1991-2000;dar. BSW;355935;7182;58704;50560;9414;22539;43546;7212;80581;76196;27219;23789
Bund;Summe;1981-1990;Summe;7515049;49859;1135279;1561552;1012674;246510;1974236;423985;629307;481646;235335;45620
Bund;Summe;1981-1990;ungültig;28132;22406;966;1264;495;285;1612;207;207;690;260;4
Bund;Summe;1981-1990;SPD;835953;1286;650295;53608;63989;5423;5646;9695;29000;17012;6671;538
Bund;Summe;1981-1990;CDU;1324947;2137;64566;1155951;21366;22475;27307;;10566;20579;12772;1128
Bund;Summe;1981-1990;GRÜNE;1081041;949;170338;45000;775978;4249;1162;9336;50888;23141;4610;67
Bund;Summe;1981-1990;FDP;304855;390;16760;87993;6231;152362;11821;15956;3867;9476;6077;477
Bund;Summe;1981-1990;AfD;2029657;5464;20034;91127;1528;16294;1818386;25881;8490;42453;27136;3583
Bund;Summe;1981-1990;CSU;375619;251;8329;;5141;5324;4931;334238;559;16845;13716;142
Bund;Summe;1981-1990;Die Linke;651165;1264;103975;19208;95796;3308;5843;2561;402443;16766;5560;1032
Bund;Summe;1981-1990;Sonstige;883681;15712;100016;107402;42148;36791;97529;26111;123286;334685;158534;38647
Bund;Summe;1981-1990;dar. FREIE WÄHLER;136335;480;6073;12259;1725;4349;5987;12003;2426;91032;86239;543
Bund;Summe;1981-1990;dar. BSW;419531;9456;56549;63147;7624;20134;68260;8781;80422;105159;37190;36464
Bund;Summe;1966-1980;Summe;12067460;85200;2021756;3073209;1322895;354695;3032078;803858;715071;658698;356815;67164
Bund;Summe;1966-1980;ungültig;50294;36047;3222;3366;737;448;3767;583;1299;824;531;
Bund;Summe;1966-1980;SPD;1651948;4278;1332501;107773;101718;8053;8541;19065;41668;28350;13227;1570
Bund;Summe;1966-1980;CDU;2726872;3832;117191;2424467;41268;38092;46977;;18393;36651;24420;1872
Bund;Summe;1966-1980;GRÜNE;1471118;1797;246639;85539;1045297;4830;1116;14630;44734;26537;6246;109
Bund;Summe;1966-1980;FDP;486008;1203;19762;153880;6362;234060;21160;28936;4958;15687;10481;560
Bund;Summe;1966-1980;AfD;3085887;8884;25173;128786;1755;21396;2785099;36219;15505;63070;38113;4728
Bund;Summe;1966-1980;CSU;725257;1042;14020;;7588;6559;8383;657603;1802;28260;23456;127
Bund;Summe;1966-1980;Die Linke;710079;2276;129637;30129;78310;4612;9565;4460;431651;19439;7206;2358
Bund;Summe;1966-1980;Sonstige;1159996;25841;133610;139268;39860;36645;147468;42362;155061;439882;233134;55841
Bund;Summe;1966-1980;dar. FREIE WÄHLER;208732;1225;9474;17405;1796;3395;8799;22703;2624;141312;135990;472
Bund;Summe;1966-1980;dar. BSW;606526;16938;79761;85299;10426;23183;108760;12464;117659;152037;59491;53237
Bund;Summe;1956-1965;Summe;9745239;87955;2143166;2642975;957739;258748;2034073;695879;500181;424524;232560;62883
Bund;Summe;1956-1965;ungültig;56053;38653;4213;4796;248;558;5132;831;899;724;307;63
Bund;Summe;1956-1965;SPD;1885472;4044;1601895;103023;88891;6402;8089;15743;35752;21634;10821;1114
Bund;Summe;1956-1965;CDU;2411584;6524;103596;2173365;30769;28200;33042;;14417;21671;14176;1503
Bund;Summe;1956-1965;GRÜNE;1064105;1801;196641;53490;759883;2866;881;11094;23919;13527;3364;120
Bund;Summe;1956-1965;FDP;358112;1092;15390;111913;3413;175560;15690;22717;2797;9540;6882;459
Bund;Summe;1956-1965;AfD;2031398;8755;18220;75809;1209;13901;1852962;17900;9047;33596;19532;3603
Bund;Summe;1956-1965;CSU;649876;1459;13330;;6257;5654;4442;596116;1107;21510;18455;203
Bund;Summe;1956-1965;Die Linke;492471;1991;90247;23694;44960;2452;7310;1917;306195;13705;4356;3195
Bund;Summe;1956-1965;Sonstige;796167;23636;99634;96885;22108;23155;106524;29560;106049;288617;154667;52624
Bund;Summe;1956-1965;dar. FREIE WÄHLER;146080;534;7927;10005;1318;2859;5687;17191;2722;97837;94761;141
Bund;Summe;1956-1965;dar. BSW;472455;17397;67437;67119;8145;14938;87003;7797;89062;113558;39011;51401
Bund;Summe;<=1955;Summe;10989452;144033;2918648;3900364;676237;337183;1262898;923769;512870;313451;160993;73793
Bund;Summe;<=1955;ungültig;112635;69273;13219;14517;1358;1558;7043;2824;1240;1602;997;90
Bund;Summe;<=1955;SPD;2711493;13573;2381308;138485;80129;9844;6378;21440;42820;17515;9374;1619
Bund;Summe;<=1955;CDU;3636705;16301;130490;3369176;23726;40861;25719;;14225;16206;9233;2114
Bund;Summe;<=1955;GRÜNE;763511;2023;160133;53087;516135;3350;486;8341;14582;5373;1442;31
Bund;Summe;<=1955;FDP;489378;1705;22230;169889;4350;239649;12382;29617;2656;6900;5068;422
Bund;Summe;<=1955;AfD;1249511;8030;13882;52304;511;10232;1128548;11231;7440;17332;9994;3238
Bund;Summe;<=1955;CSU;871699;2405;16252;;3774;7803;3158;819846;747;17715;15231;
Bund;Summe;<=1955;Die Linke;492355;2317;87818;27423;30833;2862;5620;1928;323501;10053;3052;3462
Bund;Summe;<=1955;Sonstige;662166;28407;93316;75482;15420;21024;73564;28541;105658;220754;106601;62818
Bund;Summe;<=1955;dar. FREIE WÄHLER;119634;562;7920;7225;1008;3129;3349;20845;1572;74023;72127;261
Bund;Summe;<=1955;dar. BSW;426281;21905;65815;50632;6838;13680;64656;4734;95168;102854;23426;61773
Bund;m|d|o;Summe;Summe;24373519;192534;4434228;6216381;2369737;829255;5924711;1616071;1647873;1142728;565828;126474
Bund;m|d|o;Summe;ungültig;120417;83581;8919;9900;1162;1365;9552;2540;1617;1782;894;122
Bund;m|d|o;Summe;SPD;3611758;10976;3032156;202498;159081;16919;18143;35894;86628;49463;21409;1927
Bund;m|d|o;Summe;CDU;5536802;14789;233636;4973296;60801;80796;85683;;30459;57341;35541;2758
Bund;m|d|o;Summe;GRÜNE;2583316;3004;453427;126382;1810996;10474;2253;25621;97333;53827;9331;186
Bund;m|d|o;Summe;FDP;1171729;3019;53718;372173;16937;572225;45040;68909;10252;29456;20231;953
Bund;m|d|o;Summe;AfD;6095875;20198;52307;260412;3683;48862;5500752;72836;26228;110598;68115;8250
Bund;m|d|o;Summe;CSU;1461963;2893;27415;;14059;16070;14484;1334505;2368;50170;41918;345
Bund;m|d|o;Summe;Die Linke;1767791;4892;318283;52548;223273;9035;16236;6453;1089380;47690;12554;5948
Bund;m|d|o;Summe;Sonstige;2023867;49182;254367;219172;79745;73509;232569;69315;303608;742401;355835;105985
Bund;m|d|o;Summe;dar. FREIE WÄHLER;339792;1764;15625;26919;3151;6706;14056;38953;4402;228216;219716;953
Bund;m|d|o;Summe;dar. BSW;1049831;34661;158674;136524;18297;43641;176204;18800;224466;238564;74564;102300
Bund;m|d|o;2001-2007;Summe;1710816;11453;298749;275698;188513;101262;410338;79313;240043;105447;42359;8754
Bund;m|d|o;2001-2007;ungültig;7660;6040;384;148;9;9;434;99;269;267;97;
Bund;m|d|o;2001-2007;SPD;190215;228;135057;16603;12827;4078;1648;3087;10974;5712;1901;209
Bund;m|d|o;2001-2007;CDU;203640;398;15044;165415;2787;7872;5894;;1910;4319;2040;259
Bund;m|d|o;2001-2007;GRÜNE;188255;60;37192;7257;120724;1660;172;2269;12183;6739;832;
Bund;m|d|o;2001-2007;FDP;127708;331;8554;33849;2404;65277;5234;6920;1686;3453;2268;150
Bund;m|d|o;2001-2007;AfD;429930;686;5626;22952;258;6602;376210;6769;2149;8677;4288;649
Bund;m|d|o;2001-2007;CSU;60259;30;1680;;1021;1364;1539;50962;384;3279;2893;
Bund;m|d|o;2001-2007;Die Linke;299295;637;62369;5746;39122;1868;1391;1185;178134;8844;1663;881
Bund;m|d|o;2001-2007;Sonstige;203854;3042;32843;23728;9361;12531;17815;8021;32355;64157;26377;6607
Bund;m|d|o;2001-2007;dar. FREIE WÄHLER;23699;51;1295;1559;170;755;753;3391;575;15150;14182;274
Bund;m|d|o;2001-2007;dar. BSW;89781;1840;18022;13269;1768;7103;10267;2363;18297;16850;4814;5862
Bund;m|d|o;1991-2000;Summe;3128680;17796;482986;517404;452477;156643;759479;152936;372481;216478;95818;14024
Bund;m|d|o;1991-2000;ungültig;9921;7998;187;489;128;57;588;;270;204;110;
Bund;m|d|o;1991-2000;SPD;314394;744;240929;20972;21823;2379;1606;5025;13151;7764;2695;115
Bund;m|d|o;1991-2000;CDU;409005;532;24094;345995;7141;11033;8527;;3551;8133;4724;162
Bund;m|d|o;1991-2000;GRÜNE;456154;250;74557;15947;320310;2292;251;3962;25851;12734;1770;34
Bund;m|d|o;1991-2000;FDP;197654;453;11625;50506;4856;106531;5716;9867;2300;5799;3365;119
Bund;m|d|o;1991-2000;AfD;798420;2003;6827;36769;829;10114;707627;12410;3130;18711;11385;1253
Bund;m|d|o;1991-2000;CSU;124629;87;2747;;1936;2021;1473;110042;354;5970;4763;119
Bund;m|d|o;1991-2000;Die Linke;437105;693;73847;7675;71981;2690;2270;1149;265495;11306;2380;856
Bund;m|d|o;1991-2000;Sonstige;381398;5036;48174;39050;23475;19526;31421;10482;58378;145856;64626;11366
Bund;m|d|o;1991-2000;dar. FREIE WÄHLER;55698;185;1928;5057;607;1051;2388;4948;776;38759;37016;188
Bund;m|d|o;1991-2000;dar. BSW;156954;3330;25717;21862;4307;11193;18992;3050;34769;33734;11297;10629
Bund;m|d|o;1981-1990;Summe;3788185;23507;511041;789961;459803;127736;1154625;215907;284742;220864;107334;18633
Bund;m|d|o;1981-1990;ungültig;13334;10687;432;523;298;85;924;46;133;205;53;
Bund;m|d|o;1981-1990;SPD;369489;498;293960;21957;23502;2704;2777;4365;12284;7441;2657;107
Bund;m|d|o;1981-1990;CDU;677906;904;30553;596474;9300;11459;14332;;5017;9867;6023;363
Bund;m|d|o;1981-1990;GRÜNE;499138;340;76927;20488;358654;2044;664;4405;24031;11585;2222;30
Bund;m|d|o;1981-1990;FDP;170631;190;8914;49906;3301;85365;6388;9652;1871;5045;3740;71
Bund;m|d|o;1981-1990;AfD;1204553;3688;10079;52573;874;8803;1084684;15568;3914;24370;15960;1728
Bund;m|d|o;1981-1990;CSU;191672;176;4136;;2831;2814;2763;170661;160;8132;6509;56
Bund;m|d|o;1981-1990;Die Linke;288137;636;42674;7189;43005;732;2347;958;182721;7874;2786;415
Bund;m|d|o;1981-1990;Sonstige;373325;6389;43366;40851;18037;13730;39747;10251;54609;146345;67383;15862
Bund;m|d|o;1981-1990;dar. FREIE WÄHLER;61951;217;2483;5795;599;1847;2939;5196;892;41983;39969;173
Bund;m|d|o;1981-1990;dar. BSW;169899;3998;25116;23104;2929;6935;28175;2936;35722;40983;12886;15018
Bund;m|d|o;1966-1980;Summe;6031021;37600;907879;1572595;582212;169685;1773439;406728;295835;285046;154108;25984
Bund;m|d|o;1966-1980;ungültig;20601;14845;1494;1480;139;189;1541;180;404;329;226;
Bund;m|d|o;1966-1980;SPD;735866;1837;604894;45346;39390;2512;5026;8410;16662;11790;5470;563
Bund;m|d|o;1966-1980;CDU;1407262;2695;56186;1256978;20170;18877;26243;;8030;18083;12075;844
Bund;m|d|o;1966-1980;GRÜNE;657935;872;109857;40229;465480;2077;498;6551;19171;13201;2490;49
Bund;m|d|o;1966-1980;FDP;250785;580;8829;85436;2974;117206;11890;15261;1883;6725;4602;164
Bund;m|d|o;1966-1980;AfD;1825806;4924;12999;76720;968;10815;1657571;21518;7319;32972;20424;2101
Bund;m|d|o;1966-1980;CSU;368555;512;5929;;3564;3344;4841;336546;565;13254;11134;63
Bund;m|d|o;1966-1980;Die Linke;294218;766;54057;12556;33823;1704;3809;1374;178195;7934;2320;681
Bund;m|d|o;1966-1980;Sonstige;469992;10569;53633;53851;15705;12962;62020;16889;63606;180757;95368;21520
Bund;m|d|o;1966-1980;dar. FREIE WÄHLER;90489;715;3636;7736;841;1400;4104;9545;885;61628;59662;193
Bund;m|d|o;1966-1980;dar. BSW;246564;6497;33100;34158;3666;8522;47492;4847;50251;58030;22188;20732
Bund;m|d|o;1956-1965;Summe;4799597;40653;985827;1327649;409194;120204;1158895;345384;225994;185798;103405;26033
Bund;m|d|o;1956-1965;ungültig;25242;16948;2082;2024;192;326;2747;520;222;182;65;40
Bund;m|d|o;1956-1965;SPD;855541;1960;738242;45127;31894;2090;4054;7115;15381;9678;4988;337
Bund;m|d|o;1956-1965;CDU;1222816;3193;51578;1106120;13270;13372;18327;;6312;10644;7315;648
Bund;m|d|o;1956-1965;GRÜNE;465798;557;87065;23719;331322;1136;367;5225;9833;6574;1407;49
Bund;m|d|o;1956-1965;FDP;184919;708;7740;62584;1583;84280;9299;12173;1549;5004;3657;258
Bund;m|d|o;1956-1965;AfD;1171834;4978;9792;43445;524;7577;1071171;10678;5346;18322;11178;1404
Bund;m|d|o;1956-1965;CSU;323330;953;6173;;2783;2755;2195;296710;536;11226;9645;107
Bund;m|d|o;1956-1965;Die Linke;228959;969;43469;9499;19690;936;3543;857;142841;7154;1954;1705
Bund;m|d|o;1956-1965;Sonstige;321159;10388;39686;35131;7935;7732;47193;12106;43974;117014;63197;21486
Bund;m|d|o;1956-1965;dar. FREIE WÄHLER;62244;312;3055;4540;629;886;2344;7286;806;42385;41201;60
Bund;m|d|o;1956-1965;dar. BSW;195248;7581;28686;24620;2688;4890;40088;3325;38257;45113;15091;21074
Bund;m|d|o;<=1955;Summe;4915220;61526;1247745;1733073;277538;153725;667934;415803;228779;129095;62804;33047
Bund;m|d|o;<=1955;ungültig;43660;27064;4340;5236;396;700;3317;1695;319;594;344;83
Bund;m|d|o;<=1955;SPD;1146253;5709;1019074;52492;29646;3156;3031;7891;18175;7079;3698;596
Bund;m|d|o;<=1955;CDU;1616174;7067;56181;1502314;8133;18183;12361;;5640;6295;3364;483
Bund;m|d|o;<=1955;GRÜNE;316037;926;67829;18742;214507;1265;301;3209;6264;2993;610;23
Bund;m|d|o;<=1955;FDP;240031;757;8056;89892;1819;113566;6513;15036;962;3430;2600;192
Bund;m|d|o;<=1955;AfD;665332;3919;6984;27952;230;4951;603488;5893;4370;7546;4880;1116
Bund;m|d|o;<=1955;CSU;393519;1136;6751;;1923;3771;1674;369584;369;8310;6973;
Bund;m|d|o;<=1955;Die Linke;220077;1191;41866;9884;15652;1106;2876;930;141994;4578;1450;1411
Bund;m|d|o;<=1955;Sonstige;274139;13757;36664;26561;5232;7028;34374;11565;50686;88272;38884;29144
Bund;m|d|o;<=1955;dar. FREIE WÄHLER;45711;285;3228;2233;306;766;1528;8587;467;28311;27685;65
Bund;m|d|o;<=1955;dar. BSW;191387;11414;28032;19511;2939;4998;31191;2278;47171;43853;8286;28984
Bund;w;Summe;Summe;25555134;230730;5502205;6387803;3073656;793657;4252607;1655993;2285424;1373060;688737;172927
Bund;w;Summe;ungültig;158724;108179;13864;15109;1852;1569;9961;2377;2977;2836;1576;35
Bund;w;Summe;SPD;4537366;13981;3714676;276061;263351;25945;16736;46632;117356;62629;27450;3600
Bund;w;Summe;CDU;5659572;15912;251406;5067201;75517;79635;72685;;38572;58645;36658;4629
Bund;w;Summe;GRÜNE;3179064;4377;551603;157602;2243605;12402;2471;28696;125422;52886;11080;372
Bund;w;Summe;FDP;977028;2342;53930;278671;16411;498853;32266;53552;12958;28045;17933;1456
Bund;w;Summe;AfD;4232905;15789;46447;179834;3239;36943;3787251;47294;25616;90492;52127;10263
Bund;w;Summe;CSU;1502065;2479;32837;;14196;15239;11950;1370446;3469;51448;42779;343
Bund;w;Summe;Die Linke;2588741;5599;497196;81101;343037;16121;20006;11458;1556073;58151;16496;7687
Bund;w;Summe;Sonstige;2719670;62073;340245;332225;112448;106951;299280;95539;402980;967929;482638;144542
Bund;w;Summe;dar. FREIE WÄHLER;429487;1728;23909;31851;4788;11254;15625;50332;9026;280972;268779;1055
Bund;w;Summe;dar. BSW;1423116;41803;204115;206730;28406;63170;217767;27192;284368;349566;123684;138053
Bund;w;2001-2007;Summe;1685912;9404;365673;185176;256292;55164;211971;53787;451824;96620;36458;10514
Bund;w;2001-2007;ungültig;5847;4456;233;91;39;14;466;188;269;91;48;
Bund;w;2001-2007;SPD;191620;195;133920;13032;18485;2711;788;3142;14023;5323;1538;84
Bund;w;2001-2007;CDU;133980;256;8843;110413;3222;3806;2843;;2424;2173;1086;150
Bund;w;2001-2007;GRÜNE;209879;208;39354;6829;135677;1466;328;1544;18362;6111;644;4
Bund;w;2001-2007;FDP;63297;103;5654;14662;2165;30750;1675;2989;2768;2531;1481;66
Bund;w;2001-2007;AfD;211223;574;2925;9196;326;1879;185551;2241;2501;6029;3139;916
Bund;w;2001-2007;CSU;40541;;1483;;710;727;693;34644;353;1929;1481;
Bund;w;2001-2007;Die Linke;622738;508;144728;9309;84633;3885;1479;2568;363355;12273;2645;995
Bund;w;2001-2007;Sonstige;206787;3103;28532;21644;11035;9925;18148;6469;47770;60161;24397;8300
Bund;w;2001-2007;dar. FREIE WÄHLER;19813;125;1280;928;278;857;868;2505;1331;11641;10843;34
Bund;w;2001-2007;dar. BSW;102438;1746;16501;13228;2489;5234;11479;2640;27646;21476;7096;7827
Bund;w;1991-2000;Summe;3086045;17564;570176;447805;576567;112707;492245;138537;511520;218924;94227;16649
Bund;w;1991-2000;ungültig;8599;6887;359;337;;6;470;185;141;215;122;
Bund;w;1991-2000;SPD;368029;608;270928;25063;34570;3973;2182;5329;16595;8782;2633;279
Bund;w;1991-2000;CDU;349641;721;21218;295714;6038;8091;8060;;3546;6254;3747;200
Bund;w;1991-2000;GRÜNE;528317;293;80175;16833;380597;2164;328;3140;32237;12551;1503;192
Bund;w;1991-2000;FDP;121744;85;7672;28152;3568;66888;3628;5458;2177;4117;2541;156
Bund;w;1991-2000;AfD;492754;1590;6067;23302;506;5387;433620;7478;3582;11222;6654;544
Bund;w;1991-2000;CSU;116148;97;2413;;1827;1856;1815;101499;530;6111;4703;96
Bund;w;1991-2000;Die Linke;651324;805;122857;10465;120675;3480;2764;2142;374680;13455;2187;856
Bund;w;1991-2000;Sonstige;449488;6477;58487;47939;28787;20863;39379;13307;78031;156219;70138;14325
Bund;w;1991-2000;dar. FREIE WÄHLER;59288;331;3636;4332;1037;1564;1851;5700;1402;39434;37336;95
Bund;w;1991-2000;dar. BSW;198981;3853;32987;28698;5107;11346;24555;4162;45811;42462;15922;13160
Bund;w;1981-1990;Summe;3726864;26352;624238;771591;552871;118775;819611;208078;344566;260782;128001;26987
Bund;w;1981-1990;ungültig;14798;11719;535;740;197;200;688;161;73;485;207;4
Bund;w;1981-1990;SPD;466464;789;356334;31651;40487;2719;2868;5329;16716;9571;4013;431
Bund;w;1981-1990;CDU;647041;1232;34013;559477;12066;11017;12975;;5549;10713;6749;765
Bund;w;1981-1990;GRÜNE;581903;609;93412;24512;417324;2205;499;4930;26857;11556;2388;37
Bund;w;1981-1990;FDP;134224;199;7846;38087;2929;66997;5433;6305;1996;4431;2337;406
Bund;w;1981-1990;AfD;825104;1776;9954;38554;655;7491;733702;10313;4576;18083;11176;1855
Bund;w;1981-1990;CSU;183947;76;4193;;2310;2510;2169;163577;399;8713;7206;86
Bund;w;1981-1990;Die Linke;363028;628;61301;12019;52791;2575;3495;1603;219723;8892;2774;618
Bund;w;1981-1990;Sonstige;510356;9323;56650;66551;24111;23061;57783;15860;68677;188339;91150;22785
Bund;w;1981-1990;dar. FREIE WÄHLER;74384;263;3590;6464;1127;2502;3048;6806;1534;49049;46270;370
Bund;w;1981-1990;dar. BSW;249633;5458;31433;40043;4694;13199;40085;5845;44700;64175;24304;21446
Bund;w;1966-1980;Summe;6036439;47600;1113876;1500614;740682;185009;1258638;397130;419236;373653;202706;41180
Bund;w;1966-1980;ungültig;29693;21202;1728;1887;598;259;2226;403;896;495;305;
Bund;w;1966-1980;SPD;916082;2441;727607;62427;62328;5542;3515;10656;25006;16560;7757;1007
Bund;w;1966-1980;CDU;1319610;1137;61005;1167490;21098;19215;20734;;10363;18568;12345;1028
Bund;w;1966-1980;GRÜNE;813183;925;136782;45311;579817;2753;618;8079;25563;13335;3756;60
Bund;w;1966-1980;FDP;235223;623;10933;68444;3388;116854;9270;13675;3075;8962;5880;396
Bund;w;1966-1980;AfD;1260081;3960;12174;52066;786;10581;1127528;14701;8186;30098;17689;2627
Bund;w;1966-1980;CSU;356703;530;8091;;4024;3215;3542;321057;1237;15005;12321;64
Bund;w;1966-1980;Die Linke;415861;1510;75579;17573;44487;2908;5756;3086;253455;11505;4887;1677
Bund;w;1966-1980;Sonstige;690004;15272;79977;85417;24155;23683;85448;25473;91455;259125;137767;34321
Bund;w;1966-1980;dar. FREIE WÄHLER;118243;510;5838;9669;956;1994;4695;13158;1739;79684;76328;279
Bund;w;1966-1980;dar. BSW;359962;10440;46660;51141;6760;14661;61268;7617;67408;94007;37303;32505
Bund;w;1956-1965;Summe;4945642;47302;1157339;1315325;548545;138545;875178;350495;274187;238726;129155;36850
Bund;w;1956-1965;ungültig;30812;21705;2131;2772;56;232;2385;311;677;542;242;23
Bund;w;1956-1965;SPD;1029932;2084;863653;57895;56997;4312;4035;8628;20370;11957;5833;777
Bund;w;1956-1965;CDU;1188769;3331;52019;1067245;17499;14828;14715;;8105;11027;6861;855
Bund;w;1956-1965;GRÜNE;598307;1245;109576;29771;428562;1730;515;5870;14086;6953;1957;71
Bund;w;1956-1965;FDP;173193;384;7650;49329;1830;91280;6391;10545;1248;4535;3225;201
Bund;w;1956-1965;AfD;859564;3777;8427;32364;685;6323;781791;7222;3701;15273;8355;2199
Bund;w;1956-1965;CSU;326546;506;7157;;3474;2899;2248;299406;572;10285;8810;96
Bund;w;1956-1965;Die Linke;263512;1022;46778;14195;25270;1516;3767;1060;163353;6551;2402;1490
Bund;w;1956-1965;Sonstige;475008;13248;59947;61754;14173;15423;59331;17454;62074;171603;91470;31138
Bund;w;1956-1965;dar. FREIE WÄHLER;83836;222;4872;5465;688;1973;3342;9905;1916;55452;53560;81
Bund;w;1956-1965;dar. BSW;277208;9816;38751;42499;5457;10047;46915;4472;50805;68445;23919;30327
Bund;w;<=1955;Summe;6074233;82508;1670903;2167291;398699;183457;594963;507966;284090;184355;98189;40746
Bund;w;<=1955;ungültig;68975;42210;8879;9282;962;858;3726;1129;921;1008;653;7
Bund;w;<=1955;SPD;1565240;7864;1362233;85993;50484;6688;3347;13549;24646;10437;5676;1023
Bund;w;<=1955;CDU;2020531;9235;74309;1866862;15593;22678;13358;;8585;9911;5869;1631
Bund;w;<=1955;GRÜNE;447475;1097;92304;34345;301629;2085;185;5133;8318;2380;832;8
Bund;w;<=1955;FDP;249347;948;14174;79996;2531;126083;5869;14581;1694;3470;2469;230
Bund;w;<=1955;AfD;584179;4111;6898;24353;281;5281;525060;5339;3070;9787;5114;2122
Bund;w;<=1955;CSU;478180;1269;9500;;1851;4032;1484;450261;378;9405;8258;
Bund;w;<=1955;Die Linke;272279;1126;45952;17540;15181;1757;2744;998;181507;5475;1601;2051
Bund;w;<=1955;Sonstige;388027;14650;56653;48921;10188;13996;39190;16976;54972;132482;67717;33674
Bund;w;<=1955;dar. FREIE WÄHLER;73923;277;4692;4992;702;2363;1821;12258;1105;45712;44442;196
Bund;w;<=1955;dar. BSW;234894;10490;37782;31121;3898;8682;33465;2456;47997;59001;15140;32789
SH;Summe;Summe;Summe;1889968;13739;424485;573541;279298;67541;302259;;115098;114007;25139;
SH;Summe;Summe;ungültig;9963;6496;977;1161;134;91;932;;115;57;14;
SH;Summe;Summe;SPD;352546;941;298118;17147;20516;1641;1719;;4477;7988;681;
SH;Summe;Summe;CDU;518424;1263;17345;466203;9130;8684;5853;;2123;7824;2046;
SH;Summe;Summe;GRÜNE;279923;145;46003;12191;208357;814;184;;5727;6501;360;
SH;Summe;Summe;FDP;88147;101;4618;31428;1739;44166;2754;;591;2751;512;
SH;Summe;Summe;AfD;306165;1044;3326;17504;408;3844;274644;;1083;4312;1175;
SH;Summe;Summe;CSU;;;;;;;;;;;;
SH;Summe;Summe;Die Linke;146428;172;26841;3902;26828;1028;721;;80801;6135;651;
SH;Summe;Summe;Sonstige;188372;3578;27258;24005;12185;7274;15451;;20182;78440;19700;
SH;Summe;Summe;dar. FREIE WÄHLER;13675;79;613;1896;181;351;426;;322;9807;8881;
SH;Summe;Summe;dar. BSW;64777;2186;10547;9933;1626;3780;10818;;12480;13405;5135;
SH;Summe;2001-2007;Summe;120704;793;24116;17577;19961;6296;19520;;22602;9839;1389;
SH;Summe;2001-2007;ungültig;403;325;8;17;;;7;;46;;;
SH;Summe;2001-2007;SPD;13904;;9917;973;1402;272;132;;323;885;30;
SH;Summe;2001-2007;CDU;13134;46;465;11013;454;567;312;;36;241;32;
SH;Summe;2001-2007;GRÜNE;16130;;2723;268;11194;201;;;729;1016;29;
SH;Summe;2001-2007;FDP;7296;17;550;2031;69;3794;276;;207;351;37;
SH;Summe;2001-2007;AfD;20695;97;249;1290;40;543;17676;;209;590;200;
SH;Summe;2001-2007;CSU;;;;;;;;;;;;
SH;Summe;2001-2007;Die Linke;33894;;7404;337;6136;95;177;;18612;1133;75;
SH;Summe;2001-2007;Sonstige;15249;308;2799;1648;666;823;940;;2440;5625;986;
SH;Summe;2001-2007;dar. FREIE WÄHLER;1129;79;120;55;;79;21;;194;581;377;
SH;Summe;2001-2007;dar. BSW;4852;45;963;818;60;358;539;;1202;866;214;
SH;Summe;1991-2000;Summe;229847;679;39561;39294;48113;11456;44420;;28069;18255;3925;
SH;Summe;1991-2000;ungültig;482;419;6;;;;11;;46;;;
SH;Summe;1991-2000;SPD;26796;11;20905;1779;2076;184;426;;791;623;78;
SH;Summe;1991-2000;CDU;31797;;1783;26428;852;1175;547;;256;756;150;
SH;Summe;1991-2000;GRÜNE;43209;7;5589;1613;33249;115;63;;1375;1198;108;
SH;Summe;1991-2000;FDP;13556;;975;3590;342;7589;491;;31;539;63;
SH;Summe;1991-2000;AfD;45081;136;673;2373;90;559;40138;;200;911;249;
SH;Summe;1991-2000;CSU;;;;;;;;;;;;
SH;Summe;1991-2000;Die Linke;38467;;6415;570;8892;216;91;;20789;1495;145;
SH;Summe;1991-2000;Sonstige;30460;106;3216;2942;2612;1619;2653;;4580;12732;3131;
SH;Summe;1991-2000;dar. FREIE WÄHLER;2207;;87;333;77;122;176;;;1411;1348;
SH;Summe;1991-2000;dar. BSW;11366;82;1676;1691;318;822;1861;;2529;2387;848;
SH;Summe;1981-1990;Summe;265343;1677;43181;63626;44120;10601;62677;;19364;20095;5246;
SH;Summe;1981-1990;ungültig;742;528;;43;;;172;;;;;
SH;Summe;1981-1990;SPD;31363;77;24649;1834;2493;101;469;;603;1136;99;
SH;Summe;1981-1990;CDU;54410;88;2269;46948;1199;1468;875;;421;1142;187;
SH;Summe;1981-1990;GRÜNE;44571;56;7092;1237;33514;126;66;;1318;1163;138;
SH;Summe;1981-1990;FDP;12114;;708;3491;258;6527;637;;136;357;85;
SH;Summe;1981-1990;AfD;64609;132;562;4367;63;701;57346;;277;1162;327;
SH;Summe;1981-1990;CSU;;;;;;;;;;;;
SH;Summe;1981-1990;Die Linke;22767;140;3488;561;4352;257;257;;12734;979;206;
SH;Summe;1981-1990;Sonstige;34766;657;4414;5146;2242;1421;2856;;3875;14156;4204;
SH;Summe;1981-1990;dar. FREIE WÄHLER;3055;;96;583;6;85;60;;14;2212;2113;
SH;Summe;1981-1990;dar. BSW;13144;496;2177;2216;332;844;2012;;2175;2892;1074;
SH;Summe;1966-1980;Summe;468621;2836;89359;142742;68664;14576;94366;;23432;32645;8614;
SH;Summe;1966-1980;ungültig;2276;1631;340;79;78;7;111;;;29;;
SH;Summe;1966-1980;SPD;72799;179;59617;4551;4354;419;336;;1144;2199;257;
SH;Summe;1966-1980;CDU;128715;85;4294;114441;2451;1930;2216;;824;2475;1062;
SH;Summe;1966-1980;GRÜNE;74157;25;12349;3646;54927;168;6;;1182;1854;58;
SH;Summe;1966-1980;FDP;18688;17;424;6725;564;9429;704;;91;734;189;
SH;Summe;1966-1980;AfD;94086;115;1078;4940;;801;85876;;190;1086;201;
SH;Summe;1966-1980;CSU;;;;;;;;;;;;
SH;Summe;1966-1980;Die Linke;26267;6;4329;989;3704;329;81;;15275;1554;150;
SH;Summe;1966-1980;Sonstige;51633;778;6929;7371;2586;1493;5037;;4726;22714;6697;
SH;Summe;1966-1980;dar. FREIE WÄHLER;4467;;155;482;90;27;148;;58;3506;2952;
SH;Summe;1966-1980;dar. BSW;18210;432;2510;2829;418;925;3429;;3251;4416;2080;
SH;Summe;1956-1965;Summe;365649;2726;94323;119056;54982;9999;50961;;13425;20178;4323;
SH;Summe;1956-1965;ungültig;1913;1328;29;292;26;;215;;24;;;
SH;Summe;1956-1965;SPD;84338;71;72264;3248;5207;298;319;;1043;1889;177;
SH;Summe;1956-1965;CDU;111156;262;3449;100554;2142;1401;1017;;522;1808;412;
SH;Summe;1956-1965;GRÜNE;56110;7;9321;2361;42706;128;49;;736;803;27;
SH;Summe;1956-1965;FDP;12840;;718;5096;199;6087;331;;100;308;95;
SH;Summe;1956-1965;AfD;51428;165;540;2875;133;856;46336;;128;394;117;
SH;Summe;1956-1965;CSU;;;;;;;;;;;;
SH;Summe;1956-1965;Die Linke;14266;25;2511;699;2311;131;70;;7801;717;;
SH;Summe;1956-1965;Sonstige;33598;868;5491;3931;2258;1098;2624;;3072;14258;3495;
SH;Summe;1956-1965;dar. FREIE WÄHLER;2119;;95;395;8;37;22;;55;1506;1499;
SH;Summe;1956-1965;dar. BSW;11063;480;1941;1401;381;422;1979;;2246;2214;705;
SH;Summe;<=1955;Summe;439804;5028;133944;191246;43458;14612;30314;;8206;12995;1642;
SH;Summe;<=1955;ungültig;4148;2265;594;730;31;84;416;;;28;14;
SH;Summe;<=1955;SPD;123346;603;110765;4761;4983;367;37;;573;1257;39;
SH;Summe;<=1955;CDU;179212;782;5084;166820;2032;2143;885;;63;1402;202;
SH;Summe;<=1955;GRÜNE;45746;51;8929;3067;32768;77;;;387;467;;
SH;Summe;<=1955;FDP;23654;66;1244;10495;307;10738;316;;26;462;43;
SH;Summe;<=1955;AfD;30266;399;224;1659;82;383;27273;;78;168;81;
SH;Summe;<=1955;CSU;;;;;;;;;;;;
SH;Summe;<=1955;Die Linke;10767;;2694;746;1434;;46;;5590;257;75;
SH;Summe;<=1955;Sonstige;22666;862;4410;2968;1821;820;1341;;1490;8955;1188;
SH;Summe;<=1955;dar. FREIE WÄHLER;700;;61;47;;;;;;592;592;
SH;Summe;<=1955;dar. BSW;6141;651;1280;978;118;408;998;;1077;630;215;
SH;m|d|o;Summe;Summe;912681;6018;186540;285774;115964;34936;180855;;48834;53761;12465;
SH;m|d|o;Summe;ungültig;4056;2807;233;232;24;24;601;;92;43;14;
SH;m|d|o;Summe;SPD;154755;345;131454;8575;7558;631;725;;2081;3385;412;
SH;m|d|o;Summe;CDU;257043;466;7769;230911;4740;4688;3159;;819;4491;1204;
SH;m|d|o;Summe;GRÜNE;118537;16;19215;5429;87929;326;7;;2608;3007;212;
SH;m|d|o;Summe;FDP;48674;87;2255;18660;886;23827;1533;;257;1170;258;
SH;m|d|o;Summe;AfD;186368;411;2024;10778;199;2239;167544;;506;2667;639;
SH;m|d|o;Summe;CSU;;;;;;;;;;;;
SH;m|d|o;Summe;Die Linke;60286;125;11205;1437;10503;492;231;;33225;3067;313;
SH;m|d|o;Summe;Sonstige;82961;1762;12385;9752;4124;2708;7056;;9245;35929;9413;
SH;m|d|o;Summe;dar. FREIE WÄHLER;6073;;222;949;167;133;207;;88;4308;4038;
SH;m|d|o;Summe;dar. BSW;27983;1087;4830;3681;608;1269;5127;;5621;5760;2318;
SH;m|d|o;2001-2007;Summe;60122;358;10899;11210;7729;4182;13444;;7941;4359;792;
SH;m|d|o;2001-2007;ungültig;161;108;;;;;7;;46;;;
SH;m|d|o;2001-2007;SPD;6561;;4480;729;545;190;86;;151;381;30;
SH;m|d|o;2001-2007;CDU;8192;46;265;6830;194;362;268;;36;191;32;
SH;m|d|o;2001-2007;GRÜNE;6965;;1420;216;4600;44;;;377;308;;
SH;m|d|o;2001-2007;FDP;5121;17;431;1489;61;2723;158;;99;143;37;
SH;m|d|o;2001-2007;AfD;14995;36;233;1044;40;461;12476;;136;568;186;
SH;m|d|o;2001-2007;CSU;;;;;;;;;;;;
SH;m|d|o;2001-2007;Die Linke;11241;;2675;140;2129;;62;;5983;252;17;
SH;m|d|o;2001-2007;Sonstige;6885;150;1395;763;160;401;388;;1113;2516;490;
SH;m|d|o;2001-2007;dar. FREIE WÄHLER;380;;6;55;;13;14;;71;221;221;
SH;m|d|o;2001-2007;dar. BSW;1660;45;433;199;7;86;142;;542;206;10;
SH;m|d|o;1991-2000;Summe;116600;290;18204;20341;20896;6803;27748;;12136;10182;2335;
SH;m|d|o;1991-2000;ungültig;301;255;;;;;;;46;;;
SH;m|d|o;1991-2000;SPD;12908;11;9912;933;1055;152;129;;305;412;56;
SH;m|d|o;1991-2000;CDU;16119;;956;13403;429;631;255;;115;331;111;
SH;m|d|o;1991-2000;GRÜNE;19065;;2327;844;14523;79;7;;694;591;88;
SH;m|d|o;1991-2000;FDP;8349;;590;2356;166;4588;335;;7;308;7;
SH;m|d|o;1991-2000;AfD;28660;7;381;1310;90;421;25610;;25;814;158;
SH;m|d|o;1991-2000;CSU;;;;;;;;;;;;
SH;m|d|o;1991-2000;Die Linke;16043;;2459;239;3434;202;21;;8820;868;95;
SH;m|d|o;1991-2000;Sonstige;15155;17;1578;1255;1199;731;1392;;2125;6858;1819;
SH;m|d|o;1991-2000;dar. FREIE WÄHLER;1258;;68;155;77;55;111;;;794;737;
SH;m|d|o;1991-2000;dar. BSW;5716;;913;756;183;422;846;;1079;1517;517;
SH;m|d|o;1981-1990;Summe;131388;944;18708;31848;20686;5711;36787;;8228;8477;2449;
SH;m|d|o;1981-1990;ungültig;335;249;;;;;86;;;;;
SH;m|d|o;1981-1990;SPD;13304;;10460;954;1041;60;195;;274;319;55;
SH;m|d|o;1981-1990;CDU;28008;7;1313;23830;678;924;455;;230;571;161;
SH;m|d|o;1981-1990;GRÜNE;20147;;2475;521;16010;98;;;663;378;88;
SH;m|d|o;1981-1990;FDP;6981;;471;2037;152;3863;321;;38;99;85;
SH;m|d|o;1981-1990;AfD;38725;132;403;2454;63;349;34587;;172;567;184;
SH;m|d|o;1981-1990;CSU;;;;;;;;;;;;
SH;m|d|o;1981-1990;Die Linke;9522;100;1754;200;1873;7;53;;5128;407;81;
SH;m|d|o;1981-1990;Sonstige;14366;457;1831;1852;868;409;1091;;1723;6135;1796;
SH;m|d|o;1981-1990;dar. FREIE WÄHLER;1251;;17;345;6;31;;;;853;831;
SH;m|d|o;1981-1990;dar. BSW;4980;327;1008;679;81;288;895;;745;958;423;
SH;m|d|o;1966-1980;Summe;229379;1175;38834;72809;28414;6474;56435;;9803;15434;4057;
SH;m|d|o;1966-1980;ungültig;992;795;75;7;7;;80;;;29;;
SH;m|d|o;1966-1980;SPD;31272;21;25753;2068;1663;123;152;;579;912;203;
SH;m|d|o;1966-1980;CDU;65842;69;1679;58860;1594;862;1055;;235;1488;516;
SH;m|d|o;1966-1980;GRÜNE;31390;;5447;1602;22777;16;;;480;1068;29;
SH;m|d|o;1966-1980;FDP;9121;17;217;3765;178;4332;371;;13;227;79;
SH;m|d|o;1966-1980;AfD;57149;46;627;3246;;499;52262;;90;379;7;
SH;m|d|o;1966-1980;CSU;;;;;;;;;;;;
SH;m|d|o;1966-1980;Die Linke;11164;;1938;445;1344;230;35;;6238;933;52;
SH;m|d|o;1966-1980;Sonstige;22448;226;3098;2817;850;412;2480;;2168;10397;3171;
SH;m|d|o;1966-1980;dar. FREIE WÄHLER;2102;;72;234;84;12;61;;17;1623;1431;
SH;m|d|o;1966-1980;dar. BSW;7477;53;935;1127;166;222;1852;;1654;1468;720;
SH;m|d|o;1956-1965;Summe;177797;903;42088;62149;21627;4890;30184;;6580;9375;2188;
SH;m|d|o;1956-1965;ungültig;585;406;20;23;;;136;;;;;
SH;m|d|o;1956-1965;SPD;37183;62;32270;1726;1469;34;162;;560;898;69;
SH;m|d|o;1956-1965;CDU;57805;56;1513;52349;1202;631;801;;191;1064;287;
SH;m|d|o;1956-1965;GRÜNE;23155;7;4094;1115;17301;77;;;283;279;7;
SH;m|d|o;1956-1965;FDP;6827;;226;2958;105;3150;210;;100;78;7;
SH;m|d|o;1956-1965;AfD;30553;59;305;1702;6;405;27675;;83;319;104;
SH;m|d|o;1956-1965;CSU;;;;;;;;;;;;
SH;m|d|o;1956-1965;Die Linke;6799;25;1124;289;933;54;14;;3967;394;;
SH;m|d|o;1956-1965;Sonstige;14889;289;2535;1987;612;539;1187;;1397;6344;1714;
SH;m|d|o;1956-1965;dar. FREIE WÄHLER;870;;61;154;;22;22;;;612;612;
SH;m|d|o;1956-1965;dar. BSW;5450;123;987;695;99;147;956;;1112;1333;543;
SH;m|d|o;<=1955;Summe;197395;2348;57808;87416;16611;6876;16256;;4145;5934;644;
SH;m|d|o;<=1955;ungültig;1681;994;138;203;17;24;292;;;14;14;
SH;m|d|o;<=1955;SPD;53527;251;48578;2165;1785;71;;;212;464;;
SH;m|d|o;<=1955;CDU;81076;288;2042;75638;643;1279;326;;14;846;97;
SH;m|d|o;<=1955;GRÜNE;17816;9;3452;1131;12718;13;;;110;383;;
SH;m|d|o;<=1955;FDP;12274;52;320;6055;223;5170;138;;;315;43;
SH;m|d|o;<=1955;AfD;16285;131;73;1022;;103;14935;;;21;;
SH;m|d|o;<=1955;CSU;;;;;;;;;;;;
SH;m|d|o;<=1955;Die Linke;5517;;1256;125;789;;46;;3089;213;68;
SH;m|d|o;<=1955;Sonstige;9218;623;1949;1078;435;215;519;;720;3679;423;
SH;m|d|o;<=1955;dar. FREIE WÄHLER;212;;;6;;;;;;206;206;
SH;m|d|o;<=1955;dar. BSW;2700;540;555;226;72;104;436;;489;278;104;
SH;w;Summe;Summe;977287;7721;237945;287767;163334;32605;121404;;66264;60246;12674;
SH;w;Summe;ungültig;5907;3689;744;928;110;68;331;;24;14;;
SH;w;Summe;SPD;197791;595;166663;8572;12958;1010;995;;2396;4602;269;
SH;w;Summe;CDU;261381;797;9576;235292;4390;3995;2695;;1304;3332;842;
SH;w;Summe;GRÜNE;161386;130;26788;6762;120427;488;177;;3120;3494;147;
SH;w;Summe;FDP;39473;14;2363;12768;853;20338;1222;;334;1580;254;
SH;w;Summe;AfD;119797;634;1303;6726;209;1605;107100;;576;1644;537;
SH;w;Summe;CSU;;;;;;;;;;;;
SH;w;Summe;Die Linke;86142;46;15636;2465;16326;536;490;;47575;3068;338;
SH;w;Summe;Sonstige;105411;1816;14873;14253;8060;4566;8395;;10936;42511;10287;
SH;w;Summe;dar. FREIE WÄHLER;7602;79;391;947;14;219;219;;234;5499;4843;
SH;w;Summe;dar. BSW;36794;1100;5717;6251;1019;2511;5691;;6859;7646;2818;
SH;w;2001-2007;Summe;60582;435;13217;6366;12232;2115;6076;;14661;5481;597;
SH;w;2001-2007;ungültig;242;217;8;17;;;;;;;;
SH;w;2001-2007;SPD;7343;;5437;244;857;82;46;;172;504;;
SH;w;2001-2007;CDU;4942;;200;4183;260;205;45;;;50;;
SH;w;2001-2007;GRÜNE;9164;;1303;52;6593;157;;;352;708;29;
SH;w;2001-2007;FDP;2175;;119;542;8;1071;119;;108;208;;
SH;w;2001-2007;AfD;5700;61;16;247;;82;5200;;73;22;15;
SH;w;2001-2007;CSU;;;;;;;;;;;;
SH;w;2001-2007;Die Linke;22653;;4729;197;4007;95;114;;12629;881;58;
SH;w;2001-2007;Sonstige;8363;158;1404;885;506;422;552;;1327;3109;496;
SH;w;2001-2007;dar. FREIE WÄHLER;749;79;114;;;66;7;;123;360;156;
SH;w;2001-2007;dar. BSW;3192;;530;619;53;272;398;;660;660;204;
SH;w;1991-2000;Summe;113247;389;21358;18954;27216;4653;16672;;15932;8073;1590;
SH;w;1991-2000;ungültig;180;164;6;;;;11;;;;;
SH;w;1991-2000;SPD;13888;;10993;846;1022;32;298;;487;212;23;
SH;w;1991-2000;CDU;15677;;827;13024;422;545;293;;141;425;39;
SH;w;1991-2000;GRÜNE;24144;7;3262;769;18726;36;56;;682;607;20;
SH;w;1991-2000;FDP;5207;;385;1234;176;3001;156;;24;231;56;
SH;w;1991-2000;AfD;16421;129;292;1062;;138;14528;;175;97;91;
SH;w;1991-2000;CSU;;;;;;;;;;;;
SH;w;1991-2000;Die Linke;22424;;3956;331;5458;14;69;;11969;627;50;
SH;w;1991-2000;Sonstige;15305;89;1638;1687;1412;888;1262;;2455;5874;1312;
SH;w;1991-2000;dar. FREIE WÄHLER;948;;20;179;;67;65;;;618;611;
SH;w;1991-2000;dar. BSW;5650;82;763;936;135;400;1014;;1450;870;331;
SH;w;1981-1990;Summe;133954;733;24474;31778;23435;4890;25890;;11136;11618;2797;
SH;w;1981-1990;ungültig;407;279;;43;;;86;;;;;
SH;w;1981-1990;SPD;18059;77;14189;880;1453;41;274;;329;817;44;
SH;w;1981-1990;CDU;26402;81;956;23117;522;544;420;;192;571;26;
SH;w;1981-1990;GRÜNE;24425;56;4616;715;17503;28;66;;655;785;50;
SH;w;1981-1990;FDP;5132;;236;1455;106;2664;316;;98;257;;
SH;w;1981-1990;AfD;25884;;159;1914;;352;22759;;105;595;143;
SH;w;1981-1990;CSU;;;;;;;;;;;;
SH;w;1981-1990;Die Linke;13245;40;1734;361;2478;250;204;;7605;572;126;
SH;w;1981-1990;Sonstige;20400;200;2583;3294;1373;1012;1765;;2152;8021;2408;
SH;w;1981-1990;dar. FREIE WÄHLER;1804;;79;238;;54;60;;14;1359;1282;
SH;w;1981-1990;dar. BSW;8164;170;1169;1537;251;556;1117;;1430;1934;651;
SH;w;1966-1980;Summe;239242;1661;50526;69933;40250;8102;37931;;13628;17211;4557;
SH;w;1966-1980;ungültig;1283;836;265;73;71;7;31;;;;;
SH;w;1966-1980;SPD;41526;158;33864;2483;2691;296;183;;565;1287;54;
SH;w;1966-1980;CDU;62873;15;2615;55581;857;1067;1161;;590;987;547;
SH;w;1966-1980;GRÜNE;42767;25;6903;2044;32149;152;6;;702;786;29;
SH;w;1966-1980;FDP;9566;;207;2960;385;5097;333;;77;507;109;
SH;w;1966-1980;AfD;36938;69;450;1694;;303;33614;;100;708;194;
SH;w;1966-1980;CSU;;;;;;;;;;;;
SH;w;1966-1980;Die Linke;15103;6;2391;544;2360;99;46;;9037;620;98;
SH;w;1966-1980;Sonstige;29186;551;3831;4554;1737;1081;2557;;2558;12317;3526;
SH;w;1966-1980;dar. FREIE WÄHLER;2365;;84;248;6;16;87;;41;1883;1521;
SH;w;1966-1980;dar. BSW;10734;379;1576;1703;251;703;1577;;1597;2948;1360;
SH;w;1956-1965;Summe;187852;1823;52235;56907;33355;5109;20777;;6845;10803;2136;
SH;w;1956-1965;ungültig;1327;922;9;269;26;;79;;24;;;
SH;w;1956-1965;SPD;47156;9;39993;1522;3738;263;157;;482;991;108;
SH;w;1956-1965;CDU;53351;206;1936;48205;941;770;217;;331;744;125;
SH;w;1956-1965;GRÜNE;32955;;5227;1246;25405;52;49;;453;524;21;
SH;w;1956-1965;FDP;6012;;492;2138;94;2937;121;;;231;88;
SH;w;1956-1965;AfD;20875;107;235;1173;127;451;18662;;45;75;13;
SH;w;1956-1965;CSU;;;;;;;;;;;;
SH;w;1956-1965;Die Linke;7466;;1387;411;1377;78;56;;3834;323;;
SH;w;1956-1965;Sonstige;18710;579;2956;1944;1646;558;1437;;1675;7914;1781;
SH;w;1956-1965;dar. FREIE WÄHLER;1248;;34;241;8;15;;;55;894;887;
SH;w;1956-1965;dar. BSW;5613;357;954;705;282;275;1023;;1134;882;162;
SH;w;<=1955;Summe;242410;2680;76136;103830;26847;7737;14058;;4061;7061;998;
SH;w;<=1955;ungültig;2467;1271;456;527;14;61;124;;;14;;
SH;w;<=1955;SPD;69819;352;62187;2597;3198;295;37;;361;792;39;
SH;w;<=1955;CDU;98136;494;3042;91182;1389;864;559;;50;555;105;
SH;w;<=1955;GRÜNE;27930;42;5477;1936;20050;63;;;277;84;;
SH;w;<=1955;FDP;11380;14;924;4440;84;5568;177;;26;147;;
SH;w;<=1955;AfD;13980;268;151;637;82;280;12338;;78;148;81;
SH;w;<=1955;CSU;;;;;;;;;;;;
SH;w;<=1955;Die Linke;5250;;1439;621;645;;;;2500;45;7;
SH;w;<=1955;Sonstige;13448;239;2461;1890;1385;605;822;;770;5276;765;
SH;w;<=1955;dar. FREIE WÄHLER;488;;61;41;;;;;;386;386;
SH;w;<=1955;dar. BSW;3441;112;726;752;46;305;562;;588;352;111;
HH;Summe;Summe;Summe;1050805;8507;292325;232067;214621;35299;114714;;129995;23277;9714;
HH;Summe;Summe;ungültig;5185;3895;441;292;21;123;348;;45;20;;
HH;Summe;Summe;SPD;237740;394;209599;5751;14222;678;568;;5533;996;185;
HH;Summe;Summe;CDU;216935;608;12151;192889;4041;2679;2087;;1071;1408;710;
HH;Summe;Summe;GRÜNE;201713;133;28766;3171;160626;710;50;;6526;1731;120;
HH;Summe;Summe;FDP;47115;237;3027;14733;1198;26280;892;;449;298;108;
HH;Summe;Summe;AfD;113608;89;1676;5784;194;760;104068;;699;339;208;
HH;Summe;Summe;CSU;;;;;;;;;;;;
HH;Summe;Summe;Die Linke;151115;152;21233;1513;27462;398;419;;98682;1256;242;
HH;Summe;Summe;Sonstige;77394;2999;15432;7935;6857;3672;6282;;16990;17228;8141;
HH;Summe;Summe;dar. FREIE WÄHLER;3866;58;382;318;29;51;69;;48;2911;2834;
HH;Summe;Summe;dar. BSW;41919;2062;9404;5543;1333;2460;5055;;11781;4282;2382;
HH;Summe;2001-2007;Summe;68727;511;16118;7911;13373;3384;5394;;20295;1741;442;
HH;Summe;2001-2007;ungültig;233;208;;;;;25;;;;;
HH;Summe;2001-2007;SPD;9099;;7305;222;717;162;49;;497;147;13;
HH;Summe;2001-2007;CDU;6803;20;603;5358;97;405;104;;151;63;27;
HH;Summe;2001-2007;GRÜNE;10660;27;1729;252;7705;22;18;;702;204;;
HH;Summe;2001-2007;FDP;4264;25;518;1129;193;2228;95;;41;36;36;
HH;Summe;2001-2007;AfD;5268;;193;245;;28;4732;;5;66;49;
HH;Summe;2001-2007;CSU;;;;;;;;;;;;
HH;Summe;2001-2007;Die Linke;25594;52;4151;138;4041;93;8;;16955;156;6;
HH;Summe;2001-2007;Sonstige;6807;178;1619;566;620;447;364;;1945;1067;312;
HH;Summe;2001-2007;dar. FREIE WÄHLER;230;18;30;29;10;;;;;142;118;
HH;Summe;2001-2007;dar. BSW;3516;94;1030;396;70;336;268;;1248;74;16;
HH;Summe;1991-2000;Summe;179824;770;37646;21748;51417;8589;14673;;39013;5968;2109;
HH;Summe;1991-2000;ungültig;331;294;;;;;17;;;20;;
HH;Summe;1991-2000;SPD;25850;;20871;640;2614;247;53;;1252;171;24;
HH;Summe;1991-2000;CDU;19347;71;1503;15984;520;577;310;;95;286;82;
HH;Summe;1991-2000;GRÜNE;43138;15;5167;394;35044;180;;;1857;481;8;
HH;Summe;1991-2000;FDP;9211;18;653;1819;408;5972;105;;78;159;44;
HH;Summe;1991-2000;AfD;15323;25;273;1203;53;268;13328;;89;84;36;
HH;Summe;1991-2000;CSU;;;;;;;;;;;;
HH;Summe;1991-2000;Die Linke;48310;20;5826;224;10478;116;;;31217;429;101;
HH;Summe;1991-2000;Sonstige;18315;327;3354;1484;2300;1229;860;;4425;4336;1815;
HH;Summe;1991-2000;dar. FREIE WÄHLER;895;;25;26;4;15;44;;;780;780;
HH;Summe;1991-2000;dar. BSW;8892;297;2098;1078;321;884;603;;2736;874;447;
HH;Summe;1981-1990;Summe;185884;839;40073;33181;50470;6378;22390;;26228;6325;2495;
HH;Summe;1981-1990;ungültig;407;282;22;;21;15;67;;;;;
HH;Summe;1981-1990;SPD;31482;50;26369;1018;2775;89;64;;835;282;73;
HH;Summe;1981-1990;CDU;29812;;2038;25796;771;339;350;;211;308;194;
HH;Summe;1981-1990;GRÜNE;47371;;5224;708;39291;224;;;1559;365;20;
HH;Summe;1981-1990;FDP;8365;43;548;2399;138;4966;144;;102;26;6;
HH;Summe;1981-1990;AfD;22065;22;408;1168;63;73;20165;;165;;;
HH;Summe;1981-1990;CSU;;;;;;;;;;;;
HH;Summe;1981-1990;Die Linke;28270;;2481;333;5725;35;111;;19308;277;35;
HH;Summe;1981-1990;Sonstige;18112;441;2985;1760;1686;638;1489;;4047;5066;2167;
HH;Summe;1981-1990;dar. FREIE WÄHLER;768;12;81;35;15;;;;48;577;525;
HH;Summe;1981-1990;dar. BSW;9211;257;1697;1277;262;394;1116;;2664;1543;799;
HH;Summe;1966-1980;Summe;255215;2249;64663;61221;55689;6906;35636;;23319;5533;2514;
HH;Summe;1966-1980;ungültig;1196;1022;37;25;;25;62;;25;;;
HH;Summe;1966-1980;SPD;52376;107;45537;1373;3583;100;253;;1260;162;21;
HH;Summe;1966-1980;CDU;58867;170;3305;51819;1389;580;741;;363;500;290;
HH;Summe;1966-1980;GRÜNE;54961;68;7607;763;44552;125;32;;1276;538;68;
HH;Summe;1966-1980;FDP;9688;43;416;3516;267;5029;190;;170;59;22;
HH;Summe;1966-1980;AfD;35098;;403;1522;77;233;32511;;237;116;68;
HH;Summe;1966-1980;CSU;;;;;;;;;;;;
HH;Summe;1966-1980;Die Linke;25211;23;3679;343;4336;54;166;;16349;260;52;
HH;Summe;1966-1980;Sonstige;17818;817;3681;1857;1485;760;1680;;3640;3898;1994;
HH;Summe;1966-1980;dar. FREIE WÄHLER;900;;132;102;;;25;;;641;641;
HH;Summe;1966-1980;dar. BSW;9849;664;2169;1186;332;524;1330;;2654;989;602;
HH;Summe;1956-1965;Summe;165097;1405;55733;40954;26764;3508;22100;;12217;2416;1348;
HH;Summe;1956-1965;ungültig;901;576;141;55;;;109;;20;;;
HH;Summe;1956-1965;SPD;48224;57;43630;963;2432;6;148;;852;137;31;
HH;Summe;1956-1965;CDU;38607;110;1920;34971;776;203;331;;178;119;63;
HH;Summe;1956-1965;GRÜNE;27347;2;4816;440;21311;;;;690;87;;
HH;Summe;1956-1965;FDP;5817;43;261;2259;85;2916;245;;;9;;
HH;Summe;1956-1965;AfD;21712;;243;1181;;136;19990;;110;52;34;
HH;Summe;1956-1965;CSU;;;;;;;;;;;;
HH;Summe;1956-1965;Die Linke;13508;19;2634;143;1720;34;23;;8856;80;;
HH;Summe;1956-1965;Sonstige;8980;598;2088;942;441;213;1255;;1512;1931;1220;
HH;Summe;1956-1965;dar. FREIE WÄHLER;629;;71;54;;36;;;;468;468;
HH;Summe;1956-1965;dar. BSW;5781;338;1400;675;248;132;1114;;1228;646;441;
HH;Summe;<=1955;Summe;196058;2734;78091;67053;16909;6534;14521;;8923;1295;805;
HH;Summe;<=1955;ungültig;2118;1513;241;212;;83;69;;;;;
HH;Summe;<=1955;SPD;70710;180;65888;1533;2102;74;;;837;96;23;
HH;Summe;<=1955;CDU;63499;237;2782;58962;488;575;250;;73;131;55;
HH;Summe;<=1955;GRÜNE;18237;21;4224;614;12723;159;;;441;56;25;
HH;Summe;<=1955;FDP;9769;66;632;3612;108;5170;113;;59;10;;
HH;Summe;<=1955;AfD;14143;41;158;465;;22;13343;;93;21;21;
HH;Summe;<=1955;CSU;;;;;;;;;;;;
HH;Summe;<=1955;Die Linke;10222;37;2461;331;1163;66;112;;5997;54;49;
HH;Summe;<=1955;Sonstige;7362;638;1706;1324;324;386;634;;1422;928;632;
HH;Summe;<=1955;dar. FREIE WÄHLER;444;28;42;70;;;;;;303;303;
HH;Summe;<=1955;dar. BSW;4670;412;1009;930;100;189;624;;1251;155;78;
HH;m|d|o;Summe;Summe;493332;3913;128599;117158;92666;19209;66195;;55454;10136;3929;
HH;m|d|o;Summe;ungültig;1997;1517;108;171;;33;124;;25;20;;
HH;m|d|o;Summe;SPD;103165;140;92140;2453;4835;353;372;;2406;467;104;
HH;m|d|o;Summe;CDU;109532;395;6445;97078;2242;1382;908;;403;678;308;
HH;m|d|o;Summe;GRÜNE;89950;59;12602;1502;71648;297;50;;2870;920;94;
HH;m|d|o;Summe;FDP;26804;108;1642;8728;699;14671;616;;143;198;52;
HH;m|d|o;Summe;AfD;66570;45;962;3430;95;392;61086;;387;172;127;
HH;m|d|o;Summe;CSU;;;;;;;;;;;;
HH;m|d|o;Summe;Die Linke;61563;70;8012;626;10500;161;93;;41596;504;139;
HH;m|d|o;Summe;Sonstige;33750;1579;6689;3171;2646;1920;2945;;7624;7177;3105;
HH;m|d|o;Summe;dar. FREIE WÄHLER;1661;29;135;134;5;7;44;;;1305;1270;
HH;m|d|o;Summe;dar. BSW;19111;1197;4517;2302;292;1344;2340;;5428;1693;1004;
HH;m|d|o;2001-2007;Summe;32312;252;7389;4516;5715;2263;3935;;7423;819;210;
HH;m|d|o;2001-2007;ungültig;132;107;;;;;25;;;;;
HH;m|d|o;2001-2007;SPD;4420;;3604;137;284;102;49;;169;76;7;
HH;m|d|o;2001-2007;CDU;4224;20;511;3125;72;268;104;;74;49;27;
HH;m|d|o;2001-2007;GRÜNE;5183;27;846;164;3734;4;18;;276;113;;
HH;m|d|o;2001-2007;FDP;2756;;363;599;99;1571;79;;41;5;5;
HH;m|d|o;2001-2007;AfD;3739;;102;145;;28;3450;;;15;15;
HH;m|d|o;2001-2007;CSU;;;;;;;;;;;;
HH;m|d|o;2001-2007;Die Linke;8404;;1060;27;1265;27;;;5969;56;6;
HH;m|d|o;2001-2007;Sonstige;3455;97;904;319;261;262;211;;894;506;151;
HH;m|d|o;2001-2007;dar. FREIE WÄHLER;117;18;;29;;;;;;70;70;
HH;m|d|o;2001-2007;dar. BSW;1882;55;663;214;29;185;135;;564;36;16;
HH;m|d|o;1991-2000;Summe;83846;505;18119;12269;20465;5099;9093;;15801;2495;871;
HH;m|d|o;1991-2000;ungültig;167;146;;;;;;;;20;;
HH;m|d|o;1991-2000;SPD;12369;;10438;387;752;114;37;;531;112;18;
HH;m|d|o;1991-2000;CDU;11084;61;1017;9167;224;356;95;;15;149;34;
HH;m|d|o;1991-2000;GRÜNE;18403;15;2543;119;14738;82;;;760;145;;
HH;m|d|o;1991-2000;FDP;5609;18;327;1207;211;3583;75;;53;134;19;
HH;m|d|o;1991-2000;AfD;9577;25;188;635;32;180;8441;;40;34;14;
HH;m|d|o;1991-2000;CSU;;;;;;;;;;;;
HH;m|d|o;1991-2000;Die Linke;18641;18;2089;70;3587;45;;;12654;178;57;
HH;m|d|o;1991-2000;Sonstige;7998;221;1517;684;922;739;444;;1749;1722;729;
HH;m|d|o;1991-2000;dar. FREIE WÄHLER;427;;9;2;;;44;;;372;372;
HH;m|d|o;1991-2000;dar. BSW;3952;200;885;575;57;589;251;;1108;286;117;
HH;m|d|o;1981-1990;Summe;90806;410;18165;17284;22555;3540;14113;;11861;2879;962;
HH;m|d|o;1981-1990;ungültig;231;167;22;;;15;27;;;;;
HH;m|d|o;1981-1990;SPD;14094;17;12071;584;867;31;35;;401;89;24;
HH;m|d|o;1981-1990;CDU;15415;;1090;13270;472;115;154;;127;187;97;
HH;m|d|o;1981-1990;GRÜNE;22034;;2379;385;18181;99;;;812;178;20;
HH;m|d|o;1981-1990;FDP;4791;;294;1373;48;2912;138;;16;11;6;
HH;m|d|o;1981-1990;AfD;14027;;275;740;63;40;12842;;67;;;
HH;m|d|o;1981-1990;CSU;;;;;;;;;;;;
HH;m|d|o;1981-1990;Die Linke;11959;;764;113;2225;16;43;;8668;130;35;
HH;m|d|o;1981-1990;Sonstige;8254;225;1270;819;699;312;875;;1770;2284;780;
HH;m|d|o;1981-1990;dar. FREIE WÄHLER;338;12;55;15;5;;;;;251;215;
HH;m|d|o;1981-1990;dar. BSW;4208;142;697;599;77;159;689;;1215;630;327;
HH;m|d|o;1966-1980;Summe;124326;928;28416;31933;25790;3650;20648;;10610;2351;968;
HH;m|d|o;1966-1980;ungültig;342;314;;;;2;;;25;;;
HH;m|d|o;1966-1980;SPD;22668;3;19925;341;1457;53;225;;570;94;9;
HH;m|d|o;1966-1980;CDU;30624;113;1649;27167;810;310;301;;66;206;111;
HH;m|d|o;1966-1980;GRÜNE;25372;15;3236;442;20672;54;32;;538;384;50;
HH;m|d|o;1966-1980;FDP;5609;43;251;2194;247;2682;135;;18;39;22;
HH;m|d|o;1966-1980;AfD;20714;;234;966;;79;19199;;159;76;68;
HH;m|d|o;1966-1980;CSU;;;;;;;;;;;;
HH;m|d|o;1966-1980;Die Linke;11586;23;1648;172;2103;16;51;;7505;67;4;
HH;m|d|o;1966-1980;Sonstige;7412;418;1472;651;502;452;704;;1728;1486;704;
HH;m|d|o;1966-1980;dar. FREIE WÄHLER;341;;55;35;;;;;;251;251;
HH;m|d|o;1966-1980;dar. BSW;4489;354;1042;423;63;355;585;;1267;400;275;
HH;m|d|o;1956-1965;Summe;78214;771;25263;21104;11340;1784;11479;;5412;1062;607;
HH;m|d|o;1956-1965;ungültig;407;295;17;55;;;40;;;;;
HH;m|d|o;1956-1965;SPD;21477;27;19816;459;750;;27;;317;82;31;
HH;m|d|o;1956-1965;CDU;19666;78;998;17850;389;120;143;;64;24;12;
HH;m|d|o;1956-1965;GRÜNE;11744;2;1902;196;9287;;;;304;52;;
HH;m|d|o;1956-1965;FDP;3252;;104;1375;65;1564;136;;;9;;
HH;m|d|o;1956-1965;AfD;11531;;106;677;;64;10628;;28;27;9;
HH;m|d|o;1956-1965;CSU;;;;;;;;;;;;
HH;m|d|o;1956-1965;Die Linke;6300;19;1432;58;764;5;;;3988;35;;
HH;m|d|o;1956-1965;Sonstige;3837;349;889;434;85;31;504;;711;833;555;
HH;m|d|o;1956-1965;dar. FREIE WÄHLER;297;;16;33;;7;;;;240;240;
HH;m|d|o;1956-1965;dar. BSW;2660;248;700;333;14;2;473;;620;270;248;
HH;m|d|o;<=1955;Summe;83827;1048;31247;30053;6800;2873;6928;;4348;530;310;
HH;m|d|o;<=1955;ungültig;719;487;68;116;;16;32;;;;;
HH;m|d|o;<=1955;SPD;28137;93;26287;546;725;53;;;419;14;14;
HH;m|d|o;<=1955;CDU;28519;122;1180;26499;275;213;111;;58;62;27;
HH;m|d|o;<=1955;GRÜNE;7215;;1696;195;5036;57;;;180;49;25;
HH;m|d|o;<=1955;FDP;4787;48;303;1981;29;2358;53;;15;;;
HH;m|d|o;<=1955;AfD;6981;20;56;266;;;6525;;93;21;21;
HH;m|d|o;<=1955;CSU;;;;;;;;;;;;
HH;m|d|o;<=1955;Die Linke;4674;10;1019;186;557;52;;;2813;38;38;
HH;m|d|o;<=1955;Sonstige;2795;269;637;264;178;124;207;;771;346;186;
HH;m|d|o;<=1955;dar. FREIE WÄHLER;140;;;18;;;;;;122;122;
HH;m|d|o;<=1955;dar. BSW;1920;197;529;159;50;53;207;;655;71;21;
HH;w;Summe;Summe;557473;4594;163726;114909;121955;16090;48519;;74541;13141;5785;
HH;w;Summe;ungültig;3188;2378;334;122;21;90;224;;20;;;
HH;w;Summe;SPD;134575;255;117459;3298;9388;325;195;;3126;529;81;
HH;w;Summe;CDU;107403;213;5706;95811;1799;1297;1179;;668;730;403;
HH;w;Summe;GRÜNE;111763;74;16164;1668;88978;413;;;3657;811;26;
HH;w;Summe;FDP;20311;129;1385;6005;499;11609;276;;307;101;56;
HH;w;Summe;AfD;47038;43;715;2354;98;368;42982;;311;167;81;
HH;w;Summe;CSU;;;;;;;;;;;;
HH;w;Summe;Die Linke;89552;82;13221;887;16962;237;326;;57085;752;103;
HH;w;Summe;Sonstige;43644;1420;8743;4764;4211;1752;3337;;9367;10051;5036;
HH;w;Summe;dar. FREIE WÄHLER;2205;28;247;184;24;44;25;;48;1605;1564;
HH;w;Summe;dar. BSW;22808;866;4887;3241;1041;1116;2715;;6353;2589;1379;
HH;w;2001-2007;Summe;36415;259;8729;3395;7658;1122;1458;;12872;922;232;
HH;w;2001-2007;ungültig;101;101;;;;;;;;;;
HH;w;2001-2007;SPD;4679;;3701;85;433;61;;;328;71;5;
HH;w;2001-2007;CDU;2579;;92;2233;25;137;;;77;15;;
HH;w;2001-2007;GRÜNE;5477;;883;88;3972;18;;;426;92;;
HH;w;2001-2007;FDP;1508;25;155;530;93;656;16;;;31;31;
HH;w;2001-2007;AfD;1529;;91;100;;;1282;;5;51;34;
HH;w;2001-2007;CSU;;;;;;;;;;;;
HH;w;2001-2007;Die Linke;17190;52;3092;112;2776;65;8;;10986;100;;
HH;w;2001-2007;Sonstige;3353;81;715;247;359;185;153;;1051;562;161;
HH;w;2001-2007;dar. FREIE WÄHLER;113;;30;;10;;;;;73;48;
HH;w;2001-2007;dar. BSW;1634;39;367;182;41;151;133;;684;38;;
HH;w;1991-2000;Summe;95978;266;19527;9479;30951;3490;5580;;23212;3473;1238;
HH;w;1991-2000;ungültig;164;147;;;;;17;;;;;
HH;w;1991-2000;SPD;13481;;10434;254;1862;134;17;;721;60;6;
HH;w;1991-2000;CDU;8263;10;486;6817;296;221;215;;80;137;47;
HH;w;1991-2000;GRÜNE;24735;;2624;274;20306;97;;;1098;336;8;
HH;w;1991-2000;FDP;3603;;326;612;197;2389;30;;25;25;25;
HH;w;1991-2000;AfD;5745;;85;567;21;87;4886;;48;50;23;
HH;w;1991-2000;CSU;;;;;;;;;;;;
HH;w;1991-2000;Die Linke;29669;2;3736;154;6890;71;;;18563;251;44;
HH;w;1991-2000;Sonstige;10317;106;1837;800;1378;490;415;;2676;2614;1086;
HH;w;1991-2000;dar. FREIE WÄHLER;468;;17;24;4;15;;;;408;408;
HH;w;1991-2000;dar. BSW;4940;96;1213;503;264;295;352;;1629;588;330;
HH;w;1981-1990;Summe;95078;429;21908;15897;27915;2837;8278;;14367;3446;1533;
HH;w;1981-1990;ungültig;176;115;;;21;;40;;;;;
HH;w;1981-1990;SPD;17388;33;14298;435;1908;57;29;;434;194;49;
HH;w;1981-1990;CDU;14396;;948;12525;299;224;197;;83;121;97;
HH;w;1981-1990;GRÜNE;25337;;2845;323;21109;125;;;748;187;;
HH;w;1981-1990;FDP;3574;43;254;1026;91;2053;6;;87;15;;
HH;w;1981-1990;AfD;8037;22;132;428;;33;7323;;98;;;
HH;w;1981-1990;CSU;;;;;;;;;;;;
HH;w;1981-1990;Die Linke;16312;;1717;220;3500;19;68;;10640;147;;
HH;w;1981-1990;Sonstige;9858;216;1715;941;987;326;614;;2277;2782;1387;
HH;w;1981-1990;dar. FREIE WÄHLER;430;;25;20;10;;;;48;326;309;
HH;w;1981-1990;dar. BSW;5003;115;1000;678;185;235;427;;1450;913;472;
HH;w;1966-1980;Summe;130889;1320;36247;29288;29898;3256;14988;;12709;3182;1546;
HH;w;1966-1980;ungültig;854;707;37;25;;23;62;;;;;
HH;w;1966-1980;SPD;29708;104;25612;1033;2126;47;28;;690;68;12;
HH;w;1966-1980;CDU;28244;56;1655;24652;579;270;440;;296;294;179;
HH;w;1966-1980;GRÜNE;29588;53;4371;321;23880;71;;;738;155;18;
HH;w;1966-1980;FDP;4079;;165;1322;20;2346;55;;151;20;;
HH;w;1966-1980;AfD;14384;;168;556;77;153;13312;;78;40;;
HH;w;1966-1980;CSU;;;;;;;;;;;;
HH;w;1966-1980;Die Linke;13625;;2031;171;2233;38;115;;8844;193;48;
HH;w;1966-1980;Sonstige;10406;399;2209;1207;983;308;976;;1911;2412;1289;
HH;w;1966-1980;dar. FREIE WÄHLER;559;;78;67;;;25;;;389;389;
HH;w;1966-1980;dar. BSW;5359;310;1127;763;268;169;745;;1387;589;327;
HH;w;1956-1965;Summe;86883;634;30470;19850;15424;1724;10622;;6806;1353;741;
HH;w;1956-1965;ungültig;494;281;124;;;;69;;20;;;
HH;w;1956-1965;SPD;26747;30;23815;504;1681;6;121;;534;56;;
HH;w;1956-1965;CDU;18941;31;922;17121;387;83;188;;115;94;51;
HH;w;1956-1965;GRÜNE;15603;;2914;244;12024;;;;386;35;;
HH;w;1956-1965;FDP;2565;43;158;884;20;1352;109;;;;;
HH;w;1956-1965;AfD;10181;;136;503;;72;9362;;82;25;25;
HH;w;1956-1965;CSU;;;;;;;;;;;;
HH;w;1956-1965;Die Linke;7208;;1202;85;956;29;23;;4868;45;;
HH;w;1956-1965;Sonstige;5143;249;1199;508;356;182;751;;801;1098;665;
HH;w;1956-1965;dar. FREIE WÄHLER;332;;55;21;;28;;;;228;228;
HH;w;1956-1965;dar. BSW;3121;90;700;343;234;130;641;;608;376;193;
HH;w;<=1955;Summe;112231;1686;46844;37000;10109;3661;7593;;4575;765;495;
HH;w;<=1955;ungültig;1399;1026;173;96;;67;37;;;;;
HH;w;<=1955;SPD;42572;87;39601;988;1377;20;;;418;81;9;
HH;w;<=1955;CDU;34980;116;1602;32463;213;362;139;;16;69;28;
HH;w;<=1955;GRÜNE;11022;21;2527;418;7686;102;;;261;7;;
HH;w;<=1955;FDP;4982;18;329;1630;79;2812;60;;44;10;;
HH;w;<=1955;AfD;7162;21;102;200;;22;6817;;;;;
HH;w;<=1955;CSU;;;;;;;;;;;;
HH;w;<=1955;Die Linke;5548;28;1442;145;606;14;112;;3184;16;12;
HH;w;<=1955;Sonstige;4567;369;1069;1060;147;262;427;;651;582;446;
HH;w;<=1955;dar. FREIE WÄHLER;304;28;42;52;;;;;;181;181;
HH;w;<=1955;dar. BSW;2750;215;480;771;49;136;417;;596;85;57;
NI;Summe;Summe;Summe;5041312;36097;1469704;1558417;487326;148320;881225;;321569;138654;68432;
NI;Summe;Summe;ungültig;25976;16493;3000;2664;529;335;1965;;415;575;191;
NI;Summe;Summe;SPD;1153523;3260;1006842;68959;41377;4464;4563;;16527;7532;3008;
NI;Summe;Summe;CDU;1410418;3651;89447;1256490;13167;16190;16822;;4891;9759;5810;
NI;Summe;Summe;GRÜNE;576845;536;158947;32054;362241;2457;442;;13293;6875;1014;
NI;Summe;Summe;FDP;205163;839;16817;76508;2491;97503;6404;;2045;2556;1532;
NI;Summe;Summe;AfD;894540;1746;15549;53459;951;8416;801868;;4688;7864;4841;
NI;Summe;Summe;CSU;;;;;;;;;;;;
NI;Summe;Summe;Die Linke;405519;598;110642;14055;49918;2414;3074;;217766;7051;2163;
NI;Summe;Summe;Sonstige;369328;8975;68460;54227;16652;16542;46086;;61943;96442;49874;
NI;Summe;Summe;dar. FREIE WÄHLER;37628;138;3727;4942;617;1282;1763;;985;24175;22830;
NI;Summe;Summe;dar. BSW;189376;5768;39329;31844;4122;9115;32670;;41221;25308;12555;
NI;Summe;2001-2007;Summe;348045;1268;94632;55869;35796;16656;62767;;67519;13538;5321;
NI;Summe;2001-2007;ungültig;977;498;68;110;34;9;61;;124;73;48;
NI;Summe;2001-2007;SPD;48832;17;38088;3694;2052;1035;437;;2339;1170;233;
NI;Summe;2001-2007;CDU;41496;138;3872;33562;722;1337;991;;383;491;223;
NI;Summe;2001-2007;GRÜNE;35552;;11012;1248;20431;276;112;;1955;518;11;
NI;Summe;2001-2007;FDP;19951;92;2287;6178;334;9636;732;;376;317;149;
NI;Summe;2001-2007;AfD;63844;42;1341;4143;154;1071;55987;;579;527;332;
NI;Summe;2001-2007;CSU;;;;;;;;;;;;
NI;Summe;2001-2007;Die Linke;99698;61;31058;1960;10173;806;368;;53518;1755;394;
NI;Summe;2001-2007;Sonstige;37694;422;6906;4975;1896;2486;4077;;8245;8687;3931;
NI;Summe;2001-2007;dar. FREIE WÄHLER;2730;;278;157;114;111;159;;169;1743;1667;
NI;Summe;2001-2007;dar. BSW;16945;148;3731;2706;348;1192;2284;;4507;2029;1146;
NI;Summe;1991-2000;Summe;634698;2646;155919;124652;90972;22831;126678;;81628;29372;12262;
NI;Summe;1991-2000;ungültig;1510;1242;63;55;;;80;;;70;;
NI;Summe;1991-2000;SPD;90218;226;72467;6956;5437;526;637;;2663;1306;735;
NI;Summe;1991-2000;CDU;101166;109;9039;83954;1545;1612;2380;;680;1846;929;
NI;Summe;1991-2000;GRÜNE;94975;9;24382;4075;60985;386;65;;3489;1584;128;
NI;Summe;1991-2000;FDP;29477;125;3340;9464;686;14098;645;;452;666;429;
NI;Summe;1991-2000;AfD;128645;94;2924;7577;229;1749;113640;;1045;1387;826;
NI;Summe;1991-2000;CSU;;;;;;;;;;;;
NI;Summe;1991-2000;Die Linke;110020;131;28157;2481;17210;437;500;;59326;1779;370;
NI;Summe;1991-2000;Sonstige;78688;710;15546;10090;4881;4023;8730;;13974;20734;8845;
NI;Summe;1991-2000;dar. FREIE WÄHLER;6135;;533;805;68;161;291;;120;4157;3630;
NI;Summe;1991-2000;dar. BSW;37661;442;8531;6420;1058;2346;5646;;8400;4819;2360;
NI;Summe;1981-1990;Summe;733443;3820;164075;195147;87392;21996;179901;;52461;28652;13788;
NI;Summe;1981-1990;ungültig;2240;1427;59;252;149;35;196;;49;73;;
NI;Summe;1981-1990;SPD;109593;27;91915;7277;5613;587;617;;2243;1314;440;
NI;Summe;1981-1990;CDU;168506;223;11973;145245;2382;2369;3180;;1086;2048;1176;
NI;Summe;1981-1990;GRÜNE;105095;172;27622;5145;67291;561;92;;2565;1646;417;
NI;Summe;1981-1990;FDP;30008;46;3532;11260;345;12748;1320;;333;424;207;
NI;Summe;1981-1990;AfD;185629;240;2878;12745;62;1707;165122;;1106;1769;1002;
NI;Summe;1981-1990;CSU;;;;;;;;;;;;
NI;Summe;1981-1990;Die Linke;59173;60;14844;2212;7959;288;376;;32278;1157;449;
NI;Summe;1981-1990;Sonstige;73199;1625;11253;11011;3592;3700;8997;;12801;20221;10097;
NI;Summe;1981-1990;dar. FREIE WÄHLER;7036;55;517;1189;172;393;518;;144;4048;3949;
NI;Summe;1981-1990;dar. BSW;35220;962;6090;6554;537;1616;5809;;8553;5098;2447;
NI;Summe;1966-1980;Summe;1221715;7202;311612;388167;114903;33301;267172;;60806;38552;21717;
NI;Summe;1966-1980;ungültig;5155;2983;604;406;289;84;578;;116;95;39;
NI;Summe;1966-1980;SPD;242105;430;206633;16258;10919;717;1137;;4148;1863;736;
NI;Summe;1966-1980;CDU;351837;466;23141;311233;3318;4248;4925;;1271;3235;1962;
NI;Summe;1966-1980;GRÜNE;142808;139;39002;9310;89482;513;127;;2298;1936;421;
NI;Summe;1966-1980;FDP;45459;103;2489;17771;410;21904;1720;;529;533;446;
NI;Summe;1966-1980;AfD;271000;483;4188;16143;163;1886;244057;;1374;2707;1738;
NI;Summe;1966-1980;CSU;;;;;;;;;;;;
NI;Summe;1966-1980;Die Linke;68010;139;18051;3371;6806;483;819;;36927;1415;757;
NI;Summe;1966-1980;Sonstige;95341;2459;17504;13676;3517;3465;13809;;14143;26769;15618;
NI;Summe;1966-1980;dar. FREIE WÄHLER;11063;62;1182;1235;214;212;365;;108;7685;7287;
NI;Summe;1966-1980;dar. BSW;50057;1527;9838;7933;656;2452;10434;;9984;7233;3774;
NI;Summe;1956-1965;Summe;965374;7131;317748;315643;90734;22838;156253;;35114;19914;10641;
NI;Summe;1956-1965;ungültig;4880;3396;600;313;31;44;334;;112;50;35;
NI;Summe;1956-1965;SPD;273272;533;243145;14566;9273;707;1031;;2782;1234;600;
NI;Summe;1956-1965;CDU;293710;912;18315;263730;2345;2703;3458;;918;1328;1017;
NI;Summe;1956-1965;GRÜNE;112390;21;31073;5895;72362;340;15;;1793;890;37;
NI;Summe;1956-1965;FDP;32480;120;1910;12499;221;16046;986;;306;392;175;
NI;Summe;1956-1965;AfD;156067;313;2626;7318;291;1101;142835;;399;1185;695;
NI;Summe;1956-1965;CSU;;;;;;;;;;;;
NI;Summe;1956-1965;Die Linke;38952;60;9997;1974;4526;187;609;;21071;528;161;
NI;Summe;1956-1965;Sonstige;53624;1776;10083;9348;1684;1709;6984;;7733;14308;7921;
NI;Summe;1956-1965;dar. FREIE WÄHLER;7624;22;858;1030;41;225;324;;351;4774;4662;
NI;Summe;1956-1965;dar. BSW;30547;1372;6275;5563;832;1167;5603;;5695;4040;1740;
NI;Summe;<=1955;Summe;1138036;14029;425719;478939;67529;30698;88455;;24041;8626;4703;
NI;Summe;<=1955;ungültig;11214;6947;1607;1527;27;162;715;;14;214;70;
NI;Summe;<=1955;SPD;389503;2026;354594;20207;8083;891;703;;2352;646;264;
NI;Summe;<=1955;CDU;453702;1803;23107;418767;2855;3920;1887;;552;811;504;
NI;Summe;<=1955;GRÜNE;86025;195;25856;6380;51690;382;30;;1193;300;;
NI;Summe;<=1955;FDP;47789;353;3260;19337;495;23070;1000;;50;225;126;
NI;Summe;<=1955;AfD;89355;574;1592;5533;53;901;80228;;184;290;247;
NI;Summe;<=1955;CSU;;;;;;;;;;;;
NI;Summe;<=1955;Die Linke;29667;148;8536;2058;3245;213;402;;14648;418;32;
NI;Summe;<=1955;Sonstige;30782;1984;7168;5129;1082;1159;3489;;5048;5724;3461;
NI;Summe;<=1955;dar. FREIE WÄHLER;3040;;359;527;7;179;106;;93;1768;1635;
NI;Summe;<=1955;dar. BSW;18946;1317;4863;2668;691;342;2894;;4081;2090;1088;
NI;m|d|o;Summe;Summe;2463701;15532;662489;783902;204762;75271;522720;;133976;65049;31176;
NI;m|d|o;Summe;ungültig;10904;7079;1020;1412;132;88;886;;181;106;35;
NI;m|d|o;Summe;SPD;509122;1211;450679;28928;13984;1932;2305;;6702;3381;1060;
NI;m|d|o;Summe;CDU;712293;1722;45654;635179;5237;7783;9560;;2053;5105;2922;
NI;m|d|o;Summe;GRÜNE;257088;298;74597;13271;158228;1162;183;;5537;3812;666;
NI;m|d|o;Summe;FDP;113053;579;9025;44834;1058;51817;4056;;706;976;688;
NI;m|d|o;Summe;AfD;538227;779;8637;33503;585;4697;483294;;2293;4439;2998;
NI;m|d|o;Summe;CSU;;;;;;;;;;;;
NI;m|d|o;Summe;Die Linke;162572;215;42525;5689;19011;774;1506;;89494;3359;1163;
NI;m|d|o;Summe;Sonstige;160441;3648;30352;21085;6526;7017;20930;;27010;43873;21644;
NI;m|d|o;Summe;dar. FREIE WÄHLER;18400;77;1588;2685;403;366;750;;364;12168;11487;
NI;m|d|o;Summe;dar. BSW;83042;2481;17584;12654;1476;4143;14869;;19275;10560;4550;
NI;m|d|o;2001-2007;Summe;177664;986;43122;35661;15364;10704;42328;;22620;6881;2570;
NI;m|d|o;2001-2007;ungültig;574;391;42;49;;;54;;38;;;
NI;m|d|o;2001-2007;SPD;25342;11;19634;2406;700;609;281;;987;714;92;
NI;m|d|o;2001-2007;CDU;26188;132;2614;21165;364;759;612;;148;394;155;
NI;m|d|o;2001-2007;GRÜNE;17776;;5557;757;10144;87;6;;833;392;11;
NI;m|d|o;2001-2007;FDP;14093;92;1347;4864;177;6836;578;;94;106;54;
NI;m|d|o;2001-2007;AfD;43440;34;867;2994;80;750;38265;;306;144;72;
NI;m|d|o;2001-2007;CSU;;;;;;;;;;;;
NI;m|d|o;2001-2007;Die Linke;31168;33;9595;639;2949;149;265;;16837;701;229;
NI;m|d|o;2001-2007;Sonstige;19084;295;3466;2786;949;1514;2266;;3378;4429;1956;
NI;m|d|o;2001-2007;dar. FREIE WÄHLER;1517;;163;149;91;66;82;;88;878;872;
NI;m|d|o;2001-2007;dar. BSW;8298;94;1770;1471;146;884;1235;;1878;820;388;
NI;m|d|o;1991-2000;Summe;320278;1192;70834;66996;39818;13248;78216;;35218;14755;5990;
NI;m|d|o;1991-2000;ungültig;798;694;;34;;;71;;;;;
NI;m|d|o;1991-2000;SPD;39509;16;32346;2906;2036;196;293;;1000;715;267;
NI;m|d|o;1991-2000;CDU;53777;6;4486;45573;805;570;1024;;343;971;476;
NI;m|d|o;1991-2000;GRÜNE;44608;9;12505;1643;27723;228;41;;1708;752;50;
NI;m|d|o;1991-2000;FDP;17607;116;1827;5956;451;8361;491;;181;225;185;
NI;m|d|o;1991-2000;AfD;81502;44;1404;5194;216;1312;71874;;485;974;611;
NI;m|d|o;1991-2000;CSU;;;;;;;;;;;;
NI;m|d|o;1991-2000;Die Linke;45219;42;10721;1306;6528;236;203;;25384;798;158;
NI;m|d|o;1991-2000;Sonstige;37258;265;7545;4384;2059;2346;4219;;6117;10321;4243;
NI;m|d|o;1991-2000;dar. FREIE WÄHLER;3488;;305;449;29;81;164;;83;2378;2089;
NI;m|d|o;1991-2000;dar. BSW;17419;143;3542;2679;437;1504;2576;;4018;2520;869;
NI;m|d|o;1981-1990;Summe;366606;1795;73240;99744;38705;10930;106022;;23118;13050;5842;
NI;m|d|o;1981-1990;ungültig;1075;644;28;129;55;;175;;38;6;;
NI;m|d|o;1981-1990;SPD;46918;27;40237;2869;1748;373;346;;720;598;175;
NI;m|d|o;1981-1990;CDU;87399;47;6471;75716;623;1267;1810;;322;1142;753;
NI;m|d|o;1981-1990;GRÜNE;47902;89;12766;2041;30978;244;39;;918;827;237;
NI;m|d|o;1981-1990;FDP;16039;40;1899;6324;187;6652;677;;115;146;99;
NI;m|d|o;1981-1990;AfD;110976;225;1839;7851;10;764;98535;;681;1070;573;
NI;m|d|o;1981-1990;CSU;;;;;;;;;;;;
NI;m|d|o;1981-1990;Die Linke;24806;45;5141;873;3799;10;144;;14281;512;171;
NI;m|d|o;1981-1990;Sonstige;31491;678;4860;3941;1305;1619;4296;;6043;8749;3835;
NI;m|d|o;1981-1990;dar. FREIE WÄHLER;3631;55;241;746;92;143;285;;72;1997;1991;
NI;m|d|o;1981-1990;dar. BSW;14494;457;2636;2306;138;720;2642;;4133;1463;456;
NI;m|d|o;1966-1980;Summe;608419;3231;138882;202202;46539;15898;158692;;25209;17765;10039;
NI;m|d|o;1966-1980;ungültig;2193;1186;354;286;56;;270;;34;6;;
NI;m|d|o;1966-1980;SPD;105916;278;91975;6581;3656;216;602;;1838;770;245;
NI;m|d|o;1966-1980;CDU;185971;360;11509;165165;1672;2132;3225;;398;1511;831;
NI;m|d|o;1966-1980;GRÜNE;61296;139;16989;3880;37741;275;66;;897;1309;330;
NI;m|d|o;1966-1980;FDP;24375;24;1299;10011;141;11441;1104;;202;154;115;
NI;m|d|o;1966-1980;AfD;163180;235;2324;10244;120;792;147378;;553;1535;1120;
NI;m|d|o;1966-1980;CSU;;;;;;;;;;;;
NI;m|d|o;1966-1980;Die Linke;27746;70;7451;1379;2062;239;364;;15389;792;472;
NI;m|d|o;1966-1980;Sonstige;37741;939;6982;4656;1092;804;5684;;5897;11688;6925;
NI;m|d|o;1966-1980;dar. FREIE WÄHLER;5127;;404;547;185;;121;;94;3777;3610;
NI;m|d|o;1966-1980;dar. BSW;20176;564;3891;2746;99;696;4546;;4464;3171;1646;
NI;m|d|o;1956-1965;Summe;472809;2901;149283;160440;37127;10063;88571;;15648;8776;4799;
NI;m|d|o;1956-1965;ungültig;2089;1582;184;150;;;65;;58;50;35;
NI;m|d|o;1956-1965;SPD;124591;99;112787;6255;3056;237;684;;1063;410;220;
NI;m|d|o;1956-1965;CDU;152446;403;10174;136314;950;1323;1934;;597;750;548;
NI;m|d|o;1956-1965;GRÜNE;48714;;14916;2222;30430;163;;;585;398;37;
NI;m|d|o;1956-1965;FDP;16579;113;951;7225;38;7202;734;;104;212;123;
NI;m|d|o;1956-1965;AfD;88477;80;1343;3902;107;579;81781;;141;543;448;
NI;m|d|o;1956-1965;CSU;;;;;;;;;;;;
NI;m|d|o;1956-1965;Die Linke;18412;15;4919;709;1938;65;313;;10149;305;132;
NI;m|d|o;1956-1965;Sonstige;21500;607;4008;3664;608;494;3060;;2950;6109;3255;
NI;m|d|o;1956-1965;dar. FREIE WÄHLER;3213;22;268;636;;69;58;;;2161;2081;
NI;m|d|o;1956-1965;dar. BSW;13187;491;3000;2340;294;254;2644;;2520;1644;800;
NI;m|d|o;<=1955;Summe;517926;5427;187128;218859;27210;14428;48890;;12163;3821;1935;
NI;m|d|o;<=1955;ungültig;4175;2582;413;764;21;88;251;;14;43;;
NI;m|d|o;<=1955;SPD;166847;781;153700;7910;2787;302;99;;1093;175;61;
NI;m|d|o;<=1955;CDU;206511;773;10401;191245;823;1733;954;;245;337;159;
NI;m|d|o;<=1955;GRÜNE;36792;61;11864;2729;21213;166;30;;596;133;;
NI;m|d|o;<=1955;FDP;24359;194;1702;10454;65;11326;473;;10;134;112;
NI;m|d|o;<=1955;AfD;50653;161;860;3319;53;500;45461;;126;173;173;
NI;m|d|o;<=1955;CSU;;;;;;;;;;;;
NI;m|d|o;<=1955;Die Linke;15221;10;4698;784;1735;74;216;;7454;251;;
NI;m|d|o;<=1955;Sonstige;13368;864;3491;1654;513;240;1405;;2625;2576;1430;
NI;m|d|o;<=1955;dar. FREIE WÄHLER;1423;;207;158;7;6;40;;28;977;844;
NI;m|d|o;<=1955;dar. BSW;9467;731;2745;1111;362;85;1227;;2263;942;391;
NI;w;Summe;Summe;2577611;20565;807215;774515;282564;73049;358505;;187593;73605;37256;
NI;w;Summe;ungültig;15072;9414;1980;1251;397;247;1079;;234;469;156;
NI;w;Summe;SPD;644401;2049;556163;40031;27393;2532;2258;;9825;4151;1948;
NI;w;Summe;CDU;698125;1929;43793;621312;7930;8407;7263;;2838;4654;2888;
NI;w;Summe;GRÜNE;319757;238;84350;18783;204013;1295;259;;7756;3063;348;
NI;w;Summe;FDP;92110;259;7792;31674;1433;45686;2348;;1340;1580;843;
NI;w;Summe;AfD;356313;967;6912;19956;366;3718;318574;;2395;3426;1842;
NI;w;Summe;CSU;;;;;;;;;;;;
NI;w;Summe;Die Linke;242947;382;68117;8366;30907;1640;1569;;128273;3693;1000;
NI;w;Summe;Sonstige;208887;5327;38108;33143;10126;9525;25157;;34932;52570;28230;
NI;w;Summe;dar. FREIE WÄHLER;19228;62;2139;2257;214;916;1013;;622;12006;11343;
NI;w;Summe;dar. BSW;106334;3287;21745;19190;2646;4972;17800;;21946;14748;8005;
NI;w;2001-2007;Summe;170382;283;51511;20209;20433;5952;20438;;44899;6657;2751;
NI;w;2001-2007;ungültig;403;107;26;61;34;9;7;;86;73;48;
NI;w;2001-2007;SPD;23490;6;18453;1288;1352;427;157;;1351;456;141;
NI;w;2001-2007;CDU;15308;6;1258;12397;358;578;379;;235;97;68;
NI;w;2001-2007;GRÜNE;17776;;5455;492;10287;189;106;;1122;126;;
NI;w;2001-2007;FDP;5858;;940;1313;157;2800;154;;283;210;95;
NI;w;2001-2007;AfD;20404;8;474;1149;74;321;17721;;274;383;260;
NI;w;2001-2007;CSU;;;;;;;;;;;;
NI;w;2001-2007;Die Linke;68531;28;21464;1321;7224;657;102;;36681;1054;165;
NI;w;2001-2007;Sonstige;18611;127;3440;2188;947;972;1812;;4867;4257;1974;
NI;w;2001-2007;dar. FREIE WÄHLER;1213;;115;8;23;45;76;;81;864;795;
NI;w;2001-2007;dar. BSW;8647;54;1961;1235;202;308;1049;;2630;1208;758;
NI;w;1991-2000;Summe;314420;1454;85085;57656;51154;9583;48462;;46410;14617;6272;
NI;w;1991-2000;ungültig;712;548;63;21;;;9;;;70;;
NI;w;1991-2000;SPD;50709;210;40120;4050;3401;330;344;;1663;591;468;
NI;w;1991-2000;CDU;47389;103;4553;38381;740;1043;1357;;338;875;453;
NI;w;1991-2000;GRÜNE;50367;;11877;2432;33262;158;24;;1781;832;77;
NI;w;1991-2000;FDP;11870;9;1513;3507;235;5738;155;;271;442;244;
NI;w;1991-2000;AfD;47142;51;1520;2384;13;436;41766;;559;413;215;
NI;w;1991-2000;CSU;;;;;;;;;;;;
NI;w;1991-2000;Die Linke;64801;88;17436;1175;10681;201;297;;33942;981;212;
NI;w;1991-2000;Sonstige;41430;445;8001;5705;2822;1677;4511;;7857;10412;4603;
NI;w;1991-2000;dar. FREIE WÄHLER;2647;;228;356;40;79;127;;37;1779;1540;
NI;w;1991-2000;dar. BSW;20241;298;4989;3741;621;842;3069;;4383;2299;1491;
NI;w;1981-1990;Summe;366837;2024;90834;95402;48687;11066;73879;;29342;15601;7945;
NI;w;1981-1990;ungültig;1164;782;31;123;94;35;21;;12;67;;
NI;w;1981-1990;SPD;62676;;51678;4408;3865;214;271;;1523;717;266;
NI;w;1981-1990;CDU;81107;176;5502;69529;1759;1102;1370;;764;906;422;
NI;w;1981-1990;GRÜNE;57193;83;14856;3104;36313;317;53;;1648;819;180;
NI;w;1981-1990;FDP;13969;7;1633;4936;157;6096;643;;217;279;108;
NI;w;1981-1990;AfD;74653;15;1039;4894;52;943;66587;;425;699;429;
NI;w;1981-1990;CSU;;;;;;;;;;;;
NI;w;1981-1990;Die Linke;34367;15;9703;1339;4160;278;232;;17997;644;278;
NI;w;1981-1990;Sonstige;41708;947;6393;7070;2287;2081;4701;;6757;11472;6263;
NI;w;1981-1990;dar. FREIE WÄHLER;3405;;275;443;81;250;233;;72;2051;1959;
NI;w;1981-1990;dar. BSW;20726;505;3455;4248;399;896;3167;;4420;3635;1991;
NI;w;1966-1980;Summe;613297;3971;172729;185965;68364;17403;108480;;35597;20787;11678;
NI;w;1966-1980;ungültig;2962;1797;251;120;232;84;308;;82;89;39;
NI;w;1966-1980;SPD;136189;153;114658;9677;7263;501;535;;2310;1093;490;
NI;w;1966-1980;CDU;165866;106;11633;146068;1646;2117;1700;;873;1724;1131;
NI;w;1966-1980;GRÜNE;81512;;22013;5430;51741;238;61;;1401;627;91;
NI;w;1966-1980;FDP;21083;79;1189;7760;270;10464;616;;327;379;331;
NI;w;1966-1980;AfD;107821;249;1864;5899;43;1094;96679;;821;1172;618;
NI;w;1966-1980;CSU;;;;;;;;;;;;
NI;w;1966-1980;Die Linke;40263;69;10600;1991;4744;244;455;;21538;623;285;
NI;w;1966-1980;Sonstige;57600;1519;10522;9020;2425;2661;8125;;8246;15081;8693;
NI;w;1966-1980;dar. FREIE WÄHLER;5936;62;778;688;29;212;245;;14;3908;3676;
NI;w;1966-1980;dar. BSW;29881;963;5947;5188;557;1756;5888;;5520;4062;2128;
NI;w;1956-1965;Summe;492565;4231;168465;155203;53607;12775;67682;;19466;11138;5842;
NI;w;1956-1965;ungültig;2791;1814;415;164;31;44;269;;54;;;
NI;w;1956-1965;SPD;148680;434;130358;8311;6217;470;348;;1719;824;380;
NI;w;1956-1965;CDU;141264;509;8141;127416;1395;1381;1524;;321;577;469;
NI;w;1956-1965;GRÜNE;63676;21;16157;3674;41933;177;15;;1207;493;;
NI;w;1956-1965;FDP;15901;6;959;5274;184;8844;252;;202;180;52;
NI;w;1956-1965;AfD;67591;232;1283;3416;184;522;61054;;257;642;246;
NI;w;1956-1965;CSU;;;;;;;;;;;;
NI;w;1956-1965;Die Linke;20539;45;5078;1265;2588;121;296;;10922;223;29;
NI;w;1956-1965;Sonstige;32124;1169;6075;5684;1076;1215;3924;;4783;8199;4666;
NI;w;1956-1965;dar. FREIE WÄHLER;4411;;590;393;41;156;266;;351;2613;2581;
NI;w;1956-1965;dar. BSW;17360;881;3275;3222;537;913;2959;;3176;2397;941;
NI;w;<=1955;Summe;620110;8603;238591;260080;40319;16270;39565;;11878;4805;2768;
NI;w;<=1955;ungültig;7039;4365;1194;763;6;74;465;;;170;70;
NI;w;<=1955;SPD;222657;1245;200894;12297;5295;590;604;;1259;472;203;
NI;w;<=1955;CDU;247191;1030;12706;227522;2033;2187;933;;307;474;345;
NI;w;<=1955;GRÜNE;49232;134;13992;3650;30477;216;;;597;167;;
NI;w;<=1955;FDP;23430;158;1557;8884;429;11744;527;;39;91;13;
NI;w;<=1955;AfD;38702;413;731;2215;;401;34766;;58;117;74;
NI;w;<=1955;CSU;;;;;;;;;;;;
NI;w;<=1955;Die Linke;14445;138;3838;1274;1510;139;186;;7194;167;32;
NI;w;<=1955;Sonstige;17414;1120;3677;3475;569;919;2084;;2423;3147;2031;
NI;w;<=1955;dar. FREIE WÄHLER;1617;;153;369;;173;66;;65;791;791;
NI;w;<=1955;dar. BSW;9479;586;2117;1557;329;257;1668;;1817;1147;696;
HB;Summe;Summe;Summe;350366;3286;95267;78673;53287;9664;52638;;44408;13143;1758;
HB;Summe;Summe;ungültig;2110;1458;309;159;30;3;102;;31;18;15;
HB;Summe;Summe;SPD;80604;347;69096;3549;3953;330;278;;2169;881;120;
HB;Summe;Summe;CDU;71573;68;3761;63905;1014;817;971;;467;569;92;
HB;Summe;Summe;GRÜNE;54280;64;8072;1493;40849;87;14;;2518;1183;14;
HB;Summe;Summe;FDP;12295;10;924;3724;178;6870;236;;156;198;4;
HB;Summe;Summe;AfD;52496;152;636;2342;19;404;48080;;412;451;106;
HB;Summe;Summe;CSU;;;;;;;;;;;;
HB;Summe;Summe;Die Linke;51461;166;8795;985;6150;230;307;;33957;871;34;
HB;Summe;Summe;Sonstige;25547;1021;3673;2515;1096;924;2649;;4697;8971;1373;
HB;Summe;Summe;dar. FREIE WÄHLER;1618;16;76;196;51;29;46;;96;1108;785;
HB;Summe;Summe;dar. BSW;15114;933;2657;1921;368;756;2293;;3853;2333;297;
HB;Summe;2001-2007;Summe;23164;137;4859;1929;3264;941;2598;;8366;1070;125;
HB;Summe;2001-2007;ungültig;97;94;;;;3;;;;;;
HB;Summe;2001-2007;SPD;2866;2;2188;177;155;39;39;;226;40;;
HB;Summe;2001-2007;CDU;1594;;124;1164;46;105;80;;41;34;;
HB;Summe;2001-2007;GRÜNE;2935;;533;57;1875;;12;;295;162;11;
HB;Summe;2001-2007;FDP;844;2;93;109;5;578;3;;35;20;;
HB;Summe;2001-2007;AfD;2573;;46;136;;66;2263;;34;29;29;
HB;Summe;2001-2007;CSU;;;;;;;;;;;;
HB;Summe;2001-2007;Die Linke;10306;;1689;76;1107;61;62;;7179;132;17;
HB;Summe;2001-2007;Sonstige;1948;39;185;209;76;89;139;;557;653;67;
HB;Summe;2001-2007;dar. FREIE WÄHLER;89;;;17;;;;;33;39;24;
HB;Summe;2001-2007;dar. BSW;1194;39;132;159;42;79;95;;458;189;2;
HB;Summe;1991-2000;Summe;49154;215;9539;6011;9531;1802;7386;;11982;2688;135;
HB;Summe;1991-2000;ungültig;69;64;;;;;;;3;3;;
HB;Summe;1991-2000;SPD;6235;;5018;329;432;2;28;;343;84;29;
HB;Summe;1991-2000;CDU;4951;;312;4164;114;146;149;;23;43;;
HB;Summe;1991-2000;GRÜNE;9202;6;1293;183;6580;15;;;811;315;;
HB;Summe;1991-2000;FDP;1940;;114;384;37;1249;45;;78;33;;
HB;Summe;1991-2000;AfD;7236;11;105;423;;7;6597;;72;21;4;
HB;Summe;1991-2000;CSU;;;;;;;;;;;;
HB;Summe;1991-2000;Die Linke;14280;14;1932;89;2134;67;140;;9548;356;4;
HB;Summe;1991-2000;Sonstige;5240;120;764;440;235;316;427;;1104;1834;99;
HB;Summe;1991-2000;dar. FREIE WÄHLER;90;;3;4;20;;;;;64;10;
HB;Summe;1991-2000;dar. BSW;2803;106;480;359;56;261;372;;774;396;24;
HB;Summe;1981-1990;Summe;50155;439;8929;9206;9163;1296;10751;;7329;3041;479;
HB;Summe;1981-1990;ungültig;190;190;;;;;;;;;;
HB;Summe;1981-1990;SPD;6872;59;5433;290;519;39;12;;430;89;;
HB;Summe;1981-1990;CDU;8073;;305;7233;94;26;213;;125;79;27;
HB;Summe;1981-1990;GRÜNE;8919;;949;148;7145;31;;;351;296;3;
HB;Summe;1981-1990;FDP;1471;;115;316;2;896;50;;10;82;;
HB;Summe;1981-1990;AfD;10439;;69;395;;85;9683;;94;113;32;
HB;Summe;1981-1990;CSU;;;;;;;;;;;;
HB;Summe;1981-1990;Die Linke;8368;26;1210;227;1193;21;49;;5432;211;;
HB;Summe;1981-1990;Sonstige;5823;163;849;597;211;199;744;;887;2173;418;
HB;Summe;1981-1990;dar. FREIE WÄHLER;474;;18;25;32;26;28;;;345;221;
HB;Summe;1981-1990;dar. BSW;3383;135;659;504;21;130;660;;778;497;132;
HB;Summe;1966-1980;Summe;78034;740;19952;18088;12109;1726;15079;;6899;3442;523;
HB;Summe;1966-1980;ungültig;433;323;59;;30;;16;;5;;;
HB;Summe;1966-1980;SPD;16789;78;14311;748;637;101;83;;467;363;43;
HB;Summe;1966-1980;CDU;16612;;891;14650;312;96;266;;147;251;47;
HB;Summe;1966-1980;GRÜNE;13062;43;1820;575;10031;35;;;248;310;;
HB;Summe;1966-1980;FDP;2237;;189;844;23;1158;11;;;12;4;
HB;Summe;1966-1980;AfD;15250;61;217;598;19;164;13950;;94;147;12;
HB;Summe;1966-1980;CSU;;;;;;;;;;;;
HB;Summe;1966-1980;Die Linke;7819;52;1663;200;827;28;40;;4934;74;11;
HB;Summe;1966-1980;Sonstige;5833;183;802;473;232;143;713;;1003;2285;406;
HB;Summe;1966-1980;dar. FREIE WÄHLER;403;;;79;;;15;;;308;204;
HB;Summe;1966-1980;dar. BSW;3360;174;618;357;37;143;574;;863;594;95;
HB;Summe;1956-1965;Summe;67936;846;20370;16144;10749;1607;11127;;5286;1808;311;
HB;Summe;1956-1965;ungültig;426;291;27;45;;;39;;24;;;
HB;Summe;1956-1965;SPD;18071;94;15674;793;923;17;61;;316;192;47;
HB;Summe;1956-1965;CDU;14746;7;1112;13047;212;88;90;;92;99;17;
HB;Summe;1956-1965;GRÜNE;11345;2;1713;330;8846;4;;;354;98;;
HB;Summe;1956-1965;FDP;2160;8;143;563;28;1238;97;;32;51;;
HB;Summe;1956-1965;AfD;11343;6;116;589;;47;10433;;56;95;29;
HB;Summe;1956-1965;CSU;;;;;;;;;;;;
HB;Summe;1956-1965;Die Linke;5866;59;1081;279;526;49;16;;3781;76;2;
HB;Summe;1956-1965;Sonstige;3979;380;504;499;213;162;391;;632;1198;216;
HB;Summe;1956-1965;dar. FREIE WÄHLER;345;14;23;38;;3;;;63;204;184;
HB;Summe;1956-1965;dar. BSW;2569;348;422;329;163;129;388;;470;319;30;
HB;Summe;<=1955;Summe;81924;909;31618;27295;8471;2292;5698;;4546;1095;184;
HB;Summe;<=1955;ungültig;895;496;223;114;;;47;;;15;15;
HB;Summe;<=1955;SPD;29770;114;26471;1211;1286;131;56;;388;114;;
HB;Summe;<=1955;CDU;25597;62;1018;23648;237;355;174;;40;64;2;
HB;Summe;<=1955;GRÜNE;8817;13;1764;200;6373;2;2;;459;4;;
HB;Summe;<=1955;FDP;3644;;271;1509;82;1751;31;;;;;
HB;Summe;<=1955;AfD;5656;73;83;202;;35;5153;;63;47;;
HB;Summe;<=1955;CSU;;;;;;;;;;;;
HB;Summe;<=1955;Die Linke;4822;16;1220;114;362;4;;;3083;22;;
HB;Summe;<=1955;Sonstige;2724;137;569;297;130;14;235;;514;829;167;
HB;Summe;<=1955;dar. FREIE WÄHLER;217;2;32;34;;;3;;;148;142;
HB;Summe;<=1955;dar. BSW;1805;131;346;214;49;14;204;;510;338;14;
HB;m|d|o;Summe;Summe;167834;1650;43525;38796;22605;4967;30287;;18956;7048;652;
HB;m|d|o;Summe;ungültig;847;651;55;57;30;3;30;;3;18;15;
HB;m|d|o;Summe;SPD;36496;206;31703;1702;1340;135;199;;766;444;47;
HB;m|d|o;Summe;CDU;35281;49;1757;31513;453;391;528;;267;323;39;
HB;m|d|o;Summe;GRÜNE;24064;33;3690;757;17728;70;14;;1106;666;11;
HB;m|d|o;Summe;FDP;6589;10;420;2154;84;3611;132;;68;110;4;
HB;m|d|o;Summe;AfD;30510;135;395;1310;19;245;27962;;219;225;57;
HB;m|d|o;Summe;CSU;;;;;;;;;;;;
HB;m|d|o;Summe;Die Linke;21165;18;3729;246;2308;116;152;;14228;368;4;
HB;m|d|o;Summe;Sonstige;12881;548;1776;1057;643;397;1268;;2300;4893;475;
HB;m|d|o;Summe;dar. FREIE WÄHLER;743;;5;62;51;26;28;;36;535;310;
HB;m|d|o;Summe;dar. BSW;7253;542;1305;859;185;249;1074;;1843;1196;115;
HB;m|d|o;2001-2007;Summe;10919;92;2169;1289;1375;476;1843;;2950;726;44;
HB;m|d|o;2001-2007;ungültig;72;69;;;;3;;;;;;
HB;m|d|o;2001-2007;SPD;1506;2;1162;78;99;6;39;;88;32;;
HB;m|d|o;2001-2007;CDU;1021;;78;772;2;57;80;;3;30;;
HB;m|d|o;2001-2007;GRÜNE;1520;;239;55;1032;;12;;84;97;11;
HB;m|d|o;2001-2007;FDP;461;2;44;86;3;289;3;;16;20;;
HB;m|d|o;2001-2007;AfD;1838;;43;116;;50;1581;;19;29;29;
HB;m|d|o;2001-2007;CSU;;;;;;;;;;;;
HB;m|d|o;2001-2007;Die Linke;3338;;500;37;237;47;2;;2434;82;2;
HB;m|d|o;2001-2007;Sonstige;1160;19;103;144;2;24;126;;308;435;2;
HB;m|d|o;2001-2007;dar. FREIE WÄHLER;20;;;;;;;;5;15;;
HB;m|d|o;2001-2007;dar. BSW;701;19;50;144;;17;81;;263;127;;
HB;m|d|o;1991-2000;Summe;25003;147;5175;3191;4433;1181;4520;;4953;1404;24;
HB;m|d|o;1991-2000;ungültig;55;49;;;;;;;3;3;;
HB;m|d|o;1991-2000;SPD;3216;;2891;87;136;2;;;100;;;
HB;m|d|o;1991-2000;CDU;2676;;218;2222;80;88;36;;20;12;;
HB;m|d|o;1991-2000;GRÜNE;4425;6;618;135;3130;2;;;353;180;;
HB;m|d|o;1991-2000;FDP;1319;;103;219;37;872;31;;52;5;;
HB;m|d|o;1991-2000;AfD;4521;11;46;233;;5;4155;;59;12;;
HB;m|d|o;1991-2000;CSU;;;;;;;;;;;;
HB;m|d|o;1991-2000;Die Linke;5824;;854;28;875;39;100;;3829;99;;
HB;m|d|o;1991-2000;Sonstige;2968;80;446;267;174;173;198;;537;1093;24;
HB;m|d|o;1991-2000;dar. FREIE WÄHLER;71;;3;4;20;;;;;45;8;
HB;m|d|o;1991-2000;dar. BSW;1466;80;273;190;49;123;182;;310;258;2;
HB;m|d|o;1981-1990;Summe;25941;199;4420;4832;4117;736;6370;;3483;1786;183;
HB;m|d|o;1981-1990;ungültig;103;103;;;;;;;;;;
HB;m|d|o;1981-1990;SPD;3410;28;2749;169;193;24;12;;164;71;;
HB;m|d|o;1981-1990;CDU;4258;;177;3802;45;9;98;;95;31;3;
HB;m|d|o;1981-1990;GRÜNE;4425;;519;68;3394;31;;;225;188;;
HB;m|d|o;1981-1990;FDP;841;;71;237;;467;20;;;46;;
HB;m|d|o;1981-1990;AfD;6399;;47;268;;85;5910;;71;19;;
HB;m|d|o;1981-1990;CSU;;;;;;;;;;;;
HB;m|d|o;1981-1990;Die Linke;3482;2;470;18;385;;17;;2503;88;;
HB;m|d|o;1981-1990;Sonstige;3023;65;387;270;100;121;312;;424;1343;180;
HB;m|d|o;1981-1990;dar. FREIE WÄHLER;318;;2;22;32;26;28;;;208;114;
HB;m|d|o;1981-1990;dar. BSW;1565;65;322;224;19;58;282;;355;241;50;
HB;m|d|o;1966-1980;Summe;38524;337;9765;9192;5101;740;8808;;2825;1756;211;
HB;m|d|o;1966-1980;ungültig;195;132;34;;30;;;;;;;
HB;m|d|o;1966-1980;SPD;8214;29;7070;431;260;41;83;;132;168;;
HB;m|d|o;1966-1980;CDU;8425;;418;7437;156;62;147;;93;112;31;
HB;m|d|o;1966-1980;GRÜNE;5566;19;912;247;4101;33;;;108;146;;
HB;m|d|o;1966-1980;FDP;1106;;73;486;;536;4;;;7;4;
HB;m|d|o;1966-1980;AfD;8957;59;142;352;19;65;8171;;36;113;12;
HB;m|d|o;1966-1980;CSU;;;;;;;;;;;;
HB;m|d|o;1966-1980;Die Linke;3342;;748;69;379;;32;;2060;54;;
HB;m|d|o;1966-1980;Sonstige;2720;99;368;170;157;3;372;;396;1155;164;
HB;m|d|o;1966-1980;dar. FREIE WÄHLER;203;;;36;;;;;;167;112;
HB;m|d|o;1966-1980;dar. BSW;1438;93;262;101;2;3;272;;378;327;34;
HB;m|d|o;1956-1965;Summe;32665;396;9317;8229;4542;633;6241;;2309;998;155;
HB;m|d|o;1956-1965;ungültig;191;125;15;42;;;8;;;;;
HB;m|d|o;1956-1965;SPD;8262;60;7064;458;379;;32;;129;140;47;
HB;m|d|o;1956-1965;CDU;7524;2;479;6764;123;2;56;;19;79;6;
HB;m|d|o;1956-1965;GRÜNE;4913;;808;189;3700;4;;;162;50;;
HB;m|d|o;1956-1965;FDP;925;8;42;297;4;493;47;;;32;;
HB;m|d|o;1956-1965;AfD;6319;4;39;277;;32;5924;;3;40;15;
HB;m|d|o;1956-1965;CSU;;;;;;;;;;;;
HB;m|d|o;1956-1965;Die Linke;2616;2;586;66;221;30;2;;1673;35;2;
HB;m|d|o;1956-1965;Sonstige;1916;195;283;136;113;72;172;;324;621;85;
HB;m|d|o;1956-1965;dar. FREIE WÄHLER;108;;;;;;;;32;76;57;
HB;m|d|o;1956-1965;dar. BSW;1255;195;259;134;84;44;169;;226;145;28;
HB;m|d|o;<=1955;Summe;34781;480;12679;12063;3038;1202;2505;;2436;377;35;
HB;m|d|o;<=1955;ungültig;231;172;6;15;;;22;;;15;15;
HB;m|d|o;<=1955;SPD;11887;88;10767;478;274;62;34;;152;32;;
HB;m|d|o;<=1955;CDU;11377;47;386;10516;46;174;111;;38;58;;
HB;m|d|o;<=1955;GRÜNE;3215;8;595;62;2370;;2;;174;4;;
HB;m|d|o;<=1955;FDP;1937;;87;828;40;953;28;;;;;
HB;m|d|o;<=1955;AfD;2475;61;77;64;;8;2221;;31;11;;
HB;m|d|o;<=1955;CSU;;;;;;;;;;;;
HB;m|d|o;<=1955;Die Linke;2563;14;570;28;210;;;;1729;11;;
HB;m|d|o;<=1955;Sonstige;1095;90;190;70;97;4;87;;311;246;20;
HB;m|d|o;<=1955;dar. FREIE WÄHLER;23;;;;;;;;;23;20;
HB;m|d|o;<=1955;dar. BSW;828;90;138;67;32;4;87;;311;98;;
HB;w;Summe;Summe;182532;1636;51742;39877;30682;4697;22351;;25452;6095;1106;
HB;w;Summe;ungültig;1263;806;255;102;;;71;;29;;;
HB;w;Summe;SPD;44108;140;37393;1847;2612;195;79;;1404;437;72;
HB;w;Summe;CDU;36292;19;2004;32392;561;426;443;;200;246;53;
HB;w;Summe;GRÜNE;30216;31;4382;736;23121;17;;;1412;517;3;
HB;w;Summe;FDP;5706;;504;1571;93;3259;103;;88;87;;
HB;w;Summe;AfD;21986;16;241;1032;;159;20118;;194;226;49;
HB;w;Summe;CSU;;;;;;;;;;;;
HB;w;Summe;Die Linke;30296;149;5067;738;3842;114;154;;19729;503;30;
HB;w;Summe;Sonstige;12666;473;1897;1458;453;527;1382;;2397;4079;899;
HB;w;Summe;dar. FREIE WÄHLER;875;16;71;134;;3;18;;59;573;475;
HB;w;Summe;dar. BSW;7861;391;1353;1062;182;506;1219;;2010;1137;182;
HB;w;2001-2007;Summe;12245;45;2690;640;1889;465;755;;5416;344;81;
HB;w;2001-2007;ungültig;25;25;;;;;;;;;;
HB;w;2001-2007;SPD;1360;;1026;99;57;33;;;137;8;;
HB;w;2001-2007;CDU;573;;46;393;44;48;;;38;4;;
HB;w;2001-2007;GRÜNE;1415;;294;2;843;;;;211;65;;
HB;w;2001-2007;FDP;383;;48;23;3;290;;;19;;;
HB;w;2001-2007;AfD;735;;3;20;;15;681;;15;;;
HB;w;2001-2007;CSU;;;;;;;;;;;;
HB;w;2001-2007;Die Linke;6968;;1190;38;870;15;60;;4745;50;15;
HB;w;2001-2007;Sonstige;788;20;82;65;74;65;14;;250;218;65;
HB;w;2001-2007;dar. FREIE WÄHLER;68;;;17;;;;;28;24;24;
HB;w;2001-2007;dar. BSW;493;20;82;14;42;62;14;;195;63;2;
HB;w;1991-2000;Summe;24150;68;4363;2820;5098;621;2867;;7029;1284;111;
HB;w;1991-2000;ungültig;14;14;;;;;;;;;;
HB;w;1991-2000;SPD;3019;;2128;241;295;;28;;244;84;29;
HB;w;1991-2000;CDU;2275;;94;1943;34;59;113;;3;30;;
HB;w;1991-2000;GRÜNE;4778;;675;48;3449;13;;;457;134;;
HB;w;1991-2000;FDP;620;;11;164;;376;14;;26;28;;
HB;w;1991-2000;AfD;2715;;60;189;;2;2443;;13;9;4;
HB;w;1991-2000;CSU;;;;;;;;;;;;
HB;w;1991-2000;Die Linke;8456;14;1078;61;1259;28;40;;5719;257;4;
HB;w;1991-2000;Sonstige;2272;40;318;173;61;143;229;;567;741;74;
HB;w;1991-2000;dar. FREIE WÄHLER;20;;;;;;;;;20;2;
HB;w;1991-2000;dar. BSW;1337;26;207;169;7;138;189;;464;137;22;
HB;w;1981-1990;Summe;24214;240;4510;4374;5046;561;4381;;3847;1255;296;
HB;w;1981-1990;ungültig;87;87;;;;;;;;;;
HB;w;1981-1990;SPD;3462;32;2684;121;326;15;;;266;18;;
HB;w;1981-1990;CDU;3816;;127;3430;48;18;115;;30;48;24;
HB;w;1981-1990;GRÜNE;4494;;430;79;3751;;;;126;107;3;
HB;w;1981-1990;FDP;629;;44;79;2;429;29;;10;36;;
HB;w;1981-1990;AfD;4039;;21;127;;;3774;;23;93;32;
HB;w;1981-1990;CSU;;;;;;;;;;;;
HB;w;1981-1990;Die Linke;4886;24;740;209;808;21;32;;2929;123;;
HB;w;1981-1990;Sonstige;2801;97;462;328;111;78;432;;463;830;238;
HB;w;1981-1990;dar. FREIE WÄHLER;156;;17;3;;;;;;137;107;
HB;w;1981-1990;dar. BSW;1818;69;337;280;3;71;378;;424;256;81;
HB;w;1966-1980;Summe;39510;403;10187;8896;7008;986;6270;;4074;1685;312;
HB;w;1966-1980;ungültig;237;192;25;;;;16;;5;;;
HB;w;1966-1980;SPD;8576;49;7241;317;378;60;;;335;195;43;
HB;w;1966-1980;CDU;8187;;472;7213;156;34;119;;54;139;16;
HB;w;1966-1980;GRÜNE;7496;24;908;328;5930;2;;;140;163;;
HB;w;1966-1980;FDP;1131;;116;358;23;622;7;;;4;;
HB;w;1966-1980;AfD;6293;2;75;245;;100;5779;;57;34;;
HB;w;1966-1980;CSU;;;;;;;;;;;;
HB;w;1966-1980;Die Linke;4478;52;915;131;448;28;8;;2875;21;11;
HB;w;1966-1980;Sonstige;3113;84;434;303;75;140;340;;607;1130;242;
HB;w;1966-1980;dar. FREIE WÄHLER;200;;;43;;;15;;;141;92;
HB;w;1966-1980;dar. BSW;1922;81;356;256;35;140;302;;485;267;60;
HB;w;1956-1965;Summe;35271;450;11054;7915;6206;973;4886;;2977;810;156;
HB;w;1956-1965;ungültig;235;166;12;3;;;31;;24;;;
HB;w;1956-1965;SPD;9808;34;8610;335;544;17;29;;187;52;;
HB;w;1956-1965;CDU;7222;5;633;6283;88;86;34;;73;20;11;
HB;w;1956-1965;GRÜNE;6432;2;905;141;5145;;;;192;48;;
HB;w;1956-1965;FDP;1235;;101;265;24;745;50;;32;19;;
HB;w;1956-1965;AfD;5024;2;77;313;;15;4509;;53;55;14;
HB;w;1956-1965;CSU;;;;;;;;;;;;
HB;w;1956-1965;Die Linke;3251;57;494;213;305;19;14;;2108;41;;
HB;w;1956-1965;Sonstige;2064;185;221;363;100;90;219;;308;577;131;
HB;w;1956-1965;dar. FREIE WÄHLER;237;14;23;38;;3;;;32;127;127;
HB;w;1956-1965;dar. BSW;1314;153;163;196;79;85;219;;245;174;2;
HB;w;<=1955;Summe;47143;429;18939;15232;5433;1090;3192;;2110;717;149;
HB;w;<=1955;ungültig;664;323;217;99;;;25;;;;;
HB;w;<=1955;SPD;17883;26;15704;733;1012;69;22;;235;81;;
HB;w;<=1955;CDU;14220;15;631;13131;191;181;63;;2;6;2;
HB;w;<=1955;GRÜNE;5602;5;1169;138;4003;2;;;285;;;
HB;w;<=1955;FDP;1707;;183;681;42;797;3;;;;;
HB;w;<=1955;AfD;3181;12;6;137;;27;2932;;32;36;;
HB;w;<=1955;CSU;;;;;;;;;;;;
HB;w;<=1955;Die Linke;2258;2;650;86;152;4;;;1353;11;;
HB;w;<=1955;Sonstige;1628;47;379;227;33;10;148;;202;583;147;
HB;w;<=1955;dar. FREIE WÄHLER;194;2;32;34;;;3;;;124;122;
HB;w;<=1955;dar. BSW;978;41;207;147;17;10;117;;199;239;14;
NW;Summe;Summe;Summe;10587740;97311;2633792;3566853;1230253;349157;1720896;;714177;275301;113892;6515
NW;Summe;Summe;ungültig;61606;40384;6460;6273;871;503;4901;;1401;813;481;83
NW;Summe;Summe;SPD;2108434;5676;1790788;138539;101045;10779;9524;;37480;14603;3666;314
NW;Summe;Summe;CDU;3170627;8444;141671;2872001;36955;42821;39156;;13655;15923;8433;415
NW;Summe;Summe;GRÜNE;1300901;1622;255203;84230;906710;5660;1276;;29926;16274;1313;
NW;Summe;Summe;FDP;462446;1133;27555;182467;7102;222432;13802;;3774;4182;2192;61
NW;Summe;Summe;AfD;1770379;10220;29985;120787;2149;20054;1545446;;12109;29628;19960;650
NW;Summe;Summe;CSU;;;;;;;;;;;;
NW;Summe;Summe;Die Linke;877123;3335;225032;28410;127838;5681;7234;;466129;13464;2088;104
NW;Summe;Summe;Sonstige;836224;26497;157096;134146;47583;41226;99558;;149703;180415;75759;4888
NW;Summe;Summe;dar. FREIE WÄHLER;52891;916;5302;9763;732;2034;2270;;1464;30410;27990;
NW;Summe;Summe;dar. BSW;432911;17876;93127;76909;11349;22955;67212;;97294;46189;19209;4304
NW;Summe;2001-2007;Summe;753911;4502;182922;139089;103076;35376;108039;;154891;26015;6941;960
NW;Summe;2001-2007;ungültig;2143;1603;64;50;;;187;;201;38;38;
NW;Summe;2001-2007;SPD;100256;80;71057;10364;7634;1405;408;;7384;1925;136;44
NW;Summe;2001-2007;CDU;101349;108;6511;84620;1643;3808;2333;;1333;992;167;112
NW;Summe;2001-2007;GRÜNE;92159;136;20759;3624;59532;576;;;5359;2172;43;
NW;Summe;2001-2007;FDP;42939;92;3956;13952;960;21241;1274;;988;474;150;
NW;Summe;2001-2007;AfD;113318;380;2412;9658;129;1898;95650;;1403;1787;835;127
NW;Summe;2001-2007;CSU;;;;;;;;;;;;
NW;Summe;2001-2007;Die Linke;212946;552;59897;4210;27984;1232;680;;115199;3191;190;42
NW;Summe;2001-2007;Sonstige;88802;1550;18265;12610;5193;5215;7508;;23023;15437;5382;635
NW;Summe;2001-2007;dar. FREIE WÄHLER;3322;46;274;584;33;243;145;;154;1843;1678;
NW;Summe;2001-2007;dar. BSW;44554;888;10745;7070;1109;2783;4544;;13411;4006;1299;635
NW;Summe;1991-2000;Summe;1419157;9311;298389;292412;245916;63445;254482;;193602;61599;20057;1369
NW;Summe;1991-2000;ungültig;4700;3510;173;348;;;375;;169;125;125;
NW;Summe;1991-2000;SPD;180883;506;138326;14244;15056;1838;946;;7153;2813;354;36
NW;Summe;1991-2000;CDU;224855;287;13861;192965;3566;5358;5181;;1963;1674;837;55
NW;Summe;1991-2000;GRÜNE;227724;105;41942;9373;162581;1361;94;;8246;4020;160;
NW;Summe;1991-2000;FDP;74183;157;5129;25691;1495;37965;1985;;922;841;417;
NW;Summe;1991-2000;AfD;262148;1024;3807;18257;428;4073;227656;;2132;4772;3099;64
NW;Summe;1991-2000;CSU;;;;;;;;;;;;
NW;Summe;1991-2000;Die Linke;259009;414;62368;5367;48181;1803;1721;;134656;4500;415;53
NW;Summe;1991-2000;Sonstige;185653;3309;32782;26168;14607;11048;16524;;38361;42854;14648;1160
NW;Summe;1991-2000;dar. FREIE WÄHLER;10189;354;1082;2276;195;317;297;;360;5308;4819;
NW;Summe;1991-2000;dar. BSW;83509;1920;17716;13839;2603;5877;9319;;22301;9935;3379;990
NW;Summe;1981-1990;Summe;1525636;12767;294056;436091;212679;55926;342064;;113238;58815;23896;1200
NW;Summe;1981-1990;ungültig;6238;5070;267;356;48;44;426;;26;;;
NW;Summe;1981-1990;SPD;204980;401;165589;15014;13046;1477;1764;;5277;2412;540;108
NW;Summe;1981-1990;CDU;363861;442;17772;323483;4783;5816;6907;;1852;2806;1198;83
NW;Summe;1981-1990;GRÜNE;224503;108;40580;11958;161927;882;392;;5012;3645;366;
NW;Summe;1981-1990;FDP;68525;139;3824;25819;1194;33651;2535;;679;683;339;9
NW;Summe;1981-1990;AfD;354139;1962;6925;25336;557;4009;307236;;1695;6420;4830;233
NW;Summe;1981-1990;CSU;;;;;;;;;;;;
NW;Summe;1981-1990;Die Linke;127906;606;28815;5074;20356;1096;1624;;68751;1584;215;9
NW;Summe;1981-1990;Sonstige;175484;4039;30283;29052;10768;8951;21180;;29945;41265;16407;760
NW;Summe;1981-1990;dar. FREIE WÄHLER;11588;67;1025;2145;129;688;662;;395;6477;5873;
NW;Summe;1981-1990;dar. BSW;84659;2460;16973;15503;2067;4698;13402;;18984;10571;4182;629
NW;Summe;1966-1980;Summe;2526524;20066;548405;881791;289054;77321;509859;;130251;69776;32789;1482
NW;Summe;1966-1980;ungültig;11456;7676;904;909;130;100;1101;;535;102;102;
NW;Summe;1966-1980;SPD;433517;1191;363600;30876;23284;2024;1984;;7264;3295;991;126
NW;Summe;1966-1980;CDU;781088;1296;35294;701165;10360;10430;12821;;4033;5689;3380;86
NW;Summe;1966-1980;GRÜNE;327005;534;61747;25195;228158;1209;365;;5840;3956;430;
NW;Summe;1966-1980;FDP;105496;113;5737;43954;1410;48533;4110;;404;1235;494;52
NW;Summe;1966-1980;AfD;525612;2312;7549;37500;533;4860;459785;;4395;8677;5935;95
NW;Summe;1966-1980;CSU;;;;;;;;;;;;
NW;Summe;1966-1980;Die Linke;138272;912;35853;5717;16194;912;1983;;74732;1970;440;
NW;Summe;1966-1980;Sonstige;204078;6032;37722;36474;8984;9254;27710;;33049;44853;21018;1122
NW;Summe;1966-1980;dar. FREIE WÄHLER;15390;140;1544;3430;164;398;679;;385;8648;7907;
NW;Summe;1966-1980;dar. BSW;110443;4368;22275;21492;2672;5466;19156;;22888;12125;6122;969
NW;Summe;1956-1965;Summe;2074321;20851;582834;741228;227793;52548;334759;;75277;39031;20411;924
NW;Summe;1956-1965;ungültig;13243;8273;1512;1448;68;73;1496;;211;162;72;
NW;Summe;1956-1965;SPD;510819;1168;442513;31425;22614;1790;2990;;5783;2536;950;
NW;Summe;1956-1965;CDU;685203;1640;31947;620124;10186;7980;7865;;2762;2698;1943;51
NW;Summe;1956-1965;GRÜNE;255981;349;53136;17283;179171;413;263;;3722;1645;137;
NW;Summe;1956-1965;FDP;73575;360;4021;29603;1025;35370;2478;;226;494;430;
NW;Summe;1956-1965;AfD;338944;2722;5575;18822;304;3002;300890;;1590;6039;3915;87
NW;Summe;1956-1965;CSU;;;;;;;;;;;;
NW;Summe;1956-1965;Die Linke;83521;403;21749;4221;9365;295;846;;45217;1423;464;
NW;Summe;1956-1965;Sonstige;113034;5936;22383;18301;5060;3624;17931;;15767;24034;12500;786
NW;Summe;1956-1965;dar. FREIE WÄHLER;8332;61;991;894;212;246;310;;91;5527;5296;
NW;Summe;1956-1965;dar. BSW;67666;4275;15174;12187;1695;2066;13516;;12360;6394;3227;656
NW;Summe;<=1955;Summe;2288191;29814;727185;1076242;151735;64540;171693;;46918;20064;9798;580
NW;Summe;<=1955;ungültig;23826;14253;3540;3161;625;286;1316;;258;386;144;83
NW;Summe;<=1955;SPD;677978;2329;609703;36615;19410;2244;1433;;4620;1623;694;
NW;Summe;<=1955;CDU;1014270;4671;36286;949644;6416;9429;4048;;1712;2064;907;27
NW;Summe;<=1955;GRÜNE;173530;390;37038;16797;115341;1218;162;;1748;835;176;
NW;Summe;<=1955;FDP;97728;272;4888;43448;1018;45671;1419;;556;455;362;
NW;Summe;<=1955;AfD;176217;1820;3718;11214;197;2212;154229;;894;1933;1346;44
NW;Summe;<=1955;CSU;;;;;;;;;;;;
NW;Summe;<=1955;Die Linke;55469;447;16350;3821;5757;344;380;;27574;796;364;
NW;Summe;<=1955;Sonstige;69173;5631;15662;11541;2970;3135;8706;;9557;11971;5805;425
NW;Summe;<=1955;dar. FREIE WÄHLER;4070;248;386;434;;141;176;;78;2606;2417;
NW;Summe;<=1955;dar. BSW;42079;3965;10244;6818;1203;2065;7276;;7351;3157;1001;425
NW;m|d|o;Summe;Summe;5142343;44449;1181659;1771239;514890;178253;1015699;;299103;137050;55338;2550
NW;m|d|o;Summe;ungültig;25186;16426;2490;2585;222;171;2575;;358;358;239;83
NW;m|d|o;Summe;SPD;939353;2469;810056;57889;36952;4048;5156;;15169;7614;1845;134
NW;m|d|o;Summe;CDU;1577365;4287;70216;1429219;15802;20855;22184;;6163;8640;4621;161
NW;m|d|o;Summe;GRÜNE;567432;771;114684;36077;390596;2406;787;;13277;8834;771;
NW;m|d|o;Summe;FDP;254202;592;12289;105261;3457;120117;8235;;1862;2387;1412;43
NW;m|d|o;Summe;AfD;1061958;5752;16648;72125;1130;11216;931826;;5844;17418;11383;365
NW;m|d|o;Summe;CSU;;;;;;;;;;;;
NW;m|d|o;Summe;Die Linke;355256;1762;88124;12123;48421;2036;3391;;192762;6638;1180;53
NW;m|d|o;Summe;Sonstige;361591;12388;67154;55961;18311;17404;41545;;63667;85160;33888;1711
NW;m|d|o;Summe;dar. FREIE WÄHLER;24547;419;2079;5077;391;704;910;;245;14722;13780;
NW;m|d|o;Summe;dar. BSW;189908;8659;42678;32670;4685;9620;29621;;42019;19956;8242;1438
NW;m|d|o;2001-2007;Summe;373924;2280;81158;83901;41725;23327;74072;;52788;14675;4010;252
NW;m|d|o;2001-2007;ungültig;1235;922;64;43;;;132;;36;38;38;
NW;m|d|o;2001-2007;SPD;50018;;36013;5715;3143;828;289;;3003;1027;109;44
NW;m|d|o;2001-2007;CDU;61659;;4299;51366;710;2550;1662;;451;621;119;9
NW;m|d|o;2001-2007;GRÜNE;41296;33;9580;1697;26785;230;;;1945;1026;43;
NW;m|d|o;2001-2007;FDP;28812;28;2105;9955;403;14455;1230;;408;229;53;
NW;m|d|o;2001-2007;AfD;77920;268;1630;6613;70;1682;66302;;415;941;420;68
NW;m|d|o;2001-2007;CSU;;;;;;;;;;;;
NW;m|d|o;2001-2007;Die Linke;67172;288;17292;1797;8420;400;515;;36865;1595;146;
NW;m|d|o;2001-2007;Sonstige;45812;742;10175;6716;2194;3181;3942;;9664;9198;3081;131
NW;m|d|o;2001-2007;dar. FREIE WÄHLER;2171;;148;497;;97;103;;20;1306;1161;
NW;m|d|o;2001-2007;dar. BSW;22075;560;6173;3618;503;1607;2358;;5010;2247;763;131
NW;m|d|o;1991-2000;Summe;708236;4581;136266;159953;105618;35827;155136;;78981;31873;10897;530
NW;m|d|o;1991-2000;ungültig;2320;1644;39;242;;;174;;169;52;52;
NW;m|d|o;1991-2000;SPD;83271;383;65398;6485;5829;564;541;;2470;1602;156;36
NW;m|d|o;1991-2000;CDU;124665;103;7909;106832;2028;3340;2642;;785;1026;601;
NW;m|d|o;1991-2000;GRÜNE;103844;105;19973;4132;73011;623;41;;3808;2152;78;
NW;m|d|o;1991-2000;FDP;45067;113;2750;15978;831;23159;1176;;542;518;235;
NW;m|d|o;1991-2000;AfD;163692;479;2126;11358;212;2524;142934;;804;3256;2217;64
NW;m|d|o;1991-2000;CSU;;;;;;;;;;;;
NW;m|d|o;1991-2000;Die Linke;101507;119;23605;2442;17502;608;713;;54361;2156;343;53
NW;m|d|o;1991-2000;Sonstige;83870;1636;14466;12485;6206;5010;6916;;16041;21110;7216;377
NW;m|d|o;1991-2000;dar. FREIE WÄHLER;5013;146;468;1297;111;121;223;;51;2596;2363;
NW;m|d|o;1991-2000;dar. BSW;37093;1029;8038;6581;1386;2595;4031;;9352;4081;1513;377
NW;m|d|o;1981-1990;Summe;765105;6277;131650;220537;92487;29307;202526;;52067;30254;11496;489
NW;m|d|o;1981-1990;ungültig;2893;2371;;229;20;;246;;26;;;
NW;m|d|o;1981-1990;SPD;89277;108;74135;5658;4494;615;830;;1970;1468;352;
NW;m|d|o;1981-1990;CDU;186462;325;8130;167102;2040;2675;3789;;877;1524;560;55
NW;m|d|o;1981-1990;GRÜNE;102206;;18913;5450;72406;323;281;;2735;2099;189;
NW;m|d|o;1981-1990;FDP;39288;48;1757;14818;633;19925;1273;;367;468;282;
NW;m|d|o;1981-1990;AfD;213814;1250;3483;14194;330;2081;187205;;989;4282;3172;103
NW;m|d|o;1981-1990;CSU;;;;;;;;;;;;
NW;m|d|o;1981-1990;Die Linke;56190;366;12203;1743;8323;310;667;;31765;812;77;
NW;m|d|o;1981-1990;Sonstige;74975;1809;13029;11344;4241;3379;8235;;13338;19601;6862;330
NW;m|d|o;1981-1990;dar. FREIE WÄHLER;4908;30;242;1021;121;259;213;;102;2920;2760;
NW;m|d|o;1981-1990;dar. BSW;36517;1032;8009;6159;962;1801;5567;;8516;4471;1387;243
NW;m|d|o;1966-1980;Summe;1253329;9051;246924;452862;121405;36726;299075;;54578;32709;15113;561
NW;m|d|o;1966-1980;ungültig;4025;2660;331;354;46;;461;;117;55;55;
NW;m|d|o;1966-1980;SPD;193703;465;166460;12917;8008;693;1192;;2567;1400;330;53
NW;m|d|o;1966-1980;CDU;405255;955;17341;364469;4566;4971;7692;;2074;3187;2053;27
NW;m|d|o;1966-1980;GRÜNE;141634;267;26626;11483;97859;684;218;;2301;2197;266;
NW;m|d|o;1966-1980;FDP;55174;113;2237;24807;652;24173;2502;;78;610;342;43
NW;m|d|o;1966-1980;AfD;311989;1326;4402;21882;350;2453;275064;;2083;4429;2684;87
NW;m|d|o;1966-1980;CSU;;;;;;;;;;;;
NW;m|d|o;1966-1980;Die Linke;57780;383;14449;2195;6495;270;884;;32150;954;155;
NW;m|d|o;1966-1980;Sonstige;83769;2881;15078;14755;3430;3481;11062;;13208;19876;9227;351
NW;m|d|o;1966-1980;dar. FREIE WÄHLER;6879;140;614;1731;96;70;259;;35;3933;3768;
NW;m|d|o;1966-1980;dar. BSW;46576;2026;9508;8695;852;2285;8201;;9967;5042;2738;251
NW;m|d|o;1956-1965;Summe;1024738;10027;273162;375655;93749;24412;191849;;37286;18598;9747;395
NW;m|d|o;1956-1965;ungültig;5893;3584;761;513;68;73;827;;;67;30;
NW;m|d|o;1956-1965;SPD;235208;596;206837;13713;8130;590;1389;;2590;1363;497;
NW;m|d|o;1956-1965;CDU;348800;1007;16460;316579;4480;3521;4240;;1136;1378;1013;42
NW;m|d|o;1956-1965;GRÜNE;108679;65;23880;7468;74436;118;127;;1692;892;117;
NW;m|d|o;1956-1965;FDP;39297;241;2187;17030;550;17373;1461;;178;277;259;
NW;m|d|o;1956-1965;AfD;198614;1726;3141;11634;104;1272;176140;;1115;3483;2040;43
NW;m|d|o;1956-1965;CSU;;;;;;;;;;;;
NW;m|d|o;1956-1965;Die Linke;43298;266;11370;2336;4428;198;416;;23629;655;235;
NW;m|d|o;1956-1965;Sonstige;44949;2542;8528;6382;1555;1266;7249;;6945;10483;5556;309
NW;m|d|o;1956-1965;dar. FREIE WÄHLER;4214;;487;436;63;108;84;;37;2999;2871;
NW;m|d|o;1956-1965;dar. BSW;27728;1847;6117;4453;613;628;5710;;5621;2739;1386;223
NW;m|d|o;<=1955;Summe;1017011;12234;312499;478331;59906;28654;93042;;23404;8941;4074;323
NW;m|d|o;<=1955;ungültig;8822;5246;1294;1205;88;98;735;;10;146;63;83
NW;m|d|o;<=1955;SPD;287875;917;261213;13401;7347;758;916;;2569;753;401;
NW;m|d|o;<=1955;CDU;450524;1898;16077;422871;1978;3798;2158;;840;903;274;27
NW;m|d|o;<=1955;GRÜNE;69773;302;15712;5848;46098;428;121;;796;468;77;
NW;m|d|o;<=1955;FDP;46563;49;1254;22672;390;21032;592;;288;285;240;
NW;m|d|o;<=1955;AfD;95928;703;1866;6445;66;1203;84182;;437;1027;850;
NW;m|d|o;<=1955;CSU;;;;;;;;;;;;
NW;m|d|o;<=1955;Die Linke;29310;339;9204;1609;3253;250;195;;13993;466;223;
NW;m|d|o;<=1955;Sonstige;28216;2780;5878;4279;685;1088;4141;;4471;4893;1945;213
NW;m|d|o;<=1955;dar. FREIE WÄHLER;1363;103;119;96;;50;27;;;968;857;
NW;m|d|o;<=1955;dar. BSW;19918;2164;4833;3163;370;706;3753;;3553;1376;456;213
NW;w;Summe;Summe;5445397;52862;1452133;1795614;715363;170904;705197;;415074;138251;58554;3965
NW;w;Summe;ungültig;36420;23958;3970;3688;649;331;2327;;1042;455;242;
NW;w;Summe;SPD;1169081;3207;980732;80650;64093;6731;4368;;22311;6988;1821;181
NW;w;Summe;CDU;1593262;4157;71456;1442783;21153;21966;16972;;7492;7283;3812;254
NW;w;Summe;GRÜNE;733469;850;140520;48153;516115;3254;488;;16649;7440;542;
NW;w;Summe;FDP;208244;540;15266;77207;3644;102314;5566;;1912;1794;781;18
NW;w;Summe;AfD;708421;4469;13338;48662;1019;8839;613619;;6266;12210;8577;285
NW;w;Summe;CSU;;;;;;;;;;;;
NW;w;Summe;Die Linke;521867;1572;136909;16286;79417;3645;3843;;273367;6826;908;51
NW;w;Summe;Sonstige;474633;14108;89943;78185;29272;23822;58013;;86035;95255;41872;3177
NW;w;Summe;dar. FREIE WÄHLER;28344;497;3224;4686;340;1329;1360;;1219;15688;14210;
NW;w;Summe;dar. BSW;243003;9217;50450;44238;6664;13334;37591;;55276;26233;10967;2866
NW;w;2001-2007;Summe;379987;2222;101764;55189;61352;12050;33968;;102103;11340;2931;708
NW;w;2001-2007;ungültig;908;681;;7;;;55;;165;;;
NW;w;2001-2007;SPD;50238;80;35044;4649;4491;577;119;;4381;897;27;
NW;w;2001-2007;CDU;39690;108;2212;33255;934;1259;671;;881;370;48;103
NW;w;2001-2007;GRÜNE;50862;103;11180;1927;32747;346;;;3414;1146;;
NW;w;2001-2007;FDP;14126;64;1851;3997;558;6786;44;;581;245;96;
NW;w;2001-2007;AfD;35398;113;782;3046;59;216;29348;;988;846;415;59
NW;w;2001-2007;CSU;;;;;;;;;;;;
NW;w;2001-2007;Die Linke;145774;264;42605;2413;19564;832;165;;78334;1596;44;42
NW;w;2001-2007;Sonstige;42990;808;8090;5894;2999;2034;3566;;13359;6239;2301;503
NW;w;2001-2007;dar. FREIE WÄHLER;1151;46;126;87;33;146;42;;135;537;517;
NW;w;2001-2007;dar. BSW;22479;327;4573;3451;606;1176;2185;;8401;1759;536;503
NW;w;1991-2000;Summe;710921;4730;162123;132459;140297;27618;99346;;114621;29727;9159;839
NW;w;1991-2000;ungültig;2381;1866;134;106;;;201;;;73;73;
NW;w;1991-2000;SPD;97612;123;72928;7759;9227;1275;406;;4683;1211;199;
NW;w;1991-2000;CDU;100190;184;5952;86133;1539;2017;2539;;1178;648;236;55
NW;w;1991-2000;GRÜNE;123880;;21969;5242;89570;739;53;;4438;1869;82;
NW;w;1991-2000;FDP;29116;44;2379;9713;663;14806;809;;380;323;183;
NW;w;1991-2000;AfD;98457;545;1681;6899;217;1549;84722;;1327;1516;882;
NW;w;1991-2000;CSU;;;;;;;;;;;;
NW;w;1991-2000;Die Linke;157502;295;38763;2925;30679;1195;1007;;80295;2343;72;
NW;w;1991-2000;Sonstige;101783;1673;18316;13682;8402;6037;9608;;22320;21743;7432;783
NW;w;1991-2000;dar. FREIE WÄHLER;5176;208;614;979;84;197;74;;310;2712;2456;
NW;w;1991-2000;dar. BSW;46416;891;9679;7257;1217;3281;5288;;12949;5855;1866;613
NW;w;1981-1990;Summe;760531;6490;162406;215554;120192;26619;139538;;61171;28561;12400;712
NW;w;1981-1990;ungültig;3345;2699;267;127;28;44;180;;;;;
NW;w;1981-1990;SPD;115703;293;91455;9357;8552;862;934;;3307;944;188;108
NW;w;1981-1990;CDU;177399;116;9642;156381;2743;3141;3118;;975;1282;638;27
NW;w;1981-1990;GRÜNE;122297;108;21667;6508;89520;559;111;;2277;1547;177;
NW;w;1981-1990;FDP;29237;92;2067;11001;561;13727;1262;;312;215;57;9
NW;w;1981-1990;AfD;140325;712;3442;11142;227;1928;120031;;706;2137;1658;129
NW;w;1981-1990;CSU;;;;;;;;;;;;
NW;w;1981-1990;Die Linke;71716;239;16611;3330;12033;785;957;;36987;772;138;9
NW;w;1981-1990;Sonstige;100509;2230;17254;17708;6527;5572;12945;;16608;21665;9544;430
NW;w;1981-1990;dar. FREIE WÄHLER;6680;37;783;1125;7;429;449;;293;3557;3113;
NW;w;1981-1990;dar. BSW;48143;1428;8964;9345;1105;2898;7835;;10468;6100;2795;386
NW;w;1966-1980;Summe;1273195;11015;301482;428929;167649;40595;210784;;75673;37067;17676;921
NW;w;1966-1980;ungültig;7431;5015;573;555;84;100;640;;418;46;46;
NW;w;1966-1980;SPD;239814;726;197139;17959;15276;1331;792;;4696;1894;662;73
NW;w;1966-1980;CDU;375833;342;17953;336696;5794;5459;5129;;1959;2501;1327;59
NW;w;1966-1980;GRÜNE;185371;267;35122;13713;130300;525;147;;3539;1759;164;
NW;w;1966-1980;FDP;50322;;3499;19147;758;24360;1608;;325;624;152;9
NW;w;1966-1980;AfD;213622;986;3146;15618;184;2407;184721;;2312;4248;3250;9
NW;w;1966-1980;CSU;;;;;;;;;;;;
NW;w;1966-1980;Die Linke;80493;529;21405;3522;9700;641;1099;;42582;1016;285;
NW;w;1966-1980;Sonstige;120308;3151;22643;21719;5554;5773;16648;;19841;24978;11791;772
NW;w;1966-1980;dar. FREIE WÄHLER;8511;;930;1699;68;328;420;;350;4715;4139;
NW;w;1966-1980;dar. BSW;63866;2341;12766;12796;1821;3182;10955;;12922;7084;3384;718
NW;w;1956-1965;Summe;1049584;10825;309672;365572;134044;28137;142910;;37991;20433;10664;529
NW;w;1956-1965;ungültig;7350;4690;750;935;;;669;;211;95;41;
NW;w;1956-1965;SPD;275611;572;235676;17713;14484;1200;1601;;3193;1173;453;
NW;w;1956-1965;CDU;336404;634;15487;303545;5707;4459;3625;;1627;1320;931;9
NW;w;1956-1965;GRÜNE;147302;283;29256;9814;104735;295;137;;2029;753;20;
NW;w;1956-1965;FDP;34278;118;1834;12573;475;17997;1017;;48;216;171;
NW;w;1956-1965;AfD;140330;996;2434;7188;200;1730;124750;;475;2556;1875;43
NW;w;1956-1965;CSU;;;;;;;;;;;;
NW;w;1956-1965;Die Linke;40223;137;10379;1884;4937;98;430;;21588;769;229;
NW;w;1956-1965;Sonstige;68086;3394;13855;11919;3506;2358;10682;;8822;13551;6944;477
NW;w;1956-1965;dar. FREIE WÄHLER;4118;61;504;458;148;138;226;;53;2528;2425;
NW;w;1956-1965;dar. BSW;39938;2428;9057;7734;1082;1438;7805;;6739;3655;1841;434
NW;w;<=1955;Summe;1271180;17580;414686;597911;91828;35885;78651;;23515;11123;5724;256
NW;w;<=1955;ungültig;15004;9007;2246;1956;537;188;581;;249;240;81;
NW;w;<=1955;SPD;390102;1412;348490;23214;12062;1487;517;;2051;869;293;
NW;w;<=1955;CDU;563746;2773;20209;526772;4438;5631;1890;;872;1161;632;
NW;w;<=1955;GRÜNE;103756;88;21326;10949;69243;790;41;;952;367;99;
NW;w;<=1955;FDP;51165;222;3635;20776;629;24639;827;;267;170;122;
NW;w;<=1955;AfD;80289;1117;1852;4769;132;1009;70048;;457;906;496;44
NW;w;<=1955;CSU;;;;;;;;;;;;
NW;w;<=1955;Die Linke;26159;108;7145;2212;2503;94;184;;13581;330;141;
NW;w;<=1955;Sonstige;40957;2852;9783;7262;2285;2047;4564;;5086;7079;3860;212
NW;w;<=1955;dar. FREIE WÄHLER;2707;145;267;339;;91;149;;78;1638;1560;
NW;w;<=1955;dar. BSW;22161;1801;5411;3655;834;1359;3522;;3797;1781;545;212
HE;Summe;Summe;Summe;3608634;35802;843094;1154330;411127;128781;633669;;256907;144924;80795;
HE;Summe;Summe;ungültig;27800;19073;2519;2703;237;236;2199;;343;489;173;
HE;Summe;Summe;SPD;657510;2341;563886;36375;30285;2944;1947;;11983;7750;3232;
HE;Summe;Summe;CDU;1033842;2299;40673;937428;12557;12729;13285;;3998;10873;7364;
HE;Summe;Summe;GRÜNE;451510;526;96127;22810;310653;1308;479;;10170;9436;1248;
HE;Summe;Summe;FDP;180823;440;9743;65281;3284;91600;5296;;1575;3603;2194;
HE;Summe;Summe;AfD;636778;930;7343;38575;467;4897;575821;;2134;6611;4792;
HE;Summe;Summe;CSU;;;;;;;;;;;;
HE;Summe;Summe;Die Linke;311058;1038;75117;7355;40312;1622;2047;;176666;6900;2248;
HE;Summe;Summe;Sonstige;309313;9155;47684;43804;13332;13444;32596;;50037;99261;59545;
HE;Summe;Summe;dar. FREIE WÄHLER;46567;224;3013;6620;447;943;1968;;787;32564;31480;
HE;Summe;Summe;dar. BSW;158653;6484;30521;25102;4058;8092;22938;;37486;23972;15495;
HE;Summe;2001-2007;Summe;256938;2359;61936;45216;29738;13805;40015;;51616;12252;5105;
HE;Summe;2001-2007;ungültig;2130;1821;54;;;;79;;85;91;;
HE;Summe;2001-2007;SPD;31847;110;24174;2332;2199;615;92;;1773;552;137;
HE;Summe;2001-2007;CDU;35302;98;3089;28330;434;1223;1029;;527;574;272;
HE;Summe;2001-2007;GRÜNE;25983;;6281;1203;16138;28;46;;1280;1007;115;
HE;Summe;2001-2007;FDP;17570;;1581;5346;335;8958;608;;382;360;214;
HE;Summe;2001-2007;AfD;40540;;676;2977;25;549;35532;;247;533;321;
HE;Summe;2001-2007;CSU;;;;;;;;;;;;
HE;Summe;2001-2007;Die Linke;74361;71;20530;889;9190;413;88;;41806;1375;342;
HE;Summe;2001-2007;Sonstige;29204;260;5551;4139;1419;2018;2541;;5515;7760;3704;
HE;Summe;2001-2007;dar. FREIE WÄHLER;2993;;226;243;;149;124;;115;2135;2000;
HE;Summe;2001-2007;dar. BSW;14840;169;3620;2405;682;1066;1830;;3575;1493;723;
HE;Summe;1991-2000;Summe;433385;4311;89330;82591;63486;21771;79365;;63265;29265;13868;
HE;Summe;1991-2000;ungültig;2214;1877;54;12;;;196;;11;64;;
HE;Summe;1991-2000;SPD;53535;196;41743;3261;3659;416;121;;2269;1870;617;
HE;Summe;1991-2000;CDU;68364;158;3698;58030;1110;1969;1439;;453;1508;996;
HE;Summe;1991-2000;GRÜNE;61501;26;13268;2641;40713;362;43;;2290;2159;165;
HE;Summe;1991-2000;FDP;24438;79;1268;6471;923;14070;673;;383;570;305;
HE;Summe;1991-2000;AfD;78591;198;1043;4131;167;803;70940;;423;886;747;
HE;Summe;1991-2000;CSU;;;;;;;;;;;;
HE;Summe;1991-2000;Die Linke;80822;318;18663;626;13140;501;288;;45699;1588;307;
HE;Summe;1991-2000;Sonstige;63919;1459;9594;7420;3774;3650;5664;;11738;20620;10731;
HE;Summe;1991-2000;dar. FREIE WÄHLER;6646;;311;787;52;40;487;;102;4866;4684;
HE;Summe;1991-2000;dar. BSW;29468;766;5985;3935;923;2235;2993;;8177;4454;2715;
HE;Summe;1981-1990;Summe;506740;4326;93555;134681;70562;17112;115389;;41824;29292;15350;
HE;Summe;1981-1990;ungültig;3073;2487;76;181;;;162;;;168;67;
HE;Summe;1981-1990;SPD;66156;60;52227;4143;5589;299;410;;1979;1450;362;
HE;Summe;1981-1990;CDU;116084;87;5240;101674;1747;1795;2936;;678;1927;1199;
HE;Summe;1981-1990;GRÜNE;76042;71;14880;3665;53880;316;64;;1697;1470;273;
HE;Summe;1981-1990;FDP;21042;;1081;6983;413;11130;665;;170;600;392;
HE;Summe;1981-1990;AfD;117892;110;1835;8287;113;857;104727;;408;1555;1037;
HE;Summe;1981-1990;CSU;;;;;;;;;;;;
HE;Summe;1981-1990;Die Linke;44744;47;9314;1004;6469;140;434;;26159;1177;462;
HE;Summe;1981-1990;Sonstige;61705;1464;8902;8745;2351;2575;5991;;10732;20944;11559;
HE;Summe;1981-1990;dar. FREIE WÄHLER;8890;;641;1237;11;237;525;;228;6011;5736;
HE;Summe;1981-1990;dar. BSW;31508;694;6130;5542;599;1484;4093;;7840;5125;3017;
HE;Summe;1966-1980;Summe;907996;7276;176174;298499;107530;29957;198769;;50163;39629;23760;
HE;Summe;1966-1980;ungültig;5698;4350;318;333;;96;528;;34;39;39;
HE;Summe;1966-1980;SPD;137406;221;114998;8859;7126;749;819;;2780;1854;875;
HE;Summe;1966-1980;CDU;265842;346;9398;240432;4724;3000;3325;;1133;3483;2365;
HE;Summe;1966-1980;GRÜNE;123456;38;25004;6897;85947;340;222;;2290;2717;517;
HE;Summe;1966-1980;FDP;43365;45;2163;16266;703;21479;1480;;291;939;440;
HE;Summe;1966-1980;AfD;200350;107;2022;12026;111;1431;182035;;583;2034;1347;
HE;Summe;1966-1980;CSU;;;;;;;;;;;;
HE;Summe;1966-1980;Die Linke;53028;89;11681;2367;5528;289;527;;31020;1526;576;
HE;Summe;1966-1980;Sonstige;78851;2081;10589;11319;3391;2572;9832;;12032;27037;17601;
HE;Summe;1966-1980;dar. FREIE WÄHLER;13812;219;721;2329;215;207;335;;113;9672;9387;
HE;Summe;1966-1980;dar. BSW;39665;1516;6187;6071;767;1459;6965;;9547;7154;5023;
HE;Summe;1956-1965;Summe;706431;7581;183833;235236;84308;18555;124807;;29944;22168;14540;
HE;Summe;1956-1965;ungültig;5400;3477;621;563;28;;608;;90;13;;
HE;Summe;1956-1965;SPD;152277;411;134478;7535;6253;404;174;;1703;1319;740;
HE;Summe;1956-1965;CDU;216346;462;9208;196508;2986;1986;2524;;558;2115;1525;
HE;Summe;1956-1965;GRÜNE;98219;171;20976;3979;69700;65;104;;1589;1633;165;
HE;Summe;1956-1965;FDP;29141;140;1605;11494;379;13676;976;;204;667;426;
HE;Summe;1956-1965;AfD;124349;351;1233;6589;45;798;114001;;224;1108;926;
HE;Summe;1956-1965;CSU;;;;;;;;;;;;
HE;Summe;1956-1965;Die Linke;34282;377;8313;1586;3324;120;585;;19354;622;215;
HE;Summe;1956-1965;Sonstige;46419;2193;7398;6982;1592;1506;5834;;6222;14692;10541;
HE;Summe;1956-1965;dar. FREIE WÄHLER;8768;;578;1046;108;177;373;;172;6314;6126;
HE;Summe;1956-1965;dar. BSW;27133;1891;4841;4512;721;1064;4706;;5238;4161;3036;
HE;Summe;<=1955;Summe;797145;9949;238267;358107;55503;27582;75324;;20095;12318;8172;
HE;Summe;<=1955;ungültig;9285;5061;1397;1615;209;140;625;;123;114;67;
HE;Summe;<=1955;SPD;216288;1344;196265;10245;5459;462;330;;1478;705;501;
HE;Summe;<=1955;CDU;331903;1149;10041;312453;1556;2756;2033;;650;1265;1007;
HE;Summe;<=1955;GRÜNE;66309;220;15717;4426;44275;196;;;1024;450;14;
HE;Summe;<=1955;FDP;45268;177;2046;18722;532;22287;894;;145;467;416;
HE;Summe;<=1955;AfD;75056;163;534;4564;6;458;68585;;249;495;414;
HE;Summe;<=1955;CSU;;;;;;;;;;;;
HE;Summe;<=1955;Die Linke;23820;137;6616;884;2661;159;123;;12628;613;346;
HE;Summe;<=1955;Sonstige;29215;1699;5651;5198;805;1124;2734;;3798;8208;5408;
HE;Summe;<=1955;dar. FREIE WÄHLER;5458;6;535;977;61;133;124;;56;3566;3546;
HE;Summe;<=1955;dar. BSW;16039;1448;3758;2638;366;785;2350;;3109;1584;981;
HE;m|d|o;Summe;Summe;1759172;16298;378627;572859;180078;65766;374151;;103851;67541;35224;
HE;m|d|o;Summe;ungültig;12702;8666;1124;1214;83;175;1007;;131;303;;
HE;m|d|o;Summe;SPD;292737;1320;252992;15102;11958;1437;1286;;5172;3469;1501;
HE;m|d|o;Summe;CDU;510684;1082;20260;463981;5056;6492;6386;;1738;5688;3780;
HE;m|d|o;Summe;GRÜNE;201705;184;43374;10546;138489;487;258;;4099;4269;298;
HE;m|d|o;Summe;FDP;99555;276;5111;38024;2084;48334;3259;;508;1959;1232;
HE;m|d|o;Summe;AfD;381271;388;3766;22982;209;3023;346259;;957;3687;2615;
HE;m|d|o;Summe;CSU;;;;;;;;;;;;
HE;m|d|o;Summe;Die Linke;124170;635;29605;3092;16853;464;889;;69289;3344;973;
HE;m|d|o;Summe;Sonstige;136348;3748;22394;17917;5348;5356;14807;;21958;44821;24826;
HE;m|d|o;Summe;dar. FREIE WÄHLER;20664;140;1297;3197;164;202;819;;267;14579;14182;
HE;m|d|o;Summe;dar. BSW;72091;2757;15284;10824;1591;3506;10629;;17564;9937;5628;
HE;m|d|o;2001-2007;Summe;129669;1516;28038;27001;13335;8652;26286;;18075;6765;2727;
HE;m|d|o;2001-2007;ungültig;1463;1232;54;;;;;;85;91;;
HE;m|d|o;2001-2007;SPD;16005;110;11891;1405;1000;326;92;;839;343;83;
HE;m|d|o;2001-2007;CDU;20597;62;1980;16438;260;910;402;;255;290;108;
HE;m|d|o;2001-2007;GRÜNE;12702;;2831;575;8213;12;46;;573;452;44;
HE;m|d|o;2001-2007;FDP;11409;;957;3786;260;5685;419;;35;266;171;
HE;m|d|o;2001-2007;AfD;27820;;447;2242;25;536;24144;;80;346;133;
HE;m|d|o;2001-2007;CSU;;;;;;;;;;;;
HE;m|d|o;2001-2007;Die Linke;24517;27;6549;431;2981;118;18;;13737;656;81;
HE;m|d|o;2001-2007;Sonstige;15157;85;3329;2124;596;1066;1165;;2471;4322;2107;
HE;m|d|o;2001-2007;dar. FREIE WÄHLER;1747;;212;109;;;38;;6;1381;1327;
HE;m|d|o;2001-2007;dar. BSW;7391;85;2095;1260;229;750;790;;1534;647;255;
HE;m|d|o;1991-2000;Summe;218149;1894;40371;44921;28141;12282;50053;;25097;15391;7450;
HE;m|d|o;1991-2000;ungültig;1210;1014;25;12;;;95;;;64;;
HE;m|d|o;1991-2000;SPD;24696;55;19591;1565;1287;202;75;;1133;789;382;
HE;m|d|o;1991-2000;CDU;37144;11;2081;31016;690;1257;785;;277;1026;690;
HE;m|d|o;1991-2000;GRÜNE;27883;26;6393;1599;18160;44;;;843;818;117;
HE;m|d|o;1991-2000;FDP;15326;79;770;4589;601;8294;480;;136;377;212;
HE;m|d|o;1991-2000;AfD;49982;54;525;2472;65;338;45691;;343;492;378;
HE;m|d|o;1991-2000;CSU;;;;;;;;;;;;
HE;m|d|o;1991-2000;Die Linke;30827;166;6480;300;5610;204;132;;17331;604;122;
HE;m|d|o;1991-2000;Sonstige;31082;489;4506;3368;1728;1942;2794;;5034;11222;5549;
HE;m|d|o;1991-2000;dar. FREIE WÄHLER;3332;;46;537;52;;178;;65;2453;2359;
HE;m|d|o;1991-2000;dar. BSW;14029;318;2863;1671;408;1258;1377;;3763;2371;1328;
HE;m|d|o;1981-1990;Summe;251383;1649;41199;68935;32262;8242;67871;;17916;13308;6706;
HE;m|d|o;1981-1990;ungültig;1213;1020;27;8;;;56;;;101;;
HE;m|d|o;1981-1990;SPD;28149;60;23102;1635;1715;167;252;;686;533;145;
HE;m|d|o;1981-1990;CDU;58710;87;2224;52694;696;764;1206;;61;978;610;
HE;m|d|o;1981-1990;GRÜNE;35452;;6257;1964;25524;236;43;;782;648;55;
HE;m|d|o;1981-1990;FDP;11126;;579;4097;293;5502;315;;46;295;199;
HE;m|d|o;1981-1990;AfD;70884;41;893;4922;41;638;63412;;64;873;529;
HE;m|d|o;1981-1990;CSU;;;;;;;;;;;;
HE;m|d|o;1981-1990;Die Linke;19089;;3628;255;3127;24;172;;11334;549;226;
HE;m|d|o;1981-1990;Sonstige;26760;442;4490;3360;867;913;2415;;4944;9331;4942;
HE;m|d|o;1981-1990;dar. FREIE WÄHLER;4030;;259;413;;99;200;;71;2988;2882;
HE;m|d|o;1981-1990;dar. BSW;14328;70;3352;2407;177;518;1618;;4112;2075;958;
HE;m|d|o;1966-1980;Summe;452512;3058;79763;153361;47051;14422;118567;;19072;17219;9393;
HE;m|d|o;1966-1980;ungültig;2429;1823;173;126;;96;211;;;;;
HE;m|d|o;1966-1980;SPD;60574;129;51302;3390;3059;252;614;;892;936;401;
HE;m|d|o;1966-1980;CDU;136564;200;4830;124376;1995;1246;1778;;495;1644;1046;
HE;m|d|o;1966-1980;GRÜNE;55146;;11699;3516;37583;119;110;;990;1129;82;
HE;m|d|o;1966-1980;FDP;23006;;1080;8972;410;11116;908;;87;433;234;
HE;m|d|o;1966-1980;AfD;121150;32;1107;7360;73;755;110759;;273;792;600;
HE;m|d|o;1966-1980;CSU;;;;;;;;;;;;
HE;m|d|o;1966-1980;Die Linke;21265;27;5123;1009;2701;29;205;;11532;639;158;
HE;m|d|o;1966-1980;Sonstige;32379;848;4449;4613;1230;809;3982;;4804;11644;6872;
HE;m|d|o;1966-1980;dar. FREIE WÄHLER;6180;140;278;1165;112;95;165;;;4227;4155;
HE;m|d|o;1966-1980;dar. BSW;16684;582;2818;2691;300;469;3066;;3977;2781;1856;
HE;m|d|o;1956-1965;Summe;346783;3505;84442;118487;36007;8627;71995;;13842;9877;6273;
HE;m|d|o;1956-1965;ungültig;2438;1430;323;250;28;;386;;21;;;
HE;m|d|o;1956-1965;SPD;69515;286;61593;3069;2548;245;83;;1037;653;454;
HE;m|d|o;1956-1965;CDU;110056;154;4843;100218;998;1153;1106;;318;1267;937;
HE;m|d|o;1956-1965;GRÜNE;43034;118;9042;1781;30464;42;58;;660;869;;
HE;m|d|o;1956-1965;FDP;15287;140;931;6426;165;6313;704;;168;441;321;
HE;m|d|o;1956-1965;AfD;71718;172;567;3523;;465;66199;;55;737;603;
HE;m|d|o;1956-1965;CSU;;;;;;;;;;;;
HE;m|d|o;1956-1965;Die Linke;16181;279;4075;831;1184;44;323;;9020;425;159;
HE;m|d|o;1956-1965;Sonstige;18553;926;3068;2387;621;365;3137;;2564;5485;3799;
HE;m|d|o;1956-1965;dar. FREIE WÄHLER;3505;;198;550;;8;178;;78;2493;2423;
HE;m|d|o;1956-1965;dar. BSW;11581;839;2401;1573;297;256;2572;;2251;1391;917;
HE;m|d|o;<=1955;Summe;360676;4676;104814;160155;23283;13541;39379;;9848;4980;2675;
HE;m|d|o;<=1955;ungültig;3950;2146;521;818;54;78;260;;25;47;;
HE;m|d|o;<=1955;SPD;93797;680;85514;4039;2349;246;170;;584;215;36;
HE;m|d|o;<=1955;CDU;147612;568;4302;139240;417;1162;1109;;332;483;388;
HE;m|d|o;<=1955;GRÜNE;27488;41;7153;1111;18545;34;;;251;353;;
HE;m|d|o;<=1955;FDP;23402;57;795;10154;356;11424;432;;36;147;96;
HE;m|d|o;<=1955;AfD;39718;89;227;2464;6;291;36053;;143;446;371;
HE;m|d|o;<=1955;CSU;;;;;;;;;;;;
HE;m|d|o;<=1955;Die Linke;12292;137;3750;264;1250;45;40;;6335;471;228;
HE;m|d|o;<=1955;Sonstige;12416;957;2553;2065;306;261;1314;;2141;2818;1556;
HE;m|d|o;<=1955;dar. FREIE WÄHLER;1871;;304;423;;;60;;47;1037;1037;
HE;m|d|o;<=1955;dar. BSW;8078;862;1755;1222;179;255;1205;;1928;672;315;
HE;w;Summe;Summe;1849462;19504;464467;581471;231049;63015;259518;;153056;77383;45571;
HE;w;Summe;ungültig;15098;10407;1395;1489;155;62;1192;;212;186;173;
HE;w;Summe;SPD;364773;1021;310894;21272;18327;1507;660;;6811;4281;1732;
HE;w;Summe;CDU;523158;1217;20413;473446;7502;6237;6898;;2260;5185;3585;
HE;w;Summe;GRÜNE;249805;342;52753;12264;172164;821;221;;6072;5168;950;
HE;w;Summe;FDP;81268;164;4632;27256;1200;43266;2037;;1068;1644;961;
HE;w;Summe;AfD;255507;542;3577;15593;258;1874;229562;;1177;2924;2176;
HE;w;Summe;CSU;;;;;;;;;;;;
HE;w;Summe;Die Linke;186888;404;45512;4263;23460;1159;1157;;107377;3556;1275;
HE;w;Summe;Sonstige;172965;5407;25290;25887;7984;8088;17789;;28079;54440;34719;
HE;w;Summe;dar. FREIE WÄHLER;25903;85;1717;3423;284;741;1149;;520;17985;17298;
HE;w;Summe;dar. BSW;86562;3727;15237;14278;2467;4586;12309;;19923;14035;9868;
HE;w;2001-2007;Summe;127269;843;33898;18215;16404;5153;13729;;33540;5487;2378;
HE;w;2001-2007;ungültig;668;589;;;;;79;;;;;
HE;w;2001-2007;SPD;15842;;12284;928;1199;289;;;934;209;54;
HE;w;2001-2007;CDU;14706;35;1108;11892;174;313;627;;272;284;164;
HE;w;2001-2007;GRÜNE;13282;;3451;627;7924;17;;;707;555;71;
HE;w;2001-2007;FDP;6161;;624;1559;75;3272;189;;347;94;43;
HE;w;2001-2007;AfD;12720;;229;735;;14;11388;;167;187;187;
HE;w;2001-2007;CSU;;;;;;;;;;;;
HE;w;2001-2007;Die Linke;49844;44;13981;457;6209;295;70;;28069;719;261;
HE;w;2001-2007;Sonstige;14047;175;2222;2016;823;953;1376;;3044;3439;1597;
HE;w;2001-2007;dar. FREIE WÄHLER;1246;;14;134;;149;86;;109;754;673;
HE;w;2001-2007;dar. BSW;7449;84;1525;1145;452;315;1040;;2041;846;469;
HE;w;1991-2000;Summe;215236;2417;48959;37670;35345;9489;29313;;38168;13874;6418;
HE;w;1991-2000;ungültig;1004;863;29;;;;101;;11;;;
HE;w;1991-2000;SPD;28839;141;22153;1696;2372;214;46;;1136;1081;236;
HE;w;1991-2000;CDU;31220;147;1617;27014;419;712;653;;176;481;306;
HE;w;1991-2000;GRÜNE;33618;;6875;1042;22553;318;43;;1446;1341;48;
HE;w;1991-2000;FDP;9112;;498;1882;321;5776;193;;247;194;93;
HE;w;1991-2000;AfD;28610;143;517;1659;102;464;25250;;79;394;369;
HE;w;1991-2000;CSU;;;;;;;;;;;;
HE;w;1991-2000;Die Linke;49996;152;12183;325;7530;297;157;;28367;984;186;
HE;w;1991-2000;Sonstige;32837;970;5087;4053;2047;1708;2870;;6704;9398;5182;
HE;w;1991-2000;dar. FREIE WÄHLER;3314;;265;250;;40;309;;38;2412;2325;
HE;w;1991-2000;dar. BSW;15439;448;3122;2263;515;977;1617;;4414;2083;1387;
HE;w;1981-1990;Summe;255357;2676;52356;65747;38300;8869;47517;;23908;15984;8644;
HE;w;1981-1990;ungültig;1861;1466;49;172;;;106;;;67;67;
HE;w;1981-1990;SPD;38007;;29125;2508;3874;132;158;;1293;917;216;
HE;w;1981-1990;CDU;57375;;3016;48980;1051;1031;1730;;617;949;588;
HE;w;1981-1990;GRÜNE;40590;71;8623;1701;28356;80;21;;916;823;217;
HE;w;1981-1990;FDP;9917;;502;2886;120;5629;349;;125;306;194;
HE;w;1981-1990;AfD;47008;69;942;3365;73;219;41315;;344;682;508;
HE;w;1981-1990;CSU;;;;;;;;;;;;
HE;w;1981-1990;Die Linke;25655;47;5686;749;3342;116;262;;14825;627;237;
HE;w;1981-1990;Sonstige;34945;1022;4412;5386;1484;1662;3577;;5788;11613;6617;
HE;w;1981-1990;dar. FREIE WÄHLER;4860;;382;823;11;138;325;;157;3022;2855;
HE;w;1981-1990;dar. BSW;17179;624;2778;3135;423;965;2475;;3729;3050;2059;
HE;w;1966-1980;Summe;455484;4218;96411;145138;60479;15535;80201;;31091;22410;14367;
HE;w;1966-1980;ungültig;3270;2527;145;207;;;318;;34;39;39;
HE;w;1966-1980;SPD;76833;91;63696;5470;4066;498;205;;1888;918;474;
HE;w;1966-1980;CDU;129277;146;4568;116057;2729;1754;1547;;637;1839;1319;
HE;w;1966-1980;GRÜNE;68310;38;13306;3381;48364;221;112;;1301;1588;435;
HE;w;1966-1980;FDP;20359;45;1082;7294;293;10363;572;;204;506;206;
HE;w;1966-1980;AfD;79200;76;916;4667;38;676;71276;;311;1241;747;
HE;w;1966-1980;CSU;;;;;;;;;;;;
HE;w;1966-1980;Die Linke;31763;62;6558;1358;2828;260;322;;19488;887;418;
HE;w;1966-1980;Sonstige;46472;1233;6140;6705;2160;1762;5850;;7228;15393;10729;
HE;w;1966-1980;dar. FREIE WÄHLER;7632;79;444;1164;103;112;171;;113;5446;5233;
HE;w;1966-1980;dar. BSW;22981;934;3369;3380;466;990;3899;;5570;4373;3167;
HE;w;1956-1965;Summe;359648;4076;99391;116749;48301;9928;52812;;16101;12291;8266;
HE;w;1956-1965;ungültig;2961;2047;297;312;;;223;;69;13;;
HE;w;1956-1965;SPD;82762;124;72885;4465;3705;159;92;;666;666;286;
HE;w;1956-1965;CDU;106290;308;4365;96290;1989;833;1418;;240;848;588;
HE;w;1956-1965;GRÜNE;55184;53;11935;2198;39236;23;46;;929;764;165;
HE;w;1956-1965;FDP;13854;;674;5067;215;7363;272;;36;226;106;
HE;w;1956-1965;AfD;52630;179;666;3066;45;333;47802;;169;371;323;
HE;w;1956-1965;CSU;;;;;;;;;;;;
HE;w;1956-1965;Die Linke;18101;98;4239;755;2140;76;263;;10334;196;56;
HE;w;1956-1965;Sonstige;27866;1266;4331;4595;972;1141;2696;;3658;9207;6742;
HE;w;1956-1965;dar. FREIE WÄHLER;5263;;380;497;108;168;194;;94;3821;3703;
HE;w;1956-1965;dar. BSW;15553;1052;2440;2938;424;809;2133;;2987;2769;2120;
HE;w;<=1955;Summe;436469;5273;133452;197952;32220;14041;35946;;10248;7337;5497;
HE;w;<=1955;ungültig;5334;2915;876;797;155;62;365;;98;67;67;
HE;w;<=1955;SPD;122491;664;110751;6206;3110;216;160;;894;490;465;
HE;w;<=1955;CDU;184291;581;5739;173214;1139;1593;924;;318;783;619;
HE;w;<=1955;GRÜNE;38820;179;8564;3314;25731;162;;;773;97;14;
HE;w;<=1955;FDP;21866;119;1251;8568;176;10863;461;;109;320;320;
HE;w;<=1955;AfD;35338;75;307;2101;;168;32532;;107;49;43;
HE;w;<=1955;CSU;;;;;;;;;;;;
HE;w;<=1955;Die Linke;11529;;2866;620;1411;114;83;;6293;142;118;
HE;w;<=1955;Sonstige;16799;741;3098;3132;498;863;1420;;1656;5390;3852;
HE;w;<=1955;dar. FREIE WÄHLER;3587;6;232;554;61;133;64;;8;2529;2509;
HE;w;<=1955;dar. BSW;7961;585;2003;1416;187;530;1145;;1181;912;666;
RP;Summe;Summe;Summe;2500548;27497;573461;831611;204080;83327;476014;;123638;180920;80572;54639
RP;Summe;Summe;ungültig;18190;11896;2232;2011;201;206;891;;407;345;166;33
RP;Summe;Summe;SPD;462705;3317;391269;32180;14403;2790;1499;;7597;9649;5155;1215
RP;Summe;Summe;CDU;760623;4884;36615;678287;7044;10359;6597;;2717;14121;10609;1629
RP;Summe;Summe;GRÜNE;256869;660;60938;21664;158292;1059;87;;7124;7044;1974;153
RP;Summe;Summe;FDP;114047;465;7254;38282;1195;58298;3581;;1106;3866;2310;479
RP;Summe;Summe;AfD;498695;2395;6257;28141;110;3614;446476;;1416;10286;5688;3076
RP;Summe;Summe;CSU;;;;;;;;;;;;
RP;Summe;Summe;Die Linke;161867;681;39493;5494;17763;928;1327;;87676;8506;3188;1747
RP;Summe;Summe;Sonstige;227552;3198;29403;25551;5073;6073;15555;;15595;127104;51483;46308
RP;Summe;Summe;dar. FREIE WÄHLER;52013;202;4515;6549;125;1041;1433;;482;37667;36105;539
RP;Summe;Summe;dar. BSW;105103;1344;15422;11895;939;3132;10040;;8790;53540;7333;43257
RP;Summe;2001-2007;Summe;166498;1611;40367;29762;16663;7275;28260;;26452;16107;5308;5401
RP;Summe;2001-2007;ungültig;1477;1186;198;56;9;;;;;28;28;
RP;Summe;2001-2007;SPD;21519;37;16227;2205;1249;395;9;;623;773;138;100
RP;Summe;2001-2007;CDU;23310;41;1925;18707;149;601;511;;202;1175;713;223
RP;Summe;2001-2007;GRÜNE;18157;;4636;926;10124;47;;;1404;1020;207;
RP;Summe;2001-2007;FDP;10345;9;1083;2744;221;5174;290;;316;507;375;70
RP;Summe;2001-2007;AfD;30194;61;569;1919;;291;26431;;73;849;334;415
RP;Summe;2001-2007;CSU;;;;;;;;;;;;
RP;Summe;2001-2007;Die Linke;41697;44;12178;666;4355;234;41;;21913;2266;789;540
RP;Summe;2001-2007;Sonstige;19798;234;3550;2539;557;532;977;;1921;9488;2725;4051
RP;Summe;2001-2007;dar. FREIE WÄHLER;2390;;311;156;;19;273;;51;1580;1477;64
RP;Summe;2001-2007;dar. BSW;9012;182;1434;1388;38;277;476;;865;4352;402;3692
RP;Summe;1991-2000;Summe;313683;1798;61220;66395;36571;14837;68131;;31662;33070;13111;8768
RP;Summe;1991-2000;ungültig;1033;789;29;110;;;83;;;21;11;
RP;Summe;1991-2000;SPD;37915;38;29552;3831;1628;432;329;;913;1192;515;129
RP;Summe;1991-2000;CDU;53508;182;3546;45162;617;1340;697;;344;1619;1374;168
RP;Summe;1991-2000;GRÜNE;42681;53;10088;2459;26132;238;16;;1811;1885;307;122
RP;Summe;1991-2000;FDP;18518;;1253;4956;190;10926;507;;210;476;276;57
RP;Summe;1991-2000;AfD;71635;272;872;4456;54;531;63432;;130;1888;941;664
RP;Summe;1991-2000;CSU;;;;;;;;;;;;
RP;Summe;1991-2000;Die Linke;44940;135;10510;1247;6663;178;251;;23869;2088;459;364
RP;Summe;1991-2000;Sonstige;43453;328;5368;4173;1286;1193;2817;;4386;23901;9228;7263
RP;Summe;1991-2000;dar. FREIE WÄHLER;8734;5;493;1059;60;61;361;;87;6607;6211;215
RP;Summe;1991-2000;dar. BSW;17261;182;2968;2116;192;592;1092;;2130;7989;1025;6426
RP;Summe;1981-1990;Summe;362677;2897;63983;100605;36659;11147;94259;;19458;33671;15076;9028
RP;Summe;1981-1990;ungültig;2080;1523;188;117;126;;26;;9;91;20;
RP;Summe;1981-1990;SPD;44096;90;35531;3549;2224;408;211;;1008;1075;612;109
RP;Summe;1981-1990;CDU;88740;354;5595;76183;1340;1583;1152;;361;2172;1771;103
RP;Summe;1981-1990;GRÜNE;45968;75;10912;3103;29231;114;17;;1200;1316;349;30
RP;Summe;1981-1990;FDP;15768;66;1002;6274;178;7218;328;;209;494;322;77
RP;Summe;1981-1990;AfD;100731;480;1294;5921;;723;89498;;291;2524;1612;581
RP;Summe;1981-1990;CSU;;;;;;;;;;;;
RP;Summe;1981-1990;Die Linke;21936;27;4333;827;2137;166;53;;13330;1062;364;291
RP;Summe;1981-1990;Sonstige;43359;282;5128;4632;1422;934;2973;;3051;24937;10027;7836
RP;Summe;1981-1990;dar. FREIE WÄHLER;9693;18;695;1094;;102;182;;23;7580;7273;5
RP;Summe;1981-1990;dar. BSW;18863;161;2780;1892;264;551;2071;;1479;9664;1246;7614
RP;Summe;1966-1980;Summe;595046;5608;117260;197696;49575;17461;136234;;21589;49623;24552;14578
RP;Summe;1966-1980;ungültig;3529;2399;176;447;58;49;98;;152;149;86;
RP;Summe;1966-1980;SPD;93899;576;76925;7087;3670;334;472;;1991;2845;1533;500
RP;Summe;1966-1980;CDU;182134;633;9314;160294;2022;2597;1874;;496;4905;3702;571
RP;Summe;1966-1980;GRÜNE;64630;204;14377;6518;40387;267;;;1254;1625;541;
RP;Summe;1966-1980;FDP;24144;152;1128;8317;210;11807;963;;299;1268;827;73
RP;Summe;1966-1980;AfD;142678;496;1589;8281;;874;127592;;645;3201;2034;740
RP;Summe;1966-1980;CSU;;;;;;;;;;;;
RP;Summe;1966-1980;Die Linke;25065;227;5927;989;2172;163;463;;13537;1587;653;281
RP;Summe;1966-1980;Sonstige;58967;922;7826;5763;1057;1369;4772;;3216;34042;15176;12413
RP;Summe;1966-1980;dar. FREIE WÄHLER;14630;149;1475;1758;17;177;388;;93;10573;10077;153
RP;Summe;1966-1980;dar. BSW;28419;214;4140;2873;272;715;3074;;2227;14904;2974;11372
RP;Summe;1956-1965;Summe;516805;5242;133021;182734;39266;15100;97164;;14187;30090;13733;10070
RP;Summe;1956-1965;ungültig;3153;2026;181;374;9;116;414;;;33;;33
RP;Summe;1956-1965;SPD;116566;389;101448;7101;2834;589;219;;1898;2088;1388;66
RP;Summe;1956-1965;CDU;168846;1120;7499;152249;1748;1753;1611;;497;2369;1758;179
RP;Summe;1956-1965;GRÜNE;52558;205;12920;5193;32381;175;55;;682;948;505;
RP;Summe;1956-1965;FDP;20198;55;1274;6851;141;10128;797;;58;893;335;202
RP;Summe;1956-1965;AfD;99430;521;1210;4584;17;647;91107;;141;1203;531;337
RP;Summe;1956-1965;CSU;;;;;;;;;;;;
RP;Summe;1956-1965;Die Linke;17028;159;4184;834;1619;154;334;;8712;1033;620;169
RP;Summe;1956-1965;Sonstige;39025;768;4307;5549;517;1538;2627;;2198;21522;8594;9085
RP;Summe;1956-1965;dar. FREIE WÄHLER;9770;;870;1436;35;540;211;;158;6520;6361;51
RP;Summe;1956-1965;dar. BSW;20076;295;2255;2705;100;701;2134;;1535;10353;1182;8633
RP;Summe;<=1955;Summe;545838;10341;157609;254419;25346;17508;51966;;10290;18360;8792;6794
RP;Summe;<=1955;ungültig;6918;3973;1460;908;;42;269;;246;21;21;
RP;Summe;<=1955;SPD;148710;2186;131585;8408;2799;633;260;;1164;1675;968;311
RP;Summe;<=1955;CDU;244085;2555;8736;225692;1167;2484;752;;818;1882;1291;384
RP;Summe;<=1955;GRÜNE;32874;124;8005;3466;20037;219;;;773;250;66;
RP;Summe;<=1955;FDP;25074;184;1513;9141;255;13045;696;;14;227;174;
RP;Summe;<=1955;AfD;54026;565;723;2980;38;547;48416;;136;621;236;338
RP;Summe;<=1955;CSU;;;;;;;;;;;;
RP;Summe;<=1955;Die Linke;11200;89;2362;930;817;32;184;;6316;469;302;102
RP;Summe;<=1955;Sonstige;22951;665;3224;2895;233;506;1389;;824;13214;5733;5659
RP;Summe;<=1955;dar. FREIE WÄHLER;6796;30;671;1046;13;141;18;;70;4807;4705;49
RP;Summe;<=1955;dar. BSW;11472;310;1845;922;72;297;1192;;555;6278;505;5521
RP;m|d|o;Summe;Summe;1240565;12789;263160;417277;84999;44167;287072;;51241;79859;36609;24166
RP;m|d|o;Summe;ungültig;7245;4731;815;751;143;169;528;;35;72;39;33
RP;m|d|o;Summe;SPD;209575;1613;181078;12782;5352;1205;681;;3182;3683;2161;392
RP;m|d|o;Summe;CDU;382645;2456;18056;341346;3041;5993;3808;;937;7008;5246;819
RP;m|d|o;Summe;GRÜNE;112065;250;28701;9683;67510;439;27;;2488;2967;728;30
RP;m|d|o;Summe;FDP;63302;261;4127;22088;547;31405;2015;;681;2177;1378;242
RP;m|d|o;Summe;AfD;303587;1718;3022;17845;93;2324;272879;;457;5250;3069;1210
RP;m|d|o;Summe;CSU;;;;;;;;;;;;
RP;m|d|o;Summe;Die Linke;64325;413;14285;2023;6339;422;598;;36808;3438;1040;816
RP;m|d|o;Summe;Sonstige;97820;1347;13076;10759;1974;2211;6537;;6653;55264;22947;20625
RP;m|d|o;Summe;dar. FREIE WÄHLER;24356;39;2314;2741;79;232;919;;109;17924;16947;400
RP;m|d|o;Summe;dar. BSW;46048;776;6788;5205;290;1135;4183;;3885;23785;3073;19369
RP;m|d|o;2001-2007;Summe;85406;925;18920;17156;6689;5087;19407;;8911;8312;2731;2921
RP;m|d|o;2001-2007;ungültig;1004;795;116;56;9;;;;;28;28;
RP;m|d|o;2001-2007;SPD;11154;;8392;1100;658;249;9;;312;434;125;90
RP;m|d|o;2001-2007;CDU;14458;7;1492;11112;7;493;485;;87;775;451;197
RP;m|d|o;2001-2007;GRÜNE;7893;;2201;379;4420;20;;;525;349;144;
RP;m|d|o;2001-2007;FDP;6974;;737;1632;115;3699;204;;233;353;252;70
RP;m|d|o;2001-2007;AfD;20567;48;366;1487;;142;18245;;21;257;149;46
RP;m|d|o;2001-2007;CSU;;;;;;;;;;;;
RP;m|d|o;2001-2007;Die Linke;13012;44;3523;125;1255;179;9;;6955;922;205;309
RP;m|d|o;2001-2007;Sonstige;10344;31;2092;1264;226;305;454;;777;5194;1378;2209
RP;m|d|o;2001-2007;dar. FREIE WÄHLER;1286;;172;80;;14;191;;;830;765;64
RP;m|d|o;2001-2007;dar. BSW;4344;17;736;607;11;130;90;;454;2300;201;1899
RP;m|d|o;1991-2000;Summe;161048;1139;27928;35839;14686;9757;41972;;13821;15905;6601;4417
RP;m|d|o;1991-2000;ungültig;598;394;11;110;;;83;;;;;
RP;m|d|o;1991-2000;SPD;17846;38;13884;1839;754;303;118;;504;406;148;11
RP;m|d|o;1991-2000;CDU;27451;110;1248;23485;237;989;373;;183;826;651;109
RP;m|d|o;1991-2000;GRÜNE;18915;9;5220;1307;10932;120;;;674;654;63;
RP;m|d|o;1991-2000;FDP;12519;;1028;3483;133;7326;148;;117;284;183;14
RP;m|d|o;1991-2000;AfD;45380;261;457;3034;54;449;39924;;84;1116;514;459
RP;m|d|o;1991-2000;CSU;;;;;;;;;;;;
RP;m|d|o;1991-2000;Die Linke;17520;82;3420;392;2116;100;91;;10509;809;265;193
RP;m|d|o;1991-2000;Sonstige;20820;245;2660;2189;461;470;1235;;1751;11809;4777;3632
RP;m|d|o;1991-2000;dar. FREIE WÄHLER;4795;5;250;596;51;61;225;;9;3598;3331;174
RP;m|d|o;1991-2000;dar. BSW;8148;156;1364;1011;26;238;423;;799;4131;580;3247
RP;m|d|o;1981-1990;Summe;189457;1305;30895;52024;17008;6092;57910;;8725;15498;7623;3918
RP;m|d|o;1981-1990;ungültig;987;659;188;;126;;5;;9;;;
RP;m|d|o;1981-1990;SPD;20546;37;17330;1311;777;281;79;;330;400;348;
RP;m|d|o;1981-1990;CDU;46558;24;2787;40187;679;810;635;;112;1323;1060;28
RP;m|d|o;1981-1990;GRÜNE;20775;9;5228;1275;13413;93;17;;310;431;58;30
RP;m|d|o;1981-1990;FDP;8655;66;375;3708;31;3950;114;;112;298;241;
RP;m|d|o;1981-1990;AfD;62455;392;599;3698;;462;55878;;89;1338;936;174
RP;m|d|o;1981-1990;CSU;;;;;;;;;;;;
RP;m|d|o;1981-1990;Die Linke;10394;;1976;368;1225;9;53;;6178;584;228;100
RP;m|d|o;1981-1990;Sonstige;19088;119;2412;1477;756;489;1129;;1584;11123;4751;3585
RP;m|d|o;1981-1990;dar. FREIE WÄHLER;5079;5;444;512;;;162;;;3956;3663;5
RP;m|d|o;1981-1990;dar. BSW;8006;72;1353;560;133;225;816;;833;4014;323;3513
RP;m|d|o;1966-1980;Summe;297477;2368;54329;101045;20664;8471;81429;;8567;20604;11101;5625
RP;m|d|o;1966-1980;ungültig;878;563;83;134;;49;50;;;;;
RP;m|d|o;1966-1980;SPD;42889;262;36744;2588;1092;105;271;;953;873;620;147
RP;m|d|o;1966-1980;CDU;93323;500;4436;82774;820;1381;739;;126;2550;1842;383
RP;m|d|o;1966-1980;GRÜNE;29014;195;6704;3187;17628;25;;;311;965;274;
RP;m|d|o;1966-1980;FDP;12326;78;351;4485;74;5954;692;;215;477;363;
RP;m|d|o;1966-1980;AfD;85626;337;579;5088;;520;77368;;94;1640;1069;240
RP;m|d|o;1966-1980;CSU;;;;;;;;;;;;
RP;m|d|o;1966-1980;Die Linke;10055;133;2380;454;731;24;174;;5686;474;57;94
RP;m|d|o;1966-1980;Sonstige;23365;301;3052;2335;320;414;2136;;1183;13626;6875;4761
RP;m|d|o;1966-1980;dar. FREIE WÄHLER;6636;;760;501;5;17;228;;55;5070;4783;105
RP;m|d|o;1966-1980;dar. BSW;11865;115;1611;1396;98;280;1477;;774;6114;1566;4380
RP;m|d|o;1956-1965;Summe;256421;2655;60976;94520;15739;6602;57144;;6380;12405;5314;4275
RP;m|d|o;1956-1965;ungültig;1509;860;100;117;9;116;274;;;33;;33
RP;m|d|o;1956-1965;SPD;52516;319;46270;3184;1169;80;45;;522;926;549;14
RP;m|d|o;1956-1965;CDU;88072;538;4265;79454;688;928;1128;;205;866;726;49
RP;m|d|o;1956-1965;GRÜNE;21780;30;5684;2143;13093;72;11;;275;472;165;
RP;m|d|o;1956-1965;FDP;10374;13;725;3892;44;4516;499;;5;680;254;158
RP;m|d|o;1956-1965;AfD;59258;410;571;2943;;441;54054;;101;738;346;184
RP;m|d|o;1956-1965;CSU;;;;;;;;;;;;
RP;m|d|o;1956-1965;Die Linke;7810;154;1698;367;567;105;119;;4380;421;114;116
RP;m|d|o;1956-1965;Sonstige;15102;329;1664;2421;168;345;1015;;891;8269;3160;3720
RP;m|d|o;1956-1965;dar. FREIE WÄHLER;4156;;428;741;11;115;95;;45;2721;2656;51
RP;m|d|o;1956-1965;dar. BSW;8377;198;853;1253;10;148;891;;675;4348;329;3621
RP;m|d|o;<=1955;Summe;250756;4398;70112;116693;10213;8158;29210;;4837;7135;3239;3011
RP;m|d|o;<=1955;ungültig;2270;1460;317;335;;5;117;;26;11;11;
RP;m|d|o;<=1955;SPD;64624;956;58457;2759;902;187;159;;561;644;371;130
RP;m|d|o;<=1955;CDU;112784;1278;3828;104335;609;1392;448;;224;669;516;54
RP;m|d|o;<=1955;GRÜNE;13688;7;3666;1392;8024;109;;;393;97;25;
RP;m|d|o;<=1955;FDP;12455;104;911;4887;151;5961;357;;;85;85;
RP;m|d|o;<=1955;AfD;30302;270;450;1596;38;311;27409;;67;161;55;106
RP;m|d|o;<=1955;CSU;;;;;;;;;;;;
RP;m|d|o;<=1955;Die Linke;5534;;1288;317;446;5;152;;3100;228;171;5
RP;m|d|o;<=1955;Sonstige;9100;323;1196;1073;43;189;568;;466;5242;2006;2717
RP;m|d|o;<=1955;dar. FREIE WÄHLER;2404;30;258;310;13;25;18;;;1751;1751;
RP;m|d|o;<=1955;dar. BSW;5308;218;870;377;13;114;487;;350;2879;74;2710
RP;w;Summe;Summe;1259983;14708;310301;414334;119081;39160;188942;;72397;101061;43963;30473
RP;w;Summe;ungültig;10945;7165;1417;1260;58;37;363;;372;273;127;
RP;w;Summe;SPD;253130;1704;210191;19399;9052;1585;818;;4416;5966;2994;823
RP;w;Summe;CDU;377978;2428;18560;336941;4002;4366;2789;;1779;7113;5362;810
RP;w;Summe;GRÜNE;144804;410;32237;11981;90782;620;60;;4636;4077;1246;122
RP;w;Summe;FDP;50745;204;3126;16194;647;26893;1567;;424;1689;932;237
RP;w;Summe;AfD;195108;677;3235;10296;17;1291;173597;;959;5036;2618;1866
RP;w;Summe;CSU;;;;;;;;;;;;
RP;w;Summe;Die Linke;97542;268;25208;3471;11423;506;729;;50868;5067;2147;931
RP;w;Summe;Sonstige;129732;1851;16327;14793;3098;3862;9018;;8943;71840;28536;25683
RP;w;Summe;dar. FREIE WÄHLER;27657;163;2201;3809;45;809;514;;374;19743;19157;138
RP;w;Summe;dar. BSW;59055;568;8634;6690;648;1997;5857;;4906;29755;4261;23888
RP;w;2001-2007;Summe;81092;687;21447;12606;9974;2189;8853;;17542;7795;2577;2480
RP;w;2001-2007;ungültig;474;392;82;;;;;;;;;
RP;w;2001-2007;SPD;10365;37;7835;1105;592;146;;;311;339;13;11
RP;w;2001-2007;CDU;8852;33;434;7595;141;108;26;;115;400;261;26
RP;w;2001-2007;GRÜNE;10264;;2435;547;5704;27;;;879;671;63;
RP;w;2001-2007;FDP;3371;9;346;1111;106;1475;86;;83;155;123;
RP;w;2001-2007;AfD;9627;13;202;432;;149;8186;;52;592;185;370
RP;w;2001-2007;CSU;;;;;;;;;;;;
RP;w;2001-2007;Die Linke;28685;;8655;541;3099;56;32;;14958;1344;584;232
RP;w;2001-2007;Sonstige;9454;203;1457;1275;331;227;522;;1144;4294;1347;1842
RP;w;2001-2007;dar. FREIE WÄHLER;1103;;139;76;;5;82;;51;750;712;
RP;w;2001-2007;dar. BSW;4668;165;698;781;27;147;387;;411;2052;201;1793
RP;w;1991-2000;Summe;152635;659;33292;30556;21885;5080;26159;;17841;17165;6511;4351
RP;w;1991-2000;ungültig;435;395;19;;;;;;;21;11;
RP;w;1991-2000;SPD;20069;;15669;1991;874;129;210;;410;786;368;118
RP;w;1991-2000;CDU;26057;73;2299;21678;381;351;324;;160;792;724;60
RP;w;1991-2000;GRÜNE;23766;44;4869;1152;15200;117;16;;1137;1231;244;122
RP;w;1991-2000;FDP;5999;;225;1473;57;3600;359;;93;192;93;43
RP;w;1991-2000;AfD;26256;11;415;1422;;82;23508;;46;772;427;205
RP;w;1991-2000;CSU;;;;;;;;;;;;
RP;w;1991-2000;Die Linke;27420;52;7089;855;4547;78;160;;13360;1278;195;171
RP;w;1991-2000;Sonstige;22633;84;2708;1984;825;723;1582;;2635;12092;4451;3631
RP;w;1991-2000;dar. FREIE WÄHLER;3939;;243;463;9;;136;;78;3009;2880;41
RP;w;1991-2000;dar. BSW;9113;26;1604;1105;167;354;669;;1331;3858;445;3179
RP;w;1981-1990;Summe;173221;1592;33089;48581;19651;5054;36349;;10733;18173;7453;5110
RP;w;1981-1990;ungültig;1094;864;;117;;;21;;;91;20;
RP;w;1981-1990;SPD;23549;54;18201;2238;1446;127;132;;677;675;264;109
RP;w;1981-1990;CDU;42182;330;2807;35996;661;773;517;;248;849;711;75
RP;w;1981-1990;GRÜNE;25193;66;5685;1827;15819;21;;;890;884;290;
RP;w;1981-1990;FDP;7113;;626;2565;147;3269;213;;97;196;81;77
RP;w;1981-1990;AfD;38276;88;695;2224;;262;33620;;202;1186;675;407
RP;w;1981-1990;CSU;;;;;;;;;;;;
RP;w;1981-1990;Die Linke;11543;27;2358;459;912;157;;;7152;478;136;191
RP;w;1981-1990;Sonstige;24271;162;2716;3155;666;446;1845;;1467;13814;5276;4251
RP;w;1981-1990;dar. FREIE WÄHLER;4614;14;250;582;;102;20;;23;3624;3610;
RP;w;1981-1990;dar. BSW;10858;90;1427;1332;130;326;1256;;647;5651;923;4101
RP;w;1966-1980;Summe;297570;3241;62931;96651;28911;8990;54805;;13022;29019;13452;8953
RP;w;1966-1980;ungültig;2650;1836;93;313;58;;49;;152;149;86;
RP;w;1966-1980;SPD;51010;314;40180;4498;2578;229;201;;1038;1973;914;352
RP;w;1966-1980;CDU;88811;133;4878;77520;1202;1217;1135;;370;2355;1860;189
RP;w;1966-1980;GRÜNE;35616;9;7673;3331;22759;241;;;944;660;267;
RP;w;1966-1980;FDP;11818;74;777;3832;136;5854;271;;84;792;464;73
RP;w;1966-1980;AfD;57052;159;1010;3193;;355;50224;;551;1561;965;500
RP;w;1966-1980;CSU;;;;;;;;;;;;
RP;w;1966-1980;Die Linke;15010;95;3547;536;1441;139;290;;7850;1114;596;187
RP;w;1966-1980;Sonstige;35601;621;4774;3429;737;956;2636;;2032;20416;8301;7652
RP;w;1966-1980;dar. FREIE WÄHLER;7994;149;715;1257;12;160;160;;38;5503;5294;48
RP;w;1966-1980;dar. BSW;16554;99;2529;1476;174;434;1598;;1453;8790;1407;6992
RP;w;1956-1965;Summe;260384;2587;72045;88214;23528;8498;40020;;7807;17685;8419;5796
RP;w;1956-1965;ungültig;1645;1166;81;258;;;140;;;;;
RP;w;1956-1965;SPD;64050;69;55177;3917;1665;509;174;;1376;1162;839;52
RP;w;1956-1965;CDU;80774;582;3234;72795;1060;825;483;;292;1503;1032;130
RP;w;1956-1965;GRÜNE;30778;174;7236;3050;19288;103;45;;407;476;340;
RP;w;1956-1965;FDP;9824;42;550;2958;97;5612;298;;54;213;82;44
RP;w;1956-1965;AfD;40173;111;639;1642;17;207;37053;;40;465;185;153
RP;w;1956-1965;CSU;;;;;;;;;;;;
RP;w;1956-1965;Die Linke;9218;5;2486;467;1052;49;215;;4332;612;506;53
RP;w;1956-1965;Sonstige;23923;439;2643;3128;349;1193;1611;;1307;13253;5435;5364
RP;w;1956-1965;dar. FREIE WÄHLER;5615;;442;694;24;425;116;;113;3799;3705;
RP;w;1956-1965;dar. BSW;11699;96;1402;1451;90;553;1243;;859;6005;853;5012
RP;w;<=1955;Summe;295082;5943;87497;137726;15133;9349;22756;;5453;11225;5552;3783
RP;w;<=1955;ungültig;4648;2513;1143;573;;37;152;;220;11;11;
RP;w;<=1955;SPD;84086;1230;73129;5650;1897;446;101;;603;1031;597;181
RP;w;<=1955;CDU;131301;1277;4908;121357;557;1091;303;;594;1213;774;330
RP;w;<=1955;GRÜNE;19186;117;4339;2074;12013;110;;;379;154;41;
RP;w;<=1955;FDP;12620;79;602;4254;105;7084;340;;14;142;89;
RP;w;<=1955;AfD;23724;295;274;1383;;236;21007;;69;460;181;232
RP;w;<=1955;CSU;;;;;;;;;;;;
RP;w;<=1955;Die Linke;5666;89;1074;613;371;27;32;;3217;242;131;97
RP;w;<=1955;Sonstige;13851;342;2028;1821;191;317;821;;358;7972;3728;2942
RP;w;<=1955;dar. FREIE WÄHLER;4392;;413;736;;116;;;70;3057;2955;49
RP;w;<=1955;dar. BSW;6163;93;975;545;59;183;705;;205;3399;431;2811
BW;Summe;Summe;Summe;6382446;49732;1002327;2280707;887608;271794;1231221;;360037;299020;163869;
BW;Summe;Summe;ungültig;32448;21351;2443;4690;452;379;1928;;420;785;606;
BW;Summe;Summe;SPD;898778;2963;689540;84419;79362;6222;3842;;17586;14845;7610;
BW;Summe;Summe;CDU;2006866;4066;57908;1813192;34508;34259;27444;;6919;28570;21485;
BW;Summe;Summe;GRÜNE;865738;1332;109544;56588;652559;3973;393;;21756;19593;4421;
BW;Summe;Summe;FDP;357539;996;12918;129818;6944;183421;12021;;2421;9001;5922;
BW;Summe;Summe;AfD;1256430;3483;8428;86489;1036;14948;1118893;;5058;18095;11149;
BW;Summe;Summe;CSU;;;;;;;;;;;;
BW;Summe;Summe;Die Linke;429484;777;69155;15575;86664;3560;4112;;238700;10941;3430;
BW;Summe;Summe;Sonstige;535163;14763;52391;89938;26083;25032;62588;;67178;197190;109246;
BW;Summe;Summe;dar. FREIE WÄHLER;86311;370;4112;14838;1502;2524;2710;;1712;58544;56613;
BW;Summe;Summe;dar. BSW;260219;9798;32139;50117;6642;15361;46379;;49782;50001;28777;
BW;Summe;2001-2007;Summe;485790;2941;79492;96370;86129;27124;84152;;79805;29777;12594;
BW;Summe;2001-2007;ungültig;1110;908;157;;;;26;;;19;;
BW;Summe;2001-2007;SPD;54579;85;35502;5507;6962;786;405;;3644;1688;765;
BW;Summe;2001-2007;CDU;71169;159;3581;59472;1648;2289;1404;;695;1920;1117;
BW;Summe;2001-2007;GRÜNE;68653;;9465;2988;49321;774;;;3460;2646;389;
BW;Summe;2001-2007;FDP;32567;52;1767;9601;1473;17015;958;;532;1170;531;
BW;Summe;2001-2007;AfD;88117;186;914;7285;60;1570;76121;;511;1470;709;
BW;Summe;2001-2007;CSU;;;;;;;;;;;;
BW;Summe;2001-2007;Die Linke;113195;190;21247;2343;23218;853;546;;61983;2815;562;
BW;Summe;2001-2007;Sonstige;56400;1361;6861;9174;3448;3837;4691;;8979;18050;8520;
BW;Summe;2001-2007;dar. FREIE WÄHLER;5835;;333;905;110;261;87;;379;3760;3490;
BW;Summe;2001-2007;dar. BSW;27092;856;4094;4915;833;2249;3210;;5948;4988;2805;
BW;Summe;1991-2000;Summe;859996;4571;113496;205789;164781;46644;166813;;91391;66510;28258;
BW;Summe;1991-2000;ungültig;2358;1696;151;228;41;;94;;110;38;38;
BW;Summe;1991-2000;SPD;87542;252;60380;9701;9914;1202;456;;2809;2828;691;
BW;Summe;1991-2000;CDU;163325;60;6539;139942;2958;4561;3930;;723;4611;2928;
BW;Summe;1991-2000;GRÜNE;149213;74;15646;5948;115062;490;61;;6258;5676;740;
BW;Summe;1991-2000;FDP;55888;31;2137;16151;1616;31605;1835;;487;2026;1256;
BW;Summe;1991-2000;AfD;173637;209;808;14287;129;2919;150858;;857;3571;1726;
BW;Summe;1991-2000;CSU;;;;;;;;;;;;
BW;Summe;1991-2000;Die Linke;116221;89;16679;2747;27930;869;651;;64096;3161;660;
BW;Summe;1991-2000;Sonstige;111813;2159;11155;16785;7133;4999;8929;;16054;44600;20220;
BW;Summe;1991-2000;dar. FREIE WÄHLER;15797;62;462;2881;373;393;517;;281;10828;10299;
BW;Summe;1991-2000;dar. BSW;46321;1682;6505;8972;1252;3078;6016;;10611;8205;4358;
BW;Summe;1981-1990;Summe;944662;4623;111894;295045;146572;40659;233677;;56060;56132;30970;
BW;Summe;1981-1990;ungültig;2696;2248;120;75;;28;133;;;91;44;
BW;Summe;1981-1990;SPD;95496;68;68797;10372;10587;783;415;;2444;2030;887;
BW;Summe;1981-1990;CDU;251795;327;7416;223598;5500;4626;3849;;1154;5325;4253;
BW;Summe;1981-1990;GRÜNE;145952;;16906;8520;111606;873;166;;3816;4065;1109;
BW;Summe;1981-1990;FDP;49835;;1581;17282;1214;26387;1736;;376;1259;926;
BW;Summe;1981-1990;AfD;241287;207;1469;16446;401;2730;215051;;1029;3954;2616;
BW;Summe;1981-1990;CSU;;;;;;;;;;;;
BW;Summe;1981-1990;Die Linke;60239;95;7115;2482;12927;403;607;;34689;1919;542;
BW;Summe;1981-1990;Sonstige;97362;1677;8490;16268;4338;4829;11719;;12551;37489;20593;
BW;Summe;1981-1990;dar. FREIE WÄHLER;15474;124;645;2764;275;684;776;;270;9937;9421;
BW;Summe;1981-1990;dar. BSW;45078;922;4731;9094;859;2403;8028;;9631;9412;5522;
BW;Summe;1966-1980;Summe;1507721;8826;193327;540024;205614;55576;363199;;64410;76745;46634;
BW;Summe;1966-1980;ungültig;4949;3454;150;503;130;50;310;;209;143;110;
BW;Summe;1966-1980;SPD;176543;377;130854;17080;18466;1321;1069;;3695;3680;2341;
BW;Summe;1966-1980;CDU;474320;469;12069;425960;10612;7570;7808;;1769;8063;6391;
BW;Summe;1966-1980;GRÜNE;208421;54;24634;17244;157665;624;42;;3637;4521;1264;
BW;Summe;1966-1980;FDP;74032;448;2016;27998;1135;36452;2571;;516;2897;1990;
BW;Summe;1966-1980;AfD;370926;686;2140;24416;349;3519;332243;;1488;6084;3988;
BW;Summe;1966-1980;CSU;;;;;;;;;;;;
BW;Summe;1966-1980;Die Linke;66998;64;10942;3826;11511;845;1008;;37293;1509;859;
BW;Summe;1966-1980;Sonstige;131534;3273;10524;22998;5746;5195;18147;;15803;49847;29691;
BW;Summe;1966-1980;dar. FREIE WÄHLER;22991;127;809;4066;315;363;719;;212;16382;16072;
BW;Summe;1966-1980;dar. BSW;66479;1879;7002;12887;1819;3620;13206;;12332;13735;8069;
BW;Summe;1956-1965;Summe;1239842;10461;218253;474711;163850;43089;243275;;41710;44492;28600;
BW;Summe;1956-1965;ungültig;6244;4163;273;1091;50;90;422;;42;113;34;
BW;Summe;1956-1965;SPD;206199;732;162965;17828;17196;721;1029;;2957;2770;1851;
BW;Summe;1956-1965;CDU;429762;978;12154;389932;7269;6054;6258;;1544;5572;4296;
BW;Summe;1956-1965;GRÜNE;166751;507;21964;10625;128294;805;55;;2811;1689;549;
BW;Summe;1956-1965;FDP;59113;125;2016;23084;791;29112;2475;;332;1177;832;
BW;Summe;1956-1965;AfD;243106;992;1772;15335;66;2531;219641;;816;1953;1348;
BW;Summe;1956-1965;CSU;;;;;;;;;;;;
BW;Summe;1956-1965;Die Linke;42939;134;7584;2348;6625;277;990;;24119;863;580;
BW;Summe;1956-1965;Sonstige;85727;2830;9525;14468;3557;3499;12404;;9088;30356;19111;
BW;Summe;1956-1965;dar. FREIE WÄHLER;15822;19;1129;2567;197;355;428;;432;10695;10396;
BW;Summe;1956-1965;dar. BSW;46823;2026;6305;8710;1159;2264;10002;;7366;8992;5572;
BW;Summe;<=1955;Summe;1344435;18310;285864;668768;120661;58701;140106;;26662;25363;16812;
BW;Summe;<=1955;ungültig;15092;8882;1592;2794;232;211;942;;59;381;381;
BW;Summe;<=1955;SPD;278420;1449;231042;23929;16238;1408;468;;2038;1849;1075;
BW;Summe;<=1955;CDU;616495;2072;16149;574287;6522;9158;4195;;1034;3079;2499;
BW;Summe;<=1955;GRÜNE;126748;697;20929;11264;90611;407;69;;1775;996;370;
BW;Summe;<=1955;FDP;86103;339;3400;35701;716;42850;2446;;179;472;387;
BW;Summe;<=1955;AfD;139357;1204;1324;8721;31;1680;124978;;356;1063;762;
BW;Summe;<=1955;CSU;;;;;;;;;;;;
BW;Summe;<=1955;Die Linke;29892;204;5589;1829;4453;313;310;;16519;675;228;
BW;Summe;<=1955;Sonstige;52327;3464;5837;10244;1860;2674;6698;;4703;16848;11111;
BW;Summe;<=1955;dar. FREIE WÄHLER;10391;38;733;1655;233;469;183;;137;6943;6935;
BW;Summe;<=1955;dar. BSW;28425;2432;3503;5540;720;1748;5918;;3894;4669;2451;
BW;m|d|o;Summe;Summe;3129180;23129;444035;1126853;388373;139726;724016;;147720;135330;72341;
BW;m|d|o;Summe;ungültig;14241;9743;1027;1786;143;90;1091;;155;207;188;
BW;m|d|o;Summe;SPD;395672;1410;310918;35021;30216;2271;2059;;7725;6052;3221;
BW;m|d|o;Summe;CDU;991394;1807;26219;899491;15453;17138;14176;;2904;14206;10449;
BW;m|d|o;Summe;GRÜNE;384883;533;45961;24904;293592;1817;94;;8319;9664;1584;
BW;m|d|o;Summe;FDP;193121;437;6872;71722;3485;97620;7051;;1020;4914;3235;
BW;m|d|o;Summe;AfD;750163;2035;4807;51097;386;8961;670582;;2566;9730;6353;
BW;m|d|o;Summe;CSU;;;;;;;;;;;;
BW;m|d|o;Summe;Die Linke;171459;294;25198;6446;33907;1539;1450;;97479;5145;1471;
BW;m|d|o;Summe;Sonstige;228248;6869;23034;36386;11192;10289;27514;;27553;85411;45840;
BW;m|d|o;Summe;dar. FREIE WÄHLER;38832;275;1344;6082;769;1157;1721;;781;26704;25777;
BW;m|d|o;Summe;dar. BSW;109119;4125;14376;21205;2582;6390;20730;;21172;18538;10448;
BW;m|d|o;2001-2007;Summe;247190;1825;34637;56870;36076;17513;57114;;27086;16070;6822;
BW;m|d|o;2001-2007;ungültig;688;594;75;;;;;;;19;;
BW;m|d|o;2001-2007;SPD;26094;43;16995;2801;2873;466;286;;1637;994;581;
BW;m|d|o;2001-2007;CDU;41627;86;1618;34824;855;1700;990;;336;1218;730;
BW;m|d|o;2001-2007;GRÜNE;32809;;4795;1519;23720;379;;;983;1414;68;
BW;m|d|o;2001-2007;FDP;21795;52;1243;6624;751;11531;657;;189;748;374;
BW;m|d|o;2001-2007;AfD;60611;101;565;5207;;1191;52595;;269;684;340;
BW;m|d|o;2001-2007;CSU;;;;;;;;;;;;
BW;m|d|o;2001-2007;Die Linke;35529;106;5674;848;6668;413;135;;20309;1376;244;
BW;m|d|o;2001-2007;Sonstige;28038;843;3671;5048;1209;1833;2451;;3364;9619;4484;
BW;m|d|o;2001-2007;dar. FREIE WÄHLER;3389;;239;345;49;142;;;185;2430;2258;
BW;m|d|o;2001-2007;dar. BSW;12770;475;2063;2894;273;1275;1579;;2301;1910;944;
BW;m|d|o;1991-2000;Summe;438504;2660;51913;107636;73598;27209;103815;;38210;33463;14101;
BW;m|d|o;1991-2000;ungültig;1370;1115;112;30;41;;;;34;38;38;
BW;m|d|o;1991-2000;SPD;38669;142;27606;4079;3886;389;136;;1452;979;316;
BW;m|d|o;1991-2000;CDU;86559;8;3379;73912;1533;2463;2236;;362;2666;1468;
BW;m|d|o;1991-2000;GRÜNE;69444;74;7251;3106;53202;387;38;;2278;3108;413;
BW;m|d|o;1991-2000;FDP;34603;31;1540;9869;1131;19299;1004;;339;1389;802;
BW;m|d|o;1991-2000;AfD;109846;178;544;8223;50;1977;96251;;306;2317;1248;
BW;m|d|o;1991-2000;CSU;;;;;;;;;;;;
BW;m|d|o;1991-2000;Die Linke;46476;89;6119;947;10398;293;331;;26818;1481;239;
BW;m|d|o;1991-2000;Sonstige;51537;1022;5362;7471;3356;2401;3820;;6620;21485;9576;
BW;m|d|o;1991-2000;dar. FREIE WÄHLER;7659;31;127;1388;148;137;373;;96;5360;5179;
BW;m|d|o;1991-2000;dar. BSW;19946;773;2921;3772;681;1531;2608;;4354;3306;1829;
BW;m|d|o;1981-1990;Summe;478740;2659;49509;147362;65199;21888;142065;;24455;25604;13996;
BW;m|d|o;1981-1990;ungültig;1519;1348;24;32;;;115;;;;;
BW;m|d|o;1981-1990;SPD;41672;58;30838;4016;4144;403;109;;1059;1045;346;
BW;m|d|o;1981-1990;CDU;127129;196;3224;114183;2257;2462;1914;;529;2365;1749;
BW;m|d|o;1981-1990;GRÜNE;64619;;7333;3473;50153;289;;;1553;1818;442;
BW;m|d|o;1981-1990;FDP;27843;;907;9245;676;15071;1092;;120;732;631;
BW;m|d|o;1981-1990;AfD;148035;207;633;9471;155;1640;133415;;464;2049;1452;
BW;m|d|o;1981-1990;CSU;;;;;;;;;;;;
BW;m|d|o;1981-1990;Die Linke;26846;44;2803;1114;5991;135;79;;15655;1025;389;
BW;m|d|o;1981-1990;Sonstige;41079;807;3747;5828;1823;1890;5341;;5075;16570;8986;
BW;m|d|o;1981-1990;dar. FREIE WÄHLER;7548;116;275;1195;123;424;475;;84;4857;4572;
BW;m|d|o;1981-1990;dar. BSW;17977;431;2040;3004;273;749;3554;;4065;3861;2095;
BW;m|d|o;1966-1980;Summe;746552;4186;85807;273174;91834;26468;207964;;25899;31219;19095;
BW;m|d|o;1966-1980;ungültig;2185;1476;120;283;;33;121;;120;32;32;
BW;m|d|o;1966-1980;SPD;77633;257;58858;6981;7919;264;584;;1454;1314;898;
BW;m|d|o;1966-1980;CDU;242342;282;5572;219041;5423;3978;3672;;599;3775;3050;
BW;m|d|o;1966-1980;GRÜNE;92988;21;10625;8105;70169;272;;;1687;2108;323;
BW;m|d|o;1966-1980;FDP;36648;153;939;14302;490;18030;1586;;88;1060;729;
BW;m|d|o;1966-1980;AfD;215795;424;1287;14369;149;1740;194401;;846;2580;1775;
BW;m|d|o;1966-1980;CSU;;;;;;;;;;;;
BW;m|d|o;1966-1980;Die Linke;26902;;4129;1566;5194;399;226;;14738;650;368;
BW;m|d|o;1966-1980;Sonstige;52059;1572;4276;8529;2490;1751;7374;;6366;19701;11920;
BW;m|d|o;1966-1980;dar. FREIE WÄHLER;10351;72;263;1607;203;190;404;;121;7489;7327;
BW;m|d|o;1966-1980;dar. BSW;26060;705;3119;5361;643;1098;5591;;5294;4248;2552;
BW;m|d|o;1956-1965;Summe;612264;4500;98616;240477;72104;19635;139003;;18719;19210;12270;
BW;m|d|o;1956-1965;ungültig;3023;1958;196;557;50;21;242;;;;;
BW;m|d|o;1956-1965;SPD;92391;238;75569;7970;5665;274;691;;1092;892;575;
BW;m|d|o;1956-1965;CDU;216942;485;5326;198524;2902;2748;3328;;706;2923;2434;
BW;m|d|o;1956-1965;GRÜNE;73899;113;8112;4962;58488;313;55;;993;862;241;
BW;m|d|o;1956-1965;FDP;29502;81;1097;12652;279;13208;1355;;126;705;463;
BW;m|d|o;1956-1965;AfD;141541;470;1118;9087;31;1531;127482;;464;1359;1021;
BW;m|d|o;1956-1965;CSU;;;;;;;;;;;;
BW;m|d|o;1956-1965;Die Linke;20358;;3444;1196;3135;152;444;;11624;363;213;
BW;m|d|o;1956-1965;Sonstige;34608;1156;3753;5530;1555;1389;5405;;3713;12107;7322;
BW;m|d|o;1956-1965;dar. FREIE WÄHLER;6295;19;236;920;167;56;327;;220;4350;4231;
BW;m|d|o;1956-1965;dar. BSW;19528;673;2801;3709;270;1036;4651;;3034;3354;2018;
BW;m|d|o;<=1955;Summe;605930;7299;123554;301334;49562;27011;74055;;13352;9764;6056;
BW;m|d|o;<=1955;ungültig;5457;3253;501;885;51;37;613;;;118;118;
BW;m|d|o;<=1955;SPD;119214;673;101052;9174;5728;474;253;;1031;829;504;
BW;m|d|o;<=1955;CDU;276796;750;7099;259008;2484;3787;2037;;373;1259;1017;
BW;m|d|o;<=1955;GRÜNE;51123;325;7843;3740;37859;177;;;824;355;97;
BW;m|d|o;<=1955;FDP;42731;119;1147;19030;159;20481;1356;;157;281;235;
BW;m|d|o;<=1955;AfD;74334;655;660;4742;;882;66438;;217;741;517;
BW;m|d|o;<=1955;CSU;;;;;;;;;;;;
BW;m|d|o;<=1955;Die Linke;15349;55;3029;775;2522;146;235;;8335;252;17;
BW;m|d|o;<=1955;Sonstige;20926;1468;2224;3980;759;1026;3123;;2415;5930;3551;
BW;m|d|o;<=1955;dar. FREIE WÄHLER;3590;38;205;628;78;208;141;;74;2218;2210;
BW;m|d|o;<=1955;dar. BSW;12838;1067;1432;2465;443;701;2747;;2124;1860;1009;
BW;w;Summe;Summe;3253266;26603;558292;1153854;499235;132068;507205;;212317;163690;91528;
BW;w;Summe;ungültig;18207;11608;1416;2904;310;289;837;;265;578;418;
BW;w;Summe;SPD;503106;1553;378622;49398;49146;3951;1783;;9860;8793;4389;
BW;w;Summe;CDU;1015472;2258;31689;913700;19055;17121;13268;;4015;14364;11036;
BW;w;Summe;GRÜNE;480855;799;63583;31684;358967;2156;300;;13437;9928;2837;
BW;w;Summe;FDP;164418;559;6046;58096;3459;85801;4970;;1401;4086;2687;
BW;w;Summe;AfD;506267;1448;3621;35392;650;5988;448311;;2492;8365;4796;
BW;w;Summe;CSU;;;;;;;;;;;;
BW;w;Summe;Die Linke;258025;482;43957;9129;52757;2021;2663;;141221;5795;1960;
BW;w;Summe;Sonstige;306915;7895;29357;53552;14890;14742;35073;;39625;111780;63406;
BW;w;Summe;dar. FREIE WÄHLER;47479;95;2767;8755;734;1367;989;;931;31840;30836;
BW;w;Summe;dar. BSW;151100;5672;17763;28912;4060;8971;25649;;28610;31462;18329;
BW;w;2001-2007;Summe;238600;1116;44855;39500;50054;9611;27038;;52719;13708;5772;
BW;w;2001-2007;ungültig;422;315;81;;;;26;;;;;
BW;w;2001-2007;SPD;28485;42;18507;2707;4088;320;119;;2007;694;185;
BW;w;2001-2007;CDU;29542;73;1962;24648;793;590;414;;359;702;386;
BW;w;2001-2007;GRÜNE;35844;;4670;1469;25601;395;;;2477;1232;321;
BW;w;2001-2007;FDP;10772;;524;2977;722;5484;300;;343;422;157;
BW;w;2001-2007;AfD;27506;85;349;2078;60;379;23526;;243;786;369;
BW;w;2001-2007;CSU;;;;;;;;;;;;
BW;w;2001-2007;Die Linke;77666;84;15572;1495;16550;440;411;;41675;1439;317;
BW;w;2001-2007;Sonstige;28363;517;3189;4126;2239;2004;2240;;5616;8432;4036;
BW;w;2001-2007;dar. FREIE WÄHLER;2446;;95;560;61;119;87;;194;1330;1233;
BW;w;2001-2007;dar. BSW;14322;381;2031;2020;560;974;1631;;3647;3078;1861;
BW;w;1991-2000;Summe;421492;1911;61583;98153;91184;19435;62998;;53182;33047;14157;
BW;w;1991-2000;ungültig;987;581;39;198;;;94;;75;;;
BW;w;1991-2000;SPD;48873;110;32774;5622;6027;813;320;;1357;1849;374;
BW;w;1991-2000;CDU;76766;53;3160;66030;1425;2098;1694;;361;1945;1460;
BW;w;1991-2000;GRÜNE;79768;;8395;2842;61859;103;23;;3979;2568;327;
BW;w;1991-2000;FDP;21285;;598;6282;484;12306;831;;147;637;454;
BW;w;1991-2000;AfD;63791;31;265;6064;78;942;54607;;551;1254;478;
BW;w;1991-2000;CSU;;;;;;;;;;;;
BW;w;1991-2000;Die Linke;69745;;10560;1800;17532;576;320;;37278;1680;421;
BW;w;1991-2000;Sonstige;60276;1137;5793;9315;3777;2597;5109;;9433;23115;10644;
BW;w;1991-2000;dar. FREIE WÄHLER;8138;32;335;1494;224;256;144;;185;5468;5120;
BW;w;1991-2000;dar. BSW;26375;909;3583;5200;572;1547;3408;;6257;4900;2529;
BW;w;1981-1990;Summe;465922;1964;62385;147684;81373;18771;91612;;31605;30528;16974;
BW;w;1981-1990;ungültig;1177;901;96;42;;28;18;;;91;44;
BW;w;1981-1990;SPD;53824;10;37960;6356;6442;380;306;;1384;985;541;
BW;w;1981-1990;CDU;124666;132;4192;109416;3243;2163;1935;;625;2960;2504;
BW;w;1981-1990;GRÜNE;81333;;9572;5047;61453;584;166;;2264;2247;667;
BW;w;1981-1990;FDP;21993;;675;8038;538;11316;644;;256;527;296;
BW;w;1981-1990;AfD;93253;;836;6976;245;1090;81637;;565;1904;1163;
BW;w;1981-1990;CSU;;;;;;;;;;;;
BW;w;1981-1990;Die Linke;33393;51;4312;1368;6936;269;528;;19035;894;152;
BW;w;1981-1990;Sonstige;56282;870;4743;10441;2516;2939;6378;;7476;20919;11607;
BW;w;1981-1990;dar. FREIE WÄHLER;7927;8;370;1569;152;260;301;;187;5080;4849;
BW;w;1981-1990;dar. BSW;27101;491;2691;6090;586;1654;4473;;5565;5551;3427;
BW;w;1966-1980;Summe;761169;4640;107521;266850;113780;29108;155234;;38511;45527;27539;
BW;w;1966-1980;ungültig;2764;1978;30;220;130;17;189;;89;111;77;
BW;w;1966-1980;SPD;98910;120;71995;10100;10547;1057;485;;2240;2366;1443;
BW;w;1966-1980;CDU;231978;187;6497;206919;5189;3592;4137;;1170;4288;3342;
BW;w;1966-1980;GRÜNE;115432;33;14009;9139;87496;352;42;;1949;2414;942;
BW;w;1966-1980;FDP;37384;295;1077;13696;645;18421;985;;428;1838;1261;
BW;w;1966-1980;AfD;155130;262;853;10047;200;1779;137842;;643;3505;2213;
BW;w;1966-1980;CSU;;;;;;;;;;;;
BW;w;1966-1980;Die Linke;40096;64;6812;2260;6317;446;782;;22555;859;491;
BW;w;1966-1980;Sonstige;79474;1701;6248;14469;3256;3443;10773;;9437;30147;17771;
BW;w;1966-1980;dar. FREIE WÄHLER;12640;55;546;2458;111;173;314;;90;8892;8745;
BW;w;1966-1980;dar. BSW;40419;1174;3883;7526;1176;2521;7615;;7038;9487;5517;
BW;w;1956-1965;Summe;627578;5961;119638;234234;91746;23454;104272;;22991;25282;16330;
BW;w;1956-1965;ungültig;3221;2205;77;534;;69;180;;42;113;34;
BW;w;1956-1965;SPD;113808;495;87395;9858;11531;446;338;;1865;1878;1275;
BW;w;1956-1965;CDU;212820;493;6828;191408;4367;3307;2930;;839;2649;1862;
BW;w;1956-1965;GRÜNE;92852;394;13852;5663;69806;492;;;1817;827;307;
BW;w;1956-1965;FDP;29612;44;919;10433;513;15905;1120;;206;472;368;
BW;w;1956-1965;AfD;101564;522;655;6248;35;1000;92159;;352;594;327;
BW;w;1956-1965;CSU;;;;;;;;;;;;
BW;w;1956-1965;Die Linke;22581;134;4139;1152;3491;124;546;;12495;500;367;
BW;w;1956-1965;Sonstige;51119;1674;5771;8938;2002;2111;6999;;5375;18249;11789;
BW;w;1956-1965;dar. FREIE WÄHLER;9527;;893;1647;30;299;101;;212;6345;6164;
BW;w;1956-1965;dar. BSW;27295;1352;3504;5001;889;1228;5351;;4332;5638;3554;
BW;w;<=1955;Summe;738505;11012;162310;367434;71099;31690;66051;;13310;15599;10756;
BW;w;<=1955;ungültig;9635;5629;1091;1909;180;175;329;;59;263;263;
BW;w;<=1955;SPD;159206;776;129991;14755;10510;934;215;;1007;1020;571;
BW;w;<=1955;CDU;339699;1322;9050;315279;4038;5371;2158;;661;1821;1482;
BW;w;<=1955;GRÜNE;75624;372;13085;7524;52752;230;69;;950;641;273;
BW;w;<=1955;FDP;43373;219;2254;16671;557;22369;1090;;22;191;152;
BW;w;<=1955;AfD;65023;548;664;3979;31;798;58541;;139;322;245;
BW;w;<=1955;CSU;;;;;;;;;;;;
BW;w;<=1955;Die Linke;14544;149;2561;1054;1931;167;75;;8184;423;211;
BW;w;<=1955;Sonstige;31401;1996;3613;6263;1101;1647;3574;;2288;10918;7559;
BW;w;<=1955;dar. FREIE WÄHLER;6802;;528;1027;155;261;42;;62;4725;4725;
BW;w;<=1955;dar. BSW;15587;1365;2071;3075;277;1047;3172;;1771;2809;1442;
BY;Summe;Summe;Summe;7996557;47357;1016841;;969735;246700;1384631;3272064;366149;693080;461198;19929
BY;Summe;Summe;ungültig;24503;14812;1304;;343;413;1793;4917;317;603;304;
BY;Summe;Summe;SPD;920675;2212;710188;;70426;6255;2240;82525;15783;31045;17970;369
BY;Summe;Summe;CDU;;;;;;;;;;;;
BY;Summe;Summe;GRÜNE;957435;663;104976;;744495;4008;294;54317;19354;29328;7761;40
BY;Summe;Summe;FDP;333257;484;9784;;5840;163792;8135;122461;2421;20340;16485;196
BY;Summe;Summe;AfD;1515731;11203;7617;;851;14238;1282901;120129;6140;72653;50512;1136
BY;Summe;Summe;CSU;2964028;5372;60253;;28255;31309;26435;2704950;5837;101618;84697;688
BY;Summe;Summe;Die Linke;456935;842;68523;;89945;3294;1949;17911;254910;19561;7872;504
BY;Summe;Summe;Sonstige;823993;11769;54196;;29579;23391;60884;164853;61387;417933;275597;16995
BY;Summe;Summe;dar. FREIE WÄHLER;345840;595;11846;;2950;6622;11175;89285;2548;220818;214689;375
BY;Summe;Summe;dar. BSW;246518;7974;25212;;6732;10418;35684;45992;38525;75981;34073;15984
BY;Summe;2001-2007;Summe;547884;1704;74599;;85095;24855;88318;133099;84045;56170;30916;1764
BY;Summe;2001-2007;ungültig;759;416;;;;;18;288;6;31;;
BY;Summe;2001-2007;SPD;53855;63;34193;;5995;1208;222;6229;2795;3151;1761;41
BY;Summe;2001-2007;CDU;;;;;;;;;;;;
BY;Summe;2001-2007;GRÜNE;72036;40;8942;;51338;799;;3813;3769;3335;598;
BY;Summe;2001-2007;FDP;30600;;1041;;604;15455;794;9909;710;2087;1914;
BY;Summe;2001-2007;AfD;99040;397;987;;76;1481;80788;9010;444;5857;3517;162
BY;Summe;2001-2007;CSU;100800;30;3163;;1732;2092;2232;85606;737;5208;4374;
BY;Summe;2001-2007;Die Linke;117525;70;20396;;21859;907;157;3754;66258;4124;1260;213
BY;Summe;2001-2007;Sonstige;73268;689;5877;;3491;2914;4106;14491;9326;32376;17493;1347
BY;Summe;2001-2007;dar. FREIE WÄHLER;20718;;620;;143;575;512;5896;377;12594;12017;104
BY;Summe;2001-2007;dar. BSW;23399;451;2943;;520;1348;1794;5004;4466;6872;2419;1194
BY;Summe;1991-2000;Summe;1093151;4254;122727;;197258;46097;208528;291474;100114;122701;73612;3683
BY;Summe;1991-2000;ungültig;1179;801;;;37;;61;185;50;45;38;
BY;Summe;1991-2000;SPD;99233;96;70006;;9929;980;296;10354;3130;4441;1815;101
BY;Summe;1991-2000;CDU;;;;;;;;;;;;
BY;Summe;1991-2000;GRÜNE;178280;79;16763;;141449;893;39;7101;5883;6072;1329;40
BY;Summe;1991-2000;FDP;54589;70;2063;;1830;30003;1128;15325;689;3481;2432;49
BY;Summe;1991-2000;AfD;232185;1287;923;;103;3357;193965;19888;515;12148;8493;98
BY;Summe;1991-2000;CSU;240777;184;5160;;3763;3877;3288;211541;885;12080;9465;215
BY;Summe;1991-2000;Die Linke;132114;262;17196;;32147;1202;293;3291;72792;4931;1576;138
BY;Summe;1991-2000;Sonstige;154794;1475;10617;;7999;5785;9458;23789;16170;79502;48464;3042
BY;Summe;1991-2000;dar. FREIE WÄHLER;51190;39;1490;;400;1021;1335;10648;593;35664;34692;14
BY;Summe;1991-2000;dar. BSW;44450;984;4790;;1581;2543;4932;7212;8773;13635;6383;2900
BY;Summe;1981-1990;Summe;1237659;5487;127864;;188156;36972;270675;423985;58173;126347;79426;3679
BY;Summe;1981-1990;ungültig;1732;899;37;;107;80;255;207;68;80;53;
BY;Summe;1981-1990;SPD;109288;323;78773;;12216;816;240;9695;2780;4445;2539;15
BY;Summe;1981-1990;CDU;;;;;;;;;;;;
BY;Summe;1981-1990;GRÜNE;187163;112;19130;;147718;523;84;9336;3429;6832;1413;
BY;Summe;1981-1990;FDP;46869;54;1706;;1447;22751;962;15956;300;3693;2728;
BY;Summe;1981-1990;AfD;298700;1892;1293;;80;2316;252081;25881;1435;13722;9986;230
BY;Summe;1981-1990;CSU;375619;251;8329;;5141;5324;4931;334238;559;16845;13716;142
BY;Summe;1981-1990;Die Linke;69699;171;9719;;14912;352;420;2561;37710;3854;1916;59
BY;Summe;1981-1990;Sonstige;148589;1784;8879;;6534;4810;11701;26111;11893;76877;47075;3233
BY;Summe;1981-1990;dar. FREIE WÄHLER;53372;144;1317;;914;1314;1525;12003;252;35903;34687;102
BY;Summe;1981-1990;dar. BSW;46700;1127;3898;;1144;2226;7067;8781;7733;14723;6500;2935
BY;Summe;1966-1980;Summe;1970092;9653;203991;;232211;51970;422684;803858;64052;181672;123106;4858
BY;Summe;1966-1980;ungültig;2967;1729;319;;15;23;173;583;86;39;;
BY;Summe;1966-1980;SPD;190948;524;141322;;17193;859;566;19065;2877;8542;4731;157
BY;Summe;1966-1980;CDU;;;;;;;;;;;;
BY;Summe;1966-1980;GRÜNE;240113;189;23993;;189731;880;;14630;3627;7062;2243;
BY;Summe;1966-1980;FDP;74204;92;1897;;1146;35437;2174;28936;343;4178;3470;48
BY;Summe;1966-1980;AfD;463558;3370;1904;;235;3618;393372;36219;1753;23088;16071;282
BY;Summe;1966-1980;CSU;725257;1042;14020;;7588;6559;8383;657603;1802;28260;23456;127
BY;Summe;1966-1980;Die Linke;69988;158;9679;;10301;467;791;4460;40539;3594;1972;26
BY;Summe;1966-1980;Sonstige;203056;2548;10858;;6000;4127;17225;42362;13026;106909;71164;4219
BY;Summe;1966-1980;dar. FREIE WÄHLER;88187;114;2267;;704;1241;3551;22703;758;56849;55563;77
BY;Summe;1966-1980;dar. BSW;62486;1664;5203;;1299;1751;10208;12464;9169;20727;9509;3975
BY;Summe;1956-1965;Summe;1537890;10946;212237;;161180;39838;258334;695879;37562;121915;88056;3681
BY;Summe;1956-1965;ungültig;6120;3926;364;;38;196;560;831;41;164;71;
BY;Summe;1956-1965;SPD;201561;285;161200;;14585;750;362;15743;2892;5744;3547;54
BY;Summe;1956-1965;CDU;;;;;;;;;;;;
BY;Summe;1956-1965;GRÜNE;167531;126;19725;;129872;550;103;11094;1598;4462;1587;
BY;Summe;1956-1965;FDP;58714;126;1698;;339;27852;1951;22717;300;3729;3296;
BY;Summe;1956-1965;AfD;276853;2551;1497;;293;2012;238688;17900;1573;12339;8286;223
BY;Summe;1956-1965;CSU;649876;1459;13330;;6257;5654;4442;596116;1107;21510;18455;203
BY;Summe;1956-1965;Die Linke;40138;36;6002;;6565;204;245;1917;23190;1979;800;
BY;Summe;1956-1965;Sonstige;137097;2436;8421;;3230;2620;11982;29560;6860;71987;52014;3201
BY;Summe;1956-1965;dar. FREIE WÄHLER;67466;158;2351;;538;888;2544;17191;409;43387;41909;67
BY;Summe;1956-1965;dar. BSW;41881;1650;4321;;1167;1228;7546;7797;4868;13305;6670;3092
BY;Summe;<=1955;Summe;1609881;15314;275423;;105834;46969;136092;923769;22204;84276;66083;2263
BY;Summe;<=1955;ungültig;11746;7041;584;;146;115;726;2824;67;243;142;
BY;Summe;<=1955;SPD;265790;920;224695;;10508;1642;553;21440;1310;4722;3577;
BY;Summe;<=1955;CDU;;;;;;;;;;;;
BY;Summe;<=1955;GRÜNE;112312;117;16424;;84386;363;68;8341;1049;1565;591;
BY;Summe;<=1955;FDP;68281;142;1380;;473;32293;1126;29617;78;3171;2646;100
BY;Summe;<=1955;AfD;145394;1707;1013;;63;1454;124007;11231;420;5499;4159;140
BY;Summe;<=1955;CSU;871699;2405;16252;;3774;7803;3158;819846;747;17715;15231;
BY;Summe;<=1955;Die Linke;27471;144;5532;;4161;163;43;1928;14421;1079;349;69
BY;Summe;<=1955;Sonstige;107189;2838;9544;;2323;3136;6413;28541;4113;50282;39387;1954
BY;Summe;<=1955;dar. FREIE WÄHLER;64907;140;3799;;250;1584;1709;20845;159;36421;35821;12
BY;Summe;<=1955;dar. BSW;27602;2098;4058;;1019;1322;4137;4734;3516;6718;2593;1888
BY;m|d|o;Summe;Summe;3974444;23568;463485;;444036;132992;819166;1616071;150110;325016;218931;8183
BY;m|d|o;Summe;ungültig;11879;7081;548;;223;122;873;2540;214;279;157;
BY;m|d|o;Summe;SPD;419098;989;328893;;28573;2511;1313;35894;6381;14544;8370;44
BY;m|d|o;Summe;CDU;;;;;;;;;;;;
BY;m|d|o;Summe;GRÜNE;445514;345;46526;;348442;2147;179;25621;7072;15182;3678;
BY;m|d|o;Summe;FDP;185665;202;4902;;2937;91781;4783;68909;1061;11091;9022;144
BY;m|d|o;Summe;AfD;907166;6559;3937;;617;8358;769124;72836;3231;42504;30387;547
BY;m|d|o;Summe;CSU;1461963;2893;27415;;14059;16070;14484;1334505;2368;50170;41918;345
BY;m|d|o;Summe;Die Linke;185186;365;27243;;36181;1153;848;6453;104439;8504;3479;180
BY;m|d|o;Summe;Sonstige;357973;5136;24022;;13004;10850;27560;69315;25345;182741;121921;6924
BY;m|d|o;Summe;dar. FREIE WÄHLER;152933;317;4961;;662;2488;5395;38953;1016;99141;96833;70
BY;m|d|o;Summe;dar. BSW;105537;3615;11454;;2777;5340;16772;18800;16632;30148;13831;6535
BY;m|d|o;2001-2007;Summe;284787;841;33959;;37463;16833;58155;79313;28096;30126;16965;793
BY;m|d|o;2001-2007;ungültig;387;250;;;;;;99;6;31;;
BY;m|d|o;2001-2007;SPD;26059;63;16988;;2623;789;102;3087;1112;1293;735;
BY;m|d|o;2001-2007;CDU;;;;;;;;;;;;
BY;m|d|o;2001-2007;GRÜNE;34608;;4492;;23769;569;;2269;1421;2087;438;
BY;m|d|o;2001-2007;FDP;20890;;662;;432;11097;444;6920;136;1200;1123;
BY;m|d|o;2001-2007;AfD;67291;193;733;;;1134;54431;6769;181;3851;2252;94
BY;m|d|o;2001-2007;CSU;60259;30;1680;;1021;1364;1539;50962;384;3279;2893;
BY;m|d|o;2001-2007;Die Linke;38553;38;6078;;7444;133;53;1185;22075;1547;395;133
BY;m|d|o;2001-2007;Sonstige;36740;268;3325;;2173;1746;1587;8021;2781;16837;9128;566
BY;m|d|o;2001-2007;dar. FREIE WÄHLER;10865;;197;;;276;135;3391;53;6814;6500;70
BY;m|d|o;2001-2007;dar. BSW;11118;206;1673;;404;974;743;2363;1638;3117;1128;454
BY;m|d|o;1991-2000;Summe;559863;2073;57010;;92229;27214;127594;152936;40919;59888;36718;1661
BY;m|d|o;1991-2000;ungültig;495;390;;;37;;61;;;8;;
BY;m|d|o;1991-2000;SPD;46998;96;34047;;3883;277;228;5025;1299;2144;1035;
BY;m|d|o;1991-2000;CDU;;;;;;;;;;;;
BY;m|d|o;1991-2000;GRÜNE;86037;8;7599;;68864;488;;3962;1891;3226;716;
BY;m|d|o;1991-2000;FDP;34115;38;1161;;802;19085;786;9867;257;2118;1453;37
BY;m|d|o;1991-2000;AfD;143987;792;434;;103;2008;120929;12410;230;7081;5086;91
BY;m|d|o;1991-2000;CSU;124629;87;2747;;1936;2021;1473;110042;354;5970;4763;119
BY;m|d|o;1991-2000;Die Linke;53921;144;6499;;12840;515;113;1149;30427;2234;869;46
BY;m|d|o;1991-2000;Sonstige;69680;518;4522;;3764;2821;4004;10482;6461;37106;22797;1368
BY;m|d|o;1991-2000;dar. FREIE WÄHLER;23886;;526;;14;342;813;4948;292;16952;16552;
BY;m|d|o;1991-2000;dar. BSW;17974;356;1981;;568;1260;1864;3050;3419;5475;2594;1240
BY;m|d|o;1981-1990;Summe;633476;2958;59565;;87637;19831;162351;215907;25757;59471;37794;1454
BY;m|d|o;1981-1990;ungültig;979;632;37;;64;;91;46;56;53;53;
BY;m|d|o;1981-1990;SPD;49128;112;35937;;5041;474;148;4365;963;2088;1062;
BY;m|d|o;1981-1990;CDU;;;;;;;;;;;;
BY;m|d|o;1981-1990;GRÜNE;88913;60;9140;;69737;320;44;4405;1463;3743;712;
BY;m|d|o;1981-1990;FDP;27026;;966;;729;12824;518;9652;205;2133;1716;
BY;m|d|o;1981-1990;AfD;181181;1221;611;;73;1372;153510;15568;645;8183;5974;116
BY;m|d|o;1981-1990;CSU;191672;176;4136;;2831;2814;2763;170661;160;8132;6509;56
BY;m|d|o;1981-1990;Die Linke;31402;36;4518;;6374;173;173;958;17258;1911;1105;
BY;m|d|o;1981-1990;Sonstige;63175;722;4220;;2788;1854;5105;10251;5007;33228;20662;1282
BY;m|d|o;1981-1990;dar. FREIE WÄHLER;23078;;653;;137;518;676;5196;126;15771;15417;
BY;m|d|o;1981-1990;dar. BSW;18558;577;1656;;540;719;3388;2936;3150;5593;2549;1219
BY;m|d|o;1966-1980;Summe;988803;4637;92077;;105097;26149;249116;406728;25449;79550;53954;1824
BY;m|d|o;1966-1980;ungültig;1340;852;132;;;;94;180;44;39;;
BY;m|d|o;1966-1980;SPD;86850;238;66312;;6661;338;244;8410;1011;3636;1915;44
BY;m|d|o;1966-1980;CDU;;;;;;;;;;;;
BY;m|d|o;1966-1980;GRÜNE;108513;92;9902;;87440;357;;6551;1170;3000;737;
BY;m|d|o;1966-1980;FDP;37822;37;884;;498;18146;884;15261;181;1932;1506;6
BY;m|d|o;1966-1980;AfD;275759;1847;837;;156;1948;234873;21518;867;13715;9814;140
BY;m|d|o;1966-1980;CSU;368555;512;5929;;3564;3344;4841;336546;565;13254;11134;63
BY;m|d|o;1966-1980;Die Linke;27608;42;4165;;4475;169;316;1374;15999;1069;440;
BY;m|d|o;1966-1980;Sonstige;82356;1017;3917;;2304;1848;7864;16889;5612;42905;28407;1570
BY;m|d|o;1966-1980;dar. FREIE WÄHLER;36587;70;829;;139;562;1674;9545;261;23506;23014;
BY;m|d|o;1966-1980;dar. BSW;25693;691;2009;;496;908;4868;4847;4191;7683;3507;1484
BY;m|d|o;1956-1965;Summe;770092;5805;99616;;72763;19985;149893;345384;18408;58238;43527;1588
BY;m|d|o;1956-1965;ungültig;2984;1872;177;;38;87;239;520;41;9;;
BY;m|d|o;1956-1965;SPD;94522;133;76480;;5756;194;220;7115;1535;3089;2002;
BY;m|d|o;1956-1965;CDU;;;;;;;;;;;;
BY;m|d|o;1956-1965;GRÜNE;76690;78;8704;;59407;213;95;5225;796;2171;731;
BY;m|d|o;1956-1965;FDP;30729;45;606;;218;14123;1358;12173;256;1950;1762;
BY;m|d|o;1956-1965;AfD;162656;1477;835;;223;1244;139797;10678;1141;7261;5224;44
BY;m|d|o;1956-1965;CSU;323330;953;6173;;2783;2755;2195;296710;536;11226;9645;107
BY;m|d|o;1956-1965;Die Linke;19114;;2835;;3087;99;163;857;10806;1268;493;
BY;m|d|o;1956-1965;Sonstige;60067;1247;3807;;1251;1270;5826;12106;3297;31264;23670;1437
BY;m|d|o;1956-1965;dar. FREIE WÄHLER;30663;158;1039;;309;410;1242;7286;182;20038;19453;
BY;m|d|o;1956-1965;dar. BSW;19136;757;2180;;363;665;3759;3325;2332;5755;3073;1437
BY;m|d|o;<=1955;Summe;737424;7255;121258;;48847;22980;72056;415803;11480;37744;29973;864
BY;m|d|o;<=1955;ungültig;5694;3085;203;;84;35;388;1695;67;139;104;
BY;m|d|o;<=1955;SPD;115540;346;99129;;4609;440;371;7891;460;2294;1620;
BY;m|d|o;<=1955;CDU;;;;;;;;;;;;
BY;m|d|o;<=1955;GRÜNE;50753;107;6687;;39225;200;40;3209;330;955;344;
BY;m|d|o;<=1955;FDP;35083;82;623;;258;16506;794;15036;26;1757;1460;100
BY;m|d|o;<=1955;AfD;76290;1030;487;;63;652;65585;5893;167;2413;2037;63
BY;m|d|o;<=1955;CSU;393519;1136;6751;;1923;3771;1674;369584;369;8310;6973;
BY;m|d|o;<=1955;Die Linke;14588;105;3148;;1963;64;30;930;7874;474;177;
BY;m|d|o;<=1955;Sonstige;45955;1364;4230;;723;1311;3174;11565;2186;21401;17256;702
BY;m|d|o;<=1955;dar. FREIE WÄHLER;27855;89;1718;;64;380;855;8587;103;16060;15896;
BY;m|d|o;<=1955;dar. BSW;13059;1028;1955;;406;814;2151;2278;1902;2526;979;702
BY;w;Summe;Summe;4022113;23789;553356;;525699;113708;565465;1655993;216039;368064;242267;11746
BY;w;Summe;ungültig;12624;7731;756;;120;292;920;2377;104;324;147;
BY;w;Summe;SPD;501577;1224;381295;;41854;3744;927;46632;9402;16500;9600;326
BY;w;Summe;CDU;;;;;;;;;;;;
BY;w;Summe;GRÜNE;511921;318;58450;;396053;1860;114;28696;12282;14145;4084;40
BY;w;Summe;FDP;147592;282;4882;;2903;72011;3352;53552;1360;9249;7464;53
BY;w;Summe;AfD;608565;4644;3680;;234;5880;513776;47294;2909;30149;20125;589
BY;w;Summe;CSU;1502065;2479;32837;;14196;15239;11950;1370446;3469;51448;42779;343
BY;w;Summe;Die Linke;271749;477;41280;;53764;2141;1101;11458;150471;11057;4393;325
BY;w;Summe;Sonstige;466020;6634;30174;;16575;12540;33324;95539;36042;235192;153676;10071
BY;w;Summe;dar. FREIE WÄHLER;192907;278;6884;;2287;4134;5781;50332;1532;121677;117856;305
BY;w;Summe;dar. BSW;140981;4359;13758;;3955;5078;18912;27192;21894;45833;20243;9449
BY;w;2001-2007;Summe;263097;863;40639;;47631;8022;30163;53787;55948;26044;13952;971
BY;w;2001-2007;ungültig;373;166;;;;;18;188;;;;
BY;w;2001-2007;SPD;27796;;17205;;3371;418;120;3142;1683;1858;1025;41
BY;w;2001-2007;CDU;;;;;;;;;;;;
BY;w;2001-2007;GRÜNE;37428;40;4450;;27569;230;;1544;2347;1247;160;
BY;w;2001-2007;FDP;9710;;379;;172;4358;351;2989;574;887;791;
BY;w;2001-2007;AfD;31749;204;253;;76;347;26357;2241;263;2007;1265;68
BY;w;2001-2007;CSU;40541;;1483;;710;727;693;34644;353;1929;1481;
BY;w;2001-2007;Die Linke;78973;33;14318;;14415;774;104;2568;44183;2577;865;80
BY;w;2001-2007;Sonstige;36528;420;2552;;1318;1167;2519;6469;6544;15538;8365;782
BY;w;2001-2007;dar. FREIE WÄHLER;9853;;424;;143;299;378;2505;324;5780;5516;34
BY;w;2001-2007;dar. BSW;12281;245;1269;;116;374;1051;2640;2828;3755;1291;740
BY;w;1991-2000;Summe;533288;2181;65717;;105029;18882;80934;138537;59194;62813;36894;2023
BY;w;1991-2000;ungültig;683;411;;;;;;185;50;38;38;
BY;w;1991-2000;SPD;52235;;35959;;6047;704;69;5329;1831;2297;780;101
BY;w;1991-2000;CDU;;;;;;;;;;;;
BY;w;1991-2000;GRÜNE;92243;71;9163;;72585;405;39;3140;3993;2847;614;40
BY;w;1991-2000;FDP;20473;32;902;;1027;10918;341;5458;432;1363;980;12
BY;w;1991-2000;AfD;88198;494;489;;;1349;73036;7478;285;5067;3407;8
BY;w;1991-2000;CSU;116148;97;2413;;1827;1856;1815;101499;530;6111;4703;96
BY;w;1991-2000;Die Linke;78193;118;10697;;19307;687;180;2142;42365;2697;706;92
BY;w;1991-2000;Sonstige;85114;956;6095;;4235;2964;5454;13307;9708;42395;25667;1674
BY;w;1991-2000;dar. FREIE WÄHLER;27304;39;965;;387;678;522;5700;301;18712;18139;14
BY;w;1991-2000;dar. BSW;26477;628;2808;;1013;1283;3068;4162;5354;8161;3789;1660
BY;w;1981-1990;Summe;604183;2529;68299;;100520;17140;108324;208078;32416;66876;41632;2226
BY;w;1981-1990;ungültig;754;267;;;42;80;164;161;12;28;;
BY;w;1981-1990;SPD;60160;211;42836;;7176;342;92;5329;1816;2357;1477;15
BY;w;1981-1990;CDU;;;;;;;;;;;;
BY;w;1981-1990;GRÜNE;98251;52;9989;;77981;203;40;4930;1966;3089;700;
BY;w;1981-1990;FDP;19843;54;740;;719;9927;444;6305;95;1559;1012;
BY;w;1981-1990;AfD;117519;671;682;;8;944;98572;10313;790;5539;4012;115
BY;w;1981-1990;CSU;183947;76;4193;;2310;2510;2169;163577;399;8713;7206;86
BY;w;1981-1990;Die Linke;38297;135;5201;;8538;178;247;1603;20451;1942;811;59
BY;w;1981-1990;Sonstige;85414;1062;4659;;3746;2956;6596;15860;6886;43649;26412;1951
BY;w;1981-1990;dar. FREIE WÄHLER;30295;144;664;;777;795;849;6806;126;20132;19270;102
BY;w;1981-1990;dar. BSW;28142;550;2242;;604;1507;3680;5845;4583;9131;3951;1716
BY;w;1966-1980;Summe;981289;5016;111914;;127114;25821;173568;397130;38603;102122;69152;3035
BY;w;1966-1980;ungültig;1627;877;188;;15;23;79;403;42;;;
BY;w;1966-1980;SPD;104098;286;75010;;10532;521;322;10656;1866;4906;2815;113
BY;w;1966-1980;CDU;;;;;;;;;;;;
BY;w;1966-1980;GRÜNE;131600;97;14090;;102292;523;;8079;2456;4062;1506;
BY;w;1966-1980;FDP;36383;56;1013;;649;17292;1290;13675;162;2247;1963;41
BY;w;1966-1980;AfD;187799;1523;1067;;79;1670;158499;14701;885;9373;6257;141
BY;w;1966-1980;CSU;356703;530;8091;;4024;3215;3542;321057;1237;15005;12321;64
BY;w;1966-1980;Die Linke;42380;117;5513;;5827;298;474;3086;24540;2524;1532;26
BY;w;1966-1980;Sonstige;120700;1531;6941;;3696;2279;9361;25473;7414;64005;42757;2649
BY;w;1966-1980;dar. FREIE WÄHLER;51601;44;1439;;565;679;1877;13158;497;33343;32549;77
BY;w;1966-1980;dar. BSW;36793;974;3194;;804;842;5340;7617;4978;13045;6002;2491
BY;w;1956-1965;Summe;767798;5141;112621;;88417;19853;108440;350495;19154;63677;44528;2093
BY;w;1956-1965;ungültig;3136;2054;187;;;109;321;311;;154;71;
BY;w;1956-1965;SPD;107039;153;84720;;8829;556;142;8628;1357;2655;1545;54
BY;w;1956-1965;CDU;;;;;;;;;;;;
BY;w;1956-1965;GRÜNE;90841;48;11021;;70465;336;8;5870;802;2291;856;
BY;w;1956-1965;FDP;27985;81;1092;;121;13730;593;10545;45;1779;1533;
BY;w;1956-1965;AfD;114197;1074;662;;70;768;98891;7222;432;5078;3062;179
BY;w;1956-1965;CSU;326546;506;7157;;3474;2899;2248;299406;572;10285;8810;96
BY;w;1956-1965;Die Linke;21024;36;3167;;3479;105;82;1060;12384;711;306;
BY;w;1956-1965;Sonstige;77030;1189;4615;;1980;1350;6156;17454;3563;40723;28344;1763
BY;w;1956-1965;dar. FREIE WÄHLER;36802;;1312;;229;478;1302;9905;228;23349;22457;67
BY;w;1956-1965;dar. BSW;22745;892;2141;;805;563;3786;4472;2536;7550;3597;1655
BY;w;<=1955;Summe;872457;8058;154165;;56987;23989;64036;507966;10724;46532;36109;1398
BY;w;<=1955;ungültig;6051;3956;381;;63;80;338;1129;;104;38;
BY;w;<=1955;SPD;150249;574;125566;;5899;1202;182;13549;850;2427;1957;
BY;w;<=1955;CDU;;;;;;;;;;;;
BY;w;<=1955;GRÜNE;61559;10;9737;;45161;163;28;5133;718;609;247;
BY;w;<=1955;FDP;33198;60;756;;215;15787;332;14581;52;1414;1185;
BY;w;<=1955;AfD;69104;677;526;;;802;58421;5339;253;3086;2122;77
BY;w;<=1955;CSU;478180;1269;9500;;1851;4032;1484;450261;378;9405;8258;
BY;w;<=1955;Die Linke;12883;39;2384;;2198;99;13;998;6547;605;172;69
BY;w;<=1955;Sonstige;61234;1475;5313;;1600;1824;3238;16976;1927;28881;22131;1252
BY;w;<=1955;dar. FREIE WÄHLER;37052;51;2080;;187;1204;854;12258;56;20361;19924;12
BY;w;<=1955;dar. BSW;14543;1070;2103;;613;509;1987;2456;1614;4192;1613;1186
SL;Summe;Summe;Summe;605293;8051;178745;177003;30477;20611;129177;;41215;20014;19458;
SL;Summe;Summe;ungültig;5570;4108;290;614;28;77;325;;40;88;88;
SL;Summe;Summe;SPD;131136;225;120178;4877;2136;504;621;;1942;653;653;
SL;Summe;Summe;CDU;161113;788;10032;143562;695;1895;2007;;834;1301;1291;
SL;Summe;Summe;GRÜNE;43371;148;15549;2746;22988;355;26;;1324;236;236;
SL;Summe;Summe;FDP;25725;46;1959;8523;98;13610;706;;288;495;495;
SL;Summe;Summe;AfD;129294;284;2489;6520;52;1220;116794;;726;1209;1174;
SL;Summe;Summe;CSU;;;;;;;;;;;;
SL;Summe;Summe;Die Linke;44080;90;13681;1253;2238;135;411;;25909;363;277;
SL;Summe;Summe;Sonstige;65004;2363;14568;8908;2243;2814;8288;;10151;15669;15245;
SL;Summe;Summe;dar. FREIE WÄHLER;8476;3;839;635;32;62;238;;266;6401;6395;
SL;Summe;Summe;dar. BSW;37001;1391;9807;5509;404;1816;6148;;7102;4824;4671;
SL;Summe;2001-2007;Summe;37116;461;11215;5505;2038;1784;7858;;7296;958;936;
SL;Summe;2001-2007;ungültig;287;270;7;;;;;;10;;;
SL;Summe;2001-2007;SPD;5069;;4358;240;40;120;94;;211;7;7;
SL;Summe;2001-2007;CDU;3928;15;573;3125;34;78;51;;44;8;8;
SL;Summe;2001-2007;GRÜNE;3149;;1346;191;1272;;;;340;;;
SL;Summe;2001-2007;FDP;2109;;175;671;;1064;11;;96;93;93;
SL;Summe;2001-2007;AfD;8077;7;292;379;;101;7128;;17;153;153;
SL;Summe;2001-2007;CSU;;;;;;;;;;;;
SL;Summe;2001-2007;Die Linke;9141;33;3036;43;493;64;60;;5352;60;45;
SL;Summe;2001-2007;Sonstige;5355;136;1431;855;199;357;514;;1226;637;630;
SL;Summe;2001-2007;dar. FREIE WÄHLER;204;;61;38;;25;10;;;70;70;
SL;Summe;2001-2007;dar. BSW;3172;132;881;562;25;201;371;;678;322;322;
SL;Summe;1991-2000;Summe;71001;699;19847;11968;4827;3214;17553;;9656;3236;3119;
SL;Summe;1991-2000;ungültig;617;556;;;;3;58;;;;;
SL;Summe;1991-2000;SPD;10321;4;9174;309;402;7;15;;302;109;109;
SL;Summe;1991-2000;CDU;9413;;1142;7738;82;126;144;;118;63;63;
SL;Summe;1991-2000;GRÜNE;6950;;2951;334;3342;4;11;;255;53;53;
SL;Summe;1991-2000;FDP;3646;;431;865;35;2213;44;;44;14;14;
SL;Summe;1991-2000;AfD;18099;;323;1038;;210;16113;;158;257;257;
SL;Summe;1991-2000;CSU;;;;;;;;;;;;
SL;Summe;1991-2000;Die Linke;11158;;3607;335;468;34;65;;6592;57;15;
SL;Summe;1991-2000;Sonstige;10797;140;2219;1349;498;618;1103;;2188;2683;2609;
SL;Summe;1991-2000;dar. FREIE WÄHLER;1287;3;143;14;;4;27;;;1097;1097;
SL;Summe;1991-2000;dar. BSW;5275;14;1188;943;97;320;618;;1294;801;801;
SL;Summe;1981-1990;Summe;86184;913;20809;19022;5580;2667;27086;;6636;3470;3397;
SL;Summe;1981-1990;ungültig;613;486;22;;28;74;4;;;;;
SL;Summe;1981-1990;SPD;13532;;12094;596;378;20;174;;255;15;15;
SL;Summe;1981-1990;CDU;16475;106;1243;13906;131;254;440;;136;259;252;
SL;Summe;1981-1990;GRÜNE;7618;;2606;536;4130;70;;;220;55;55;
SL;Summe;1981-1990;FDP;3072;;394;947;31;1533;71;;89;7;7;
SL;Summe;1981-1990;AfD;26870;10;371;1249;;235;24780;;119;105;105;
SL;Summe;1981-1990;CSU;;;;;;;;;;;;
SL;Summe;1981-1990;Die Linke;7066;;2221;194;373;26;50;;4114;89;82;
SL;Summe;1981-1990;Sonstige;10939;311;1858;1594;509;455;1568;;1703;2940;2881;
SL;Summe;1981-1990;dar. FREIE WÄHLER;1825;;112;251;7;15;157;;26;1258;1258;
SL;Summe;1981-1990;dar. BSW;5429;108;1137;717;11;278;1104;;1148;926;919;
SL;Summe;1966-1980;Summe;135057;1326;33778;38365;6311;4451;36766;;8000;6060;5896;
SL;Summe;1966-1980;ungültig;823;627;29;37;;;11;;30;88;88;
SL;Summe;1966-1980;SPD;23535;14;21073;1217;433;44;172;;428;153;153;
SL;Summe;1966-1980;CDU;33907;45;2356;29826;135;384;485;;189;486;486;
SL;Summe;1966-1980;GRÜNE;9550;28;3457;717;4855;236;;;214;45;45;
SL;Summe;1966-1980;FDP;5670;35;262;1979;25;2891;236;;42;200;200;
SL;Summe;1966-1980;AfD;37121;74;714;1765;11;324;33450;;341;442;442;
SL;Summe;1966-1980;CSU;;;;;;;;;;;;
SL;Summe;1966-1980;Die Linke;7725;4;2335;309;384;7;201;;4472;13;13;
SL;Summe;1966-1980;Sonstige;16727;498;3553;2514;468;564;2211;;2285;4633;4469;
SL;Summe;1966-1980;dar. FREIE WÄHLER;2667;;386;240;3;10;14;;58;1956;1949;
SL;Summe;1966-1980;dar. BSW;9334;256;2325;1523;107;433;1785;;1682;1223;1137;
SL;Summe;1956-1965;Summe;129323;2000;42554;39077;7581;3777;25191;;5358;3785;3647;
SL;Summe;1956-1965;ungültig;1215;1112;;74;;;29;;;;;
SL;Summe;1956-1965;SPD;33865;67;31420;1183;580;63;105;;282;164;164;
SL;Summe;1956-1965;CDU;37074;130;2602;32997;264;273;374;;186;246;243;
SL;Summe;1956-1965;GRÜNE;9546;80;2854;415;5988;37;15;;150;8;8;
SL;Summe;1956-1965;FDP;4843;;325;1510;7;2779;108;;15;100;100;
SL;Summe;1956-1965;AfD;24913;133;491;1182;41;213;22578;;42;235;199;
SL;Summe;1956-1965;CSU;;;;;;;;;;;;
SL;Summe;1956-1965;Die Linke;4957;;1626;141;309;;32;;2805;43;21;
SL;Summe;1956-1965;Sonstige;12910;478;3235;1576;393;412;1949;;1878;2989;2911;
SL;Summe;1956-1965;dar. FREIE WÄHLER;1498;;65;52;;7;7;;95;1272;1272;
SL;Summe;1956-1965;dar. BSW;8497;434;2521;1097;134;257;1492;;1605;957;931;
SL;Summe;<=1955;Summe;146612;2653;50542;63065;4140;4718;14723;;4268;2505;2463;
SL;Summe;<=1955;ungültig;2016;1058;232;503;;;223;;;;;
SL;Summe;<=1955;SPD;44813;140;42060;1332;303;250;60;;464;205;205;
SL;Summe;<=1955;CDU;60318;491;2115;55969;49;780;513;;161;239;239;
SL;Summe;<=1955;GRÜNE;6558;41;2336;553;3401;8;;;145;74;74;
SL;Summe;<=1955;FDP;6385;10;373;2551;;3130;236;;3;82;82;
SL;Summe;<=1955;AfD;14214;60;299;907;;138;12744;;49;17;17;
SL;Summe;<=1955;CSU;;;;;;;;;;;;
SL;Summe;<=1955;Die Linke;4033;53;856;231;211;4;4;;2574;101;101;
SL;Summe;<=1955;Sonstige;8277;801;2272;1019;177;408;943;;871;1787;1745;
SL;Summe;<=1955;dar. FREIE WÄHLER;994;;72;40;22;;23;;88;750;750;
SL;Summe;<=1955;dar. BSW;5294;447;1755;668;30;328;777;;695;595;560;
SL;m|d|o;Summe;Summe;297750;3805;81550;86686;13915;10464;74251;;18286;8793;8522;
SL;m|d|o;Summe;ungültig;2457;1685;166;352;28;74;68;;14;71;71;
SL;m|d|o;Summe;SPD;59742;174;55041;2043;700;153;315;;933;383;383;
SL;m|d|o;Summe;CDU;78552;521;4582;69965;235;1145;1117;;468;520;510;
SL;m|d|o;Summe;GRÜNE;21400;126;7872;1426;10838;245;15;;718;161;161;
SL;m|d|o;Summe;FDP;14164;35;1058;5093;46;7035;381;;263;253;253;
SL;m|d|o;Summe;AfD;76154;164;1463;3836;52;756;68836;;496;552;517;
SL;m|d|o;Summe;CSU;;;;;;;;;;;;
SL;m|d|o;Summe;Die Linke;18695;52;5958;533;1119;47;145;;10682;159;126;
SL;m|d|o;Summe;Sonstige;26586;1048;5411;3438;899;1010;3374;;4712;6694;6502;
SL;m|d|o;Summe;dar. FREIE WÄHLER;3960;3;317;317;;36;67;;170;3050;3043;
SL;m|d|o;Summe;dar. BSW;15314;799;3466;2182;181;727;2701;;3448;1810;1720;
SL;m|d|o;2001-2007;Summe;19008;253;5749;3125;777;1115;4665;;2704;620;598;
SL;m|d|o;2001-2007;ungültig;120;117;;;;;;;4;;;
SL;m|d|o;2001-2007;SPD;2400;;2127;144;14;45;42;;24;3;3;
SL;m|d|o;2001-2007;CDU;2218;15;436;1631;;67;22;;44;4;4;
SL;m|d|o;2001-2007;GRÜNE;1582;;835;173;432;;;;143;;;
SL;m|d|o;2001-2007;FDP;1590;;131;538;;743;7;;96;75;75;
SL;m|d|o;2001-2007;AfD;5008;7;212;224;;84;4400;;10;71;71;
SL;m|d|o;2001-2007;CSU;;;;;;;;;;;;
SL;m|d|o;2001-2007;Die Linke;3286;33;1151;4;213;35;57;;1757;38;23;
SL;m|d|o;2001-2007;Sonstige;2802;81;858;411;118;141;137;;626;429;423;
SL;m|d|o;2001-2007;dar. FREIE WÄHLER;149;;34;38;;25;3;;;48;48;
SL;m|d|o;2001-2007;dar. BSW;1468;78;491;270;4;39;123;;295;168;168;
SL;m|d|o;1991-2000;Summe;36362;252;9532;6019;2323;1886;10467;;4265;1618;1570;
SL;m|d|o;1991-2000;ungültig;227;170;;;;3;54;;;;;
SL;m|d|o;1991-2000;SPD;5026;;4403;206;181;;15;;155;65;65;
SL;m|d|o;1991-2000;CDU;4965;;625;4067;10;77;65;;118;3;3;
SL;m|d|o;1991-2000;GRÜNE;3712;;1542;208;1713;4;;;216;30;30;
SL;m|d|o;1991-2000;FDP;2238;;253;529;15;1392;21;;25;3;3;
SL;m|d|o;1991-2000;AfD;10932;;206;515;;207;9772;;99;133;133;
SL;m|d|o;1991-2000;CSU;;;;;;;;;;;;
SL;m|d|o;1991-2000;Die Linke;4499;;1514;22;196;8;;;2733;26;11;
SL;m|d|o;1991-2000;Sonstige;4763;82;988;472;208;196;540;;920;1357;1324;
SL;m|d|o;1991-2000;dar. FREIE WÄHLER;866;3;76;4;;4;4;;;775;775;
SL;m|d|o;1991-2000;dar. BSW;2237;4;498;346;61;146;342;;604;237;237;
SL;m|d|o;1981-1990;Summe;44992;377;9878;9780;2859;1177;16010;;3355;1558;1516;
SL;m|d|o;1981-1990;ungültig;267;165;;;28;70;4;;;;;
SL;m|d|o;1981-1990;SPD;6627;;5947;279;99;12;151;;126;11;11;
SL;m|d|o;1981-1990;CDU;8566;52;602;7363;63;148;252;;;86;79;
SL;m|d|o;1981-1990;GRÜNE;3822;;1140;247;2194;62;;;127;52;52;
SL;m|d|o;1981-1990;FDP;1596;;321;449;28;681;25;;89;3;3;
SL;m|d|o;1981-1990;AfD;16085;7;264;614;;136;14903;;77;84;84;
SL;m|d|o;1981-1990;CSU;;;;;;;;;;;;
SL;m|d|o;1981-1990;Die Linke;3239;;989;145;169;;50;;1882;4;;
SL;m|d|o;1981-1990;Sonstige;4790;153;614;682;277;67;624;;1054;1318;1287;
SL;m|d|o;1981-1990;dar. FREIE WÄHLER;855;;37;92;;4;56;;22;645;645;
SL;m|d|o;1981-1990;dar. BSW;2247;78;305;231;7;11;452;;765;397;390;
SL;m|d|o;1966-1980;Summe;66000;710;14899;19202;2787;2074;20831;;3054;2442;2358;
SL;m|d|o;1966-1980;ungültig;468;323;29;30;;;4;;11;71;71;
SL;m|d|o;1966-1980;SPD;10225;7;9270;373;144;17;57;;223;134;134;
SL;m|d|o;1966-1980;CDU;17221;42;1157;15197;89;140;270;;114;211;211;
SL;m|d|o;1966-1980;GRÜNE;4589;28;1865;276;2191;146;;;48;37;37;
SL;m|d|o;1966-1980;FDP;2725;35;74;1090;3;1333;135;;35;18;18;
SL;m|d|o;1966-1980;AfD;21758;64;406;1097;11;173;19615;;229;164;164;
SL;m|d|o;1966-1980;CSU;;;;;;;;;;;;
SL;m|d|o;1966-1980;Die Linke;3031;;1020;217;199;;14;;1579;3;3;
SL;m|d|o;1966-1980;Sonstige;5983;212;1077;922;150;265;736;;816;1803;1719;
SL;m|d|o;1966-1980;dar. FREIE WÄHLER;1054;;104;135;;;;;4;811;804;
SL;m|d|o;1966-1980;dar. BSW;3571;212;723;601;32;250;666;;676;413;365;
SL;m|d|o;1956-1965;Summe;63998;1001;19327;20057;3331;1941;14411;;2587;1342;1303;
SL;m|d|o;1956-1965;ungültig;553;483;;70;;;;;;;;
SL;m|d|o;1956-1965;SPD;15604;67;14534;532;177;48;18;;194;34;34;
SL;m|d|o;1956-1965;CDU;18622;59;994;16879;58;184;249;;132;68;64;
SL;m|d|o;1956-1965;GRÜNE;4506;80;1310;243;2756;30;15;;68;4;4;
SL;m|d|o;1956-1965;FDP;2629;;114;969;;1405;55;;15;71;71;
SL;m|d|o;1956-1965;AfD;14474;87;169;743;41;145;13174;;31;83;48;
SL;m|d|o;1956-1965;CSU;;;;;;;;;;;;
SL;m|d|o;1956-1965;Die Linke;2505;;852;70;191;;22;;1353;18;18;
SL;m|d|o;1956-1965;Sonstige;5104;226;1353;551;108;128;879;;795;1064;1064;
SL;m|d|o;1956-1965;dar. FREIE WÄHLER;508;;42;22;;3;4;;75;362;362;
SL;m|d|o;1956-1965;dar. BSW;3658;207;1013;479;56;125;722;;678;378;378;
SL;m|d|o;<=1955;Summe;67390;1211;22165;28504;1839;2271;7867;;2320;1213;1177;
SL;m|d|o;<=1955;ungültig;822;427;136;252;;;7;;;;;
SL;m|d|o;<=1955;SPD;19860;100;18759;510;84;31;31;;211;135;135;
SL;m|d|o;<=1955;CDU;26959;353;767;24828;15;529;259;;61;148;148;
SL;m|d|o;<=1955;GRÜNE;3188;18;1180;280;1552;4;;;116;37;37;
SL;m|d|o;<=1955;FDP;3386;;165;1519;;1479;138;;3;82;82;
SL;m|d|o;<=1955;AfD;7897;;206;643;;12;6970;;49;17;17;
SL;m|d|o;<=1955;CSU;;;;;;;;;;;;
SL;m|d|o;<=1955;Die Linke;2134;19;432;75;150;4;4;;1378;71;71;
SL;m|d|o;<=1955;Sonstige;3143;294;520;398;38;213;457;;501;722;687;
SL;m|d|o;<=1955;dar. FREIE WÄHLER;527;;23;26;;;;;70;408;408;
SL;m|d|o;<=1955;dar. BSW;2133;220;437;255;23;156;396;;431;216;181;
SL;w;Summe;Summe;307543;4246;97195;90317;16562;10147;54926;;22929;11221;10936;
SL;w;Summe;ungültig;3113;2423;124;262;;4;257;;26;17;17;
SL;w;Summe;SPD;71394;51;65137;2834;1436;351;306;;1009;270;270;
SL;w;Summe;CDU;82561;267;5450;73596;460;751;890;;365;781;781;
SL;w;Summe;GRÜNE;21971;22;7677;1320;12150;109;11;;607;76;76;
SL;w;Summe;FDP;11561;10;902;3430;52;6575;325;;26;242;242;
SL;w;Summe;AfD;53140;119;1026;2685;;464;47959;;231;657;657;
SL;w;Summe;CSU;;;;;;;;;;;;
SL;w;Summe;Die Linke;25385;38;7722;720;1119;89;266;;15227;204;151;
SL;w;Summe;Sonstige;38418;1315;9157;5470;1345;1804;4914;;5439;8975;8743;
SL;w;Summe;dar. FREIE WÄHLER;4516;;522;318;32;25;171;;96;3352;3352;
SL;w;Summe;dar. BSW;21687;592;6341;3327;223;1089;3447;;3654;3014;2951;
SL;w;2001-2007;Summe;18108;208;5466;2381;1261;670;3193;;4592;338;338;
SL;w;2001-2007;ungültig;167;153;7;;;;;;7;;;
SL;w;2001-2007;SPD;2669;;2231;96;25;75;52;;187;4;4;
SL;w;2001-2007;CDU;1709;;137;1494;34;11;29;;;4;4;
SL;w;2001-2007;GRÜNE;1567;;511;19;840;;;;197;;;
SL;w;2001-2007;FDP;519;;44;133;;321;4;;;18;18;
SL;w;2001-2007;AfD;3069;;80;155;;17;2728;;7;82;82;
SL;w;2001-2007;CSU;;;;;;;;;;;;
SL;w;2001-2007;Die Linke;5855;;1885;39;280;29;4;;3595;22;22;
SL;w;2001-2007;Sonstige;2553;54;572;444;82;217;377;;599;207;207;
SL;w;2001-2007;dar. FREIE WÄHLER;55;;27;;;;7;;;21;21;
SL;w;2001-2007;dar. BSW;1704;54;389;292;21;162;248;;383;154;154;
SL;w;1991-2000;Summe;34639;447;10316;5949;2504;1329;7085;;5391;1618;1549;
SL;w;1991-2000;ungültig;389;386;;;;;4;;;;;
SL;w;1991-2000;SPD;5295;4;4771;103;221;7;;;147;43;43;
SL;w;1991-2000;CDU;4448;;517;3671;72;49;79;;;60;60;
SL;w;1991-2000;GRÜNE;3238;;1409;126;1630;;11;;39;23;23;
SL;w;1991-2000;FDP;1408;;178;336;20;821;24;;19;10;10;
SL;w;1991-2000;AfD;7167;;117;523;;4;6341;;59;124;124;
SL;w;1991-2000;CSU;;;;;;;;;;;;
SL;w;1991-2000;Die Linke;6660;;2093;313;272;26;65;;3859;31;4;
SL;w;1991-2000;Sonstige;6034;58;1231;876;290;422;563;;1268;1326;1285;
SL;w;1991-2000;dar. FREIE WÄHLER;421;;67;10;;;22;;;322;322;
SL;w;1991-2000;dar. BSW;3038;10;690;597;36;174;276;;690;564;564;
SL;w;1981-1990;Summe;41191;536;10931;9243;2721;1490;11077;;3282;1912;1881;
SL;w;1981-1990;ungültig;346;321;22;;;4;;;;;;
SL;w;1981-1990;SPD;6905;;6147;317;278;8;23;;128;4;4;
SL;w;1981-1990;CDU;7908;54;641;6543;68;106;188;;136;173;173;
SL;w;1981-1990;GRÜNE;3796;;1466;289;1936;8;;;94;4;4;
SL;w;1981-1990;FDP;1476;;73;499;4;851;45;;;4;4;
SL;w;1981-1990;AfD;10784;4;107;635;;98;9877;;42;21;21;
SL;w;1981-1990;CSU;;;;;;;;;;;;
SL;w;1981-1990;Die Linke;3826;;1232;48;203;26;;;2231;85;82;
SL;w;1981-1990;Sonstige;6149;158;1244;912;232;388;944;;649;1622;1595;
SL;w;1981-1990;dar. FREIE WÄHLER;970;;75;159;7;11;102;;4;613;613;
SL;w;1981-1990;dar. BSW;3182;30;832;486;4;267;652;;383;529;529;
SL;w;1966-1980;Summe;69057;616;18879;19163;3524;2376;15935;;4946;3618;3539;
SL;w;1966-1980;ungültig;355;304;;7;;;7;;19;17;17;
SL;w;1966-1980;SPD;13310;7;11803;845;290;27;115;;205;18;18;
SL;w;1966-1980;CDU;16685;4;1199;14629;46;244;214;;75;275;275;
SL;w;1966-1980;GRÜNE;4961;;1591;441;2664;90;;;166;7;7;
SL;w;1966-1980;FDP;2945;;187;889;22;1557;101;;7;181;181;
SL;w;1966-1980;AfD;15363;10;308;668;;151;13835;;112;279;279;
SL;w;1966-1980;CSU;;;;;;;;;;;;
SL;w;1966-1980;Die Linke;4694;4;1315;92;185;7;187;;2893;10;10;
SL;w;1966-1980;Sonstige;10744;286;2476;1592;318;299;1475;;1468;2830;2751;
SL;w;1966-1980;dar. FREIE WÄHLER;1613;;282;104;3;10;14;;54;1145;1145;
SL;w;1966-1980;dar. BSW;5763;44;1603;922;75;182;1119;;1007;810;772;
SL;w;1956-1965;Summe;65326;998;23226;19020;4250;1836;10780;;2771;2444;2344;
SL;w;1956-1965;ungültig;662;629;;4;;;29;;;;;
SL;w;1956-1965;SPD;18261;;16886;651;403;15;88;;88;131;131;
SL;w;1956-1965;CDU;18452;71;1609;16118;206;89;126;;54;179;179;
SL;w;1956-1965;GRÜNE;5040;;1544;172;3231;7;;;82;4;4;
SL;w;1956-1965;FDP;2214;;211;541;7;1374;53;;;29;29;
SL;w;1956-1965;AfD;10439;46;321;438;;68;9404;;11;151;151;
SL;w;1956-1965;CSU;;;;;;;;;;;;
SL;w;1956-1965;Die Linke;2451;;773;72;119;;10;;1452;25;4;
SL;w;1956-1965;Sonstige;7806;252;1882;1025;284;283;1070;;1083;1925;1847;
SL;w;1956-1965;dar. FREIE WÄHLER;990;;22;30;;4;4;;20;909;909;
SL;w;1956-1965;dar. BSW;4839;227;1508;617;79;132;770;;926;579;553;
SL;w;<=1955;Summe;79223;1442;28377;34561;2301;2446;6856;;1948;1292;1285;
SL;w;<=1955;ungültig;1194;630;96;251;;;217;;;;;
SL;w;<=1955;SPD;24953;40;23300;822;219;219;29;;254;70;70;
SL;w;<=1955;CDU;33358;138;1348;31142;34;252;254;;100;91;91;
SL;w;<=1955;GRÜNE;3370;22;1156;273;1848;4;;;28;37;37;
SL;w;<=1955;FDP;2999;10;208;1032;;1651;97;;;;;
SL;w;<=1955;AfD;6317;60;93;264;;126;5774;;;;;
SL;w;<=1955;CSU;;;;;;;;;;;;
SL;w;<=1955;Die Linke;1898;34;423;155;60;;;;1196;30;30;
SL;w;<=1955;Sonstige;5134;507;1752;621;139;194;485;;370;1065;1058;
SL;w;<=1955;dar. FREIE WÄHLER;467;;49;14;22;;23;;18;342;342;
SL;w;<=1955;dar. BSW;3161;227;1319;413;7;172;381;;265;379;379;
BE;Summe;Summe;Summe;1961177;18539;326663;413893;338231;52575;294546;;423549;93181;9141;41787
BE;Summe;Summe;ungültig;11644;9352;635;631;77;17;462;;322;149;;23
BE;Summe;Summe;SPD;295182;765;222065;15307;23775;601;728;;29226;2714;131;812
BE;Summe;Summe;CDU;356099;1000;12190;315913;6469;4003;5022;;8579;2923;417;1036
BE;Summe;Summe;GRÜNE;328035;546;30235;8782;240342;776;211;;45535;1608;221;152
BE;Summe;Summe;FDP;74076;64;2999;25205;1608;38388;2672;;2371;768;240;341
BE;Summe;Summe;AfD;296990;705;1659;15880;252;1497;268914;;4534;3549;510;1747
BE;Summe;Summe;CSU;;;;;;;;;;;;
BE;Summe;Summe;Die Linke;387222;495;35964;8372;53928;1306;1555;;278382;7221;243;2618
BE;Summe;Summe;Sonstige;211929;5613;20916;23802;11781;5988;14982;;54599;74249;7379;35058
BE;Summe;Summe;dar. FREIE WÄHLER;6402;58;293;1257;48;295;409;;549;3492;2654;88
BE;Summe;Summe;dar. BSW;129651;3769;11938;15090;2212;3168;11550;;37530;44394;1741;33741
BE;Summe;2001-2007;Summe;130291;1006;18929;12731;24168;4438;12037;;51449;5533;428;1655
BE;Summe;2001-2007;ungültig;548;439;28;;;;;;51;30;;
BE;Summe;2001-2007;SPD;11931;25;7295;699;1493;125;41;;2089;164;29;64
BE;Summe;2001-2007;CDU;9192;;880;7260;281;236;205;;302;28;;
BE;Summe;2001-2007;GRÜNE;18555;61;1772;315;12270;223;41;;3774;99;;
BE;Summe;2001-2007;FDP;5716;35;366;1552;179;3131;121;;304;28;;8
BE;Summe;2001-2007;AfD;12110;41;102;717;57;56;10734;;262;141;43;20
BE;Summe;2001-2007;CSU;;;;;;;;;;;;
BE;Summe;2001-2007;Die Linke;56551;;6736;596;8524;264;22;;39581;828;29;182
BE;Summe;2001-2007;Sonstige;15688;404;1750;1591;1364;404;873;;5086;4216;327;1381
BE;Summe;2001-2007;dar. FREIE WÄHLER;332;;18;83;30;;;;90;111;111;
BE;Summe;2001-2007;dar. BSW;7896;218;940;708;284;142;573;;3098;1933;106;1159
BE;Summe;1991-2000;Summe;260774;1461;32436;29015;60237;8786;25502;;90333;13003;1052;3772
BE;Summe;1991-2000;ungültig;790;694;;;50;;28;;19;;;
BE;Summe;1991-2000;SPD;23601;;15902;819;3057;55;59;;3509;200;;49
BE;Summe;1991-2000;CDU;22303;225;1188;18380;873;268;279;;735;356;8;21
BE;Summe;1991-2000;GRÜNE;51792;93;3928;727;37047;220;67;;9485;224;;30
BE;Summe;1991-2000;FDP;11512;;289;3203;509;6455;292;;543;222;66;94
BE;Summe;1991-2000;AfD;25892;88;186;1500;29;29;23348;;376;335;102;29
BE;Summe;1991-2000;CSU;;;;;;;;;;;;
BE;Summe;1991-2000;Die Linke;93094;;7728;643;15646;240;45;;66921;1870;;547
BE;Summe;1991-2000;Sonstige;31790;360;3216;3744;3026;1518;1385;;8745;9797;876;3003
BE;Summe;1991-2000;dar. FREIE WÄHLER;975;;;189;18;158;59;;132;418;178;8
BE;Summe;1991-2000;dar. BSW;15131;286;1582;2376;412;704;945;;4811;4015;136;2848
BE;Summe;1981-1990;Summe;346108;1916;43934;52969;78305;9700;52076;;88395;18812;2137;6703
BE;Summe;1981-1990;ungültig;1149;1011;33;31;;;;;8;67;;
BE;Summe;1981-1990;SPD;38191;;26284;1477;4632;64;41;;5157;536;39;53
BE;Summe;1981-1990;CDU;43489;42;1627;37187;1467;430;815;;1442;480;30;320
BE;Summe;1981-1990;GRÜNE;79583;144;5865;1755;56987;149;;;14144;538;183;
BE;Summe;1981-1990;FDP;12034;;560;3067;399;6848;316;;560;285;55;193
BE;Summe;1981-1990;AfD;53424;81;190;3208;77;577;48026;;555;711;119;329
BE;Summe;1981-1990;CSU;;;;;;;;;;;;
BE;Summe;1981-1990;Die Linke;76399;;5683;1221;11486;179;147;;56294;1388;127;141
BE;Summe;1981-1990;Sonstige;41840;639;3692;5023;3257;1453;2732;;10235;14807;1584;5667
BE;Summe;1981-1990;dar. FREIE WÄHLER;1214;;47;347;;36;76;;135;573;344;
BE;Summe;1981-1990;dar. BSW;20415;378;1654;2929;446;800;1917;;4820;7471;281;5309
BE;Summe;1966-1980;Summe;476458;4489;70397;99295;97769;12027;86132;;84331;22020;2163;8414
BE;Summe;1966-1980;ungültig;2475;2114;73;124;8;8;32;;87;29;;
BE;Summe;1966-1980;SPD;64422;378;46992;2626;7115;232;222;;6312;545;8;148
BE;Summe;1966-1980;CDU;88440;47;3107;76260;2281;1253;2084;;2649;760;244;187
BE;Summe;1966-1980;GRÜNE;97473;141;7658;3259;74620;42;73;;11329;352;;14
BE;Summe;1966-1980;FDP;18090;29;987;6673;350;8862;560;;540;90;53;
BE;Summe;1966-1980;AfD;84975;145;441;3732;90;330;78125;;988;1123;99;478
BE;Summe;1966-1980;CSU;;;;;;;;;;;;
BE;Summe;1966-1980;Die Linke;69883;119;6400;1209;10845;240;457;;49290;1323;8;508
BE;Summe;1966-1980;Sonstige;50700;1516;4740;5412;2461;1060;4579;;13135;17798;1752;7078
BE;Summe;1966-1980;dar. FREIE WÄHLER;1745;33;33;397;;59;138;;159;924;760;15
BE;Summe;1966-1980;dar. BSW;31954;820;2871;3063;436;647;3410;;10059;10649;420;6859
BE;Summe;1956-1965;Summe;338668;3774;61218;85133;45234;7014;70311;;49557;16427;1995;9289
BE;Summe;1956-1965;ungültig;2459;1948;189;8;;9;190;;92;23;;23
BE;Summe;1956-1965;SPD;58478;35;45732;3708;3733;54;181;;4280;755;55;185
BE;Summe;1956-1965;CDU;73117;218;1753;66321;837;427;1030;;1689;843;134;313
BE;Summe;1956-1965;GRÜNE;47120;92;5227;1393;35130;132;;;4750;395;38;108
BE;Summe;1956-1965;FDP;10764;;205;4259;36;5108;816;;256;84;36;47
BE;Summe;1956-1965;AfD;70765;190;367;3356;;192;64753;;1131;777;85;552
BE;Summe;1956-1965;CSU;;;;;;;;;;;;
BE;Summe;1956-1965;Die Linke;41589;288;4334;1759;4439;167;264;;29471;866;50;550
BE;Summe;1956-1965;Sonstige;34375;1005;3410;4328;1058;925;3076;;7889;12685;1596;7509
BE;Summe;1956-1965;dar. FREIE WÄHLER;985;;126;67;;;78;;18;696;696;
BE;Summe;1956-1965;dar. BSW;24893;706;1993;3290;307;521;2629;;6485;8962;443;7392
BE;Summe;<=1955;Summe;408878;5893;99749;134750;32518;10611;48488;;59484;17386;1366;11954
BE;Summe;<=1955;ungültig;4223;3146;312;468;19;;212;;66;;;
BE;Summe;<=1955;SPD;98560;327;79861;5977;3744;72;185;;7879;515;;312
BE;Summe;<=1955;CDU;119558;468;3636;110506;731;1389;609;;1761;457;;195
BE;Summe;<=1955;GRÜNE;33513;14;5785;1333;24289;10;29;;2053;;;
BE;Summe;<=1955;FDP;15959;;593;6450;135;7984;567;;169;60;29;
BE;Summe;<=1955;AfD;49824;159;373;3367;;312;43927;;1222;463;63;338
BE;Summe;<=1955;CSU;;;;;;;;;;;;
BE;Summe;<=1955;Die Linke;49707;88;5082;2944;2987;216;620;;36824;946;30;689
BE;Summe;<=1955;Sonstige;37536;1690;4108;3705;614;628;2338;;9509;14946;1244;10420
BE;Summe;<=1955;dar. FREIE WÄHLER;1152;25;69;175;;42;57;;14;769;565;65
BE;Summe;<=1955;dar. BSW;29362;1362;2898;2724;327;355;2076;;8257;11364;356;10173
BE;m|d|o;Summe;Summe;933433;7910;144816;201872;151481;27595;169572;;189305;40882;4202;18441
BE;m|d|o;Summe;ungültig;5254;4213;269;116;69;8;284;;194;100;;
BE;m|d|o;Summe;SPD;129867;116;98512;6499;9527;111;259;;13608;1235;105;353
BE;m|d|o;Summe;CDU;175689;433;6125;154250;3799;2254;2943;;4700;1184;266;420
BE;m|d|o;Summe;GRÜNE;151772;222;14556;4595;108574;548;202;;22203;872;183;79
BE;m|d|o;Summe;FDP;41150;64;1407;15032;827;20701;1384;;1330;405;163;123
BE;m|d|o;Summe;AfD;172737;399;854;8832;147;864;157652;;2594;1394;104;755
BE;m|d|o;Summe;CSU;;;;;;;;;;;;
BE;m|d|o;Summe;Die Linke;163500;192;14866;2859;22751;456;483;;118870;3024;154;1024
BE;m|d|o;Summe;Sonstige;93465;2270;8227;9689;5786;2654;6365;;25806;32667;3228;15686
BE;m|d|o;Summe;dar. FREIE WÄHLER;2932;25;132;657;30;166;120;;264;1538;1170;73
BE;m|d|o;Summe;dar. BSW;58533;1644;4624;5999;820;1359;5367;;18391;20329;878;15297
BE;m|d|o;2001-2007;Summe;63182;354;9301;7714;10256;2876;8242;;22181;2257;256;855
BE;m|d|o;2001-2007;ungültig;236;166;;;;;;;40;30;;
BE;m|d|o;2001-2007;SPD;6162;;3920;445;455;56;41;;1124;124;29;64
BE;m|d|o;2001-2007;CDU;5871;;604;4665;100;156;112;;234;;;
BE;m|d|o;2001-2007;GRÜNE;9666;;993;141;6210;191;41;;2083;8;;
BE;m|d|o;2001-2007;FDP;3329;35;163;759;36;2043;45;;219;28;;8
BE;m|d|o;2001-2007;AfD;8577;;102;565;;56;7560;;205;88;;20
BE;m|d|o;2001-2007;CSU;;;;;;;;;;;;
BE;m|d|o;2001-2007;Die Linke;21438;;2591;174;2678;79;9;;15681;225;29;76
BE;m|d|o;2001-2007;Sonstige;7903;154;928;966;777;295;434;;2595;1755;198;687
BE;m|d|o;2001-2007;dar. FREIE WÄHLER;220;;18;83;30;;;;90;;;
BE;m|d|o;2001-2007;dar. BSW;4314;60;562;456;94;105;283;;1723;1030;87;617
BE;m|d|o;1991-2000;Summe;124165;688;15739;15941;25126;5010;15353;;39617;6691;459;2077
BE;m|d|o;1991-2000;ungültig;470;402;;;50;;;;19;;;
BE;m|d|o;1991-2000;SPD;11587;;8015;602;1010;8;;;1873;80;;49
BE;m|d|o;1991-2000;CDU;11647;74;606;9621;575;89;139;;387;156;;
BE;m|d|o;1991-2000;GRÜNE;23727;;1966;460;16336;108;67;;4612;178;;30
BE;m|d|o;1991-2000;FDP;7015;;169;2298;286;3686;158;;290;128;19;48
BE;m|d|o;1991-2000;AfD;15931;88;106;943;;29;14336;;300;128;12;29
BE;m|d|o;1991-2000;CSU;;;;;;;;;;;;
BE;m|d|o;1991-2000;Die Linke;37495;;3171;158;5384;183;45;;27555;999;;307
BE;m|d|o;1991-2000;Sonstige;16292;125;1705;1859;1485;907;607;;4582;5022;428;1615
BE;m|d|o;1991-2000;dar. FREIE WÄHLER;455;;;59;;125;;;44;227;122;
BE;m|d|o;1991-2000;dar. BSW;7979;92;711;1263;204;360;490;;2764;2093;110;1538
BE;m|d|o;1981-1990;Summe;172264;704;20657;27947;36535;5436;30277;;42217;8491;1076;2550
BE;m|d|o;1981-1990;ungültig;435;373;21;;;;;;;42;;
BE;m|d|o;1981-1990;SPD;18427;;12932;667;1983;;41;;2520;286;20;
BE;m|d|o;1981-1990;CDU;23546;42;799;19886;835;276;535;;947;226;30;173
BE;m|d|o;1981-1990;GRÜNE;37038;144;2842;764;25774;149;;;7046;319;183;
BE;m|d|o;1981-1990;FDP;7138;;279;1674;292;4273;177;;368;76;55;20
BE;m|d|o;1981-1990;AfD;31241;62;11;1928;69;332;28340;;320;179;;84
BE;m|d|o;1981-1990;CSU;;;;;;;;;;;;
BE;m|d|o;1981-1990;Die Linke;35879;;2360;533;6002;22;97;;26245;621;83;71
BE;m|d|o;1981-1990;Sonstige;18560;83;1414;2496;1581;384;1086;;4772;6743;704;2202
BE;m|d|o;1981-1990;dar. FREIE WÄHLER;614;;8;167;;;;;69;370;181;
BE;m|d|o;1981-1990;dar. BSW;8797;83;699;1330;66;237;889;;2326;3167;109;2087
BE;m|d|o;1966-1980;Summe;234038;1703;31738;51703;46311;5822;49439;;37948;9376;1178;3288
BE;m|d|o;1966-1980;ungültig;887;777;22;8;;8;;;44;29;;
BE;m|d|o;1966-1980;SPD;29572;69;21808;1144;3400;47;114;;2688;301;;105
BE;m|d|o;1966-1980;CDU;47029;;1612;40086;1360;831;1320;;1513;308;137;103
BE;m|d|o;1966-1980;GRÜNE;45749;;3428;1632;34825;9;64;;5551;239;;
BE;m|d|o;1966-1980;FDP;9824;29;510;4456;213;4146;179;;201;90;53;
BE;m|d|o;1966-1980;AfD;49296;104;186;2048;79;172;45955;;365;386;29;181
BE;m|d|o;1966-1980;CSU;;;;;;;;;;;;
BE;m|d|o;1966-1980;Die Linke;30544;60;2630;434;5240;102;59;;21562;456;;47
BE;m|d|o;1966-1980;Sonstige;21137;664;1541;1894;1194;506;1748;;6024;7567;960;2852
BE;m|d|o;1966-1980;dar. FREIE WÄHLER;790;;;244;;9;65;;29;443;435;8
BE;m|d|o;1966-1980;dar. BSW;13447;372;922;1130;195;291;1442;;4589;4505;234;2814
BE;m|d|o;1956-1965;Summe;164789;2016;27693;40522;20560;3508;40450;;23359;6683;838;4011
BE;m|d|o;1956-1965;ungültig;1357;1061;73;;;;132;;92;;;
BE;m|d|o;1956-1965;SPD;25960;;20338;1594;1548;;63;;2174;242;55;30
BE;m|d|o;1956-1965;CDU;35707;159;951;31940;565;251;568;;908;364;99;122
BE;m|d|o;1956-1965;GRÜNE;21698;64;2559;857;16007;91;;;1992;129;;49
BE;m|d|o;1956-1965;FDP;5749;;113;2100;;2691;605;;158;84;36;47
BE;m|d|o;1956-1965;AfD;40817;83;182;1806;;147;37530;;684;385;;297
BE;m|d|o;1956-1965;CSU;;;;;;;;;;;;
BE;m|d|o;1956-1965;Die Linke;19219;101;2210;711;1879;39;122;;13735;422;42;222
BE;m|d|o;1956-1965;Sonstige;14283;548;1266;1514;560;290;1431;;3616;5058;606;3244
BE;m|d|o;1956-1965;dar. FREIE WÄHLER;427;;56;33;;;47;;18;272;272;
BE;m|d|o;1956-1965;dar. BSW;10605;411;680;1002;174;157;1227;;3013;3942;191;3244
BE;m|d|o;<=1955;Summe;174995;2444;39689;58046;12694;4944;25811;;23983;7384;395;5660
BE;m|d|o;<=1955;ungültig;1868;1435;154;109;19;;152;;;;;
BE;m|d|o;<=1955;SPD;38158;47;31500;2048;1132;;;;3230;202;;104
BE;m|d|o;<=1955;CDU;51888;159;1553;48051;364;651;270;;711;130;;23
BE;m|d|o;<=1955;GRÜNE;13894;14;2768;741;9423;;29;;919;;;
BE;m|d|o;<=1955;FDP;8096;;172;3746;;3862;221;;94;;;
BE;m|d|o;<=1955;AfD;26876;62;266;1541;;129;23931;;719;227;63;144
BE;m|d|o;<=1955;CSU;;;;;;;;;;;;
BE;m|d|o;<=1955;Die Linke;18925;31;1903;850;1567;31;150;;14093;301;;301
BE;m|d|o;<=1955;Sonstige;15290;697;1373;961;188;272;1058;;4218;6523;332;5087
BE;m|d|o;<=1955;dar. FREIE WÄHLER;426;25;51;70;;32;8;;14;225;160;65
BE;m|d|o;<=1955;dar. BSW;13390;625;1049;817;87;209;1036;;3975;5591;146;4997
BE;w;Summe;Summe;1027744;10629;181847;212021;186750;24980;124974;;234244;52299;4939;23346
BE;w;Summe;ungültig;6390;5138;366;515;8;9;178;;128;48;;23
BE;w;Summe;SPD;165315;649;123553;8808;14248;490;470;;15618;1479;26;458
BE;w;Summe;CDU;180410;567;6064;161663;2670;1749;2079;;3879;1739;151;615
BE;w;Summe;GRÜNE;176263;324;15679;4187;131768;228;9;;23332;736;38;73
BE;w;Summe;FDP;32926;;1592;10172;781;17687;1288;;1042;364;77;219
BE;w;Summe;AfD;124253;305;805;7049;105;633;111262;;1940;2155;406;991
BE;w;Summe;CSU;;;;;;;;;;;;
BE;w;Summe;Die Linke;223722;303;21098;5514;31177;850;1072;;159512;4197;89;1594
BE;w;Summe;Sonstige;118464;3343;12689;14113;5995;3334;8617;;28792;41581;4151;19372
BE;w;Summe;dar. FREIE WÄHLER;3470;33;161;601;18;129;289;;285;1954;1483;15
BE;w;Summe;dar. BSW;71118;2125;7314;9091;1392;1809;6183;;19139;24065;863;18444
BE;w;2001-2007;Summe;67108;652;9628;5017;13912;1562;3795;;29268;3276;172;800
BE;w;2001-2007;ungültig;312;273;28;;;;;;11;;;
BE;w;2001-2007;SPD;5768;25;3375;255;1039;69;;;965;41;;
BE;w;2001-2007;CDU;3320;;276;2595;181;80;93;;68;28;;
BE;w;2001-2007;GRÜNE;8889;61;779;174;6060;32;;;1690;92;;
BE;w;2001-2007;FDP;2388;;203;794;142;1088;76;;85;;;
BE;w;2001-2007;AfD;3533;41;;152;57;;3174;;57;52;43;
BE;w;2001-2007;CSU;;;;;;;;;;;;
BE;w;2001-2007;Die Linke;35113;;4145;422;5846;185;12;;23900;602;;106
BE;w;2001-2007;Sonstige;7784;251;822;625;587;108;439;;2492;2461;130;694
BE;w;2001-2007;dar. FREIE WÄHLER;111;;;;;;;;;111;111;
BE;w;2001-2007;dar. BSW;3582;157;378;252;190;37;290;;1374;903;18;542
BE;w;1991-2000;Summe;136609;773;16697;13074;35111;3776;10150;;50717;6312;593;1695
BE;w;1991-2000;ungültig;320;292;;;;;28;;;;;
BE;w;1991-2000;SPD;12013;;7887;217;2047;47;59;;1636;119;;
BE;w;1991-2000;CDU;10656;151;581;8759;298;179;139;;348;199;8;21
BE;w;1991-2000;GRÜNE;28065;93;1962;267;20711;112;;;4874;46;;
BE;w;1991-2000;FDP;4497;;119;905;223;2769;134;;253;94;48;46
BE;w;1991-2000;AfD;9960;;80;556;29;;9012;;76;207;90;
BE;w;1991-2000;CSU;;;;;;;;;;;;
BE;w;1991-2000;Die Linke;55599;;4557;485;10263;57;;;39366;871;;241
BE;w;1991-2000;Sonstige;15499;235;1511;1885;1541;611;778;;4163;4775;448;1388
BE;w;1991-2000;dar. FREIE WÄHLER;520;;;130;18;33;59;;89;190;56;8
BE;w;1991-2000;dar. BSW;7152;194;871;1113;208;344;455;;2046;1922;26;1310
BE;w;1981-1990;Summe;173844;1212;23277;25022;41770;4265;21800;;46178;10321;1061;4153
BE;w;1981-1990;ungültig;714;638;12;31;;;;;8;25;;
BE;w;1981-1990;SPD;19764;;13352;810;2650;64;;;2638;250;19;53
BE;w;1981-1990;CDU;19943;;828;17301;632;154;280;;495;254;;147
BE;w;1981-1990;GRÜNE;42545;;3023;991;31213;;;;7098;220;;
BE;w;1981-1990;FDP;4897;;281;1393;107;2575;139;;192;209;;173
BE;w;1981-1990;AfD;22183;19;179;1280;8;246;19686;;235;531;119;245
BE;w;1981-1990;CSU;;;;;;;;;;;;
BE;w;1981-1990;Die Linke;40519;;3323;688;5484;157;50;;30049;768;43;70
BE;w;1981-1990;Sonstige;23280;556;2279;2527;1676;1069;1645;;5463;8065;879;3465
BE;w;1981-1990;dar. FREIE WÄHLER;601;;40;179;;36;76;;66;204;163;
BE;w;1981-1990;dar. BSW;11618;295;955;1599;380;562;1028;;2494;4304;171;3222
BE;w;1966-1980;Summe;242420;2786;38659;47592;51458;6205;36692;;46383;12644;985;5126
BE;w;1966-1980;ungültig;1588;1338;51;116;8;;32;;44;;;
BE;w;1966-1980;SPD;34850;308;25184;1482;3716;185;108;;3624;244;8;43
BE;w;1966-1980;CDU;41411;47;1494;36173;921;422;765;;1137;452;108;84
BE;w;1966-1980;GRÜNE;51724;141;4230;1626;39795;33;9;;5778;113;;14
BE;w;1966-1980;FDP;8266;;476;2217;137;4716;381;;339;;;
BE;w;1966-1980;AfD;35679;41;255;1684;11;158;32170;;623;737;70;297
BE;w;1966-1980;CSU;;;;;;;;;;;;
BE;w;1966-1980;Die Linke;39339;59;3770;775;5605;137;397;;27728;867;8;461
BE;w;1966-1980;Sonstige;29563;852;3199;3518;1267;555;2830;;7111;10231;792;4227
BE;w;1966-1980;dar. FREIE WÄHLER;954;33;33;153;;49;73;;130;482;325;8
BE;w;1966-1980;dar. BSW;18507;447;1949;1933;241;356;1968;;5470;6143;185;4046
BE;w;1956-1965;Summe;173878;1758;33525;44611;24674;3506;29861;;26199;9744;1157;5277
BE;w;1956-1965;ungültig;1102;887;116;8;;9;59;;;23;;23
BE;w;1956-1965;SPD;32518;35;25394;2115;2185;54;118;;2105;512;;155
BE;w;1956-1965;CDU;37411;59;802;34381;271;176;463;;781;479;36;192
BE;w;1956-1965;GRÜNE;25421;28;2668;536;19123;41;;;2758;266;38;59
BE;w;1956-1965;FDP;5016;;93;2160;36;2417;212;;98;;;
BE;w;1956-1965;AfD;29949;107;185;1550;;45;27223;;446;392;85;255
BE;w;1956-1965;CSU;;;;;;;;;;;;
BE;w;1956-1965;Die Linke;22370;186;2123;1049;2560;129;143;;15737;444;8;328
BE;w;1956-1965;Sonstige;20092;456;2144;2814;498;635;1645;;4273;7627;990;4265
BE;w;1956-1965;dar. FREIE WÄHLER;558;;70;33;;;31;;;424;424;
BE;w;1956-1965;dar. BSW;14287;295;1313;2288;133;364;1402;;3473;5020;252;4148
BE;w;<=1955;Summe;233884;3448;60061;76704;19824;5667;22677;;35500;10003;971;6294
BE;w;<=1955;ungültig;2355;1711;158;360;;;60;;66;;;
BE;w;<=1955;SPD;60402;281;48361;3929;2612;72;185;;4650;312;;208
BE;w;<=1955;CDU;67670;309;2084;62455;367;739;339;;1050;327;;172
BE;w;<=1955;GRÜNE;19619;;3018;592;14865;10;;;1134;;;
BE;w;<=1955;FDP;7863;;420;2704;135;4122;346;;75;60;29;
BE;w;<=1955;AfD;22948;97;107;1826;;183;19996;;503;236;;194
BE;w;<=1955;CSU;;;;;;;;;;;;
BE;w;<=1955;Die Linke;30781;57;3179;2094;1420;185;470;;22731;645;30;388
BE;w;<=1955;Sonstige;22246;993;2735;2743;425;356;1279;;5291;8423;912;5333
BE;w;<=1955;dar. FREIE WÄHLER;726;;18;105;;10;50;;;544;405;
BE;w;<=1955;dar. BSW;15973;737;1849;1907;240;146;1040;;4282;5773;210;5176
BB;Summe;Summe;Summe;1658681;16488;337040;332331;86006;44451;565718;;189182;87465;53057;
BB;Summe;Summe;ungültig;11343;8897;473;745;15;227;676;;244;67;19;
BB;Summe;Summe;SPD;244010;1105;210249;13241;5194;725;1863;;8415;3219;1888;
BB;Summe;Summe;CDU;298048;1027;19384;254604;3262;5630;7328;;3322;3491;2728;
BB;Summe;Summe;GRÜNE;108598;492;32002;3484;62474;192;416;;7022;2515;140;
BB;Summe;Summe;FDP;53467;12;2606;14276;425;27935;5340;;790;2083;1503;
BB;Summe;Summe;AfD;535275;868;3648;11098;165;1927;509602;;2367;5601;4211;
BB;Summe;Summe;CSU;;;;;;;;;;;;
BB;Summe;Summe;Die Linke;176224;266;35543;4768;11320;405;2868;;117616;3438;1205;
BB;Summe;Summe;Sonstige;231716;3821;33134;30116;3151;7411;37625;;49406;67052;41363;
BB;Summe;Summe;dar. FREIE WÄHLER;23969;20;2044;2039;435;467;1140;;948;16876;16231;
BB;Summe;Summe;dar. BSW;176405;3590;28026;27175;945;5934;34204;;44217;32315;22204;
BB;Summe;2001-2007;Summe;90369;864;15251;9913;6017;2496;30010;;19299;6519;3075;
BB;Summe;2001-2007;ungültig;868;673;;;;;163;;15;17;;
BB;Summe;2001-2007;SPD;6522;;5532;301;279;33;38;;290;48;18;
BB;Summe;2001-2007;CDU;7144;;635;5596;188;77;271;;18;359;342;
BB;Summe;2001-2007;GRÜNE;6883;4;1840;388;3351;4;222;;769;307;53;
BB;Summe;2001-2007;FDP;3620;;148;958;93;1761;580;;5;76;50;
BB;Summe;2001-2007;AfD;28023;;255;809;;34;26384;;276;265;64;
BB;Summe;2001-2007;CSU;;;;;;;;;;;;
BB;Summe;2001-2007;Die Linke;23370;;5222;464;1928;36;52;;14897;771;102;
BB;Summe;2001-2007;Sonstige;13939;187;1620;1397;178;551;2301;;3029;4676;2446;
BB;Summe;2001-2007;dar. FREIE WÄHLER;928;;10;16;4;17;12;;188;681;668;
BB;Summe;2001-2007;dar. BSW;8368;182;1220;1346;47;483;1474;;1848;1768;1190;
BB;Summe;1991-2000;Summe;132167;1052;20513;17664;13624;4257;45530;;19906;9622;4405;
BB;Summe;1991-2000;ungültig;746;727;7;;;;5;;;7;;
BB;Summe;1991-2000;SPD;9679;;7537;971;531;39;14;;382;204;121;
BB;Summe;1991-2000;CDU;14597;93;760;11918;292;347;358;;451;378;253;
BB;Summe;1991-2000;GRÜNE;14084;;3636;323;8109;;7;;1671;339;7;
BB;Summe;1991-2000;FDP;4713;;354;1127;5;2410;323;;63;431;281;
BB;Summe;1991-2000;AfD;43285;45;140;664;;70;41825;;30;511;476;
BB;Summe;1991-2000;CSU;;;;;;;;;;;;
BB;Summe;1991-2000;Die Linke;24581;;5349;180;3846;9;211;;14454;532;200;
BB;Summe;1991-2000;Sonstige;20483;187;2731;2479;840;1382;2787;;2856;7220;3067;
BB;Summe;1991-2000;dar. FREIE WÄHLER;2783;;708;94;280;;179;;96;1425;1322;
BB;Summe;1991-2000;dar. BSW;11725;9;1712;2146;23;981;2389;;1847;2619;1513;
BB;Summe;1981-1990;Summe;284155;2815;39436;46655;21365;7815;124177;;22765;19127;10352;
BB;Summe;1981-1990;ungültig;2225;2031;9;78;;5;86;;4;11;;
BB;Summe;1981-1990;SPD;25285;;19956;1459;1149;14;600;;1284;823;472;
BB;Summe;1981-1990;CDU;42180;283;3929;34098;733;1079;1073;;323;663;289;
BB;Summe;1981-1990;GRÜNE;24240;172;5174;471;15631;49;151;;1792;799;29;
BB;Summe;1981-1990;FDP;8731;;505;2082;267;4623;1042;;170;42;33;
BB;Summe;1981-1990;AfD;120074;15;1156;2626;19;502;113770;;430;1556;1353;
BB;Summe;1981-1990;CSU;;;;;;;;;;;;
BB;Summe;1981-1990;Die Linke;22909;;4384;715;2587;15;630;;14215;363;221;
BB;Summe;1981-1990;Sonstige;38512;313;4323;5127;979;1528;6824;;4548;14869;7955;
BB;Summe;1981-1990;dar. FREIE WÄHLER;4906;;428;709;;133;63;;439;3134;2865;
BB;Summe;1981-1990;dar. BSW;24858;304;3198;4161;132;1021;6643;;3331;6068;3975;
BB;Summe;1966-1980;Summe;422849;2426;66897;84999;22843;10505;172101;;37761;25318;16894;
BB;Summe;1966-1980;ungültig;1503;1153;76;9;;;260;;;5;5;
BB;Summe;1966-1980;SPD;43988;24;36062;3598;1100;335;432;;1818;619;403;
BB;Summe;1966-1980;CDU;77794;15;5247;65123;1518;1233;2772;;825;1061;926;
BB;Summe;1966-1980;GRÜNE;31991;114;10774;1172;18042;31;5;;1346;508;16;
BB;Summe;1966-1980;FDP;13932;;466;3918;46;7029;1502;;171;801;474;
BB;Summe;1966-1980;AfD;164989;261;822;2827;125;426;157940;;528;2060;1307;
BB;Summe;1966-1980;CSU;;;;;;;;;;;;
BB;Summe;1966-1980;Die Linke;31125;5;6111;1338;1509;35;727;;21114;286;184;
BB;Summe;1966-1980;Sonstige;57526;855;7338;7013;502;1416;8463;;11959;19979;13579;
BB;Summe;1966-1980;dar. FREIE WÄHLER;8172;7;189;805;18;273;606;;73;6201;6169;
BB;Summe;1966-1980;dar. BSW;41598;848;6025;6043;290;960;7210;;11064;9158;6754;
BB;Summe;1956-1965;Summe;338838;2498;70393;79391;11570;9785;116248;;34119;14835;10444;
BB;Summe;1956-1965;ungültig;2264;1666;103;153;;;116;;220;5;;
BB;Summe;1956-1965;SPD;52658;5;46496;2646;852;68;365;;1698;528;263;
BB;Summe;1956-1965;CDU;68638;48;3472;60750;249;1461;1208;;735;715;661;
BB;Summe;1956-1965;GRÜNE;17286;195;5649;661;9480;103;5;;719;474;35;
BB;Summe;1956-1965;FDP;11339;;402;3357;7;5650;1490;;44;389;335;
BB;Summe;1956-1965;AfD;108318;31;286;2461;11;731;104095;;291;413;364;
BB;Summe;1956-1965;CSU;;;;;;;;;;;;
BB;Summe;1956-1965;Die Linke;30337;11;6897;936;796;274;707;;19767;948;138;
BB;Summe;1956-1965;Sonstige;48000;542;7087;8425;174;1499;8264;;10645;11363;8649;
BB;Summe;1956-1965;dar. FREIE WÄHLER;3867;;362;269;59;21;253;;120;2782;2745;
BB;Summe;1956-1965;dar. BSW;41719;535;6327;8061;48;1478;7701;;10183;7386;5652;
BB;Summe;<=1955;Summe;390302;6834;124550;93711;10587;9594;77650;;55331;12044;7887;
BB;Summe;<=1955;ungültig;3738;2647;277;504;15;222;47;;5;22;15;
BB;Summe;<=1955;SPD;105878;1076;94665;4265;1282;237;415;;2942;996;611;
BB;Summe;<=1955;CDU;87695;588;5341;77120;281;1433;1646;;970;315;256;
BB;Summe;<=1955;GRÜNE;14113;7;4929;469;7861;5;27;;726;89;;
BB;Summe;<=1955;FDP;11131;12;732;2834;7;6463;402;;337;344;331;
BB;Summe;<=1955;AfD;70588;517;988;1711;10;165;65587;;813;797;648;
BB;Summe;<=1955;CSU;;;;;;;;;;;;
BB;Summe;<=1955;Die Linke;43903;250;7581;1135;654;36;541;;33169;538;361;
BB;Summe;<=1955;Sonstige;53256;1736;10035;5675;478;1034;8985;;16370;8943;5666;
BB;Summe;<=1955;dar. FREIE WÄHLER;3314;12;347;145;73;23;27;;32;2655;2461;
BB;Summe;<=1955;dar. BSW;48136;1713;9543;5418;404;1011;8788;;15945;5315;3120;
BB;m|d|o;Summe;Summe;793979;7408;139364;158139;38439;21101;316129;;76605;36794;21275;
BB;m|d|o;Summe;ungültig;5011;4243;221;169;7;222;110;;19;18;15;
BB;m|d|o;Summe;SPD;99492;593;86954;4990;1921;170;1018;;2881;965;470;
BB;m|d|o;Summe;CDU;145029;340;8227;125892;1402;2936;3421;;1065;1746;1471;
BB;m|d|o;Summe;GRÜNE;49418;;14726;1411;28952;59;178;;2773;1319;112;
BB;m|d|o;Summe;FDP;26971;12;922;7579;183;14107;3208;;233;726;413;
BB;m|d|o;Summe;AfD;301313;607;1168;6095;23;1070;289007;;1268;2075;1503;
BB;m|d|o;Summe;CSU;;;;;;;;;;;;
BB;m|d|o;Summe;Die Linke;72482;247;14162;1682;4521;59;1625;;48542;1643;554;
BB;m|d|o;Summe;Sonstige;94265;1366;12984;10321;1430;2478;17560;;19824;28301;16738;
BB;m|d|o;Summe;dar. FREIE WÄHLER;10353;;90;1233;34;379;604;;346;7667;7433;
BB;m|d|o;Summe;dar. BSW;69595;1348;11357;8687;504;1801;15645;;17869;12384;8141;
BB;m|d|o;2001-2007;Summe;44038;151;5915;5127;2466;1436;18928;;6796;3218;1363;
BB;m|d|o;2001-2007;ungültig;156;141;;;;;;;15;;;
BB;m|d|o;2001-2007;SPD;3007;;2647;85;150;19;31;;56;20;11;
BB;m|d|o;2001-2007;CDU;4078;;294;3189;93;26;237;;10;229;217;
BB;m|d|o;2001-2007;GRÜNE;3183;;853;295;1520;;;;208;307;53;
BB;m|d|o;2001-2007;FDP;2265;;67;492;;1065;575;;5;62;50;
BB;m|d|o;2001-2007;AfD;17828;;13;599;;29;16706;;271;211;20;
BB;m|d|o;2001-2007;CSU;;;;;;;;;;;;
BB;m|d|o;2001-2007;Die Linke;7945;;1420;119;628;29;37;;5212;499;87;
BB;m|d|o;2001-2007;Sonstige;5576;10;622;348;75;267;1343;;1021;1890;926;
BB;m|d|o;2001-2007;dar. FREIE WÄHLER;419;;5;5;;;7;;12;390;377;
BB;m|d|o;2001-2007;dar. BSW;2741;10;430;324;5;216;748;;532;476;264;
BB;m|d|o;1991-2000;Summe;63687;571;8215;8548;4994;2231;25624;;8727;4777;1864;
BB;m|d|o;1991-2000;ungültig;427;422;;;;;5;;;;;
BB;m|d|o;1991-2000;SPD;4003;;3270;170;200;16;5;;214;128;111;
BB;m|d|o;1991-2000;CDU;8063;93;374;6398;96;226;188;;368;321;223;
BB;m|d|o;1991-2000;GRÜNE;6040;;1837;44;3177;;;;737;243;7;
BB;m|d|o;1991-2000;FDP;2800;;205;718;5;1525;276;;52;18;15;
BB;m|d|o;1991-2000;AfD;24794;45;45;589;;60;23758;;23;274;271;
BB;m|d|o;1991-2000;CSU;;;;;;;;;;;;
BB;m|d|o;1991-2000;Die Linke;10020;;1913;161;1276;9;211;;6227;222;88;
BB;m|d|o;1991-2000;Sonstige;7541;11;571;467;239;396;1181;;1106;3570;1149;
BB;m|d|o;1991-2000;dar. FREIE WÄHLER;621;;;;9;;;;;612;602;
BB;m|d|o;1991-2000;dar. BSW;4348;4;504;446;;270;1041;;695;1389;453;
BB;m|d|o;1981-1990;Summe;138802;1221;16404;23798;9629;3574;66253;;9705;8218;4518;
BB;m|d|o;1981-1990;ungültig;1224;1133;9;5;;;73;;;4;;
BB;m|d|o;1981-1990;SPD;10680;;8612;743;419;4;338;;475;89;4;
BB;m|d|o;1981-1990;CDU;21807;12;1767;18623;284;567;349;;128;78;30;
BB;m|d|o;1981-1990;GRÜNE;10551;;1844;209;7134;42;151;;788;382;17;
BB;m|d|o;1981-1990;FDP;4753;;245;1323;150;2223;784;;9;19;19;
BB;m|d|o;1981-1990;AfD;64486;5;233;1237;12;151;62129;;24;696;638;
BB;m|d|o;1981-1990;CSU;;;;;;;;;;;;
BB;m|d|o;1981-1990;Die Linke;9979;;1914;118;1098;5;240;;6512;93;67;
BB;m|d|o;1981-1990;Sonstige;15321;71;1780;1540;532;582;2189;;1770;6858;3742;
BB;m|d|o;1981-1990;dar. FREIE WÄHLER;2614;;7;440;;101;52;;263;1751;1714;
BB;m|d|o;1981-1990;dar. BSW;8492;66;1435;972;15;370;2076;;1137;2420;1606;
BB;m|d|o;1966-1980;Summe;214665;793;30381;42919;11178;4369;99111;;15241;10673;6724;
BB;m|d|o;1966-1980;ungültig;593;568;5;4;;;12;;;5;5;
BB;m|d|o;1966-1980;SPD;19838;19;16266;1754;388;32;312;;741;327;182;
BB;m|d|o;1966-1980;CDU;38128;;2101;32500;717;518;1557;;172;563;550;
BB;m|d|o;1966-1980;GRÜNE;15230;;5163;553;8887;12;;;492;123;13;
BB;m|d|o;1966-1980;FDP;6994;;180;2144;13;2988;905;;150;613;322;
BB;m|d|o;1966-1980;AfD;95006;98;160;1653;;364;91622;;363;746;471;
BB;m|d|o;1966-1980;CSU;;;;;;;;;;;;
BB;m|d|o;1966-1980;Die Linke;14051;;2948;905;832;9;495;;8752;111;21;
BB;m|d|o;1966-1980;Sonstige;24824;108;3557;3406;342;446;4209;;4570;8186;5161;
BB;m|d|o;1966-1980;dar. FREIE WÄHLER;4238;;33;504;18;266;487;;54;2875;2863;
BB;m|d|o;1966-1980;dar. BSW;17146;108;2755;2813;249;170;3526;;4221;3304;2181;
BB;m|d|o;1956-1965;Summe;166345;947;32190;37615;5723;5139;65348;;13334;6049;4487;
BB;m|d|o;1956-1965;ungültig;997;733;99;149;;;12;;5;;;
BB;m|d|o;1956-1965;SPD;22976;;21128;770;372;;62;;444;200;150;
BB;m|d|o;1956-1965;CDU;34934;12;1815;30825;174;911;613;;144;441;386;
BB;m|d|o;1956-1965;GRÜNE;8743;;3175;272;4768;5;5;;305;212;23;
BB;m|d|o;1956-1965;FDP;6010;;135;2009;7;3413;415;;17;14;7;
BB;m|d|o;1956-1965;AfD;61890;16;116;1198;11;391;60007;;77;75;40;
BB;m|d|o;1956-1965;CSU;;;;;;;;;;;;
BB;m|d|o;1956-1965;Die Linke;13367;11;3053;177;365;;356;;8889;514;95;
BB;m|d|o;1956-1965;Sonstige;17429;175;2669;2214;26;420;3878;;3454;4593;3786;
BB;m|d|o;1956-1965;dar. FREIE WÄHLER;1562;;39;218;7;;54;;12;1232;1195;
BB;m|d|o;1956-1965;dar. BSW;14864;175;2456;1938;19;420;3563;;3412;2880;2396;
BB;m|d|o;<=1955;Summe;166441;3725;46259;40132;4447;4352;40864;;22802;3860;2319;
BB;m|d|o;<=1955;ungültig;1613;1246;109;12;7;222;7;;;10;10;
BB;m|d|o;<=1955;SPD;38988;574;35033;1467;392;99;271;;952;202;12;
BB;m|d|o;<=1955;CDU;38020;222;1877;34357;39;689;478;;243;115;64;
BB;m|d|o;<=1955;GRÜNE;5672;;1853;37;3465;;22;;242;52;;
BB;m|d|o;<=1955;FDP;4148;12;90;892;7;2894;254;;;;;
BB;m|d|o;<=1955;AfD;37308;442;602;819;;75;34786;;511;73;63;
BB;m|d|o;<=1955;CSU;;;;;;;;;;;;
BB;m|d|o;<=1955;Die Linke;17120;236;2913;202;322;7;286;;12950;203;195;
BB;m|d|o;<=1955;Sonstige;23573;992;3784;2346;216;367;4760;;7904;3205;1974;
BB;m|d|o;<=1955;dar. FREIE WÄHLER;900;;7;66;;12;5;;4;807;682;
BB;m|d|o;<=1955;dar. BSW;22004;985;3777;2193;216;355;4690;;7873;1914;1240;
BB;w;Summe;Summe;864702;9080;197676;174192;47567;23350;249589;;112577;50671;31782;
BB;w;Summe;ungültig;6332;4654;252;575;7;5;567;;224;48;5;
BB;w;Summe;SPD;144518;512;123295;8251;3274;555;845;;5533;2254;1418;
BB;w;Summe;CDU;153019;687;11157;128713;1859;2694;3907;;2258;1744;1257;
BB;w;Summe;GRÜNE;59180;492;17277;2073;33522;133;238;;4249;1196;27;
BB;w;Summe;FDP;26496;;1684;6697;242;13828;2132;;557;1356;1090;
BB;w;Summe;AfD;233962;262;2480;5003;142;857;220594;;1099;3526;2709;
BB;w;Summe;CSU;;;;;;;;;;;;
BB;w;Summe;Die Linke;103742;18;21382;3086;6799;346;1243;;69074;1796;652;
BB;w;Summe;Sonstige;137451;2455;20149;19795;1722;4933;20065;;29583;38750;24624;
BB;w;Summe;dar. FREIE WÄHLER;13616;20;1954;806;401;89;535;;602;9210;8798;
BB;w;Summe;dar. BSW;106810;2242;16668;18488;441;4132;18560;;26348;19931;14063;
BB;w;2001-2007;Summe;46331;713;9336;4785;3551;1060;11082;;12503;3302;1712;
BB;w;2001-2007;ungültig;712;532;;;;;163;;;17;;
BB;w;2001-2007;SPD;3514;;2885;216;129;13;7;;235;28;7;
BB;w;2001-2007;CDU;3067;;341;2407;95;50;34;;9;130;125;
BB;w;2001-2007;GRÜNE;3701;4;987;93;1830;4;222;;561;;;
BB;w;2001-2007;FDP;1354;;81;465;93;696;5;;;14;;
BB;w;2001-2007;AfD;10195;;243;210;;5;9678;;5;54;45;
BB;w;2001-2007;CSU;;;;;;;;;;;;
BB;w;2001-2007;Die Linke;15424;;3801;345;1299;7;15;;9686;272;15;
BB;w;2001-2007;Sonstige;8364;177;998;1049;104;284;958;;2008;2786;1520;
BB;w;2001-2007;dar. FREIE WÄHLER;509;;5;12;4;17;5;;175;291;291;
BB;w;2001-2007;dar. BSW;5627;172;790;1022;42;267;726;;1315;1292;926;
BB;w;1991-2000;Summe;68480;481;12298;9116;8630;2025;19906;;11179;4846;2541;
BB;w;1991-2000;ungültig;318;304;7;;;;;;;7;;
BB;w;1991-2000;SPD;5677;;4267;801;331;23;9;;168;77;10;
BB;w;1991-2000;CDU;6534;;386;5520;196;121;170;;84;58;31;
BB;w;1991-2000;GRÜNE;8044;;1798;279;4932;;7;;933;96;;
BB;w;1991-2000;FDP;1914;;149;409;;885;48;;11;413;266;
BB;w;1991-2000;AfD;18490;;95;76;;10;18067;;7;236;205;
BB;w;1991-2000;CSU;;;;;;;;;;;;
BB;w;1991-2000;Die Linke;14561;;3436;19;2570;;;;8227;309;112;
BB;w;1991-2000;Sonstige;12941;176;2159;2012;601;987;1606;;1750;3651;1917;
BB;w;1991-2000;dar. FREIE WÄHLER;2162;;708;94;271;;179;;96;813;720;
BB;w;1991-2000;dar. BSW;7377;5;1208;1700;23;711;1348;;1152;1231;1059;
BB;w;1981-1990;Summe;145353;1594;23032;22857;11736;4241;57924;;13060;10909;5834;
BB;w;1981-1990;ungültig;1000;898;;73;;5;12;;4;7;;
BB;w;1981-1990;SPD;14605;;11345;715;730;10;262;;809;734;469;
BB;w;1981-1990;CDU;20374;271;2162;15475;449;513;725;;195;585;259;
BB;w;1981-1990;GRÜNE;13689;172;3330;262;8497;7;;;1004;417;12;
BB;w;1981-1990;FDP;3978;;259;760;116;2400;258;;161;23;14;
BB;w;1981-1990;AfD;55587;10;923;1389;7;351;51641;;406;860;715;
BB;w;1981-1990;CSU;;;;;;;;;;;;
BB;w;1981-1990;Die Linke;12929;;2470;596;1489;10;390;;7703;271;154;
BB;w;1981-1990;Sonstige;23191;243;2543;3586;447;946;4636;;2778;8012;4213;
BB;w;1981-1990;dar. FREIE WÄHLER;2292;;422;269;;32;12;;175;1383;1151;
BB;w;1981-1990;dar. BSW;16366;238;1762;3188;117;651;4566;;2194;3649;2369;
BB;w;1966-1980;Summe;208184;1633;36516;42079;11664;6136;72991;;22520;14645;10169;
BB;w;1966-1980;ungültig;910;585;72;5;;;248;;;;;
BB;w;1966-1980;SPD;24150;5;19797;1844;713;302;120;;1077;292;220;
BB;w;1966-1980;CDU;39666;15;3146;32623;802;715;1215;;652;498;376;
BB;w;1966-1980;GRÜNE;16761;114;5610;619;9155;19;5;;854;385;4;
BB;w;1966-1980;FDP;6938;;286;1774;32;4040;597;;21;188;152;
BB;w;1966-1980;AfD;69983;163;662;1174;125;61;66318;;165;1314;835;
BB;w;1966-1980;CSU;;;;;;;;;;;;
BB;w;1966-1980;Die Linke;17074;5;3162;434;677;26;232;;12362;175;163;
BB;w;1966-1980;Sonstige;32702;747;3781;3607;160;970;4254;;7389;11794;8419;
BB;w;1966-1980;dar. FREIE WÄHLER;3934;7;156;301;;7;119;;19;3326;3306;
BB;w;1966-1980;dar. BSW;24452;739;3271;3230;42;790;3683;;6843;5854;4573;
BB;w;1956-1965;Summe;172493;1550;38203;41776;5846;4646;50901;;20785;8786;5957;
BB;w;1956-1965;ungültig;1267;934;5;5;;;103;;215;5;;
BB;w;1956-1965;SPD;29682;5;25368;1877;480;68;303;;1254;329;113;
BB;w;1956-1965;CDU;33704;35;1657;29925;76;550;594;;592;274;274;
BB;w;1956-1965;GRÜNE;8543;195;2474;389;4712;98;;;413;262;12;
BB;w;1956-1965;FDP;5329;;267;1348;;2237;1076;;27;375;328;
BB;w;1956-1965;AfD;46427;15;170;1263;;340;44088;;214;338;324;
BB;w;1956-1965;CSU;;;;;;;;;;;;
BB;w;1956-1965;Die Linke;16970;;3844;759;431;274;350;;10878;434;43;
BB;w;1956-1965;Sonstige;30571;367;4418;6211;148;1079;4386;;7192;6770;4864;
BB;w;1956-1965;dar. FREIE WÄHLER;2305;;323;51;52;21;199;;108;1550;1550;
BB;w;1956-1965;dar. BSW;26855;360;3872;6123;29;1058;4137;;6771;4506;3255;
BB;w;<=1955;Summe;223861;3109;78291;53579;6140;5243;36786;;32529;8184;5568;
BB;w;<=1955;ungültig;2125;1400;169;492;7;;39;;5;12;5;
BB;w;<=1955;SPD;66890;502;59633;2798;890;138;144;;1991;794;599;
BB;w;<=1955;CDU;49675;366;3465;42763;242;744;1168;;726;199;192;
BB;w;<=1955;GRÜNE;8442;7;3077;431;4396;5;5;;484;37;;
BB;w;<=1955;FDP;6983;;642;1942;;3569;148;;337;344;331;
BB;w;<=1955;AfD;33280;74;387;891;10;90;30802;;302;723;585;
BB;w;<=1955;CSU;;;;;;;;;;;;
BB;w;<=1955;Die Linke;26783;14;4668;933;332;29;255;;20219;335;165;
BB;w;<=1955;Sonstige;29683;745;6251;3329;262;667;4225;;8466;5738;3691;
BB;w;<=1955;dar. FREIE WÄHLER;2414;12;340;79;73;12;22;;29;1848;1779;
BB;w;<=1955;dar. BSW;26132;727;5766;3225;189;655;4099;;8072;3400;1880;
MV;Summe;Summe;Summe;1029038;11315;179547;205786;36898;29339;376846;;144778;44529;27571;
MV;Summe;Summe;ungültig;7796;6407;347;354;16;3;467;;89;113;33;
MV;Summe;Summe;SPD;126687;376;104884;8210;1834;619;901;;8410;1453;965;
MV;Summe;Summe;CDU;181956;476;11580;154463;1262;3386;5553;;3102;2135;1409;
MV;Summe;Summe;GRÜNE;54719;45;16858;2809;27234;186;191;;6968;427;173;
MV;Summe;Summe;FDP;32678;55;1857;9320;108;16578;2896;;1249;615;400;
MV;Summe;Summe;AfD;357361;634;3450;8396;51;1944;337137;;2257;3493;2384;
MV;Summe;Summe;CSU;;;;;;;;;;;;
MV;Summe;Summe;Die Linke;123059;371;21407;5020;3109;813;2308;;88111;1921;1040;
MV;Summe;Summe;Sonstige;144782;2951;19164;17213;3285;5810;27393;;34593;34373;21167;
MV;Summe;Summe;dar. FREIE WÄHLER;10814;87;402;475;6;231;619;;331;8664;8258;
MV;Summe;Summe;dar. BSW;107872;2364;15394;14428;1477;4504;23639;;30407;15659;8938;
MV;Summe;2001-2007;Summe;57123;250;10432;5113;2715;1866;20341;;14218;2188;1278;
MV;Summe;2001-2007;ungültig;212;161;;;;;51;;;;;
MV;Summe;2001-2007;SPD;3643;;2902;308;84;5;28;;243;74;9;
MV;Summe;2001-2007;CDU;3508;;419;2483;48;168;242;;66;82;75;
MV;Summe;2001-2007;GRÜNE;5224;;1947;127;1992;48;3;;1106;3;;
MV;Summe;2001-2007;FDP;1867;;224;401;;828;290;;67;58;55;
MV;Summe;2001-2007;AfD;19516;;195;322;3;185;18530;;101;180;176;
MV;Summe;2001-2007;CSU;;;;;;;;;;;;
MV;Summe;2001-2007;Die Linke;15575;57;3289;207;439;147;125;;11125;185;36;
MV;Summe;2001-2007;Sonstige;7577;31;1457;1266;150;485;1073;;1510;1606;927;
MV;Summe;2001-2007;dar. FREIE WÄHLER;433;;104;48;;10;3;;10;257;257;
MV;Summe;2001-2007;dar. BSW;4288;31;891;929;3;371;663;;838;562;380;
MV;Summe;1991-2000;Summe;82516;476;13838;9581;7071;2505;27501;;17339;4205;2094;
MV;Summe;1991-2000;ungültig;335;301;;6;;;29;;;;;
MV;Summe;1991-2000;SPD;6018;20;4647;312;274;22;31;;567;144;24;
MV;Summe;1991-2000;CDU;7468;;576;5959;100;292;200;;131;210;134;
MV;Summe;1991-2000;GRÜNE;10647;;3017;175;5296;;3;;1985;171;;
MV;Summe;1991-2000;FDP;3061;;409;749;37;1333;295;;220;20;17;
MV;Summe;1991-2000;AfD;26860;;145;755;;130;25395;;200;236;119;
MV;Summe;1991-2000;CSU;;;;;;;;;;;;
MV;Summe;1991-2000;Die Linke;17241;;3608;187;845;111;202;;11938;351;177;
MV;Summe;1991-2000;Sonstige;10885;156;1437;1439;519;617;1346;;2299;3073;1623;
MV;Summe;1991-2000;dar. FREIE WÄHLER;1049;;70;56;;56;77;;69;720;659;
MV;Summe;1991-2000;dar. BSW;5834;80;651;1170;139;461;875;;1464;993;468;
MV;Summe;1981-1990;Summe;154418;1491;18814;23772;7788;4173;72910;;16745;8726;5800;
MV;Summe;1981-1990;ungültig;1117;1048;3;20;6;;;;5;36;8;
MV;Summe;1981-1990;SPD;10547;3;8094;1159;284;112;96;;549;250;169;
MV;Summe;1981-1990;CDU;20068;9;1518;16160;138;579;912;;361;391;281;
MV;Summe;1981-1990;GRÜNE;11398;;3419;663;5766;19;26;;1418;87;37;
MV;Summe;1981-1990;FDP;3684;;229;1011;68;1940;313;;85;38;26;
MV;Summe;1981-1990;AfD;70565;96;576;1572;6;496;66865;;142;812;625;
MV;Summe;1981-1990;CSU;;;;;;;;;;;;
MV;Summe;1981-1990;Die Linke;14906;11;2566;372;688;32;363;;10543;332;282;
MV;Summe;1981-1990;Sonstige;22133;324;2409;2815;832;995;4335;;3643;6780;4370;
MV;Summe;1981-1990;dar. FREIE WÄHLER;1929;;81;6;3;61;141;;12;1626;1551;
MV;Summe;1981-1990;dar. BSW;14064;184;1581;2256;232;759;3477;;2808;2766;1734;
MV;Summe;1966-1980;Summe;238785;1652;30408;48228;7837;7057;108197;;23303;12102;7408;
MV;Summe;1966-1980;ungültig;1044;864;5;48;;;112;;;16;16;
MV;Summe;1966-1980;SPD;20226;72;16263;1630;390;108;328;;1168;268;216;
MV;Summe;1966-1980;CDU;42203;8;2353;36008;317;726;1515;;695;582;375;
MV;Summe;1966-1980;GRÜNE;11835;;3828;718;5883;71;3;;1261;72;41;
MV;Summe;1966-1980;FDP;8828;7;418;2568;3;4404;851;;248;329;162;
MV;Summe;1966-1980;AfD;103790;143;981;2446;42;460;97524;;809;1385;903;
MV;Summe;1966-1980;CSU;;;;;;;;;;;;
MV;Summe;1966-1980;Die Linke;18457;83;3283;958;370;138;441;;12794;391;151;
MV;Summe;1966-1980;Sonstige;32401;475;3278;3854;832;1150;7424;;6327;9060;5546;
MV;Summe;1966-1980;dar. FREIE WÄHLER;2968;31;35;177;;36;86;;85;2519;2365;
MV;Summe;1966-1980;dar. BSW;23928;319;2790;3212;490;779;6409;;5534;4395;2396;
MV;Summe;1956-1965;Summe;229751;2536;38841;50701;5742;6184;86895;;29250;9602;6256;
MV;Summe;1956-1965;ungültig;1452;1125;73;138;;;93;;7;16;;
MV;Summe;1956-1965;SPD;30054;56;24765;2099;211;142;165;;2388;227;204;
MV;Summe;1956-1965;CDU;45845;125;3196;39021;394;522;1258;;838;492;356;
MV;Summe;1956-1965;GRÜNE;7953;45;2237;569;4192;48;132;;666;63;63;
MV;Summe;1956-1965;FDP;6828;;250;1859;;3767;627;;186;139;109;
MV;Summe;1956-1965;AfD;81308;161;709;1766;;355;77300;;440;577;351;
MV;Summe;1956-1965;CSU;;;;;;;;;;;;
MV;Summe;1956-1965;Die Linke;22653;101;3046;1398;488;109;658;;16387;467;310;
MV;Summe;1956-1965;Sonstige;33658;923;4565;3851;457;1241;6662;;8338;7622;4865;
MV;Summe;1956-1965;dar. FREIE WÄHLER;2356;56;3;42;;61;123;;111;1959;1875;
MV;Summe;1956-1965;dar. BSW;27484;793;4021;3527;266;1087;6146;;7871;3772;2293;
MV;Summe;<=1955;Summe;266445;4910;67214;68391;5745;7553;61003;;43923;7705;4735;
MV;Summe;<=1955;ungültig;3635;2909;266;143;10;3;182;;77;45;9;
MV;Summe;<=1955;SPD;56200;225;48213;2703;591;229;253;;3495;490;343;
MV;Summe;<=1955;CDU;62863;335;3519;54832;264;1099;1425;;1011;378;187;
MV;Summe;<=1955;GRÜNE;7662;;2410;557;4105;;25;;532;32;32;
MV;Summe;<=1955;FDP;8409;47;328;2733;;4308;520;;443;30;30;
MV;Summe;<=1955;AfD;55323;234;844;1535;;318;51523;;565;304;211;
MV;Summe;<=1955;CSU;;;;;;;;;;;;
MV;Summe;<=1955;Die Linke;34226;118;5615;1899;280;275;520;;25324;195;85;
MV;Summe;<=1955;Sonstige;38128;1043;6019;3989;495;1321;6554;;12476;6231;3837;
MV;Summe;<=1955;dar. FREIE WÄHLER;2079;;108;146;3;7;189;;44;1583;1552;
MV;Summe;<=1955;dar. BSW;32275;957;5460;3334;346;1047;6068;;11891;3171;1667;
MV;m|d|o;Summe;Summe;493059;4818;73432;96119;16077;12098;214165;;60280;16071;10949;
MV;m|d|o;Summe;ungültig;3400;2835;181;112;10;3;164;;22;72;20;
MV;m|d|o;Summe;SPD;51684;75;43005;3366;605;177;354;;3365;737;508;
MV;m|d|o;Summe;CDU;86634;251;5224;74056;476;1308;3107;;1301;912;620;
MV;m|d|o;Summe;GRÜNE;25007;;7895;1266;12123;48;34;;3412;228;94;
MV;m|d|o;Summe;FDP;15949;9;989;5289;44;7527;1406;;513;172;140;
MV;m|d|o;Summe;AfD;205104;241;1552;4408;17;761;195320;;1115;1691;1240;
MV;m|d|o;Summe;CSU;;;;;;;;;;;;
MV;m|d|o;Summe;Die Linke;47974;83;7527;1415;1343;151;1340;;35545;570;379;
MV;m|d|o;Summe;Sonstige;57307;1323;7059;6208;1460;2123;12440;;15007;11688;7949;
MV;m|d|o;Summe;dar. FREIE WÄHLER;4815;31;191;207;3;93;182;;88;4020;3899;
MV;m|d|o;Summe;dar. BSW;42898;1031;5500;5140;419;1674;10988;;13728;4419;2643;
MV;m|d|o;2001-2007;Summe;28483;178;4177;2939;1389;977;12975;;4822;1026;724;
MV;m|d|o;2001-2007;ungültig;95;95;;;;;;;;;;
MV;m|d|o;2001-2007;SPD;1978;;1583;175;38;;;;182;;;
MV;m|d|o;2001-2007;CDU;2011;;223;1426;6;56;205;;13;82;75;
MV;m|d|o;2001-2007;GRÜNE;2179;;696;42;960;;3;;475;3;;
MV;m|d|o;2001-2007;FDP;1512;;162;346;;660;262;;53;30;27;
MV;m|d|o;2001-2007;AfD;12500;;87;253;3;37;11881;;86;152;148;
MV;m|d|o;2001-2007;CSU;;;;;;;;;;;;
MV;m|d|o;2001-2007;Die Linke;4727;55;838;46;241;28;33;;3486;;;
MV;m|d|o;2001-2007;Sonstige;3480;28;588;651;141;196;591;;527;758;473;
MV;m|d|o;2001-2007;dar. FREIE WÄHLER;304;;102;26;;;;;;176;176;
MV;m|d|o;2001-2007;dar. BSW;1729;28;242;472;;109;381;;319;178;134;
MV;m|d|o;1991-2000;Summe;40684;282;5958;4916;3262;1361;15411;;7835;1658;1069;
MV;m|d|o;1991-2000;ungültig;200;166;;6;;;29;;;;;
MV;m|d|o;1991-2000;SPD;2849;;2225;104;98;6;;;315;101;24;
MV;m|d|o;1991-2000;CDU;3837;;335;3099;43;92;66;;98;103;103;
MV;m|d|o;1991-2000;GRÜNE;4956;;1391;48;2462;;3;;959;92;;
MV;m|d|o;1991-2000;FDP;1899;;308;431;6;842;199;;96;17;17;
MV;m|d|o;1991-2000;AfD;14912;;36;405;;23;14318;;20;110;107;
MV;m|d|o;1991-2000;CSU;;;;;;;;;;;;
MV;m|d|o;1991-2000;Die Linke;7299;;1221;125;394;40;64;;5370;83;55;
MV;m|d|o;1991-2000;Sonstige;4732;116;441;697;259;357;732;;977;1152;762;
MV;m|d|o;1991-2000;dar. FREIE WÄHLER;538;;18;28;;56;56;;36;343;291;
MV;m|d|o;1991-2000;dar. BSW;2488;41;206;558;65;258;497;;587;276;204;
MV;m|d|o;1981-1990;Summe;76745;695;7816;11713;3366;1752;40884;;7149;3370;2436;
MV;m|d|o;1981-1990;ungültig;544;521;3;20;;;;;;;;
MV;m|d|o;1981-1990;SPD;4242;3;3140;597;64;13;28;;330;68;48;
MV;m|d|o;1981-1990;CDU;10070;6;586;8149;36;247;591;;239;216;111;
MV;m|d|o;1981-1990;GRÜNE;5833;;1900;413;2606;7;26;;804;77;37;
MV;m|d|o;1981-1990;FDP;1833;;116;599;35;912;96;;59;17;8;
MV;m|d|o;1981-1990;AfD;40052;56;271;796;;223;38340;;49;316;282;
MV;m|d|o;1981-1990;CSU;;;;;;;;;;;;
MV;m|d|o;1981-1990;Die Linke;5875;;825;158;254;5;205;;4276;152;126;
MV;m|d|o;1981-1990;Sonstige;8295;108;975;982;372;345;1597;;1391;2524;1824;
MV;m|d|o;1981-1990;dar. FREIE WÄHLER;1017;;44;3;;;5;;6;960;936;
MV;m|d|o;1981-1990;dar. BSW;5022;74;549;790;5;253;1320;;1101;931;543;
MV;m|d|o;1966-1980;Summe;121573;696;13107;24165;3772;2797;62871;;9643;4521;3191;
MV;m|d|o;1966-1980;ungültig;522;464;5;;;;38;;;16;16;
MV;m|d|o;1966-1980;SPD;8882;3;7285;683;159;38;199;;344;171;131;
MV;m|d|o;1966-1980;CDU;21620;3;1132;18678;206;361;746;;265;229;153;
MV;m|d|o;1966-1980;GRÜNE;5782;;1955;455;2738;40;3;;590;;;
MV;m|d|o;1966-1980;FDP;3929;5;238;1338;3;1852;356;;60;78;57;
MV;m|d|o;1966-1980;AfD;60658;46;294;1320;14;162;57792;;354;678;434;
MV;m|d|o;1966-1980;CSU;;;;;;;;;;;;
MV;m|d|o;1966-1980;Die Linke;7389;28;1175;239;220;23;296;;5265;143;88;
MV;m|d|o;1966-1980;Sonstige;12790;148;1023;1453;431;322;3440;;2765;3207;2314;
MV;m|d|o;1966-1980;dar. FREIE WÄHLER;1549;31;25;102;;5;31;;33;1323;1300;
MV;m|d|o;1966-1980;dar. BSW;9353;82;761;1194;186;278;2982;;2623;1248;793;
MV;m|d|o;1956-1965;Summe;111186;1000;15925;23990;2348;2501;50161;;11945;3317;2147;
MV;m|d|o;1956-1965;ungültig;622;438;71;37;;;61;;;16;;
MV;m|d|o;1956-1965;SPD;12482;36;10106;827;63;96;98;;1158;98;74;
MV;m|d|o;1956-1965;CDU;22388;53;1502;19390;110;222;689;;210;212;121;
MV;m|d|o;1956-1965;GRÜNE;3142;;772;138;1874;;;;307;52;52;
MV;m|d|o;1956-1965;FDP;3201;;100;1158;;1538;317;;57;30;30;
MV;m|d|o;1956-1965;AfD;47415;73;390;897;;166;45370;;195;324;234;
MV;m|d|o;1956-1965;CSU;;;;;;;;;;;;
MV;m|d|o;1956-1965;Die Linke;8974;;1281;230;163;5;466;;6652;177;111;
MV;m|d|o;1956-1965;Sonstige;12962;400;1703;1315;138;473;3160;;3365;2408;1524;
MV;m|d|o;1956-1965;dar. FREIE WÄHLER;700;;3;16;;25;62;;6;588;567;
MV;m|d|o;1956-1965;dar. BSW;11013;354;1501;1210;107;439;2978;;3261;1162;703;
MV;m|d|o;<=1955;Summe;114390;1967;26449;28396;1939;2709;31864;;18886;2180;1382;
MV;m|d|o;<=1955;ungültig;1417;1151;103;50;10;3;37;;22;41;5;
MV;m|d|o;<=1955;SPD;21250;34;18665;982;183;24;28;;1035;299;230;
MV;m|d|o;<=1955;CDU;26708;189;1446;23314;75;329;810;;475;71;57;
MV;m|d|o;<=1955;GRÜNE;3115;;1181;170;1482;;;;277;5;5;
MV;m|d|o;<=1955;FDP;3575;5;65;1417;;1724;177;;188;;;
MV;m|d|o;<=1955;AfD;29567;66;474;737;;150;27618;;411;111;35;
MV;m|d|o;<=1955;CSU;;;;;;;;;;;;
MV;m|d|o;<=1955;Die Linke;13709;;2185;617;70;50;275;;10496;15;;
MV;m|d|o;<=1955;Sonstige;15049;522;2329;1109;119;429;2919;;5982;1639;1052;
MV;m|d|o;<=1955;dar. FREIE WÄHLER;707;;;32;3;7;28;;7;629;629;
MV;m|d|o;<=1955;dar. BSW;13293;451;2242;915;57;337;2830;;5836;624;266;
MV;w;Summe;Summe;535979;6497;106115;109667;20821;17241;162681;;84498;28458;16622;
MV;w;Summe;ungültig;4396;3572;165;242;6;;302;;67;41;13;
MV;w;Summe;SPD;75003;301;61879;4844;1229;442;547;;5045;716;457;
MV;w;Summe;CDU;95322;225;6356;80407;786;2078;2446;;1802;1222;789;
MV;w;Summe;GRÜNE;29712;45;8962;1544;15111;138;157;;3556;198;79;
MV;w;Summe;FDP;16729;45;869;4032;64;9052;1490;;736;442;260;
MV;w;Summe;AfD;152257;393;1898;3988;35;1183;141817;;1142;1802;1144;
MV;w;Summe;CSU;;;;;;;;;;;;
MV;w;Summe;Die Linke;75085;288;13880;3605;1766;662;968;;52565;1350;661;
MV;w;Summe;Sonstige;87475;1628;12105;11005;1825;3687;14953;;19586;22686;13218;
MV;w;Summe;dar. FREIE WÄHLER;5999;56;210;268;3;138;437;;243;4644;4359;
MV;w;Summe;dar. BSW;64974;1334;9894;9288;1058;2830;12651;;16679;11240;6295;
MV;w;2001-2007;Summe;28640;72;6255;2174;1326;889;7366;;9396;1163;554;
MV;w;2001-2007;ungültig;117;66;;;;;51;;;;;
MV;w;2001-2007;SPD;1664;;1318;133;46;5;28;;61;74;9;
MV;w;2001-2007;CDU;1497;;196;1057;42;112;37;;53;;;
MV;w;2001-2007;GRÜNE;3046;;1251;85;1031;48;;;631;;;
MV;w;2001-2007;FDP;355;;62;55;;168;28;;14;28;28;
MV;w;2001-2007;AfD;7016;;109;68;;148;6649;;14;28;28;
MV;w;2001-2007;CSU;;;;;;;;;;;;
MV;w;2001-2007;Die Linke;10848;3;2450;161;198;119;92;;7639;185;36;
MV;w;2001-2007;Sonstige;4097;3;868;615;9;290;481;;983;848;454;
MV;w;2001-2007;dar. FREIE WÄHLER;129;;3;23;;10;3;;10;81;81;
MV;w;2001-2007;dar. BSW;2559;3;649;457;3;263;282;;519;384;246;
MV;w;1991-2000;Summe;41833;194;7880;4665;3809;1143;12090;;9504;2547;1025;
MV;w;1991-2000;ungültig;135;135;;;;;;;;;;
MV;w;1991-2000;SPD;3169;20;2422;208;176;16;31;;252;43;;
MV;w;1991-2000;CDU;3631;;241;2860;58;199;134;;33;107;30;
MV;w;1991-2000;GRÜNE;5691;;1627;127;2834;;;;1025;78;;
MV;w;1991-2000;FDP;1162;;101;317;31;491;96;;124;3;;
MV;w;1991-2000;AfD;11948;;109;350;;107;11077;;180;126;11;
MV;w;1991-2000;CSU;;;;;;;;;;;;
MV;w;1991-2000;Die Linke;9943;;2386;61;450;71;138;;6568;268;122;
MV;w;1991-2000;Sonstige;6153;39;995;741;260;260;614;;1322;1922;861;
MV;w;1991-2000;dar. FREIE WÄHLER;511;;52;28;;;21;;33;377;368;
MV;w;1991-2000;dar. BSW;3346;39;446;612;74;203;378;;877;717;264;
MV;w;1981-1990;Summe;77674;796;10998;12059;4422;2421;32026;;9596;5356;3364;
MV;w;1981-1990;ungültig;573;526;;;6;;;;5;36;8;
MV;w;1981-1990;SPD;6305;;4954;563;220;100;68;;218;182;121;
MV;w;1981-1990;CDU;9998;3;932;8012;102;331;321;;122;175;170;
MV;w;1981-1990;GRÜNE;5565;;1519;250;3160;12;;;614;10;;
MV;w;1981-1990;FDP;1851;;112;412;33;1028;217;;26;22;19;
MV;w;1981-1990;AfD;30513;39;305;776;6;273;28525;;93;496;344;
MV;w;1981-1990;CSU;;;;;;;;;;;;
MV;w;1981-1990;Die Linke;9031;11;1741;214;434;28;158;;6267;179;156;
MV;w;1981-1990;Sonstige;13837;216;1435;1832;460;649;2737;;2251;4257;2546;
MV;w;1981-1990;dar. FREIE WÄHLER;911;;37;3;3;61;136;;6;666;615;
MV;w;1981-1990;dar. BSW;9042;110;1032;1465;228;506;2158;;1707;1835;1192;
MV;w;1966-1980;Summe;117212;955;17301;24063;4065;4259;45326;;13659;7582;4218;
MV;w;1966-1980;ungültig;522;400;;48;;;74;;;;;
MV;w;1966-1980;SPD;11344;69;8978;947;231;70;129;;824;97;85;
MV;w;1966-1980;CDU;20584;5;1220;17330;111;365;769;;430;353;222;
MV;w;1966-1980;GRÜNE;6053;;1872;263;3144;30;;;671;72;41;
MV;w;1966-1980;FDP;4899;3;181;1229;;2552;495;;188;252;106;
MV;w;1966-1980;AfD;43131;98;687;1127;28;298;39731;;456;707;469;
MV;w;1966-1980;CSU;;;;;;;;;;;;
MV;w;1966-1980;Die Linke;11068;55;2108;719;150;115;145;;7529;248;63;
MV;w;1966-1980;Sonstige;19611;327;2255;2401;401;829;3983;;3563;5853;3232;
MV;w;1966-1980;dar. FREIE WÄHLER;1419;;11;75;;31;55;;52;1196;1065;
MV;w;1966-1980;dar. BSW;14574;236;2029;2019;304;501;3427;;2911;3147;1602;
MV;w;1956-1965;Summe;118566;1537;22916;26711;3394;3684;36734;;17305;6285;4110;
MV;w;1956-1965;ungültig;831;687;3;101;;;32;;7;;;
MV;w;1956-1965;SPD;17571;20;14659;1272;148;46;67;;1230;129;129;
MV;w;1956-1965;CDU;23457;72;1694;19631;284;299;569;;628;280;235;
MV;w;1956-1965;GRÜNE;4810;45;1465;431;2318;48;132;;360;11;11;
MV;w;1956-1965;FDP;3627;;150;701;;2229;310;;129;109;78;
MV;w;1956-1965;AfD;33893;88;319;869;;189;31930;;244;253;117;
MV;w;1956-1965;CSU;;;;;;;;;;;;
MV;w;1956-1965;Die Linke;13679;101;1765;1168;325;104;191;;9735;290;199;
MV;w;1956-1965;Sonstige;20697;523;2861;2536;319;768;3502;;4973;5214;3341;
MV;w;1956-1965;dar. FREIE WÄHLER;1657;56;;26;;36;61;;106;1371;1308;
MV;w;1956-1965;dar. BSW;16471;440;2519;2317;159;647;3168;;4610;2610;1590;
MV;w;<=1955;Summe;152055;2943;40765;39995;3806;4844;29140;;25037;5526;3352;
MV;w;<=1955;ungültig;2218;1757;163;93;;;145;;55;5;5;
MV;w;<=1955;SPD;34950;192;29548;1721;407;206;225;;2460;191;113;
MV;w;<=1955;CDU;36155;145;2073;31518;189;770;616;;536;308;131;
MV;w;<=1955;GRÜNE;4547;;1229;387;2624;;25;;255;28;28;
MV;w;<=1955;FDP;4834;43;263;1316;;2584;343;;255;30;30;
MV;w;<=1955;AfD;25756;168;370;798;;168;23905;;155;192;175;
MV;w;<=1955;CSU;;;;;;;;;;;;
MV;w;<=1955;Die Linke;20517;118;3430;1282;209;225;245;;14828;180;85;
MV;w;<=1955;Sonstige;23079;520;3690;2879;376;892;3635;;6494;4592;2785;
MV;w;<=1955;dar. FREIE WÄHLER;1373;;108;113;;;161;;37;954;923;
MV;w;<=1955;dar. BSW;18982;506;3218;2419;289;710;3237;;6055;2547;1401;
SN;Summe;Summe;Summe;2584777;22002;247349;612826;129025;69629;986060;;326830;191056;71775;79556
SN;Summe;Summe;ungültig;15205;12028;637;1279;6;122;772;;200;160;103;14
SN;Summe;Summe;SPD;217144;415;156485;26288;7590;2012;1868;;17452;5033;2070;1496
SN;Summe;Summe;CDU;507247;894;14976;449050;3752;9029;12982;;7505;9058;5784;1789
SN;Summe;Summe;GRÜNE;167269;216;19862;21555;95942;726;366;;25821;2781;706;152
SN;Summe;Summe;FDP;83436;302;2926;27110;754;40892;6444;;1476;3532;2516;500
SN;Summe;Summe;AfD;958401;681;2913;22526;;3794;909512;;2901;16074;7408;5240
SN;Summe;Summe;CSU;;;;;;;;;;;;
SN;Summe;Summe;Die Linke;290462;674;25797;18678;13421;1596;2913;;219291;8092;1996;2938
SN;Summe;Summe;Sonstige;345613;6792;23753;46338;7559;11458;51203;;52183;146326;51193;67427
SN;Summe;Summe;dar. FREIE WÄHLER;40139;504;1503;5045;287;1359;2960;;1413;27068;26156;165
SN;Summe;Summe;dar. BSW;232257;4367;16692;32809;2333;7764;40714;;38640;88939;16731;64981
SN;Summe;2001-2007;Summe;161085;1124;14126;18469;10397;5585;54836;;45115;11433;2907;4472
SN;Summe;2001-2007;ungültig;821;770;27;;;;25;;;;;
SN;Summe;2001-2007;SPD;9184;;5053;1461;535;182;78;;1545;330;147;38
SN;Summe;2001-2007;CDU;9819;;555;7671;199;368;636;;224;166;32;43
SN;Summe;2001-2007;GRÜNE;12966;;1501;1783;6178;107;;;3042;354;17;
SN;Summe;2001-2007;FDP;6575;105;258;2019;31;3189;494;;174;304;130;66
SN;Summe;2001-2007;AfD;53129;;68;1156;;171;50154;;254;1327;393;418
SN;Summe;2001-2007;CSU;;;;;;;;;;;;
SN;Summe;2001-2007;Die Linke;46594;14;5081;1590;2750;188;222;;35384;1365;236;461
SN;Summe;2001-2007;Sonstige;21996;234;1583;2790;704;1378;3227;;4491;7587;1953;3447
SN;Summe;2001-2007;dar. FREIE WÄHLER;1428;33;130;114;;119;173;;132;727;682;
SN;Summe;2001-2007;dar. BSW;11746;96;782;1775;188;812;1832;;2094;4167;415;3246
SN;Summe;1991-2000;Summe;250623;1711;18333;34230;23149;7691;81707;;63162;20640;6507;6456
SN;Summe;1991-2000;ungültig;1092;912;61;52;;54;;;;14;14;
SN;Summe;1991-2000;SPD;13217;;7585;1819;807;333;154;;2209;310;99;
SN;Summe;1991-2000;CDU;20899;66;680;17401;460;664;365;;584;678;476;39
SN;Summe;1991-2000;GRÜNE;32670;73;3614;3159;16960;136;54;;7761;913;190;7
SN;Summe;1991-2000;FDP;8773;58;457;2584;247;4341;686;;140;259;152;57
SN;Summe;1991-2000;AfD;79879;;449;1877;;487;75561;;185;1319;597;355
SN;Summe;1991-2000;CSU;;;;;;;;;;;;
SN;Summe;1991-2000;Die Linke;57342;106;3240;2283;3345;270;273;;47055;771;108;177
SN;Summe;1991-2000;Sonstige;36750;496;2247;5056;1329;1406;4613;;5228;16375;4870;5821
SN;Summe;1991-2000;dar. FREIE WÄHLER;3737;47;127;489;45;190;257;;194;2388;2380;8
SN;Summe;1991-2000;dar. BSW;18059;230;1095;3012;229;714;2993;;2241;7545;1360;5339
SN;Summe;1981-1990;Summe;425987;3091;31445;81755;35845;10777;170489;;55896;36688;13643;11246
SN;Summe;1981-1990;ungültig;1606;1511;;28;6;;27;;33;;;
SN;Summe;1981-1990;SPD;25978;127;17008;2936;1546;341;343;;2763;914;281;158
SN;Summe;1981-1990;CDU;65426;76;1592;56754;720;1385;1803;;1431;1665;1069;310
SN;Summe;1981-1990;GRÜNE;46816;30;5060;4844;28391;129;42;;7795;525;;34
SN;Summe;1981-1990;FDP;11900;;683;3308;235;5896;739;;158;882;578;174
SN;Summe;1981-1990;AfD;168556;11;352;3706;;509;160286;;182;3510;1701;1028
SN;Summe;1981-1990;CSU;;;;;;;;;;;;
SN;Summe;1981-1990;Die Linke;46920;42;3344;2330;3007;148;167;;36594;1287;170;132
SN;Summe;1981-1990;Sonstige;58786;1294;3408;7849;1938;2369;7081;;6941;27906;9846;9409
SN;Summe;1981-1990;dar. FREIE WÄHLER;7552;50;188;837;84;367;608;;169;5251;4958;
SN;Summe;1981-1990;dar. BSW;31985;771;1923;4847;370;1495;4777;;4169;13633;2846;8946
SN;Summe;1966-1980;Summe;611548;4578;42721;140849;30221;15899;280630;;50967;45683;20123;16811
SN;Summe;1966-1980;ungültig;2993;2538;31;231;;;113;;;79;36;
SN;Summe;1966-1980;SPD;38395;51;26055;6165;1766;249;215;;2992;901;511;253
SN;Summe;1966-1980;CDU;113576;28;2928;99401;915;2308;3167;;1733;3097;1824;534
SN;Summe;1966-1980;GRÜNE;41694;89;5132;7005;23659;199;179;;4762;670;244;81
SN;Summe;1966-1980;FDP;21247;46;584;7064;49;9665;2257;;367;1215;969;96
SN;Summe;1966-1980;AfD;275167;167;577;6025;;1060;261662;;759;4917;2311;1470
SN;Summe;1966-1980;CSU;;;;;;;;;;;;
SN;Summe;1966-1980;Die Linke;43735;168;3499;4393;2037;289;558;;30775;2015;808;652
SN;Summe;1966-1980;Sonstige;74741;1492;3915;10564;1795;2129;12480;;9579;32787;13420;13726
SN;Summe;1966-1980;dar. FREIE WÄHLER;10886;178;363;1389;39;295;826;;147;7650;7283;108
SN;Summe;1966-1980;dar. BSW;49115;847;2454;7573;439;1603;10334;;6887;18978;4400;13000
SN;Summe;1956-1965;Summe;492812;4025;44598;125853;15619;11683;213205;;44424;33406;13539;15788
SN;Summe;1956-1965;ungültig;2719;2241;93;145;;29;158;;;52;45;6
SN;Summe;1956-1965;SPD;40858;37;30276;4897;1099;301;402;;3034;812;315;313
SN;Summe;1956-1965;CDU;107517;119;2964;96425;820;1494;3024;;1324;1348;1052;258
SN;Summe;1956-1965;GRÜNE;18142;;2035;2663;11524;49;72;;1592;207;173;6
SN;Summe;1956-1965;FDP;14128;60;275;4320;136;7436;1065;;299;538;377;84
SN;Summe;1956-1965;AfD;206082;266;692;4649;;618;196311;;484;3062;1392;1108
SN;Summe;1956-1965;CSU;;;;;;;;;;;;
SN;Summe;1956-1965;Die Linke;37932;88;3638;3442;1146;196;778;;27242;1402;375;733
SN;Summe;1956-1965;Sonstige;65434;1214;4626;9311;894;1559;11395;;10449;25986;9810;13280
SN;Summe;1956-1965;dar. FREIE WÄHLER;7980;169;208;1212;42;144;610;;320;5275;5179;
SN;Summe;1956-1965;dar. BSW;49187;774;3707;6963;546;1181;9774;;8948;17294;3129;13054
SN;Summe;<=1955;Summe;642723;7473;96125;211670;13795;17994;185192;;67266;43207;15057;24782
SN;Summe;<=1955;ungültig;5974;4056;425;824;;39;448;;167;14;7;7
SN;Summe;<=1955;SPD;89513;200;70508;9010;1837;607;676;;4909;1766;718;735
SN;Summe;<=1955;CDU;190011;606;6258;171398;637;2810;3987;;2210;2105;1330;604
SN;Summe;<=1955;GRÜNE;14981;24;2521;2101;9230;106;19;;869;112;82;23
SN;Summe;<=1955;FDP;20813;33;669;7816;56;10364;1203;;338;334;310;24
SN;Summe;<=1955;AfD;175587;237;776;5113;;947;165538;;1038;1939;1014;861
SN;Summe;<=1955;CSU;;;;;;;;;;;;
SN;Summe;<=1955;Die Linke;57939;255;6995;4641;1136;504;914;;42242;1252;300;784
SN;Summe;<=1955;Sonstige;87905;2062;7973;10768;899;2617;12407;;15495;35685;11295;21744
SN;Summe;<=1955;dar. FREIE WÄHLER;8555;28;487;1003;78;244;485;;452;5777;5673;49
SN;Summe;<=1955;dar. BSW;72164;1649;6731;8639;561;1959;11004;;14301;27321;4581;21396
SN;m|d|o;Summe;Summe;1257371;9232;105244;285440;61737;33178;546932;;137948;77659;27350;32952
SN;m|d|o;Summe;ungültig;6509;5269;253;417;;115;306;;92;57;51;6
SN;m|d|o;Summe;SPD;94223;184;68447;12023;3143;731;553;;7297;1846;715;546
SN;m|d|o;Summe;CDU;238447;331;5680;211287;1791;5122;7453;;3129;3655;2407;520
SN;m|d|o;Summe;GRÜNE;80485;57;8661;10652;47553;282;61;;11983;1238;333;72
SN;m|d|o;Summe;FDP;43480;302;1525;15089;357;20745;3433;;673;1357;1033;100
SN;m|d|o;Summe;AfD;537433;378;1440;11715;;1719;512846;;1228;8107;3900;2286
SN;m|d|o;Summe;CSU;;;;;;;;;;;;
SN;m|d|o;Summe;Die Linke;120001;278;10087;7223;5710;743;1126;;91411;3424;680;1249
SN;m|d|o;Summe;Sonstige;136792;2433;9152;17035;3184;3721;21156;;22135;57976;18231;28172
SN;m|d|o;Summe;dar. FREIE WÄHLER;14624;245;535;2048;148;460;1076;;295;9817;9417;59
SN;m|d|o;Summe;dar. BSW;92701;1565;6444;11693;779;2434;17518;;16643;35626;5832;27563
SN;m|d|o;2001-2007;Summe;78622;803;6307;10230;5184;3087;32716;;14970;5325;1311;1922
SN;m|d|o;2001-2007;ungültig;581;530;27;;;;25;;;;;
SN;m|d|o;2001-2007;SPD;4222;;2534;677;79;153;27;;546;206;86;6
SN;m|d|o;2001-2007;CDU;5670;;316;4391;114;273;262;;149;166;32;43
SN;m|d|o;2001-2007;GRÜNE;6399;;898;839;3299;107;;;1077;180;17;
SN;m|d|o;2001-2007;FDP;3667;105;99;1449;;1608;286;;30;89;34;
SN;m|d|o;2001-2007;AfD;32372;;48;799;;83;30628;;31;784;281;204
SN;m|d|o;2001-2007;CSU;;;;;;;;;;;;
SN;m|d|o;2001-2007;Die Linke;16014;14;1756;710;1456;136;52;;11268;621;106;284
SN;m|d|o;2001-2007;Sonstige;9696;153;630;1365;236;727;1437;;1870;3278;754;1384
SN;m|d|o;2001-2007;dar. FREIE WÄHLER;677;33;;114;;119;94;;38;280;235;
SN;m|d|o;2001-2007;dar. BSW;4766;69;335;747;64;362;787;;783;1618;164;1334
SN;m|d|o;1991-2000;Summe;127994;881;8622;18673;10952;4566;47004;;27852;9444;3235;2629
SN;m|d|o;1991-2000;ungültig;755;635;;52;;54;;;;14;14;
SN;m|d|o;1991-2000;SPD;6562;;3697;1233;426;146;;;1002;58;18;
SN;m|d|o;1991-2000;CDU;11637;66;388;9675;322;377;222;;269;318;220;
SN;m|d|o;1991-2000;GRÜNE;16189;;1685;1699;8175;89;54;;3997;491;190;
SN;m|d|o;1991-2000;FDP;6012;58;275;1994;123;2885;404;;101;173;134;6
SN;m|d|o;1991-2000;AfD;47176;;307;1113;;350;44285;;172;949;434;202
SN;m|d|o;1991-2000;CSU;;;;;;;;;;;;
SN;m|d|o;1991-2000;Die Linke;23936;33;1147;1016;1120;130;114;;20014;361;55;32
SN;m|d|o;1991-2000;Sonstige;15726;89;1123;1892;786;536;1925;;2296;7080;2171;2388
SN;m|d|o;1991-2000;dar. FREIE WÄHLER;1754;;22;384;45;36;82;;78;1108;1100;8
SN;m|d|o;1991-2000;dar. BSW;7042;83;444;900;89;257;1351;;847;3071;521;2281
SN;m|d|o;1981-1990;Summe;216311;1213;13630;40795;17209;5283;96891;;26128;15161;5322;4713
SN;m|d|o;1981-1990;ungültig;684;656;;28;;;;;;;;
SN;m|d|o;1981-1990;SPD;12186;49;7980;1481;659;89;115;;1461;351;62;87
SN;m|d|o;1981-1990;CDU;32471;18;474;28202;503;886;985;;785;618;428;49
SN;m|d|o;1981-1990;GRÜNE;22388;30;2143;2452;13857;51;;;3620;236;;
SN;m|d|o;1981-1990;FDP;6541;;416;1977;40;3488;315;;65;242;144;43
SN;m|d|o;1981-1990;AfD;97461;;107;2186;;120;93048;;;2000;1093;444
SN;m|d|o;1981-1990;CSU;;;;;;;;;;;;
SN;m|d|o;1981-1990;Die Linke;21742;42;1331;1089;1243;6;93;;17340;598;62;103
SN;m|d|o;1981-1990;Sonstige;22838;417;1179;3380;908;643;2335;;2857;11116;3533;3987
SN;m|d|o;1981-1990;dar. FREIE WÄHLER;3062;;103;466;73;97;394;;32;1897;1768;
SN;m|d|o;1981-1990;dar. BSW;11995;327;551;1739;249;381;1503;;1698;5547;1031;3851
SN;m|d|o;1966-1980;Summe;316665;1779;19055;71207;16040;8173;160033;;21462;18915;8157;6869
SN;m|d|o;1966-1980;ungültig;1416;1162;31;186;;;;;;36;36;
SN;m|d|o;1966-1980;SPD;17711;23;11958;3016;819;152;93;;1173;477;261;125
SN;m|d|o;1966-1980;CDU;58432;28;978;51391;391;1403;2204;;779;1259;852;62
SN;m|d|o;1966-1980;GRÜNE;21839;27;2449;3697;13064;35;;;2294;273;126;49
SN;m|d|o;1966-1980;FDP;11368;46;336;4028;42;5177;1059;;236;444;379;26
SN;m|d|o;1966-1980;AfD;158487;87;211;3196;;423;151619;;290;2661;1225;757
SN;m|d|o;1966-1980;CSU;;;;;;;;;;;;
SN;m|d|o;1966-1980;Die Linke;18109;;1469;1724;1004;140;183;;12843;745;271;207
SN;m|d|o;1966-1980;Sonstige;29304;407;1622;3970;720;843;4876;;3847;13020;5005;5644
SN;m|d|o;1966-1980;dar. FREIE WÄHLER;4204;98;89;576;;137;219;;44;3042;2835;51
SN;m|d|o;1966-1980;dar. BSW;19164;104;1198;2794;61;663;4112;;2609;7624;1566;5505
SN;m|d|o;1956-1965;Summe;237730;1504;18965;58144;6667;5048;116716;;19046;11640;4338;5786
SN;m|d|o;1956-1965;ungültig;847;706;40;12;;29;53;;;6;;6
SN;m|d|o;1956-1965;SPD;16913;;12949;1980;434;112;87;;1180;171;26;100
SN;m|d|o;1956-1965;CDU;51177;;1101;46380;379;699;1698;;322;598;451;127
SN;m|d|o;1956-1965;GRÜNE;7853;;633;1314;5259;;;;618;28;;
SN;m|d|o;1956-1965;FDP;6926;60;178;2037;96;3466;763;;166;161;100;19
SN;m|d|o;1956-1965;AfD;113401;154;468;2156;;298;109062;;250;1012;505;340
SN;m|d|o;1956-1965;CSU;;;;;;;;;;;;
SN;m|d|o;1956-1965;Die Linke;16585;88;1684;1209;301;103;255;;12257;688;83;390
SN;m|d|o;1956-1965;Sonstige;24029;496;1911;3056;198;342;4798;;4253;8976;3174;4802
SN;m|d|o;1956-1965;dar. FREIE WÄHLER;2541;114;78;342;;34;112;;45;1816;1816;
SN;m|d|o;1956-1965;dar. BSW;19116;321;1622;2476;121;289;4412;;3956;5919;914;4677
SN;m|d|o;<=1955;Summe;280049;3052;38665;86390;5684;7021;93572;;28489;17174;4987;11033
SN;m|d|o;<=1955;ungültig;2226;1579;155;139;;33;228;;92;;;
SN;m|d|o;<=1955;SPD;36629;112;29328;3636;726;79;230;;1934;583;263;227
SN;m|d|o;<=1955;CDU;79061;219;2423;71248;82;1483;2083;;826;696;424;239
SN;m|d|o;<=1955;GRÜNE;5817;;853;651;3899;;6;;377;30;;23
SN;m|d|o;<=1955;FDP;8966;33;222;3603;56;4121;607;;75;248;242;6
SN;m|d|o;<=1955;AfD;88536;137;299;2266;;446;84204;;485;700;362;338
SN;m|d|o;<=1955;CSU;;;;;;;;;;;;
SN;m|d|o;<=1955;Die Linke;23616;101;2699;1474;586;228;429;;17688;411;103;233
SN;m|d|o;<=1955;Sonstige;35199;870;2687;3372;336;630;5785;;7013;14506;3594;9966
SN;m|d|o;<=1955;dar. FREIE WÄHLER;2384;;244;167;30;37;175;;58;1675;1663;
SN;m|d|o;<=1955;dar. BSW;30619;661;2295;3037;196;482;5353;;6750;11847;1635;9915
SN;w;Summe;Summe;1327406;12770;142105;327386;67288;36451;439128;;188882;113397;44425;46604
SN;w;Summe;ungültig;8696;6759;385;862;6;6;466;;108;103;52;7
SN;w;Summe;SPD;122921;230;88038;14265;4448;1282;1315;;10155;3187;1355;951
SN;w;Summe;CDU;268800;564;9296;237764;1961;3908;5529;;4376;5403;3377;1269
SN;w;Summe;GRÜNE;86784;159;11201;10903;48389;444;305;;13838;1543;372;80
SN;w;Summe;FDP;39956;;1401;12021;398;20147;3011;;803;2175;1483;400
SN;w;Summe;AfD;420968;302;1472;10811;;2075;396666;;1673;7967;3507;2954
SN;w;Summe;CSU;;;;;;;;;;;;
SN;w;Summe;Die Linke;170461;396;15710;11456;7711;852;1787;;127880;4668;1317;1689
SN;w;Summe;Sonstige;208821;4360;14601;29303;4375;7736;30047;;30048;88350;32962;39254
SN;w;Summe;dar. FREIE WÄHLER;25515;259;968;2996;139;899;1883;;1118;17251;16739;105
SN;w;Summe;dar. BSW;139556;2802;10248;21116;1554;5330;23196;;21997;53313;10898;37418
SN;w;2001-2007;Summe;82463;321;7819;8239;5213;2498;22120;;30144;6108;1596;2551
SN;w;2001-2007;ungültig;240;240;;;;;;;;;;
SN;w;2001-2007;SPD;4962;;2520;784;456;29;51;;999;124;61;32
SN;w;2001-2007;CDU;4149;;239;3280;85;95;374;;76;;;
SN;w;2001-2007;GRÜNE;6566;;603;944;2879;;;;1966;174;;
SN;w;2001-2007;FDP;2908;;159;570;31;1582;208;;144;215;95;66
SN;w;2001-2007;AfD;20757;;20;357;;89;19526;;223;542;112;214
SN;w;2001-2007;CSU;;;;;;;;;;;;
SN;w;2001-2007;Die Linke;30580;;3325;879;1293;52;170;;24115;744;130;177
SN;w;2001-2007;Sonstige;12301;81;953;1425;469;651;1791;;2622;4309;1199;2063
SN;w;2001-2007;dar. FREIE WÄHLER;751;;130;;;;80;;94;447;447;
SN;w;2001-2007;dar. BSW;6980;27;447;1028;124;450;1045;;1311;2549;250;1912
SN;w;1991-2000;Summe;122629;831;9711;15557;12197;3126;34703;;35310;11195;3271;3826
SN;w;1991-2000;ungültig;338;277;61;;;;;;;;;
SN;w;1991-2000;SPD;6655;;3888;587;380;187;154;;1207;252;80;
SN;w;1991-2000;CDU;9262;;292;7726;138;287;143;;315;360;257;39
SN;w;1991-2000;GRÜNE;16481;73;1929;1460;8785;47;;;3765;422;;7
SN;w;1991-2000;FDP;2760;;182;590;125;1457;282;;38;86;18;50
SN;w;1991-2000;AfD;32703;;142;765;;138;31276;;13;370;163;152
SN;w;1991-2000;CSU;;;;;;;;;;;;
SN;w;1991-2000;Die Linke;33406;73;2093;1267;2224;140;159;;27040;409;54;144
SN;w;1991-2000;Sonstige;21024;408;1124;3163;543;870;2688;;2932;9296;2699;3433
SN;w;1991-2000;dar. FREIE WÄHLER;1983;47;105;106;;154;175;;116;1280;1280;
SN;w;1991-2000;dar. BSW;11018;147;652;2112;140;457;1642;;1394;4474;838;3058
SN;w;1981-1990;Summe;209676;1877;17816;40960;18636;5494;73598;;29768;21527;8322;6533
SN;w;1981-1990;ungültig;921;854;;;6;;27;;33;;;
SN;w;1981-1990;SPD;13792;78;9027;1454;888;253;228;;1302;562;219;70
SN;w;1981-1990;CDU;32955;58;1118;28552;218;498;818;;646;1047;641;261
SN;w;1981-1990;GRÜNE;24427;;2917;2392;14534;78;42;;4175;289;;34
SN;w;1981-1990;FDP;5358;;267;1330;195;2408;424;;93;640;434;132
SN;w;1981-1990;AfD;71095;11;245;1520;;390;67238;;182;1510;607;584
SN;w;1981-1990;CSU;;;;;;;;;;;;
SN;w;1981-1990;Die Linke;25178;;2013;1242;1765;141;75;;19254;689;108;29
SN;w;1981-1990;Sonstige;35948;876;2229;4469;1030;1726;4746;;4083;16789;6313;5422
SN;w;1981-1990;dar. FREIE WÄHLER;4490;50;85;370;11;269;214;;137;3354;3190;
SN;w;1981-1990;dar. BSW;19990;444;1372;3108;121;1113;3274;;2471;8086;1815;5095
SN;w;1966-1980;Summe;294882;2799;23666;69641;14181;7726;120598;;29505;26768;11966;9943
SN;w;1966-1980;ungültig;1577;1376;;45;;;113;;;43;;
SN;w;1966-1980;SPD;20683;28;14097;3149;947;97;122;;1819;424;249;128
SN;w;1966-1980;CDU;55143;;1950;48010;523;905;963;;954;1838;972;473
SN;w;1966-1980;GRÜNE;19856;62;2683;3308;10595;164;179;;2469;397;118;32
SN;w;1966-1980;FDP;9879;;248;3036;7;4488;1198;;131;771;590;70
SN;w;1966-1980;AfD;116680;80;365;2829;;638;110043;;469;2256;1086;713
SN;w;1966-1980;CSU;;;;;;;;;;;;
SN;w;1966-1980;Die Linke;25627;168;2030;2669;1033;149;375;;17932;1270;537;445
SN;w;1966-1980;Sonstige;45437;1085;2293;6595;1074;1285;7605;;5732;19768;8415;8082
SN;w;1966-1980;dar. FREIE WÄHLER;6682;80;274;813;39;158;607;;103;4608;4448;56
SN;w;1966-1980;dar. BSW;29951;742;1256;4779;379;940;6222;;4279;11354;2834;7495
SN;w;1956-1965;Summe;255081;2521;25634;67708;8952;6634;96489;;25377;21766;9200;10003
SN;w;1956-1965;ungültig;1872;1535;54;133;;;105;;;45;45;
SN;w;1956-1965;SPD;23945;37;17326;2917;665;189;314;;1854;642;290;213
SN;w;1956-1965;CDU;56340;119;1862;50045;441;795;1327;;1002;750;601;131
SN;w;1956-1965;GRÜNE;10289;;1402;1349;6265;49;72;;973;179;173;6
SN;w;1956-1965;FDP;7203;;97;2283;39;3970;303;;133;377;277;65
SN;w;1956-1965;AfD;92680;112;223;2493;;320;87249;;233;2050;887;768
SN;w;1956-1965;CSU;;;;;;;;;;;;
SN;w;1956-1965;Die Linke;21347;;1954;2232;845;94;523;;14985;714;292;342
SN;w;1956-1965;Sonstige;41405;718;2715;6256;697;1217;6596;;6197;17010;6636;8478
SN;w;1956-1965;dar. FREIE WÄHLER;5438;54;130;871;42;110;497;;275;3459;3363;
SN;w;1956-1965;dar. BSW;30071;453;2085;4486;426;892;5362;;4992;11375;2215;8377
SN;w;<=1955;Summe;362675;4421;57460;125281;8110;10973;91620;;38777;26033;10069;13749
SN;w;<=1955;ungültig;3748;2477;270;685;;6;221;;75;14;7;7
SN;w;<=1955;SPD;52884;88;41180;5374;1111;527;446;;2975;1183;455;508
SN;w;<=1955;CDU;110950;387;3835;100149;556;1327;1903;;1384;1409;906;365
SN;w;<=1955;GRÜNE;9165;24;1668;1450;5331;106;12;;491;82;82;
SN;w;<=1955;FDP;11847;;448;4212;;6243;596;;263;86;68;17
SN;w;<=1955;AfD;87052;100;478;2847;;502;81334;;553;1238;652;523
SN;w;<=1955;CSU;;;;;;;;;;;;
SN;w;<=1955;Die Linke;34323;154;4296;3167;550;276;485;;24553;842;198;551
SN;w;<=1955;Sonstige;52706;1192;5286;7396;562;1986;6622;;8483;21179;7701;11777
SN;w;<=1955;dar. FREIE WÄHLER;6171;28;243;837;48;208;310;;394;4103;4011;49
SN;w;<=1955;dar. BSW;41545;988;4436;5602;365;1477;5651;;7551;15474;2946;11482
ST;Summe;Summe;Summe;1347837;17293;183951;313319;48599;37603;515634;;165818;65620;42363;
ST;Summe;Summe;ungültig;10488;8516;156;552;53;69;692;;182;267;218;
ST;Summe;Summe;SPD;146535;250;118793;13707;3760;1354;1193;;5796;1682;1107;
ST;Summe;Summe;CDU;256538;925;8908;229728;1420;3788;6507;;2542;2719;1977;
ST;Summe;Summe;GRÜNE;59077;49;12921;5424;34620;213;225;;5051;573;272;
ST;Summe;Summe;FDP;41251;93;1559;13185;285;21394;2538;;1004;1194;811;
ST;Summe;Summe;AfD;496110;913;1926;13981;93;2263;466599;;2756;7580;3430;
ST;Summe;Summe;CSU;;;;;;;;;;;;
ST;Summe;Summe;Die Linke;143807;198;18535;7213;4839;1063;2620;;106898;2442;1181;
ST;Summe;Summe;Sonstige;194031;6349;21154;29529;3529;7459;35260;;41588;49163;33367;
ST;Summe;Summe;dar. FREIE WÄHLER;18449;11;670;1884;130;326;1290;;425;13712;12840;
ST;Summe;Summe;dar. BSW;150411;5909;17582;25003;1602;6235;31334;;37359;25387;15808;
ST;Summe;2001-2007;Summe;73513;757;9488;7899;3383;2576;29685;;16875;2849;1380;
ST;Summe;2001-2007;ungültig;691;572;;6;5;11;67;;;30;30;
ST;Summe;2001-2007;SPD;4048;;2456;559;292;212;150;;317;62;;
ST;Summe;2001-2007;CDU;4883;30;389;3684;10;146;291;;140;192;83;
ST;Summe;2001-2007;GRÜNE;4170;;1491;407;1656;18;45;;553;;;
ST;Summe;2001-2007;FDP;2049;5;144;725;68;929;122;;41;17;5;
ST;Summe;2001-2007;AfD;28525;50;104;812;;264;26847;;126;321;148;
ST;Summe;2001-2007;CSU;;;;;;;;;;;;
ST;Summe;2001-2007;Die Linke;19842;;3545;616;1018;169;203;;13865;425;142;
ST;Summe;2001-2007;Sonstige;9305;101;1358;1090;334;829;1960;;1832;1801;972;
ST;Summe;2001-2007;dar. FREIE WÄHLER;310;;;30;;;82;;;198;198;
ST;Summe;2001-2007;dar. BSW;5600;49;885;880;;576;1310;;1202;699;324;
ST;Summe;1991-2000;Summe;104028;721;13071;12193;7418;2937;43995;;17568;6125;3567;
ST;Summe;1991-2000;ungültig;500;447;;18;;6;18;;;12;6;
ST;Summe;1991-2000;SPD;5831;;4348;703;339;56;31;;261;93;42;
ST;Summe;1991-2000;CDU;8310;;415;6825;85;261;398;;181;144;131;
ST;Summe;1991-2000;GRÜNE;9709;;2404;581;5141;58;56;;1315;155;65;
ST;Summe;1991-2000;FDP;3034;;152;872;46;1741;136;;12;75;69;
ST;Summe;1991-2000;AfD;42906;147;44;942;52;108;40941;;106;567;277;
ST;Summe;1991-2000;CSU;;;;;;;;;;;;
ST;Summe;1991-2000;Die Linke;19719;6;3940;648;943;105;248;;13462;367;11;
ST;Summe;1991-2000;Sonstige;14018;120;1767;1604;811;603;2167;;2231;4714;2967;
ST;Summe;1991-2000;dar. FREIE WÄHLER;1515;6;10;138;51;17;24;;39;1229;1078;
ST;Summe;1991-2000;dar. BSW;8286;104;1258;1084;196;441;1705;;1392;2107;1268;
ST;Summe;1981-1990;Summe;208602;2067;18792;38227;10840;5473;100675;;20134;12394;8037;
ST;Summe;1981-1990;ungültig;1404;1243;6;73;5;;54;;5;19;19;
ST;Summe;1981-1990;SPD;11995;;9326;1498;453;101;73;;399;143;143;
ST;Summe;1981-1990;CDU;28531;91;1164;24571;272;486;1245;;183;518;404;
ST;Summe;1981-1990;GRÜNE;14156;;2998;1202;8372;;63;;1323;198;86;
ST;Summe;1981-1990;FDP;5958;33;182;1970;29;2793;405;;120;426;230;
ST;Summe;1981-1990;AfD;99206;113;338;2485;18;426;93294;;426;2107;1063;
ST;Summe;1981-1990;CSU;;;;;;;;;;;;
ST;Summe;1981-1990;Die Linke;17935;14;2417;621;739;136;196;;13361;450;272;
ST;Summe;1981-1990;Sonstige;29417;572;2362;5806;951;1531;5345;;4317;8533;5821;
ST;Summe;1981-1990;dar. FREIE WÄHLER;3898;5;155;386;12;58;311;;91;2881;2801;
ST;Summe;1981-1990;dar. BSW;18822;488;1455;4488;257;1246;4614;;3199;3075;1928;
ST;Summe;1966-1980;Summe;319413;3178;29262;70375;12718;8599;148543;;29124;17613;11580;
ST;Summe;1966-1980;ungültig;1713;1490;52;53;;6;91;;16;5;5;
ST;Summe;1966-1980;SPD;24146;34;18663;2699;1129;193;126;;843;459;281;
ST;Summe;1966-1980;CDU;55900;221;1726;49874;433;940;1559;;376;772;618;
ST;Summe;1966-1980;GRÜNE;14977;16;2724;1310;9752;10;50;;1004;111;111;
ST;Summe;1966-1980;FDP;10322;;336;3422;16;5030;779;;296;442;386;
ST;Summe;1966-1980;AfD;144105;106;192;4168;;576;136105;;746;2211;748;
ST;Summe;1966-1980;CSU;;;;;;;;;;;;
ST;Summe;1966-1980;Die Linke;24408;;2250;1751;995;241;703;;17963;505;321;
ST;Summe;1966-1980;Sonstige;43843;1311;3320;7099;392;1603;9130;;7881;13108;9108;
ST;Summe;1966-1980;dar. FREIE WÄHLER;4359;;134;472;6;52;404;;160;3131;2950;
ST;Summe;1966-1980;dar. BSW;34052;1193;2701;6082;258;1495;8000;;6998;7325;4936;
ST;Summe;1956-1965;Summe;291382;3994;40053;72508;6676;7556;112860;;34029;13704;9294;
ST;Summe;1956-1965;ungültig;2205;1805;6;61;;;223;;16;94;50;
ST;Summe;1956-1965;SPD;34246;95;28260;2557;732;480;303;;1264;556;425;
ST;Summe;1956-1965;CDU;61025;290;1909;55014;294;775;1584;;702;458;263;
ST;Summe;1956-1965;GRÜNE;7602;;1572;908;4702;;12;;398;11;5;
ST;Summe;1956-1965;FDP;8551;55;74;3032;13;4388;495;;374;120;27;
ST;Summe;1956-1965;AfD;106180;260;409;2783;6;466;100198;;761;1297;731;
ST;Summe;1956-1965;CSU;;;;;;;;;;;;
ST;Summe;1956-1965;Die Linke;25010;51;2663;1403;532;158;580;;19234;390;221;
ST;Summe;1956-1965;Sonstige;46563;1439;5161;6750;398;1289;9465;;11281;10779;7572;
ST;Summe;1956-1965;dar. FREIE WÄHLER;4338;;171;315;47;47;332;;92;3335;3054;
ST;Summe;1956-1965;dar. BSW;39224;1406;4633;6247;319;1108;8752;;10896;5864;3674;
ST;Summe;<=1955;Summe;350900;6576;73284;112117;7564;10462;79875;;48087;12935;8505;
ST;Summe;<=1955;ungültig;3975;2959;93;341;44;47;239;;146;108;108;
ST;Summe;<=1955;SPD;66270;122;55740;5691;814;312;510;;2713;368;217;
ST;Summe;<=1955;CDU;97889;293;3305;89760;326;1180;1429;;960;636;478;
ST;Summe;<=1955;GRÜNE;8463;33;1732;1016;4997;128;;;459;98;5;
ST;Summe;<=1955;FDP;11336;;671;3164;113;6513;600;;160;115;94;
ST;Summe;<=1955;AfD;75188;238;839;2790;17;423;69214;;591;1077;463;
ST;Summe;<=1955;CSU;;;;;;;;;;;;
ST;Summe;<=1955;Die Linke;36894;127;3720;2174;611;254;690;;29013;305;214;
ST;Summe;<=1955;Sonstige;50885;2805;7185;7180;643;1604;7193;;14045;10229;6927;
ST;Summe;<=1955;dar. FREIE WÄHLER;4029;;200;543;14;152;137;;44;2940;2759;
ST;Summe;<=1955;dar. BSW;44427;2669;6649;6222;573;1369;6954;;13672;6319;3679;
ST;m|d|o;Summe;Summe;658334;7684;79340;144710;22123;16419;291922;;69576;26561;15902;
ST;m|d|o;Summe;ungültig;4570;3691;126;187;49;6;396;;74;41;41;
ST;m|d|o;Summe;SPD;64390;113;52384;6175;1383;565;782;;2422;566;373;
ST;m|d|o;Summe;CDU;119764;517;3902;106998;616;1615;3516;;1238;1361;992;
ST;m|d|o;Summe;GRÜNE;27213;44;5821;2637;16003;123;113;;2171;300;109;
ST;m|d|o;Summe;FDP;20014;39;490;6711;176;10238;1385;;313;661;425;
ST;m|d|o;Summe;AfD;285211;280;923;7904;19;1075;269526;;1456;4029;1638;
ST;m|d|o;Summe;CSU;;;;;;;;;;;;
ST;m|d|o;Summe;Die Linke;58988;80;7418;2755;1981;234;1186;;44375;961;394;
ST;m|d|o;Summe;Sonstige;78184;2920;8276;11342;1896;2563;15019;;17525;18642;11930;
ST;m|d|o;Summe;dar. FREIE WÄHLER;6512;;336;650;108;36;426;;77;4879;4780;
ST;m|d|o;Summe;dar. BSW;59928;2675;6827;9625;713;2165;13489;;15504;8930;5123;
ST;m|d|o;2001-2007;Summe;37519;401;4095;5087;1662;1488;17584;;5453;1747;945;
ST;m|d|o;2001-2007;ungültig;390;287;;;;6;67;;;30;30;
ST;m|d|o;2001-2007;SPD;2464;;1480;398;75;76;150;;233;51;;
ST;m|d|o;2001-2007;CDU;3208;30;301;2379;5;97;193;;16;187;78;
ST;m|d|o;2001-2007;GRÜNE;2165;;625;266;900;18;45;;312;;;
ST;m|d|o;2001-2007;FDP;1234;;29;476;68;536;93;;15;17;5;
ST;m|d|o;2001-2007;AfD;17276;;104;541;;214;16067;;111;239;118;
ST;m|d|o;2001-2007;CSU;;;;;;;;;;;;
ST;m|d|o;2001-2007;Die Linke;6445;;1048;390;416;48;105;;4270;169;69;
ST;m|d|o;2001-2007;Sonstige;4336;84;509;637;200;493;863;;496;1053;644;
ST;m|d|o;2001-2007;dar. FREIE WÄHLER;200;;;25;;;76;;;99;99;
ST;m|d|o;2001-2007;dar. BSW;2326;38;296;474;;304;545;;301;366;200;
ST;m|d|o;1991-2000;Summe;52472;225;5655;6090;3495;1649;25338;;7271;2749;1465;
ST;m|d|o;1991-2000;ungültig;171;148;;5;;;12;;;6;6;
ST;m|d|o;1991-2000;SPD;2536;;1896;301;112;5;31;;115;75;24;
ST;m|d|o;1991-2000;CDU;4362;;312;3400;65;121;314;;70;80;80;
ST;m|d|o;1991-2000;GRÜNE;4507;;1104;360;2419;39;;;528;57;6;
ST;m|d|o;1991-2000;FDP;1832;;126;545;46;1012;92;;6;6;;
ST;m|d|o;1991-2000;AfD;25051;18;5;572;6;40;23975;;38;397;167;
ST;m|d|o;1991-2000;CSU;;;;;;;;;;;;
ST;m|d|o;1991-2000;Die Linke;8347;;1699;245;369;75;125;;5704;130;11;
ST;m|d|o;1991-2000;Sonstige;5666;59;513;662;477;358;790;;809;1998;1172;
ST;m|d|o;1991-2000;dar. FREIE WÄHLER;595;;6;39;51;;6;;;493;493;
ST;m|d|o;1991-2000;dar. BSW;2952;48;394;417;94;315;637;;338;709;354;
ST;m|d|o;1981-1990;Summe;106674;970;8738;18443;5775;2362;55960;;9018;5408;3181;
ST;m|d|o;1981-1990;ungültig;694;574;;67;5;;43;;5;;;
ST;m|d|o;1981-1990;SPD;5973;;4671;754;229;51;45;;217;5;5;
ST;m|d|o;1981-1990;CDU;14270;80;501;12162;46;237;713;;122;409;318;
ST;m|d|o;1981-1990;GRÜNE;7140;;1284;568;4551;;63;;595;80;6;
ST;m|d|o;1981-1990;FDP;3371;33;110;1185;6;1468;220;;39;309;118;
ST;m|d|o;1981-1990;AfD;55459;50;178;1358;13;147;52423;;115;1174;604;
ST;m|d|o;1981-1990;CSU;;;;;;;;;;;;
ST;m|d|o;1981-1990;Die Linke;7946;;1104;179;301;6;108;;6070;177;76;
ST;m|d|o;1981-1990;Sonstige;11822;233;890;2169;625;453;2344;;1855;3254;2053;
ST;m|d|o;1981-1990;dar. FREIE WÄHLER;1429;;72;138;6;10;112;;6;1085;1080;
ST;m|d|o;1981-1990;dar. BSW;6864;197;342;1741;110;354;2004;;1203;914;496;
ST;m|d|o;1966-1980;Summe;165977;1359;13193;34955;5564;4104;87028;;11663;8111;4986;
ST;m|d|o;1966-1980;ungültig;880;733;52;11;;;74;;5;5;5;
ST;m|d|o;1966-1980;SPD;10735;34;8511;1283;399;68;33;;233;174;130;
ST;m|d|o;1966-1980;CDU;27926;143;676;25158;194;388;756;;249;363;307;
ST;m|d|o;1966-1980;GRÜNE;6755;11;1352;599;4346;;5;;344;97;97;
ST;m|d|o;1966-1980;FDP;5480;;43;1778;5;2831;421;;83;319;297;
ST;m|d|o;1966-1980;AfD;86556;10;63;2585;;253;81933;;434;1278;343;
ST;m|d|o;1966-1980;CSU;;;;;;;;;;;;
ST;m|d|o;1966-1980;Die Linke;9859;;952;621;476;36;217;;7282;275;142;
ST;m|d|o;1966-1980;Sonstige;17786;427;1543;2922;144;529;3587;;3033;5600;3665;
ST;m|d|o;1966-1980;dar. FREIE WÄHLER;1836;;89;197;;20;95;;71;1364;1317;
ST;m|d|o;1966-1980;dar. BSW;13246;376;1229;2466;122;491;3160;;2551;2851;1713;
ST;m|d|o;1956-1965;Summe;142818;1805;17121;34754;2974;2940;63686;;14768;4769;3110;
ST;m|d|o;1956-1965;ungültig;1018;765;6;49;;;193;;5;;;
ST;m|d|o;1956-1965;SPD;14845;26;12178;1241;253;179;286;;514;168;168;
ST;m|d|o;1956-1965;CDU;30102;147;831;27186;124;321;964;;424;105;105;
ST;m|d|o;1956-1965;GRÜNE;3496;;771;429;2092;;;;205;;;
ST;m|d|o;1956-1965;FDP;3813;6;60;1486;13;1850;236;;161;;;
ST;m|d|o;1956-1965;AfD;60883;122;272;1506;;306;57736;;348;593;256;
ST;m|d|o;1956-1965;CSU;;;;;;;;;;;;
ST;m|d|o;1956-1965;Die Linke;10815;;1164;513;316;20;284;;8336;181;96;
ST;m|d|o;1956-1965;Sonstige;17846;739;1840;2343;176;262;3988;;4774;3723;2486;
ST;m|d|o;1956-1965;dar. FREIE WÄHLER;1581;;83;140;42;;51;;;1266;1219;
ST;m|d|o;1956-1965;dar. BSW;15391;706;1737;2152;122;262;3879;;4698;1835;1049;
ST;m|d|o;<=1955;Summe;152874;2924;30537;45381;2652;3875;42326;;21402;3776;2216;
ST;m|d|o;<=1955;ungültig;1417;1184;69;55;44;;6;;59;;;
ST;m|d|o;<=1955;SPD;27837;53;23649;2198;315;185;236;;1109;92;45;
ST;m|d|o;<=1955;CDU;39895;116;1281;36713;182;451;577;;358;217;105;
ST;m|d|o;<=1955;GRÜNE;3150;33;686;415;1695;67;;;187;67;;
ST;m|d|o;<=1955;FDP;4285;;121;1241;39;2541;323;;10;11;5;
ST;m|d|o;<=1955;AfD;39985;79;301;1342;;115;37391;;410;347;151;
ST;m|d|o;<=1955;CSU;;;;;;;;;;;;
ST;m|d|o;<=1955;Die Linke;15577;80;1451;808;103;49;346;;12712;28;;
ST;m|d|o;<=1955;Sonstige;20727;1378;2980;2609;274;468;3447;;6557;3014;1909;
ST;m|d|o;<=1955;dar. FREIE WÄHLER;871;;86;112;9;6;86;;;572;572;
ST;m|d|o;<=1955;dar. BSW;19148;1310;2828;2375;265;439;3263;;6413;2254;1311;
ST;w;Summe;Summe;689503;9609;104611;168609;26476;21184;223712;;96242;39059;26461;
ST;w;Summe;ungültig;5918;4825;30;365;5;63;296;;108;226;177;
ST;w;Summe;SPD;82145;137;66409;7532;2377;789;411;;3374;1116;735;
ST;w;Summe;CDU;136774;409;5006;122731;804;2173;2991;;1304;1358;984;
ST;w;Summe;GRÜNE;31864;5;7100;2787;18616;90;113;;2880;273;164;
ST;w;Summe;FDP;21237;54;1069;6474;109;11156;1152;;691;533;386;
ST;w;Summe;AfD;210899;634;1003;6077;74;1187;197073;;1300;3551;1792;
ST;w;Summe;CSU;;;;;;;;;;;;
ST;w;Summe;Die Linke;84819;118;11117;4458;2859;829;1434;;62523;1481;787;
ST;w;Summe;Sonstige;115847;3428;12878;18186;1633;4896;20241;;24063;30522;21436;
ST;w;Summe;dar. FREIE WÄHLER;11937;11;334;1234;22;290;864;;348;8833;8060;
ST;w;Summe;dar. BSW;90483;3234;10755;15378;889;4069;17845;;21855;16458;10685;
ST;w;2001-2007;Summe;35994;356;5393;2812;1721;1088;12101;;11421;1102;436;
ST;w;2001-2007;ungültig;301;285;;6;5;5;;;;;;
ST;w;2001-2007;SPD;1584;;976;161;217;135;;;84;11;;
ST;w;2001-2007;CDU;1675;;88;1305;6;49;98;;124;5;5;
ST;w;2001-2007;GRÜNE;2005;;867;141;756;;;;241;;;
ST;w;2001-2007;FDP;815;5;114;249;;393;29;;26;;;
ST;w;2001-2007;AfD;11248;50;;271;;50;10780;;16;82;30;
ST;w;2001-2007;CSU;;;;;;;;;;;;
ST;w;2001-2007;Die Linke;13397;;2498;226;602;121;98;;9595;257;73;
ST;w;2001-2007;Sonstige;4969;17;850;452;134;336;1096;;1336;747;328;
ST;w;2001-2007;dar. FREIE WÄHLER;110;;;5;;;6;;;99;99;
ST;w;2001-2007;dar. BSW;3274;11;589;405;;272;764;;901;332;123;
ST;w;1991-2000;Summe;51556;496;7416;6103;3923;1287;18657;;10297;3377;2102;
ST;w;1991-2000;ungültig;329;299;;13;;6;6;;;6;;
ST;w;1991-2000;SPD;3295;;2452;402;227;51;;;146;18;18;
ST;w;1991-2000;CDU;3948;;103;3425;20;140;85;;111;64;52;
ST;w;1991-2000;GRÜNE;5202;;1300;221;2722;19;56;;786;98;59;
ST;w;1991-2000;FDP;1203;;27;328;;729;44;;6;69;69;
ST;w;1991-2000;AfD;17855;129;39;370;46;68;16966;;67;170;110;
ST;w;1991-2000;CSU;;;;;;;;;;;;
ST;w;1991-2000;Die Linke;11372;6;2241;403;574;31;123;;7758;236;;
ST;w;1991-2000;Sonstige;8352;62;1254;942;334;245;1377;;1422;2716;1794;
ST;w;1991-2000;dar. FREIE WÄHLER;920;6;5;99;;17;18;;39;736;585;
ST;w;1991-2000;dar. BSW;5333;56;863;667;103;125;1068;;1054;1398;913;
ST;w;1981-1990;Summe;101928;1097;10054;19785;5065;3111;44715;;11117;6986;4857;
ST;w;1981-1990;ungültig;710;669;6;6;;;10;;;19;19;
ST;w;1981-1990;SPD;6021;;4655;744;224;50;28;;182;138;138;
ST;w;1981-1990;CDU;14261;11;663;12410;226;249;532;;62;108;86;
ST;w;1981-1990;GRÜNE;7016;;1714;634;3822;;;;728;119;80;
ST;w;1981-1990;FDP;2588;;71;785;23;1325;185;;81;117;111;
ST;w;1981-1990;AfD;43748;63;159;1127;6;279;40870;;311;932;458;
ST;w;1981-1990;CSU;;;;;;;;;;;;
ST;w;1981-1990;Die Linke;9989;14;1313;442;438;130;88;;7291;273;196;
ST;w;1981-1990;Sonstige;17595;339;1471;3637;327;1078;3001;;2462;5279;3768;
ST;w;1981-1990;dar. FREIE WÄHLER;2470;5;83;248;6;49;199;;85;1795;1721;
ST;w;1981-1990;dar. BSW;11957;291;1114;2747;146;892;2610;;1997;2161;1432;
ST;w;1966-1980;Summe;153435;1819;16069;35421;7153;4495;61515;;17461;9502;6594;
ST;w;1966-1980;ungültig;832;757;;42;;6;17;;11;;;
ST;w;1966-1980;SPD;13411;;10152;1416;730;126;92;;610;285;151;
ST;w;1966-1980;CDU;27974;78;1049;24717;239;552;803;;127;409;311;
ST;w;1966-1980;GRÜNE;8222;5;1372;711;5405;10;45;;659;14;14;
ST;w;1966-1980;FDP;4842;;293;1644;11;2199;358;;214;123;89;
ST;w;1966-1980;AfD;57549;96;129;1583;;323;54172;;312;933;406;
ST;w;1966-1980;CSU;;;;;;;;;;;;
ST;w;1966-1980;Die Linke;14549;;1297;1130;520;205;486;;10681;230;180;
ST;w;1966-1980;Sonstige;26057;884;1776;4177;248;1074;5543;;4848;7508;5443;
ST;w;1966-1980;dar. FREIE WÄHLER;2523;;45;276;6;32;309;;89;1767;1633;
ST;w;1966-1980;dar. BSW;20807;817;1472;3616;136;1004;4840;;4447;4474;3224;
ST;w;1956-1965;Summe;148564;2189;22932;37754;3702;4616;49174;;19261;8935;6183;
ST;w;1956-1965;ungültig;1187;1041;;12;;;30;;11;94;50;
ST;w;1956-1965;SPD;19401;68;16082;1316;479;301;17;;749;388;257;
ST;w;1956-1965;CDU;30924;143;1078;27828;170;454;620;;278;353;158;
ST;w;1956-1965;GRÜNE;4106;;801;479;2610;;12;;193;11;5;
ST;w;1956-1965;FDP;4739;49;14;1546;;2538;259;;213;120;27;
ST;w;1956-1965;AfD;45297;137;138;1277;6;160;42462;;413;704;476;
ST;w;1956-1965;CSU;;;;;;;;;;;;
ST;w;1956-1965;Die Linke;14194;51;1498;890;216;138;295;;10898;208;125;
ST;w;1956-1965;Sonstige;28717;700;3321;4407;222;1027;5478;;6506;7057;5086;
ST;w;1956-1965;dar. FREIE WÄHLER;2756;;87;175;6;47;281;;92;2068;1835;
ST;w;1956-1965;dar. BSW;23833;700;2896;4094;197;846;4873;;6198;4029;2625;
ST;w;<=1955;Summe;198026;3652;42747;66735;4912;6586;37550;;26685;9158;6289;
ST;w;<=1955;ungültig;2558;1774;24;286;;47;233;;86;108;108;
ST;w;<=1955;SPD;38432;69;32091;3493;499;127;274;;1604;276;171;
ST;w;<=1955;CDU;57994;176;2024;53047;144;729;852;;602;418;372;
ST;w;<=1955;GRÜNE;5313;;1046;601;3301;62;;;272;31;5;
ST;w;<=1955;FDP;7051;;550;1922;74;3973;277;;151;104;89;
ST;w;<=1955;AfD;35203;159;537;1448;17;308;31823;;181;730;312;
ST;w;<=1955;CSU;;;;;;;;;;;;
ST;w;<=1955;Die Linke;21317;47;2270;1366;508;205;344;;16301;277;214;
ST;w;<=1955;Sonstige;30158;1427;4206;4571;369;1136;3746;;7488;7215;5017;
ST;w;<=1955;dar. FREIE WÄHLER;3159;;114;432;5;146;51;;44;2368;2188;
ST;w;<=1955;dar. BSW;25279;1359;3821;3848;307;930;3691;;7259;4064;2368;
TH;Summe;Summe;Summe;1333474;10248;131842;272827;36822;28121;512070;;209947;131597;25831;96975
TH;Summe;Summe;ungültig;9314;6595;558;879;;129;1061;;23;69;59;4
TH;Summe;Summe;SPD;115915;372;84852;10011;2554;944;1525;;13607;2050;420;1320
TH;Summe;Summe;CDU;246065;306;8401;212781;1043;4162;6754;;7305;5313;2045;2519
TH;Summe;Summe;GRÜNE;56097;203;9026;4983;26217;353;68;;14639;608;438;60
TH;Summe;Summe;FDP;37292;85;1102;10983;100;17919;3589;;1493;2022;943;831
TH;Summe;Summe;AfD;510527;642;1852;8763;126;1986;481249;;2565;13343;2695;6665
TH;Summe;Summe;CSU;;;;;;;;;;;;
TH;Summe;Summe;Die Linke;200688;638;19720;11056;4575;684;2377;;153960;7678;1189;5723
TH;Summe;Summe;Sonstige;157576;1409;6331;13371;2206;1944;15447;;16355;100513;18042;79852
TH;Summe;Summe;dar. FREIE WÄHLER;20621;212;196;2314;367;343;1164;;1053;14971;13756;842
TH;Summe;Summe;dar. BSW;124760;650;4992;9976;561;1322;13293;;12365;81602;2896;78085
TH;Summe;2001-2007;Summe;75570;568;5940;7521;2990;1968;28480;;22024;6078;671;5016
TH;Summe;2001-2007;ungültig;750;554;6;;;;191;;;;;
TH;Summe;2001-2007;SPD;4681;4;2729;592;224;197;217;;698;19;15;4
TH;Summe;2001-2007;CDU;4988;;266;3782;56;270;275;;171;169;36;30
TH;Summe;2001-2007;GRÜNE;4921;;569;308;2024;4;;;2008;8;4;4
TH;Summe;2001-2007;FDP;2693;;19;1096;4;1047;260;;180;87;11;72
TH;Summe;2001-2007;AfD;28184;;150;300;40;172;26806;;108;610;123;422
TH;Summe;2001-2007;CSU;;;;;;;;;;;;
TH;Summe;2001-2007;Die Linke;21744;;1638;919;542;189;60;;17861;534;83;437
TH;Summe;2001-2007;Sonstige;7609;10;564;524;99;91;672;;998;4651;399;4047
TH;Summe;2001-2007;dar. FREIE WÄHLER;441;;59;12;4;4;18;;14;330;191;140
TH;Summe;2001-2007;dar. BSW;5743;6;232;442;8;64;482;;504;4006;149;3764
TH;Summe;1991-2000;Summe;100723;686;7296;11668;4674;2488;39459;;25308;9143;1964;6624
TH;Summe;1991-2000;ungültig;565;556;;;;;4;;5;;;
TH;Summe;1991-2000;SPD;5547;4;3394;360;236;12;191;;1192;158;75;78
TH;Summe;1991-2000;CDU;8344;;271;6859;4;428;209;;360;213;109;79
TH;Summe;1991-2000;GRÜNE;8695;4;1043;796;3215;;;;3596;40;14;27
TH;Summe;1991-2000;FDP;2860;;274;734;18;1450;154;;126;104;85;19
TH;Summe;1991-2000;AfD;39772;57;179;589;;203;37510;;195;1039;91;586
TH;Summe;1991-2000;CSU;;;;;;;;;;;;
TH;Summe;1991-2000;Die Linke;21110;4;1487;514;788;12;54;;17763;488;20;433
TH;Summe;1991-2000;Sonstige;13829;62;648;1816;412;383;1337;;2071;7101;1571;5402
TH;Summe;1991-2000;dar. FREIE WÄHLER;1758;;19;235;;60;108;;104;1231;1166;38
TH;Summe;1991-2000;dar. BSW;9894;;468;1421;15;280;1187;;1101;5421;136;5285
TH;Summe;1981-1990;Summe;197396;693;14438;31569;7176;3819;95041;;24601;20060;5243;13764
TH;Summe;1981-1990;ungültig;620;423;126;10;;4;4;;;53;49;4
TH;Summe;1981-1990;SPD;11100;;8248;985;485;171;116;;995;100;;95
TH;Summe;1981-1990;CDU;27497;8;886;23117;89;242;1556;;803;797;442;312
TH;Summe;1981-1990;GRÜNE;11646;8;1923;1046;5099;182;;;3248;141;132;3
TH;Summe;1981-1990;FDP;5479;8;114;1783;13;2454;559;;370;177;142;25
TH;Summe;1981-1990;AfD;95471;94;319;1615;68;347;90454;;137;2435;730;1182
TH;Summe;1981-1990;CSU;;;;;;;;;;;;
TH;Summe;1981-1990;Die Linke;21928;23;2042;1036;885;15;358;;16931;637;217;401
TH;Summe;1981-1990;Sonstige;23655;128;781;1976;537;403;1994;;2117;15720;3531;11742
TH;Summe;1981-1990;dar. FREIE WÄHLER;4660;6;26;653;66;150;356;;180;3221;2665;436
TH;Summe;1981-1990;dar. BSW;16191;7;466;1167;90;190;1470;;1109;11693;588;11031
TH;Summe;1966-1980;Summe;332385;3095;23547;62871;9848;7364;156710;;36665;32286;8541;21021
TH;Summe;1966-1980;ungültig;2085;1694;49;163;;;169;;4;6;6;
TH;Summe;1966-1980;SPD;20855;22;13598;3005;551;266;328;;2483;602;127;386
TH;Summe;1966-1980;CDU;55636;4;1769;47982;483;796;1419;;1891;1292;746;493
TH;Summe;1966-1980;GRÜNE;14986;115;2535;1211;7606;81;14;;3164;260;246;14
TH;Summe;1966-1980;FDP;10606;72;252;2865;6;4951;1051;;653;756;356;291
TH;Summe;1966-1980;AfD;157182;357;356;2397;;833;148873;;574;3792;911;1663
TH;Summe;1966-1980;CSU;;;;;;;;;;;;
TH;Summe;1966-1980;Die Linke;34086;227;3955;2369;790;91;600;;24637;1417;251;891
TH;Summe;1966-1980;Sonstige;36949;603;1033;2879;412;345;4256;;3259;24161;5896;17282
TH;Summe;1966-1980;dar. FREIE WÄHLER;6093;165;47;443;13;43;499;;215;4668;4425;119
TH;Summe;1966-1980;dar. BSW;27577;218;651;2175;134;213;3235;;2518;18433;1200;17062
TH;Summe;1956-1965;Summe;285121;1940;27156;64607;5692;5668;110582;;38723;30753;5423;23131
TH;Summe;1956-1965;ungültig;1459;1298;;34;;;126;;;;;
TH;Summe;1956-1965;SPD;23988;10;17629;2472;365;13;235;;2580;683;63;496
TH;Summe;1956-1965;CDU;59991;105;2099;51722;247;1078;1409;;1871;1462;436;702
TH;Summe;1956-1965;GRÜNE;8223;;1421;777;4224;16;;;1671;115;34;5
TH;Summe;1956-1965;FDP;7620;;211;2128;6;4006;751;;65;451;309;126
TH;Summe;1956-1965;AfD;110602;93;454;2319;3;195;103806;;863;2869;528;1296
TH;Summe;1956-1965;CSU;;;;;;;;;;;;
TH;Summe;1956-1965;Die Linke;39495;181;3990;2532;668;97;573;;29187;2268;402;1743
TH;Summe;1956-1965;Sonstige;33742;253;1351;2623;180;263;3682;;2486;22905;3651;18763
TH;Summe;1956-1965;dar. FREIE WÄHLER;4182;37;25;588;30;72;71;;234;3125;3039;23
TH;Summe;1956-1965;dar. BSW;27911;76;1302;1854;57;133;3524;;2068;18898;285;18573
TH;Summe;<=1955;Summe;342279;3266;53464;94592;6442;6815;81798;;62626;33276;3990;27420
TH;Summe;<=1955;ungültig;3834;2070;377;672;;124;567;;13;10;4;
TH;Summe;<=1955;SPD;49744;331;39253;2596;692;285;439;;5659;488;139;260
TH;Summe;<=1955;CDU;89609;189;3111;79320;164;1348;1886;;2210;1380;276;904
TH;Summe;<=1955;GRÜNE;7625;75;1535;844;4049;71;55;;952;45;8;8
TH;Summe;<=1955;FDP;8035;4;232;2377;53;4011;812;;98;447;40;298
TH;Summe;<=1955;AfD;79317;40;394;1544;15;236;73801;;688;2598;313;1516
TH;Summe;<=1955;CSU;;;;;;;;;;;;
TH;Summe;<=1955;Die Linke;62325;204;6609;3686;903;280;731;;47580;2333;216;1818
TH;Summe;<=1955;Sonstige;41791;352;1954;3553;566;460;3506;;5424;25975;2994;22616
TH;Summe;<=1955;dar. FREIE WÄHLER;3487;4;19;383;255;14;111;;305;2394;2270;87
TH;Summe;<=1955;dar. BSW;37443;344;1873;2918;258;441;3395;;5064;23151;538;22370
TH;m|d|o;Summe;Summe;656340;4332;58363;129555;17593;13112;291579;;86629;55178;10961;40181
TH;m|d|o;Summe;ungültig;4158;2944;283;336;;62;509;;9;16;10;
TH;m|d|o;Summe;SPD;52388;19;37901;4950;1035;489;766;;6538;690;135;458
TH;m|d|o;Summe;CDU;116449;132;3520;102131;460;1694;3417;;3272;1823;707;838
TH;m|d|o;Summe;GRÜNE;26781;66;4546;2226;12790;18;50;;6699;387;297;4
TH;m|d|o;Summe;FDP;19037;4;686;5909;67;8690;2161;;621;898;523;301
TH;m|d|o;Summe;AfD;292104;308;711;4551;93;1162;277009;;1613;6657;1586;3087
TH;m|d|o;Summe;CSU;;;;;;;;;;;;
TH;m|d|o;Summe;Die Linke;80167;63;8340;4399;1827;189;1174;;60635;3541;504;2626
TH;m|d|o;Summe;Sonstige;65255;797;2377;5053;1321;807;6493;;7242;41165;7198;32867
TH;m|d|o;Summe;dar. FREIE WÄHLER;8387;165;79;881;137;220;789;;257;5860;5349;351
TH;m|d|o;Summe;dar. BSW;50771;362;1641;3798;394;484;5152;;5446;33494;1018;32097
TH;m|d|o;2001-2007;Summe;37971;237;2913;3872;1307;1248;18644;;7227;2523;291;2012
TH;m|d|o;2001-2007;ungültig;367;237;6;;;;124;;;;;
TH;m|d|o;2001-2007;SPD;2821;;1607;308;91;164;126;;511;13;9;4
TH;m|d|o;2001-2007;CDU;2616;;12;2103;4;98;261;;54;84;12;10
TH;m|d|o;2001-2007;GRÜNE;2328;;332;139;985;;;;868;4;4;
TH;m|d|o;2001-2007;FDP;1800;;15;753;;736;194;;18;84;7;72
TH;m|d|o;2001-2007;AfD;18147;;73;124;40;124;17480;;9;297;55;217
TH;m|d|o;2001-2007;CSU;;;;;;;;;;;;
TH;m|d|o;2001-2007;Die Linke;6507;;620;258;142;46;39;;5297;105;22;79
TH;m|d|o;2001-2007;Sonstige;3386;;248;187;45;81;420;;469;1936;182;1630
TH;m|d|o;2001-2007;dar. FREIE WÄHLER;237;;;4;;4;9;;8;212;72;140
TH;m|d|o;2001-2007;dar. BSW;2196;;9;117;;59;247;;160;1604;92;1428
TH;m|d|o;1991-2000;Summe;51789;417;3446;6072;2442;1317;22134;;11776;4184;1169;2709
TH;m|d|o;1991-2000;ungültig;356;351;;;;;4;;;;;
TH;m|d|o;1991-2000;SPD;2349;4;1311;74;177;;;;685;98;75;19
TH;m|d|o;1991-2000;CDU;5019;;161;4125;4;358;86;;142;142;64;53
TH;m|d|o;1991-2000;GRÜNE;4400;;602;243;1745;;;;1792;18;14;4
TH;m|d|o;1991-2000;FDP;1344;;194;335;10;623;42;;46;95;81;14
TH;m|d|o;1991-2000;AfD;22476;;17;174;;190;21374;;100;621;34;407
TH;m|d|o;1991-2000;CSU;;;;;;;;;;;;
TH;m|d|o;1991-2000;Die Linke;9535;;934;223;353;4;4;;7759;257;12;225
TH;m|d|o;1991-2000;Sonstige;6310;62;228;897;152;142;623;;1253;2952;889;1987
TH;m|d|o;1991-2000;dar. FREIE WÄHLER;939;;6;116;;33;108;;23;654;642;5
TH;m|d|o;1991-2000;dar. BSW;4166;;179;698;;67;474;;733;2015;69;1946
TH;m|d|o;1981-1990;Summe;99494;131;6569;14919;3775;1872;52337;;11560;8331;2234;5509
TH;m|d|o;1981-1990;ungültig;152;71;73;4;;;4;;;;;
TH;m|d|o;1981-1990;SPD;4856;;3819;240;31;108;52;;587;20;;20
TH;m|d|o;1981-1990;CDU;13237;8;407;11306;42;72;847;;443;112;33;57
TH;m|d|o;1981-1990;GRÜNE;5893;8;764;658;2741;;;;1591;130;124;
TH;m|d|o;1981-1990;FDP;2809;4;109;860;4;1155;303;;224;151;133;8
TH;m|d|o;1981-1990;AfD;53272;40;234;857;46;263;50205;;89;1538;439;807
TH;m|d|o;1981-1990;CSU;;;;;;;;;;;;
TH;m|d|o;1981-1990;Die Linke;9787;;893;282;616;5;155;;7627;210;59;140
TH;m|d|o;1981-1990;Sonstige;9486;;269;712;295;269;772;;1000;6170;1445;4476
TH;m|d|o;1981-1990;dar. FREIE WÄHLER;2181;;23;220;4;136;283;;40;1474;1201;167
TH;m|d|o;1981-1990;dar. BSW;5848;;163;363;78;91;480;;370;4303;141;4105
TH;m|d|o;1966-1980;Summe;172780;1589;10708;31867;4664;3348;93391;;14810;12402;3584;7818
TH;m|d|o;1966-1980;ungültig;1256;1018;49;53;;;126;;4;6;6;
TH;m|d|o;1966-1980;SPD;9185;;5397;1798;305;72;248;;1262;102;10;89
TH;m|d|o;1966-1980;CDU;28558;;1095;24680;179;295;782;;851;676;385;269
TH;m|d|o;1966-1980;GRÜNE;7073;58;1505;556;3458;;;;1370;125;125;
TH;m|d|o;1966-1980;FDP;5279;;116;1579;6;2468;649;;236;224;80;88
TH;m|d|o;1966-1980;AfD;93726;210;137;1315;;419;89561;;283;1801;609;696
TH;m|d|o;1966-1980;CSU;;;;;;;;;;;;
TH;m|d|o;1966-1980;Die Linke;13786;;1831;1128;369;16;259;;9614;570;89;333
TH;m|d|o;1966-1980;Sonstige;13918;303;578;759;348;79;1767;;1188;8896;2280;6342
TH;m|d|o;1966-1980;dar. FREIE WÄHLER;2411;165;21;120;;16;295;;67;1727;1658;29
TH;m|d|o;1966-1980;dar. BSW;10178;59;318;621;103;63;1147;;1016;6852;439;6299
TH;m|d|o;1956-1965;Summe;140950;918;11845;31506;2593;2496;61763;;16371;13458;2301;9979
TH;m|d|o;1956-1965;ungültig;729;650;;;;;79;;;;;
TH;m|d|o;1956-1965;SPD;11095;10;8322;1350;123;;107;;869;313;36;192
TH;m|d|o;1956-1965;CDU;28576;40;328;25467;129;357;812;;937;506;126;308
TH;m|d|o;1956-1965;GRÜNE;3751;;702;391;1959;8;;;587;105;30;
TH;m|d|o;1956-1965;FDP;3820;;172;970;;1975;404;;39;260;222;34
TH;m|d|o;1956-1965;AfD;62287;44;169;1394;3;91;58612;;628;1346;284;496
TH;m|d|o;1956-1965;CSU;;;;;;;;;;;;
TH;m|d|o;1956-1965;Die Linke;16606;9;1741;737;219;18;244;;12385;1252;162;977
TH;m|d|o;1956-1965;Sonstige;14086;165;410;1196;161;46;1504;;926;9677;1442;7973
TH;m|d|o;1956-1965;dar. FREIE WÄHLER;1602;;22;299;30;27;8;;57;1159;1146;9
TH;m|d|o;1956-1965;dar. BSW;11698;36;379;870;45;19;1482;;848;8018;118;7871
TH;m|d|o;<=1955;Summe;153356;1038;22881;41319;2812;2830;43310;;24885;14281;1383;12155
TH;m|d|o;<=1955;ungültig;1298;616;154;279;;62;172;;4;10;4;
TH;m|d|o;<=1955;SPD;22082;4;17444;1180;307;146;233;;2624;144;6;134
TH;m|d|o;<=1955;CDU;38443;83;1518;34451;102;513;630;;844;302;87;140
TH;m|d|o;<=1955;GRÜNE;3337;;641;239;1903;10;50;;491;4;;
TH;m|d|o;<=1955;FDP;3984;;80;1412;47;1733;569;;58;85;;85
TH;m|d|o;<=1955;AfD;42196;13;80;687;4;76;39777;;504;1055;166;465
TH;m|d|o;<=1955;CSU;;;;;;;;;;;;
TH;m|d|o;<=1955;Die Linke;23948;54;2321;1770;129;100;472;;17955;1147;160;872
TH;m|d|o;<=1955;Sonstige;18069;266;643;1302;321;190;1407;;2405;11533;960;10459
TH;m|d|o;<=1955;dar. FREIE WÄHLER;1016;;7;122;103;4;85;;61;633;630;
TH;m|d|o;<=1955;dar. BSW;16685;266;593;1129;169;186;1322;;2318;10702;158;10447
TH;w;Summe;Summe;677134;5916;73479;143272;19229;15009;220491;;123318;76419;14870;56794
TH;w;Summe;ungültig;5156;3651;275;543;;67;552;;14;53;49;4
TH;w;Summe;SPD;63527;353;46951;5061;1519;455;760;;7069;1360;285;862
TH;w;Summe;CDU;129616;174;4881;110650;583;2468;3336;;4033;3491;1339;1682
TH;w;Summe;GRÜNE;29316;137;4481;2757;13428;335;18;;7940;221;140;55
TH;w;Summe;FDP;18255;81;416;5074;33;9229;1427;;872;1124;420;530
TH;w;Summe;AfD;218423;334;1141;4212;33;823;204241;;952;6686;1109;3578
TH;w;Summe;CSU;;;;;;;;;;;;
TH;w;Summe;Die Linke;120521;575;11380;6658;2749;495;1203;;93325;4137;685;3098
TH;w;Summe;Sonstige;92321;612;3954;8318;885;1137;8954;;9113;59349;10843;46985
TH;w;Summe;dar. FREIE WÄHLER;12234;48;117;1433;230;123;376;;796;9110;8407;491
TH;w;Summe;dar. BSW;73989;288;3351;6178;166;837;8142;;6918;48107;1878;45987
TH;w;2001-2007;Summe;37599;331;3027;3649;1682;720;9836;;14798;3556;380;3004
TH;w;2001-2007;ungültig;383;316;;;;;67;;;;;
TH;w;2001-2007;SPD;1860;4;1122;284;133;33;91;;187;6;6;
TH;w;2001-2007;CDU;2373;;254;1680;52;172;14;;117;85;25;20
TH;w;2001-2007;GRÜNE;2593;;237;169;1039;4;;;1140;4;;4
TH;w;2001-2007;FDP;893;;4;342;4;311;66;;162;4;4;
TH;w;2001-2007;AfD;10037;;76;176;;47;9326;;99;313;68;205
TH;w;2001-2007;CSU;;;;;;;;;;;;
TH;w;2001-2007;Die Linke;15237;;1018;661;400;143;21;;12564;429;61;358
TH;w;2001-2007;Sonstige;4224;10;316;338;55;10;252;;529;2715;217;2417
TH;w;2001-2007;dar. FREIE WÄHLER;204;;59;8;4;;9;;6;118;118;
TH;w;2001-2007;dar. BSW;3547;6;223;325;8;4;235;;344;2402;57;2336
TH;w;1991-2000;Summe;48934;269;3850;5596;2232;1170;17325;;13532;4959;795;3915
TH;w;1991-2000;ungültig;210;205;;;;;;;5;;;
TH;w;1991-2000;SPD;3199;;2084;287;59;12;191;;507;59;;59
TH;w;1991-2000;CDU;3324;;110;2734;;70;123;;218;71;45;26
TH;w;1991-2000;GRÜNE;4295;4;442;553;1471;;;;1804;22;;22
TH;w;1991-2000;FDP;1515;;80;398;8;827;113;;80;9;4;5
TH;w;1991-2000;AfD;17295;57;162;414;;13;16136;;96;418;57;179
TH;w;1991-2000;CSU;;;;;;;;;;;;
TH;w;1991-2000;Die Linke;11575;4;553;291;436;8;49;;10005;231;8;208
TH;w;1991-2000;Sonstige;7519;;420;919;260;241;714;;817;4149;682;3415
TH;w;1991-2000;dar. FREIE WÄHLER;819;;13;119;;27;;;81;578;524;33
TH;w;1991-2000;dar. BSW;5728;;289;723;15;214;714;;368;3406;67;3338
TH;w;1981-1990;Summe;97902;561;7869;16650;3402;1947;42704;;13041;11729;3009;8254
TH;w;1981-1990;ungültig;468;352;53;5;;4;;;;53;49;4
TH;w;1981-1990;SPD;6243;;4429;745;454;64;64;;408;80;;75
TH;w;1981-1990;CDU;14260;;479;11811;47;169;709;;360;684;408;254
TH;w;1981-1990;GRÜNE;5754;;1159;389;2358;182;;;1657;10;8;3
TH;w;1981-1990;FDP;2670;4;4;923;10;1299;257;;146;26;10;16
TH;w;1981-1990;AfD;42199;54;86;758;23;85;40249;;48;897;291;375
TH;w;1981-1990;CSU;;;;;;;;;;;;
TH;w;1981-1990;Die Linke;12141;23;1149;754;269;10;203;;9305;427;158;260
TH;w;1981-1990;Sonstige;14169;128;512;1264;242;133;1222;;1117;9550;2085;7266
TH;w;1981-1990;dar. FREIE WÄHLER;2479;6;3;433;62;14;73;;140;1747;1464;268
TH;w;1981-1990;dar. BSW;10343;7;303;804;12;99;990;;739;7391;447;6926
TH;w;1966-1980;Summe;159605;1505;12839;31004;5183;4016;63318;;21855;19885;4957;13203
TH;w;1966-1980;ungültig;830;676;;110;;;43;;;;;
TH;w;1966-1980;SPD;11670;22;8200;1207;246;194;79;;1221;500;118;298
TH;w;1966-1980;CDU;27078;4;674;23302;304;501;637;;1039;616;361;224
TH;w;1966-1980;GRÜNE;7913;58;1029;655;4148;81;14;;1794;134;121;14
TH;w;1966-1980;FDP;5328;72;137;1286;;2483;402;;417;531;276;203
TH;w;1966-1980;AfD;63456;147;219;1081;;415;59312;;291;1991;302;967
TH;w;1966-1980;CSU;;;;;;;;;;;;
TH;w;1966-1980;Die Linke;20300;227;2124;1241;421;75;342;;15023;847;163;558
TH;w;1966-1980;Sonstige;23031;300;455;2121;64;266;2489;;2071;15265;3616;10940
TH;w;1966-1980;dar. FREIE WÄHLER;3682;;26;323;13;27;204;;148;2941;2767;90
TH;w;1966-1980;dar. BSW;17399;159;333;1554;31;150;2088;;1502;11581;760;10763
TH;w;1956-1965;Summe;144171;1022;15311;33101;3099;3172;48819;;22352;17296;3122;13152
TH;w;1956-1965;ungültig;729;648;;34;;;47;;;;;
TH;w;1956-1965;SPD;12893;;9308;1122;242;13;128;;1710;370;28;303
TH;w;1956-1965;CDU;31416;65;1771;26254;118;721;597;;933;957;310;394
TH;w;1956-1965;GRÜNE;4472;;719;386;2265;8;;;1084;10;4;5
TH;w;1956-1965;FDP;3800;;39;1159;6;2031;347;;26;192;87;92
TH;w;1956-1965;AfD;48315;50;285;925;;103;45194;;235;1524;244;800
TH;w;1956-1965;CSU;;;;;;;;;;;;
TH;w;1956-1965;Die Linke;22890;172;2249;1794;449;79;329;;16802;1016;240;767
TH;w;1956-1965;Sonstige;19657;88;941;1426;19;216;2178;;1560;13228;2209;10791
TH;w;1956-1965;dar. FREIE WÄHLER;2580;37;4;289;;45;63;;177;1965;1893;14
TH;w;1956-1965;dar. BSW;16214;40;923;984;12;114;2042;;1220;10880;167;10701
TH;w;<=1955;Summe;188923;2228;30583;53272;3630;3985;38488;;37741;18995;2607;15265
TH;w;<=1955;ungültig;2537;1454;223;393;;62;395;;9;;;
TH;w;<=1955;SPD;27662;327;21809;1416;385;139;206;;3036;344;134;126
TH;w;<=1955;CDU;51166;105;1593;44869;62;835;1256;;1366;1078;189;764
TH;w;<=1955;GRÜNE;4288;75;894;606;2147;61;4;;461;40;8;8
TH;w;<=1955;FDP;4050;4;152;965;6;2277;244;;40;362;40;213
TH;w;<=1955;AfD;37121;27;314;858;10;161;34024;;184;1543;147;1052
TH;w;<=1955;CSU;;;;;;;;;;;;
TH;w;<=1955;Die Linke;38378;150;4287;1916;774;180;259;;29626;1186;56;946
TH;w;<=1955;Sonstige;23722;86;1311;2250;246;270;2099;;3019;14442;2033;12157
TH;w;<=1955;dar. FREIE WÄHLER;2471;4;13;261;152;10;26;;244;1761;1641;87
TH;w;<=1955;dar. BSW;20758;77;1280;1789;90;256;2072;;2746;12448;379;11923
