© Die Bundeswahlleiterin, Wiesbaden 2024;;;;;;;;;;;;;;;;;;;;;;;;;;;;;;;;;;;;;;;;;;;;;;;;;;;;;;;;;;;;;;;;;;;;;;;;;;;;;;;;;;;;;;;;;;;;;;
;;;;;;;;;;;;;;;;;;;;;;;;;;;;;;;;;;;;;;;;;;;;;;;;;;;;;;;;;;;;;;;;;;;;;;;;;;;;;;;;;;;;;;;;;;;;;;
Stimmabgabe der Urnen- und Briefwahl bei der Bundestagswahl 2021 nach Wahlkreisen (einschließlich Wiederholung der Wahl in Teilen Berlins am 11. Februar 2024);;;;;;;;;;;;;;;;;;;;;;;;;;;;;;;;;;;;;;;;;;;;;;;;;;;;;;;;;;;;;;;;;;;;;;;;;;;;;;;;;;;;;;;;;;;;;;
;;;;;;;;;;;;;;;;;;;;;;;;;;;;;;;;;;;;;;;;;;;;;;;;;;;;;;;;;;;;;;;;;;;;;;;;;;;;;;;;;;;;;;;;;;;;;;
Wahlkreis-Nr.;Wahlkreisname;Land;Wahlbezirksart;Wahlberechtigte;Wählende;Ungültige;Gültige;CDU;SPD;AfD;FDP;DIE LINKE;GRÜNE;CSU;FREIE WÄHLER;Die PARTEI;Tierschutzpartei;NPD;PIRATEN;ÖDP;V-Partei³;DiB;BP;Tierschutzallianz;MLPD;Gesundheitsforschung;MENSCHLICHE WELT;DKP;Die Grauen;BüSo;Die Humanisten;Gartenpartei;du.;dieBasis;Bündnis C;BÜRGERBEWEGUNG;III. Weg;Bündnis21;LIEBE;LKR;SSW;Team Todenhöfer;UNABHÄNGIGE;Volt;Volksabstimmung;B*;sonstige;FAMILIE;Graue Panther;KlimalisteBW;THP;Übrige;Ungültige;Gültige;CDU;SPD;AfD;FDP;DIE LINKE;GRÜNE;CSU;FREIE WÄHLER;Die PARTEI;Tierschutzpartei;NPD;PIRATEN;ÖDP;V-Partei³;DiB;BP;Tierschutzallianz;MLPD;Gesundheitsforschung;MENSCHLICHE WELT;DKP;Die Grauen;BüSo;Die Humanisten;Gartenpartei;du.;SGP;dieBasis;Bündnis C;BÜRGERBEWEGUNG;III. Weg;Bündnis21;LIEBE;LKR;PdF;LfK;SSW;Team Todenhöfer;UNABHÄNGIGE;Volt
;;;;;;Erststimmen;Erststimmen;Erststimmen;Erststimmen;Erststimmen;Erststimmen;Erststimmen;Erststimmen;Erststimmen;Erststimmen;Erststimmen;Erststimmen;Erststimmen;Erststimmen;Erststimmen;Erststimmen;Erststimmen;Erststimmen;Erststimmen;Erststimmen;Erststimmen;Erststimmen;Erststimmen;Erststimmen;Erststimmen;Erststimmen;Erststimmen;Erststimmen;Erststimmen;Erststimmen;Erststimmen;Erststimmen;Erststimmen;Erststimmen;Erststimmen;Erststimmen;Erststimmen;Erststimmen;Erststimmen;Erststimmen;Erststimmen;Erststimmen;Erststimmen;Erststimmen;Erststimmen;Erststimmen;Erststimmen;Zweitstimmen;Zweitstimmen;Zweitstimmen;Zweitstimmen;Zweitstimmen;Zweitstimmen;Zweitstimmen;Zweitstimmen;Zweitstimmen;Zweitstimmen;Zweitstimmen;Zweitstimmen;Zweitstimmen;Zweitstimmen;Zweitstimmen;Zweitstimmen;Zweitstimmen;Zweitstimmen;Zweitstimmen;Zweitstimmen;Zweitstimmen;Zweitstimmen;Zweitstimmen;Zweitstimmen;Zweitstimmen;Zweitstimmen;Zweitstimmen;Zweitstimmen;Zweitstimmen;Zweitstimmen;Zweitstimmen;Zweitstimmen;Zweitstimmen;Zweitstimmen;Zweitstimmen;Zweitstimmen;Zweitstimmen;Zweitstimmen;Zweitstimmen;Zweitstimmen;Zweitstimmen;Zweitstimmen
001;Flensburg – Schleswig;SH;Urne;231536;127698;1270;126428;29743;29588;7936;9034;4701;31751;0;1630;0;0;0;0;0;0;0;0;0;0;0;0;0;0;0;0;0;137;2526;0;0;0;0;0;102;9280;0;0;0;0;0;0;0;0;0;0;0;1266;126432;25562;32901;8293;13444;5398;21390;0;1248;1352;1453;106;0;78;113;0;0;0;5;0;0;25;0;0;114;0;78;0;2160;0;0;0;0;0;45;0;0;12167;238;0;262
002;Nordfriesland – Dithmarschen Nord;SH;Urne;188267;97703;1002;96701;29742;27360;6283;9595;2701;12366;0;1016;0;0;0;0;0;0;0;0;0;0;0;0;0;0;0;0;0;0;1548;0;0;0;0;0;130;5960;0;0;0;0;0;0;0;0;0;0;0;976;96727;24356;25877;6702;12323;2946;13282;0;734;942;1005;103;0;75;68;0;0;0;16;0;0;17;0;0;83;0;37;0;1260;0;0;0;0;0;37;0;0;6579;142;0;143
003;Steinburg – Dithmarschen Süd;SH;Urne;176899;98813;1037;97776;28706;28769;8362;13823;3102;11216;0;1799;0;0;0;0;0;335;0;0;0;0;0;0;0;0;0;0;0;0;1531;0;0;0;0;0;133;0;0;0;0;0;0;0;0;0;0;0;0;988;97825;23852;27335;9031;13424;3244;12845;0;1192;985;1223;155;0;78;140;0;0;0;16;0;0;23;0;0;92;0;48;0;1280;0;0;0;0;0;51;0;0;2436;211;0;164
004;Rendsburg-Eckernförde;SH;Urne;202226;111968;1092;110876;32549;34891;7968;8981;3074;15346;0;1138;1579;0;0;0;0;0;0;0;0;0;0;0;0;0;0;0;0;0;1730;0;0;0;0;0;0;3620;0;0;0;0;0;0;0;0;0;0;0;901;111067;26471;30545;8268;13149;3568;18177;0;793;1208;1183;128;0;78;71;0;0;0;21;0;0;17;0;0;104;0;33;0;1686;0;0;0;0;0;33;0;0;5185;182;0;167
005;Kiel;SH;Urne;202482;93891;853;93038;16306;28564;5329;7116;4621;24372;0;695;1863;0;0;0;0;0;0;0;0;45;0;0;68;0;0;0;0;85;1382;0;0;0;0;0;0;2247;0;0;345;0;0;0;0;0;0;0;0;728;93163;13796;25130;5653;9606;6073;24290;0;606;1450;1042;88;0;62;88;0;0;0;26;0;0;55;0;0;181;0;60;0;1359;0;0;0;0;0;35;0;0;2655;585;0;323
006;Plön – Neumünster;SH;Urne;174908;90832;1307;89525;24504;28323;7341;8696;2550;13204;0;1510;1481;0;0;0;0;0;0;0;0;0;0;0;0;0;0;0;0;0;1789;0;0;0;0;0;127;0;0;0;0;0;0;0;0;0;0;0;0;940;89892;20302;26441;7631;10784;2961;14501;0;827;924;990;181;0;64;64;0;0;0;13;0;0;21;0;0;79;0;38;0;1439;0;0;0;0;0;56;0;0;2100;327;0;149
007;Pinneberg;SH;Urne;238388;122877;960;121917;31258;38292;9078;13426;3703;19614;0;1460;1620;0;0;0;0;0;0;0;0;0;0;0;0;0;0;0;0;0;1948;0;0;0;0;0;101;1417;0;0;0;0;0;0;0;0;0;0;0;851;122026;26685;35871;9804;16243;4247;20656;0;1074;1223;1474;134;0;111;123;0;0;0;12;0;0;35;0;0;112;0;83;0;1666;0;0;0;0;0;65;0;0;1516;605;0;287
008;Segeberg – Stormarn-Mitte;SH;Urne;249202;132872;1208;131664;36389;41609;10881;14164;4115;17038;0;2879;2247;0;0;0;0;0;0;0;0;0;0;0;0;0;0;0;0;0;2342;0;0;0;0;0;0;0;0;0;0;0;0;0;0;0;0;0;0;1097;131775;29581;37231;11338;18487;4378;20504;0;1457;1574;1771;182;0;112;115;0;0;0;19;0;0;35;0;0;137;0;82;0;2026;0;0;0;0;0;39;0;0;1974;406;0;327
009;Ostholstein – Stormarn-Nord;SH;Urne;183138;95255;924;94331;28234;32149;7281;8888;2776;11668;0;1724;0;0;0;0;0;0;0;0;0;0;0;0;0;0;0;0;0;0;1453;0;0;0;0;0;0;0;0;0;0;0;0;0;0;0;0;0;158;887;94368;23283;28654;7598;11896;2778;13709;0;1096;770;1170;144;0;64;56;0;0;0;10;0;0;17;0;0;52;0;41;0;1213;0;0;0;0;0;16;0;0;1484;119;0;198
010;Herzogtum Lauenburg – Stormarn-Süd;SH;Urne;246277;128992;1180;127812;33611;39625;10577;13647;3475;20849;0;2277;1911;0;0;0;0;0;0;0;0;0;0;0;85;0;0;0;0;0;1755;0;0;0;0;0;0;0;0;0;0;0;0;0;0;0;0;0;0;1076;127916;29663;36970;11056;18007;4189;19755;0;1425;1203;1499;181;0;132;74;0;0;0;22;0;0;49;0;0;110;0;58;0;1556;0;0;0;0;0;24;0;0;1064;585;0;294
011;Lübeck;SH;Urne;179394;86526;1196;85330;17816;29481;6603;6725;2878;17023;0;1267;1461;0;0;0;0;0;0;0;0;129;0;0;50;0;0;0;0;171;1094;0;0;0;0;0;58;0;0;0;437;0;0;0;0;0;0;0;137;965;85561;15157;26603;6877;9096;3838;17556;0;930;909;987;124;0;86;75;0;0;0;50;0;0;27;0;0;123;0;69;0;1058;0;0;0;0;0;45;0;0;1068;535;0;348
012;Schwerin – Ludwigslust-Parchim I – Nordwestmecklenburg I;MV;Urne;214853;102124;2319;99805;20314;29262;19683;7552;10381;6585;0;2107;1223;0;0;952;0;0;0;0;0;144;0;0;0;0;0;0;0;0;1602;0;0;0;0;0;0;0;0;0;0;0;0;0;0;0;0;0;0;1966;100158;16967;31381;18697;8451;9702;6898;0;1560;851;1713;928;717;95;0;0;0;0;67;0;0;82;0;0;98;0;0;0;1470;0;0;0;0;0;0;0;0;0;238;0;243
013;Ludwigslust-Parchim II – Nordwestmecklenburg II – Landkreis Rostock I;MV;Urne;205042;97041;1885;95156;17060;32714;19226;6687;9289;4751;0;2257;0;0;0;0;0;0;0;0;0;0;0;0;0;0;0;0;0;0;1867;0;0;0;0;0;0;0;0;0;0;0;0;0;0;0;0;0;1305;1926;95115;15953;30227;19039;7496;9138;5848;0;1483;675;1726;717;416;84;0;0;0;0;33;0;0;71;0;0;92;0;0;0;1769;0;0;0;0;0;0;0;0;0;197;0;151
014;Rostock – Landkreis Rostock II;MV;Urne;222705;99562;1711;97851;16645;26946;14943;7250;15938;8446;0;1170;0;2654;0;766;0;0;0;0;0;215;0;0;0;0;0;0;0;0;2878;0;0;0;0;0;0;0;0;0;0;0;0;0;0;0;0;0;0;1845;97717;13953;27940;15348;8750;12142;10709;0;1057;1201;2434;554;513;131;0;0;0;0;88;0;0;82;0;0;162;0;0;0;2192;0;0;0;0;0;0;0;0;0;218;0;243
015;Vorpommern-Rügen – Vorpommern-Greifswald I;MV;Urne;241066;111123;2219;108904;22344;26311;25419;6923;13167;6518;0;1077;1095;3339;0;680;0;0;0;0;0;132;0;0;0;0;0;0;0;0;1899;0;0;0;0;0;0;0;0;0;0;0;0;0;0;0;0;0;0;2644;108479;20304;26712;24276;8495;11257;7849;0;1177;975;3504;620;521;112;0;0;0;0;61;0;0;98;0;0;185;0;0;0;1928;0;0;0;0;0;0;0;0;0;206;0;199
016;Mecklenburgische Seenplatte I – Vorpommern-Greifswald II;MV;Urne;221421;103705;2927;100778;20223;24335;28473;6887;9723;3408;0;1535;0;3165;0;0;0;0;0;0;0;0;0;0;0;0;0;0;0;0;2263;0;0;0;0;0;0;0;0;528;0;0;0;0;0;0;0;0;238;2640;101065;18644;26180;27186;7050;9176;3727;0;1342;693;2505;1642;334;69;0;0;0;0;50;0;0;86;0;0;124;0;0;0;1947;0;0;0;0;0;0;0;0;0;194;0;116
017;Mecklenburgische Seenplatte II – Landkreis Rostock III;MV;Urne;209348;95448;2381;93067;19259;28293;23347;6407;8793;4144;0;2577;0;0;0;0;0;0;0;0;0;247;0;0;0;0;0;0;0;0;0;0;0;0;0;0;0;0;0;0;0;0;0;0;0;0;0;0;0;2326;93122;17047;27014;22497;6824;8592;4114;0;1496;632;1601;780;305;134;0;0;0;0;97;0;0;52;0;0;99;0;0;0;1542;0;0;0;0;0;0;0;0;0;160;0;136
018;Hamburg-Mitte;HH;Urne;242078;90631;870;89761;10958;30951;5723;7067;8560;21089;0;631;2212;0;73;0;330;0;0;0;0;121;0;0;0;0;0;0;0;0;1822;0;0;0;0;0;0;0;0;0;0;0;0;0;0;0;0;0;224;756;89875;9579;26851;5933;8914;8563;22204;0;466;1277;1233;70;480;186;144;0;0;0;46;0;0;56;0;0;144;0;201;0;1503;0;0;0;36;0;26;0;0;0;1433;0;530
019;Hamburg-Altona;HH;Urne;187705;71315;465;70850;10378;20853;3213;5506;7640;20317;0;334;0;0;0;643;278;0;0;0;0;115;0;0;0;0;0;0;0;0;1502;0;0;0;0;0;0;0;0;0;0;0;0;0;0;0;0;0;71;402;70913;9162;18591;3146;7325;7162;20689;0;230;777;679;37;269;111;67;0;0;0;48;0;0;41;0;0;67;0;103;0;1273;0;0;0;26;0;11;0;0;0;736;0;363
020;Hamburg-Eimsbüttel;HH;Urne;193823;74135;516;73619;11233;22548;3340;5951;5606;21057;0;448;1197;0;0;0;210;0;0;0;0;71;0;0;0;0;0;0;0;0;1412;0;0;0;0;0;0;0;0;0;546;0;0;0;0;0;0;0;0;363;73772;9861;21164;3485;8097;5516;20997;0;326;709;781;34;251;120;55;0;0;0;31;0;0;44;0;0;80;0;88;0;1151;0;0;0;26;0;13;0;0;0;539;0;404
021;Hamburg-Nord;HH;Urne;219909;83085;577;82508;17620;26231;3745;7306;4440;20380;0;630;0;0;56;0;0;0;0;0;0;104;0;0;0;0;0;0;0;0;1897;0;0;0;0;0;99;0;0;0;0;0;0;0;0;0;0;0;0;456;82629;13730;23280;4062;11579;4360;20452;0;377;668;848;42;292;138;90;0;0;0;32;0;0;34;0;0;97;0;61;0;1473;0;0;0;33;0;26;0;0;0;537;0;418
022;Hamburg-Wandsbek;HH;Urne;233483;86796;999;85797;15134;32849;7294;7827;5522;12853;0;0;0;0;106;1063;403;0;0;0;0;68;0;0;0;0;0;0;0;0;1853;0;0;0;0;0;0;0;0;0;825;0;0;0;0;0;0;0;0;806;85990;13325;29134;7151;9430;4704;15246;0;518;831;1260;93;538;184;84;0;0;0;19;0;0;38;0;0;139;0;76;0;1474;0;0;0;34;0;20;0;0;0;1292;0;400
023;Hamburg-Bergedorf – Harburg;HH;Urne;221794;86695;992;85703;13493;33066;8840;7346;6241;12199;0;1156;0;0;107;0;555;0;0;0;0;77;0;0;0;0;0;0;0;0;1956;0;0;0;0;0;0;0;0;0;667;0;0;0;0;0;0;0;0;893;85802;12953;27938;8738;8496;5809;14106;0;666;902;1220;97;442;234;98;0;0;0;31;0;0;56;0;0;132;0;104;0;1571;0;0;0;40;0;22;0;0;0;1754;0;393
024;Aurich – Emden;NI;Urne;191846;97299;1832;95467;16493;51084;0;8367;3569;8120;0;3101;0;2965;0;0;0;0;0;0;0;0;0;0;0;0;0;0;0;0;1691;0;0;0;0;0;0;0;0;0;0;0;0;0;0;0;0;0;77;1377;95922;16259;42424;8865;8503;3298;11454;0;1177;800;1437;121;326;56;40;0;0;0;16;0;0;23;0;0;60;0;52;0;759;0;0;0;0;0;13;0;0;0;111;0;128
025;Unterems;NI;Urne;238506;125977;1560;124417;54833;35404;10860;7948;3127;10774;0;0;0;0;0;0;0;0;0;0;0;0;0;0;0;0;0;0;0;0;1364;0;0;0;0;0;0;0;0;0;0;0;0;0;0;0;0;0;107;1236;124741;37234;42154;11309;13100;3326;12169;0;581;1219;1296;123;384;34;45;0;0;0;15;0;0;17;0;0;78;0;53;0;1199;0;0;0;0;0;21;0;0;0;160;0;224
026;Friesland – Wilhelmshaven – Wittmund;NI;Urne;189047;92933;899;92034;19806;41524;8064;6746;2435;8875;0;1713;1897;0;0;0;0;0;0;0;0;50;0;0;0;0;0;0;0;0;924;0;0;0;0;0;0;0;0;0;0;0;0;0;0;0;0;0;0;980;91953;19026;35085;8599;9773;2907;11004;0;1019;1090;1502;103;311;35;55;0;0;0;36;0;0;15;0;0;95;0;60;0;800;0;0;0;0;0;30;0;0;0;224;0;184
027;Oldenburg – Ammerland;NI;Urne;228705;110200;1054;109146;21258;42506;6528;8093;6392;20739;0;925;0;0;0;969;284;0;0;0;0;57;0;0;0;0;0;0;0;0;1313;0;0;0;0;0;82;0;0;0;0;0;0;0;0;0;0;0;0;960;109240;20057;35701;6806;11172;5482;24050;0;636;981;1192;69;517;149;61;0;0;0;21;0;0;28;0;0;115;0;44;0;1198;0;0;0;0;0;29;0;0;0;329;0;603
028;Delmenhorst – Wesermarsch – Oldenburg-Land;NI;Urne;226827;115523;1450;114073;28561;41528;9797;11918;3538;13885;0;1456;1933;0;0;0;0;0;0;0;0;0;0;0;0;0;0;0;0;0;1400;0;0;0;0;0;57;0;0;0;0;0;0;0;0;0;0;0;0;1362;114161;25686;39066;10563;12972;3608;15586;0;1034;1149;1595;120;451;53;68;0;0;0;19;0;0;19;0;0;95;0;56;0;1250;0;0;0;0;0;34;0;0;0;501;0;236
029;Cuxhaven – Stade II;NI;Urne;188602;98807;810;97997;29358;36251;8102;6929;1926;9797;0;1403;1251;1973;0;0;0;0;0;0;0;0;0;0;0;0;0;0;0;0;1007;0;0;0;0;0;0;0;0;0;0;0;0;0;0;0;0;0;0;802;98005;25627;34259;8653;10010;2593;11335;0;998;830;1604;140;322;50;61;0;0;0;12;0;0;18;0;0;63;0;53;0;1025;0;0;0;0;0;17;0;0;0;198;0;137
030;Stade I – Rotenburg II;NI;Urne;198576;102858;851;102007;35424;32039;8365;8484;2940;12118;0;0;0;0;0;1224;0;0;0;0;0;0;0;0;0;0;0;0;0;0;1413;0;0;0;0;0;0;0;0;0;0;0;0;0;0;0;0;0;0;748;102110;27185;32345;8564;11675;2940;13688;0;1056;957;1237;136;469;60;56;0;0;0;10;0;0;23;0;0;82;0;51;0;1017;0;0;0;0;0;28;0;0;0;287;0;244
031;Mittelems;NI;Urne;233253;133598;1004;132594;54309;38929;7375;12833;2988;15172;0;0;0;0;0;0;0;0;0;0;0;0;0;0;0;0;0;0;0;0;988;0;0;0;0;0;0;0;0;0;0;0;0;0;0;0;0;0;0;921;132677;45086;41410;7539;15798;2883;15297;0;511;1145;1086;83;317;73;43;0;0;0;10;0;0;17;0;0;86;0;56;0;823;0;0;0;0;0;18;0;0;0;234;0;162
032;Cloppenburg – Vechta;NI;Urne;223948;120940;1013;119927;58146;25261;10690;10729;2674;11580;0;0;0;0;0;0;0;0;0;0;0;0;0;0;0;0;0;0;0;0;847;0;0;0;0;0;0;0;0;0;0;0;0;0;0;0;0;0;0;960;119980;45484;29784;10763;14655;2651;12248;0;582;806;1060;82;348;59;35;0;0;0;10;0;0;13;0;0;74;0;51;0;784;0;0;0;0;0;34;0;0;0;218;0;239
033;Diepholz – Nienburg I;NI;Urne;194371;100794;1068;99726;33016;31979;7663;9575;2858;12760;0;0;0;0;0;0;0;0;0;0;0;0;0;0;0;0;0;0;0;0;1509;0;0;0;0;0;0;0;0;0;0;0;0;0;0;0;0;0;366;769;100025;24909;33064;8145;12185;2743;13558;0;890;931;1171;81;322;68;57;0;0;0;13;0;0;6;0;0;81;0;51;0;1265;0;0;0;0;0;24;0;0;0;307;0;154
034;Osterholz – Verden;NI;Urne;197490;100423;1454;98969;33120;32114;0;9647;4318;13658;0;3202;0;0;0;0;0;0;0;0;0;0;0;0;0;0;0;0;0;0;2910;0;0;0;0;0;0;0;0;0;0;0;0;0;0;0;0;0;0;854;99569;23723;32362;8995;10706;3530;14841;0;904;790;1260;101;318;59;69;0;0;0;25;0;0;17;0;0;94;0;65;0;1130;0;0;0;0;0;23;0;0;0;338;0;219
035;Rotenburg I – Heidekreis;NI;Urne;168927;84902;700;84202;22426;39291;7262;5165;2141;6159;0;1758;0;0;0;0;0;0;0;0;0;0;0;0;0;0;0;0;0;0;0;0;0;0;0;0;0;0;0;0;0;0;0;0;0;0;0;0;0;695;84207;21207;28831;7813;8786;2496;10335;0;860;758;1167;127;341;58;45;0;0;0;11;0;0;11;0;0;67;0;47;0;866;0;0;0;0;0;25;0;0;0;129;0;227
036;Harburg;NI;Urne;201740;104092;793;103299;29555;32042;8259;9356;2802;14893;0;1989;0;2193;0;0;0;0;0;0;0;0;0;0;0;0;0;0;0;0;2003;0;0;0;0;0;207;0;0;0;0;0;0;0;0;0;0;0;0;680;103412;25257;30025;8764;13183;3107;16326;0;1341;819;1459;92;378;92;69;0;0;0;15;0;0;12;0;0;92;0;56;0;1699;0;0;0;0;0;76;0;0;0;319;0;231
037;Lüchow-Dannenberg – Lüneburg;NI;Urne;182673;88323;1171;87152;21665;25540;6512;6109;3401;19739;0;954;1519;0;0;0;0;0;0;0;0;0;0;0;0;0;0;0;0;0;1610;0;0;0;0;0;53;0;0;0;0;0;0;0;0;0;0;0;50;875;87448;18260;26645;6889;8606;3972;17745;0;691;993;1015;121;317;93;40;0;0;0;18;0;0;23;0;0;70;0;52;0;1530;0;0;0;0;0;28;0;0;0;127;0;213
038;Osnabrück-Land;NI;Urne;199960;105204;985;104219;36738;31462;7744;9209;2565;14159;0;871;0;0;0;0;0;0;0;0;0;0;0;0;0;0;0;0;0;0;1471;0;0;0;0;0;0;0;0;0;0;0;0;0;0;0;0;0;0;1146;104058;28752;33528;8243;11766;2764;14464;0;565;791;872;96;303;53;49;0;0;0;8;0;0;17;0;0;69;0;41;0;1299;0;0;0;0;0;10;0;0;0;227;0;141
039;Stadt Osnabrück;NI;Urne;195467;91398;965;90433;25720;28365;5224;6206;4369;19109;0;0;0;0;0;0;0;0;0;0;0;0;0;0;128;0;0;0;0;0;1312;0;0;0;0;0;0;0;0;0;0;0;0;0;0;0;0;0;0;855;90543;20408;28201;5322;8975;4017;19220;0;307;873;751;63;288;74;33;0;0;0;3;0;0;39;0;0;91;0;40;0;1039;0;0;0;0;0;12;0;0;0;482;0;305
040;Nienburg II – Schaumburg;NI;Urne;193863;96254;960;95294;29274;33350;9121;6029;2219;11220;0;1167;0;1813;0;0;0;0;0;0;0;0;0;0;0;0;0;0;0;0;986;0;0;0;0;0;0;0;0;0;0;0;0;0;0;0;0;0;115;886;95368;22384;32918;9618;9770;2745;12560;0;863;891;1343;111;411;48;56;0;0;0;11;0;0;15;0;0;71;0;49;0;1058;0;0;0;0;0;15;0;0;0;265;0;166
041;Stadt Hannover I;NI;Urne;176770;77577;887;76690;15834;27940;5730;5669;3010;14702;0;484;939;914;0;447;71;0;0;0;0;60;0;0;0;0;0;0;0;0;890;0;0;0;0;0;0;0;0;0;0;0;0;0;0;0;0;0;0;1060;76517;13789;24539;5774;7766;3658;16115;0;387;694;879;65;414;57;64;0;0;0;33;0;0;36;0;0;104;0;45;0;854;0;0;0;0;0;22;0;0;0;880;0;342
042;Stadt Hannover II;NI;Urne;190336;85206;872;84334;14932;28623;4916;5523;4667;20591;0;509;1456;1158;0;616;0;0;0;0;0;85;0;0;0;0;0;155;0;0;1103;0;0;0;0;0;0;0;0;0;0;0;0;0;0;0;0;0;0;1045;84161;12964;24599;5089;7507;5529;22824;0;416;1042;884;36;482;59;90;0;0;0;42;0;0;52;0;0;111;0;55;0;1024;0;0;0;0;0;7;0;0;0;869;0;480
043;Hannover-Land I;NI;Urne;231250;110983;1073;109910;33597;37445;9657;8291;2718;13252;0;0;1137;1888;0;617;0;0;0;0;0;0;0;0;0;0;0;0;0;0;1206;0;0;0;0;0;71;0;0;0;0;0;0;0;0;0;0;0;31;1505;109478;27108;35263;9947;12515;3029;15600;0;658;908;1650;91;453;75;44;0;0;0;24;0;0;22;0;0;90;0;33;0;1077;0;0;0;0;0;32;0;0;0;637;0;222
044;Celle – Uelzen;NI;Urne;214482;104217;992;103225;33766;33134;11103;9072;3043;10899;0;2186;0;0;0;0;0;0;0;0;0;0;0;0;0;0;0;0;0;0;0;0;0;0;0;0;0;0;0;0;0;0;0;0;0;0;0;0;22;910;103307;26674;31592;11116;12069;3208;13048;0;935;974;1416;130;386;77;59;0;0;0;12;0;0;22;0;0;76;0;42;0;1130;0;0;0;0;0;18;0;0;0;161;0;162
045;Gifhorn – Peine;NI;Urne;219966;113174;1329;111845;27158;47867;12160;7544;2523;9777;0;1340;0;1843;0;0;0;0;0;0;0;0;0;0;0;0;0;0;0;0;1477;0;0;0;0;0;65;0;0;0;0;0;0;0;0;0;0;0;91;1504;111670;25458;39074;12693;11203;2855;13678;0;1034;1024;1445;134;456;119;62;0;0;0;20;0;0;16;0;0;95;0;65;0;1447;0;0;0;0;0;40;0;0;0;481;0;271
046;Hameln-Pyrmont – Holzminden;NI;Urne;184471;85586;978;84608;20841;36222;8469;6190;2425;7935;0;1236;0;0;0;0;0;0;0;0;0;0;0;0;0;0;0;0;0;0;1290;0;0;0;0;0;0;0;0;0;0;0;0;0;0;0;0;0;0;981;84605;18568;30955;8699;8959;2491;10235;0;665;684;1088;118;318;45;50;0;0;0;6;0;0;17;0;0;78;0;48;0;1127;0;0;0;0;0;15;0;0;0;298;0;141
047;Hannover-Land II;NI;Urne;238323;114580;1156;113424;27740;45648;10089;7949;2844;13353;0;1175;1129;1618;0;731;0;0;0;0;0;0;0;0;0;0;0;0;0;0;1117;0;0;0;0;0;0;0;0;0;0;0;0;0;0;0;0;0;31;1662;112918;24579;38522;10361;11898;3448;17486;0;1001;952;1620;120;572;68;67;0;0;0;20;0;0;23;0;0;99;0;52;0;1124;0;0;0;0;0;27;0;0;0;618;0;261
048;Hildesheim;NI;Urne;215131;106419;1299;105120;26186;41269;8865;7724;3659;13671;0;928;0;0;0;1010;154;0;0;0;0;0;0;0;0;0;0;0;0;0;1515;0;0;0;0;0;0;0;0;0;0;0;0;0;0;0;0;0;139;1589;104830;23047;36741;9450;10322;3632;16017;0;684;1001;1286;119;527;85;57;0;0;0;20;0;0;24;0;0;65;0;63;0;1130;0;0;0;0;0;20;0;0;0;335;0;205
049;Salzgitter – Wolfenbüttel;NI;Urne;200922;99831;1382;98449;25647;38143;11453;6692;3839;9446;0;1086;0;0;0;862;0;0;0;0;0;0;0;0;0;0;0;0;0;0;1099;0;0;0;0;0;0;0;0;0;0;0;0;0;0;0;0;0;182;1234;98597;21626;36234;11492;9177;3159;11125;0;843;910;1410;184;424;59;59;0;0;0;19;0;0;14;0;0;64;0;46;0;940;0;0;0;0;0;26;0;0;0;610;0;176
050;Braunschweig;NI;Urne;187721;81574;967;80607;17275;29973;6038;5893;3329;14953;0;705;0;0;0;0;196;308;0;0;0;64;0;0;0;0;0;0;0;0;1101;0;0;0;0;0;47;0;0;0;0;0;0;0;0;0;0;0;725;1307;80267;14419;25003;6143;8056;3827;17459;0;479;943;913;70;488;105;155;0;0;0;31;0;0;16;0;0;101;0;36;0;967;0;0;0;0;0;32;0;0;0;505;0;519
051;Helmstedt – Wolfsburg;NI;Urne;180147;86199;1252;84947;22369;35169;9586;6542;2435;6810;0;1379;0;0;0;0;266;0;0;0;0;0;0;0;0;0;0;0;0;0;0;0;0;0;0;0;0;0;0;0;0;0;0;0;0;0;0;0;391;1229;84970;20650;29467;9496;8721;2384;9193;0;696;811;1076;148;371;120;46;0;0;0;20;0;0;10;0;0;89;0;61;0;1083;0;0;0;0;0;26;0;0;0;282;0;220
052;Goslar – Northeim – Osterode;NI;Urne;197519;93080;1150;91930;29479;33934;8582;5937;2603;8904;0;1226;0;0;0;0;0;0;0;0;0;0;0;0;0;0;0;0;0;0;1227;0;0;0;0;0;0;0;0;0;0;0;0;0;0;0;0;0;38;1011;92069;20793;34976;8977;9417;2807;10303;0;728;819;1107;142;299;47;51;0;0;0;12;0;0;15;0;0;83;0;33;0;1037;0;0;0;0;0;14;0;0;0;260;0;149
053;Göttingen;NI;Urne;214542;101106;1791;99315;26086;33337;0;9822;5233;21398;0;0;0;0;0;0;0;0;0;0;0;161;0;0;242;0;0;0;0;0;2511;0;0;0;0;0;525;0;0;0;0;0;0;0;0;0;0;0;0;1276;99830;20940;32482;7421;9667;5215;18591;0;757;1110;1044;119;406;81;67;0;0;0;29;0;0;50;0;0;117;0;57;0;1064;0;0;0;0;0;44;0;0;0;270;0;299
054;Bremen I;HB;Urne;245384;92839;895;91944;17957;28147;6404;7155;8198;18097;0;914;1519;1221;0;0;133;0;0;0;0;77;0;0;0;0;0;281;0;0;1346;0;0;0;0;0;0;0;0;0;495;0;0;0;0;0;0;0;0;789;92050;14762;26456;6829;9212;8292;20381;0;691;1072;1104;59;0;88;119;0;0;0;46;0;102;0;0;0;170;0;0;0;1205;0;0;0;0;0;0;0;0;0;1066;0;396
055;Bremen II – Bremerhaven;HB;Urne;214365;85226;1558;83668;15574;30982;9259;5408;6268;10947;0;1060;1646;0;0;512;183;326;0;0;0;75;0;0;0;0;0;287;0;0;1141;0;0;0;0;0;0;0;0;0;0;0;0;0;0;0;0;0;0;1037;84189;13424;28893;9429;7298;5884;12657;0;836;1212;1399;119;0;103;149;0;0;0;51;0;136;0;0;0;166;0;0;0;956;0;0;0;0;0;0;0;0;0;1223;0;254
056;Prignitz – Ostprignitz-Ruppin – Havelland I;BB;Urne;172726;86387;1400;84987;16066;27424;19051;5161;7149;3471;0;3100;1465;0;0;446;0;0;0;0;0;0;0;0;0;0;0;0;0;0;1258;0;0;0;0;0;0;0;0;0;0;0;0;0;0;0;0;0;396;1292;85095;13440;27990;18682;6299;6592;4615;0;2128;1005;1764;376;325;81;0;0;0;0;53;0;0;38;0;0;73;0;0;0;1132;0;0;0;0;0;0;0;0;0;88;295;119
057;Uckermark – Barnim I;BB;Urne;182836;87540;1418;86122;14914;24987;20613;7007;7452;4370;0;2385;1353;0;0;531;246;0;0;0;0;0;0;0;0;0;0;0;0;0;1398;0;0;0;0;0;0;0;0;0;0;0;0;0;0;0;0;0;866;1362;86178;13095;25944;20173;6787;7114;5289;0;1996;1035;1815;365;371;133;0;0;0;0;26;0;0;104;0;0;74;0;0;0;1310;0;0;0;0;0;0;0;0;0;121;314;112
058;Oberhavel – Havelland II;BB;Urne;249331;120667;1746;118921;23725;30513;23317;10527;9093;10177;0;4696;2610;0;0;1361;502;0;0;0;0;0;0;0;0;0;0;0;0;0;2400;0;0;0;0;0;0;0;0;0;0;0;0;0;0;0;0;0;0;1581;119086;19956;32359;23150;11985;7701;11120;0;2992;1458;3910;428;661;193;0;0;0;0;41;0;0;86;0;0;152;0;0;0;1898;0;0;0;0;0;0;0;0;0;276;431;289
059;Märkisch-Oderland – Barnim II;BB;Urne;230391;111703;2193;109510;25246;26096;24323;7651;12112;6553;0;0;2826;0;0;0;421;0;0;0;0;0;0;0;335;0;0;0;0;0;2519;0;0;0;0;0;0;0;0;0;0;0;0;0;0;0;0;0;1428;2015;109688;16298;28636;24068;9423;10416;7916;0;3614;1517;3454;346;451;192;0;0;0;0;42;0;0;200;0;0;148;0;0;0;1922;0;0;0;0;0;0;0;0;0;198;557;290
060;Brandenburg an der Havel – Potsdam-Mittelmark I – Havelland III – Teltow-Fläming I;BB;Urne;202955;100592;1790;98802;19542;31014;18897;6391;8170;5774;0;3371;1695;0;0;556;262;0;0;0;0;0;0;0;0;0;0;0;0;0;1673;0;0;0;0;0;0;0;0;697;0;0;0;0;0;0;0;0;760;1683;98909;15023;31754;18854;8039;7845;7381;0;2485;1193;2445;365;441;179;0;0;0;0;49;0;0;96;0;0;124;0;0;0;1561;0;0;0;0;0;0;0;0;0;164;632;279
061;Potsdam – Potsdam-Mittelmark II – Teltow-Fläming II;BB;Urne;232797;110864;1167;109697;14646;36532;12755;9819;8426;19343;0;1824;2002;0;0;0;444;0;0;0;0;0;0;0;190;0;0;258;0;0;1994;0;0;0;0;0;0;0;0;0;531;0;0;0;0;0;0;0;933;1209;109655;14699;29067;13575;11732;10767;19254;0;1693;1706;2718;170;451;317;0;0;0;0;51;0;0;138;0;0;189;0;0;0;1951;0;0;0;0;0;0;0;0;0;277;332;568
062;Dahme-Spreewald – Teltow-Fläming III – Oberspreewald-Lausitz I;BB;Urne;252744;127044;2369;124675;23903;32447;26193;9912;10495;7662;0;4829;0;4220;0;870;264;0;0;0;0;0;0;0;219;0;0;0;0;0;1984;0;0;0;0;0;0;0;0;0;0;0;0;0;1011;0;0;0;666;2229;124815;19702;34140;26661;12144;9169;9324;0;3629;1354;3944;405;590;191;0;0;0;0;61;0;0;172;0;0;159;0;0;0;1866;0;0;0;0;0;0;0;0;0;388;564;352
063;Frankfurt (Oder) – Oder-Spree;BB;Urne;191387;96687;1579;95108;15121;25834;23626;6823;9692;5260;0;3275;2286;0;0;0;447;0;0;0;0;179;0;0;0;0;0;0;0;0;2034;0;0;0;0;0;0;0;0;0;0;0;0;0;0;0;0;0;531;1476;95211;13331;26332;22362;8359;8509;6096;0;2411;1386;2496;466;352;217;0;0;0;0;96;0;0;98;0;0;105;0;0;0;1719;0;0;0;0;0;0;0;0;0;186;454;236
064;Cottbus – Spree-Neiße;BB;Urne;171267;81602;1459;80143;12477;21373;24958;6760;5971;2304;0;1967;1665;0;0;0;0;0;0;0;0;0;0;0;202;0;0;0;0;0;1844;0;0;0;0;0;0;0;0;622;0;0;0;0;0;0;0;0;0;1340;80262;10738;21096;23594;8264;5517;3647;0;1652;968;1601;326;256;73;0;0;0;0;40;0;0;105;0;0;77;0;0;0;1505;0;0;0;0;0;0;0;0;0;131;472;200
065;Elbe-Elster – Oberspreewald-Lausitz II;BB;Urne;162410;86169;1668;84501;13220;20550;24247;7190;7063;2533;0;3244;1617;0;0;0;0;0;0;0;0;0;0;0;0;0;0;0;0;0;1149;0;0;0;0;0;0;0;0;3421;0;0;0;0;0;0;0;0;267;1580;84589;12298;22413;24342;7764;5756;3083;0;2495;1024;1837;503;320;87;0;0;0;0;27;0;0;72;0;0;61;0;0;0;1019;0;0;0;0;0;0;0;0;0;105;1235;148
066;Altmark;ST;Urne;159998;79406;1083;78323;17002;20563;17124;6551;7855;2956;0;3952;0;0;0;0;0;0;0;0;0;0;0;0;0;0;0;0;0;0;1687;0;0;0;0;0;0;0;0;0;0;0;0;0;0;0;0;0;633;983;78423;16340;20627;16954;6680;7262;3679;0;2291;552;816;159;236;32;0;0;0;577;51;0;0;0;0;0;76;390;63;0;1543;0;0;0;0;0;0;0;0;0;0;0;95
067;Börde – Jerichower Land;ST;Urne;215532;102671;1408;101263;24828;24936;24036;7940;8538;3561;0;2531;0;1262;0;0;0;0;0;0;2010;0;0;0;0;0;0;0;0;0;1621;0;0;0;0;0;0;0;0;0;0;0;0;0;0;0;0;0;0;1321;101350;22024;25409;23869;9169;8166;4232;0;1762;810;1371;300;335;40;0;0;0;1259;77;0;0;0;0;0;95;580;97;0;1597;0;0;0;0;0;0;0;0;0;0;0;158
068;Harz;ST;Urne;207942;92150;1361;90789;24174;21854;20021;6701;8855;3586;0;3181;0;0;0;0;0;0;0;0;0;0;0;0;0;0;0;0;0;0;2246;0;0;0;0;0;0;0;0;0;0;0;0;0;0;0;0;0;171;1274;90876;19646;23099;19786;8245;7922;4208;0;1789;645;1225;223;319;57;0;0;0;951;48;0;0;0;0;0;86;507;69;0;1937;0;0;0;0;0;0;0;0;0;0;0;114
069;Magdeburg;ST;Urne;229198;88679;1042;87637;18732;21132;17273;6567;8316;6452;0;1328;1217;0;0;0;133;0;0;0;2256;115;0;0;0;0;0;0;1121;0;1537;0;0;0;0;0;0;0;0;0;0;0;0;0;0;0;0;0;1458;1065;87614;15889;21755;17331;7912;8866;7492;0;1122;1017;852;222;372;87;0;0;0;1669;87;0;0;0;0;0;149;1072;90;0;1363;0;0;0;0;0;0;0;0;0;0;0;267
070;Dessau – Wittenberg;ST;Urne;169749;75733;1039;74694;24313;14370;17238;4905;5768;3942;0;2326;0;0;0;0;0;0;0;0;0;0;0;0;0;0;0;0;0;0;1432;0;0;0;0;0;0;0;0;0;0;0;0;0;0;0;0;0;400;980;74753;17014;18580;16901;6660;5966;3513;0;1601;601;887;279;291;32;0;0;0;637;48;0;0;0;0;0;59;378;50;0;1165;0;0;0;0;0;0;0;0;0;0;0;91
071;Anhalt;ST;Urne;214563;96982;1667;95315;21884;18659;26923;7227;12772;2710;0;3164;0;0;0;0;0;0;0;0;0;0;0;0;0;0;0;0;0;0;1439;0;0;0;0;0;0;0;0;0;0;0;0;0;0;0;0;0;537;1537;95445;20137;21452;25169;8592;9215;3214;0;1868;639;1362;296;274;28;0;0;0;937;59;0;0;0;0;0;102;583;69;0;1350;0;0;0;0;0;0;0;0;0;0;0;99
072;Halle;ST;Urne;209765;90014;1064;88950;18652;23677;17215;7135;10792;6468;0;1811;1452;0;0;0;0;0;0;0;0;225;0;0;0;0;0;0;0;0;1523;0;0;0;0;0;0;0;0;0;0;0;0;0;0;0;0;0;0;1011;89003;15946;19924;16771;8985;9785;10073;0;1331;1024;1227;192;459;110;0;0;0;844;123;0;0;0;0;0;179;394;90;0;1345;0;0;0;0;0;0;0;0;0;0;0;201
073;Burgenland – Saalekreis;ST;Urne;184352;83239;1161;82078;19993;16587;25444;7642;7483;2459;0;0;0;0;0;0;0;0;0;0;0;0;0;0;0;0;0;0;0;0;2470;0;0;0;0;0;0;0;0;0;0;0;0;0;0;0;0;0;0;1046;82193;16406;17231;24331;8169;6446;2808;0;1081;679;1025;311;279;57;0;0;0;726;54;0;0;0;0;0;77;453;81;0;1883;0;0;0;0;0;0;0;0;0;0;0;96
074;Mansfeld;ST;Urne;198676;90819;1316;89503;21220;20052;26011;7252;8175;2303;0;2524;0;0;0;0;0;0;0;0;0;0;0;0;0;0;0;0;0;0;1966;0;0;0;0;0;0;0;0;0;0;0;0;0;0;0;0;0;0;1191;89628;18509;20519;24986;8381;7372;2822;0;1342;558;1180;331;247;34;0;0;0;827;67;0;0;0;0;0;86;464;80;0;1732;0;0;0;0;0;0;0;0;0;0;0;91
075;Berlin-Mitte;BE;Urne;207010;75760;1555;74205;9453;17232;5100;4617;11110;20991;0;0;1485;1491;0;451;100;0;0;0;0;113;0;0;0;0;0;214;0;0;1140;0;0;0;0;0;36;0;0;0;549;0;0;0;0;0;0;0;123;1448;74312;8207;15936;5270;5606;10994;20851;0;459;1241;1394;51;348;101;49;0;0;0;57;115;0;111;376;20;201;0;120;25;0;0;0;0;0;0;28;0;0;0;2167;0;585
076;Berlin-Pankow;BE;Urne;233069;71021;987;70034;10599;11290;12577;2001;9876;18120;0;510;1812;2098;0;417;141;0;0;0;0;0;193;0;0;0;0;0;0;0;0;0;0;0;0;0;102;0;0;0;298;0;0;0;0;0;0;0;0;878;70143;10103;10406;12816;2457;10080;17549;0;536;1539;1990;62;330;106;41;0;0;0;24;152;0;172;649;23;141;0;108;25;0;0;0;0;0;0;84;0;0;0;311;0;439
077;Berlin-Reinickendorf;BE;Urne;175195;62636;1670;60966;16256;14773;8373;4655;3160;8254;0;1086;896;1839;0;0;136;0;0;0;0;0;0;0;0;1014;0;0;0;0;524;0;0;0;0;0;0;0;0;0;0;0;0;0;0;0;0;0;0;1540;61096;14558;13848;8515;5618;3016;9288;0;820;768;1826;57;210;74;44;0;0;0;9;116;0;29;935;14;107;0;45;12;0;0;0;0;0;0;36;0;0;0;917;0;234
078;Berlin-Spandau – Charlottenburg Nord;BE;Urne;179896;69772;2162;67610;15031;21116;8825;5576;3973;7621;0;0;1478;2462;0;0;142;0;0;0;0;64;0;0;0;0;0;0;0;0;1078;0;0;0;101;0;57;0;0;0;0;0;0;0;0;0;0;0;86;2095;67677;13442;17790;9038;6619;3656;9164;0;652;1132;2507;78;310;124;42;0;0;0;31;198;0;40;795;33;132;0;92;23;0;0;0;0;0;0;41;0;0;0;1434;0;304
079;Berlin-Steglitz-Zehlendorf;BE;Urne;217506;81881;1476;80405;20406;19817;5644;7268;3758;18108;0;712;1080;1907;0;352;153;0;0;0;0;0;195;0;0;0;0;0;0;0;954;0;0;0;0;0;51;0;0;0;0;0;0;0;0;0;0;0;0;1485;80396;16775;18974;6148;9732;4243;18416;0;722;901;1717;28;320;134;49;0;0;0;6;151;0;29;526;22;150;0;76;21;0;0;0;0;0;0;42;0;0;0;663;0;551
080;Berlin-Charlottenburg-Wilmersdorf;BE;Urne;195586;66337;965;65372;15036;16519;4385;5045;4182;16355;0;579;952;1052;0;298;76;0;0;0;0;0;0;0;0;0;0;133;0;0;641;0;0;0;0;0;59;0;0;0;0;0;0;0;0;0;0;0;60;1014;65323;13045;14218;4960;6796;4793;17188;0;400;849;1067;23;226;74;29;0;0;0;14;53;0;42;256;17;135;0;54;7;0;0;0;0;0;0;39;0;0;0;601;0;437
081;Berlin-Tempelhof-Schöneberg;BE;Urne;231477;85664;1772;83892;17027;22563;6410;6385;5742;19749;0;826;1241;2070;0;447;177;0;0;0;0;0;0;158;0;0;0;0;0;0;1052;0;0;0;0;0;45;0;0;0;0;0;0;0;0;0;0;0;0;1905;83759;14171;20139;6932;7770;6837;19947;0;827;1099;1958;53;369;142;56;0;0;0;23;167;0;54;652;39;137;0;102;20;0;0;0;0;0;0;45;0;0;0;1714;0;506
082;Berlin-Neukölln;BE;Urne;196593;71767;2182;69585;12344;18418;6526;4482;9293;12140;0;0;1451;2003;0;0;0;0;0;0;0;109;0;0;0;0;0;0;0;0;780;0;0;0;0;0;83;0;1703;0;0;0;0;99;0;0;0;0;154;1874;69893;10992;16933;6583;4994;8661;13836;0;610;1090;1791;61;256;68;35;0;0;0;50;136;0;62;555;30;112;0;121;19;0;0;0;0;0;0;64;0;0;0;2523;0;311
083;Berlin-Friedrichshain-Kreuzberg – Prenzlauer Berg Ost;BE;Urne;218824;79716;1240;78476;6482;13542;4639;3397;15245;27332;0;0;3952;1554;0;454;100;0;0;0;0;103;0;0;0;0;0;209;0;168;1028;0;0;0;0;0;0;0;0;0;0;0;87;0;0;0;0;0;184;1155;78561;6064;14398;4914;3872;15435;26448;0;377;1961;1522;24;359;101;44;0;0;0;60;110;0;161;361;21;163;0;166;29;0;0;0;0;0;0;24;0;0;0;1365;0;582
084;Berlin-Treptow-Köpenick;BE;Urne;206999;84980;1860;83120;10980;12694;12434;5081;26947;8039;0;1184;1480;2637;0;0;187;0;0;0;0;82;0;0;0;0;0;0;0;0;1161;0;0;0;0;0;214;0;0;0;0;0;0;0;0;0;0;0;0;2126;82854;10813;17947;13234;6659;12498;12256;0;1151;1692;2851;270;359;154;44;0;0;0;55;288;0;132;1084;54;193;0;106;22;0;0;0;0;0;0;151;0;0;0;429;0;412
085;Berlin-Marzahn-Hellersdorf;BE;Urne;198002;75106;1781;73325;19883;10640;15040;3553;14309;4215;0;0;1608;3117;0;0;0;0;0;0;0;67;0;0;0;0;0;0;0;0;810;0;0;0;0;0;83;0;0;0;0;0;0;0;0;0;0;0;0;1976;73130;11415;15667;15958;5332;10432;5798;0;766;1231;2931;289;322;77;33;0;0;0;39;371;0;133;1293;61;168;0;91;26;0;0;0;0;0;0;73;0;0;0;281;0;343
086;Berlin-Lichtenberg;BE;Urne;200461;80848;2078;78770;9815;15148;12386;4888;18719;9690;0;1344;2101;3230;0;0;141;0;0;0;0;109;0;0;0;0;0;0;0;0;1091;0;0;0;0;0;108;0;0;0;0;0;0;0;0;0;0;0;0;2087;78761;9350;17289;12698;5614;13556;10988;0;1054;1650;2790;191;422;99;40;0;0;0;55;370;0;167;1121;40;194;0;112;28;0;0;0;0;0;0;66;0;0;0;373;0;494
087;Aachen I;NW;Urne;176306;66432;697;65735;16371;16287;3667;5036;3427;17976;0;395;1514;0;0;0;0;0;0;0;0;0;0;0;0;0;0;0;0;0;885;0;0;0;0;0;0;0;0;0;0;0;0;0;0;0;0;0;177;521;65911;14954;14747;3738;6698;4137;17004;0;242;818;598;31;291;123;36;0;0;0;19;33;0;30;0;0;135;0;33;18;822;31;0;0;0;53;15;19;32;0;649;0;605
088;Aachen II;NW;Urne;226420;90834;1268;89566;27941;30190;8728;6732;2667;9842;0;870;1625;0;0;0;0;0;0;0;0;0;0;0;0;0;0;0;0;0;971;0;0;0;0;0;0;0;0;0;0;0;0;0;0;0;0;0;0;1121;89713;25516;27491;8595;9525;3002;9728;0;547;848;1350;120;367;97;32;0;0;0;14;90;0;11;0;0;65;0;38;13;966;25;0;0;0;158;9;27;49;0;791;0;239
089;Heinsberg;NW;Urne;192346;84483;1175;83308;31780;21859;8045;6392;2317;8204;0;1173;2610;0;0;0;0;0;0;0;0;0;0;0;0;0;0;0;0;0;928;0;0;0;0;0;0;0;0;0;0;0;0;0;0;0;0;0;0;1018;83465;26108;22143;8286;9211;2763;9071;0;678;1081;1351;156;359;47;50;0;0;0;10;117;0;8;0;0;45;0;31;9;1041;27;0;0;0;158;16;28;80;0;344;0;247
090;Düren;NW;Urne;199656;77845;1079;76766;26802;23316;8631;5671;1965;6583;0;999;1220;0;0;571;0;0;0;0;0;0;0;0;0;0;0;0;0;0;866;0;0;0;0;0;0;0;0;142;0;0;0;0;0;0;0;0;0;993;76852;22461;21457;8766;8517;2455;7906;0;581;742;1225;119;373;49;33;0;0;0;6;90;0;16;0;0;44;0;33;5;924;101;0;0;0;149;18;26;53;0;441;0;262
091;Rhein-Erft-Kreis I;NW;Urne;249035;96226;1146;95080;29708;29296;8459;8937;3165;11647;0;905;0;0;0;1396;0;0;0;0;0;0;0;0;0;0;0;0;0;0;1188;0;0;0;0;379;0;0;0;0;0;0;0;0;0;0;0;0;0;973;95253;25856;26320;8498;11984;3062;12900;0;620;773;1308;108;625;48;34;0;0;0;19;87;0;13;0;0;82;0;44;15;1001;38;0;0;0;218;23;43;68;0;1119;0;347
092;Euskirchen – Rhein-Erft-Kreis II;NW;Urne;249198;96706;1261;95445;31747;25004;9747;10022;2698;11532;0;1260;1435;0;0;639;0;0;0;0;0;0;0;0;0;0;0;0;0;0;1361;0;0;0;0;0;0;0;0;0;0;0;0;0;0;0;0;0;0;1034;95672;28146;24250;9784;11736;3019;12338;0;738;840;1428;81;472;66;54;0;0;0;14;115;0;13;0;0;75;0;42;12;1251;53;0;0;0;177;28;37;91;0;501;0;311
093;Köln I;NW;Urne;190630;61858;653;61205;13005;17605;4978;5106;3627;13386;0;459;1208;0;0;0;0;0;0;0;0;90;0;0;0;0;0;0;0;0;904;0;0;0;0;0;0;0;0;0;768;0;0;0;0;0;0;0;69;525;61333;11262;15896;4846;6594;4167;13573;0;299;722;699;35;264;36;46;0;0;0;39;43;0;14;0;0;77;0;51;8;728;36;0;0;0;93;7;30;42;0;1200;0;526
094;Köln II;NW;Urne;242483;79852;477;79375;17735;15839;3004;6736;4015;27731;0;510;1319;0;0;0;0;0;0;0;0;63;0;0;32;0;0;0;0;0;1066;0;0;0;0;0;0;0;0;0;1325;0;0;0;0;0;0;0;0;351;79501;14704;16928;3210;10083;4778;25024;0;266;759;616;24;209;70;50;0;0;0;17;51;0;18;0;0;83;0;36;4;947;31;0;0;0;42;16;23;32;0;629;0;851
095;Köln III;NW;Urne;204539;67359;682;66677;11937;20086;4647;4810;4086;17366;0;454;1396;0;0;0;0;0;0;0;0;58;0;0;0;0;0;0;0;0;1019;0;0;0;0;0;0;0;0;0;734;0;0;0;0;0;0;0;84;546;66813;11296;16838;4632;6119;4914;17578;0;280;796;792;44;205;48;45;0;0;0;42;54;0;14;0;0;66;0;61;7;911;30;0;0;0;64;17;22;37;0;1315;0;586
096;Bonn;NW;Urne;230215;88557;971;87586;20251;23105;4816;10461;3933;20463;0;558;1384;0;0;0;0;0;0;0;0;78;0;0;0;0;0;0;0;0;1288;0;0;0;0;0;53;0;0;0;1196;0;0;0;0;0;0;0;0;801;87756;18555;20232;5039;10181;5514;21938;0;404;874;605;34;344;69;52;0;0;0;31;55;0;34;0;0;102;0;34;8;1142;58;0;0;0;64;32;28;31;0;1416;0;880
097;Rhein-Sieg-Kreis I;NW;Urne;238627;96193;1121;95072;29345;26721;8780;9052;3553;12674;0;836;1954;0;0;0;0;0;0;0;0;0;0;0;0;0;0;0;0;0;1570;0;0;0;0;0;0;0;0;0;412;175;0;0;0;0;0;0;0;972;95221;25186;24237;9140;11961;3540;14020;0;607;1065;1555;87;458;73;62;0;0;0;14;97;0;11;0;0;79;0;41;15;1452;145;0;0;0;172;26;21;60;0;635;0;462
098;Rhein-Sieg-Kreis II;NW;Urne;216063;86260;768;85492;31912;20048;6831;7457;2665;12631;0;710;1280;0;0;0;0;0;0;0;0;0;0;0;0;0;0;0;0;0;1280;0;0;0;0;0;60;0;0;0;469;149;0;0;0;0;0;0;0;796;85464;24271;19540;6885;11397;3158;14422;0;563;802;1067;62;334;89;60;0;0;0;12;88;0;5;0;0;69;0;20;4;1213;94;0;0;0;124;33;25;70;0;529;0;528
099;Oberbergischer Kreis;NW;Urne;206640;93800;1205;92595;29906;24411;11332;9396;2920;9941;0;1148;1785;0;0;0;0;0;0;0;0;0;0;0;0;0;0;0;0;0;1756;0;0;0;0;0;0;0;0;0;0;0;0;0;0;0;0;0;0;1153;92647;24686;23748;11402;11628;3177;10472;0;759;997;1438;103;428;105;43;0;0;0;16;127;0;12;0;0;74;0;45;11;1885;455;0;0;0;169;23;65;82;0;476;0;221
100;Rheinisch-Bergischer Kreis;NW;Urne;217193;82537;820;81717;23029;18676;5831;14529;2606;13765;0;1407;0;0;0;0;0;0;0;0;0;0;0;0;0;0;0;0;0;0;1348;0;0;0;0;0;0;0;0;0;526;0;0;0;0;0;0;0;0;672;81865;21439;19950;6205;11516;2753;14418;0;669;727;1046;51;278;58;56;0;0;0;12;113;0;11;0;0;76;0;30;7;1268;70;0;0;0;125;18;17;57;0;423;0;472
101;Leverkusen – Köln IV;NW;Urne;209102;78074;926;77148;15592;33252;7080;6024;3254;8246;0;655;1457;0;0;0;0;0;0;0;0;119;0;0;0;0;0;0;0;0;1312;0;0;0;0;0;0;0;0;0;0;0;0;0;0;0;0;0;157;801;77273;16054;21759;7184;8313;4057;13613;0;421;1048;1047;79;372;49;59;0;0;0;63;94;0;22;0;0;56;0;44;11;1028;51;0;0;0;109;22;30;64;0;1163;0;461
102;Wuppertal I;NW;Urne;202528;86903;1282;85621;17776;31758;8840;7982;4368;10354;0;824;1635;0;0;0;0;0;0;0;0;136;0;0;0;0;0;0;0;0;1401;0;0;0;0;0;0;0;0;0;547;0;0;0;0;0;0;0;0;930;85973;17119;24694;8920;9180;5240;13777;0;522;1008;1305;119;336;67;69;0;0;0;96;88;0;41;0;0;91;0;37;28;1161;71;0;0;0;114;16;32;63;0;1354;0;425
103;Solingen – Remscheid – Wuppertal II;NW;Urne;220204;91302;995;90307;23416;29233;8719;9859;3313;11048;0;867;1905;0;0;0;0;0;0;0;0;97;0;0;0;0;0;0;0;0;1442;0;0;0;0;0;0;0;0;0;0;0;0;0;0;0;0;0;408;879;90423;20955;26256;8859;11078;3734;12628;0;580;1158;1425;87;392;49;49;0;0;0;57;99;0;8;0;0;111;0;29;9;1222;40;0;0;0;179;18;38;72;0;1020;0;271
104;Mettmann I;NW;Urne;203030;79192;967;78225;21920;20149;6990;7974;2473;15946;0;869;0;0;0;0;0;0;0;0;0;0;0;0;0;0;0;0;0;0;1125;0;0;0;0;0;0;0;0;0;0;0;0;0;0;0;0;0;779;778;78414;20048;20297;6999;10607;2761;11820;0;499;826;1174;82;375;47;48;0;0;0;19;112;0;15;0;0;62;0;30;11;991;51;0;0;0;130;27;42;82;0;969;0;290
105;Mettmann II;NW;Urne;160175;64947;776;64171;18771;19468;6064;6090;1892;8908;0;511;1308;0;0;0;0;0;0;0;0;62;0;0;0;0;0;0;0;0;872;102;0;0;0;0;37;0;0;0;0;0;0;0;0;0;0;0;86;623;64324;16347;17493;6180;8461;2176;9084;0;349;726;887;59;386;42;47;0;0;0;45;90;0;5;0;0;50;0;32;9;755;77;0;0;0;83;21;14;65;0;659;0;182
106;Düsseldorf I;NW;Urne;220827;80816;652;80164;22991;19528;4453;10550;2902;16057;0;489;1236;0;0;0;0;0;0;0;0;71;0;0;0;0;0;0;0;0;1121;0;0;0;0;0;38;0;0;0;605;0;0;0;0;0;0;0;123;532;80284;19133;18219;4705;12135;3687;17159;0;383;783;764;55;273;51;63;0;0;0;33;65;0;19;0;0;86;0;35;8;968;27;0;0;0;78;20;25;51;0;981;0;478
107;Düsseldorf II;NW;Urne;190102;71815;745;71070;16364;21562;5649;7103;3212;13562;0;579;1413;0;0;0;0;0;0;0;0;105;0;0;0;0;0;0;0;0;1017;0;0;0;0;0;0;0;0;0;504;0;0;0;0;0;0;0;0;620;71195;15048;18162;5851;8375;3979;14221;0;385;801;951;52;313;47;47;0;0;0;43;71;0;30;0;0;64;0;38;10;829;33;0;0;0;88;15;26;74;0;1274;0;368
108;Neuss I;NW;Urne;213250;79370;979;78391;25984;24968;7364;6676;2371;8083;0;0;1812;0;0;0;0;0;0;0;0;0;0;0;0;0;0;0;0;0;1084;0;0;0;0;0;0;0;0;0;0;0;0;0;0;0;0;0;49;791;78579;22018;20899;7645;9728;2579;9971;0;399;887;1148;73;315;51;64;0;0;0;14;94;0;29;0;0;69;0;29;12;1040;26;0;0;0;142;13;25;53;0;1034;0;222
109;Mönchengladbach;NW;Urne;185185;74893;1109;73784;24635;21813;7317;6618;0;9277;0;794;1897;0;0;0;0;0;0;0;0;0;0;0;210;0;0;0;0;0;1223;0;0;0;0;0;0;0;0;0;0;0;0;0;0;0;0;0;0;817;74076;20085;20039;7099;8719;3079;9513;0;464;977;1172;125;317;67;60;0;0;0;18;103;0;65;0;0;60;0;38;9;910;24;0;0;0;156;12;26;56;0;710;0;173
110;Krefeld I – Neuss II;NW;Urne;200048;82249;974;81275;25649;21463;6162;9800;2539;12037;0;885;1579;0;0;0;0;0;0;0;0;88;0;0;0;0;0;0;0;0;1073;0;0;0;0;0;0;0;0;0;0;0;0;0;0;0;0;0;0;762;81487;22820;20576;6275;11454;2778;12224;0;440;885;1163;69;337;60;58;0;0;0;32;67;0;27;0;0;60;0;29;11;969;50;0;0;0;116;13;19;60;0;714;0;181
111;Viersen;NW;Urne;227166;91507;1108;90399;31083;24752;7082;8462;3079;11695;0;1056;2101;0;0;0;0;0;0;0;0;0;0;0;0;0;0;0;0;0;1089;0;0;0;0;0;0;0;0;0;0;0;0;0;0;0;0;0;0;925;90582;26722;23771;7146;11599;2949;12302;0;624;1177;1418;104;349;98;47;0;0;0;18;102;0;14;0;0;69;0;30;8;1104;51;0;0;0;144;19;23;59;0;428;0;207
112;Kleve;NW;Urne;225463;89112;984;88128;32017;25032;6761;8095;2531;11139;0;1457;0;0;0;0;0;0;0;0;0;0;0;0;0;0;0;0;0;0;1096;0;0;0;0;0;0;0;0;0;0;0;0;0;0;0;0;0;0;854;88258;27922;24280;6626;10260;2703;11315;0;657;836;1258;84;352;65;44;0;0;0;21;93;0;8;0;0;62;0;26;11;969;33;0;0;0;139;14;28;70;0;176;0;206
113;Wesel I;NW;Urne;206270;86637;987;85650;24138;29461;7530;7933;2749;9717;0;685;2168;0;0;0;0;0;0;0;0;67;0;0;0;0;0;0;0;0;1202;0;0;0;0;0;0;0;0;0;0;0;0;0;0;0;0;0;0;827;85810;22022;27979;7710;9419;2954;10157;0;498;1230;1351;95;304;38;38;0;0;0;44;107;0;12;0;0;49;0;27;8;880;53;0;0;0;128;19;28;73;0;465;0;122
114;Krefeld II – Wesel II;NW;Urne;175852;72008;913;71095;18760;25426;6369;5945;2500;8744;0;590;1622;0;0;0;0;0;0;0;0;67;0;0;0;0;0;0;0;0;1072;0;0;0;0;0;0;0;0;0;0;0;0;0;0;0;0;0;0;751;71257;16419;22645;6462;7955;2814;9817;0;411;910;1120;60;317;32;35;0;0;0;48;73;0;16;0;0;73;0;29;14;858;62;0;0;0;104;21;24;49;0;758;0;131
115;Duisburg I;NW;Urne;163394;62308;805;61503;12039;24131;7053;4378;3464;8197;0;715;0;0;0;0;0;0;0;0;0;267;0;0;0;0;0;0;0;0;875;0;0;0;0;0;0;0;0;0;0;0;0;0;0;0;0;0;384;652;61656;11524;20893;6497;5435;3364;8600;0;348;757;1112;96;261;36;44;0;0;0;88;80;0;23;0;0;78;0;40;16;708;51;0;0;0;104;16;19;67;0;1221;0;178
116;Duisburg II;NW;Urne;155265;57907;1076;56831;10994;21829;9276;4063;3174;5374;0;668;0;0;0;0;0;0;0;0;0;185;0;0;0;0;0;0;0;0;718;0;0;0;0;0;0;0;0;261;0;0;0;0;0;0;0;0;289;833;57074;10312;19987;8433;4612;2864;5269;0;356;783;1123;153;235;33;42;0;0;0;117;95;0;29;0;0;52;0;24;11;536;43;0;0;0;129;13;25;60;0;1613;0;125
117;Oberhausen – Wesel III;NW;Urne;199156;77104;972;76132;16217;28724;9340;5638;2904;8177;0;687;3227;0;0;0;0;198;0;0;0;94;0;0;0;0;0;0;0;0;926;0;0;0;0;0;0;0;0;0;0;0;0;0;0;0;0;0;0;837;76267;15503;26651;9027;7324;3233;8639;0;411;1184;1407;122;317;52;77;0;0;0;53;103;0;14;0;0;59;0;19;13;701;45;0;0;0;123;12;27;75;0;860;0;216
118;Mülheim – Essen I;NW;Urne;182895;78114;1013;77101;17520;27443;8350;6853;2381;10175;0;613;1671;0;0;0;0;0;0;0;0;92;0;0;83;0;0;0;0;0;1050;0;0;0;0;0;0;0;0;0;0;0;0;0;0;0;0;0;870;779;77335;17182;24869;8012;8502;2762;10575;0;365;952;1267;85;247;45;36;0;0;0;44;100;0;32;0;0;56;0;27;7;837;48;0;0;0;126;20;23;52;0;868;0;196
119;Essen II;NW;Urne;156298;63105;900;62205;13444;22942;8598;4343;2884;6904;0;665;1460;0;0;0;0;0;0;0;0;130;0;0;73;0;0;0;0;0;762;0;0;0;0;0;0;0;0;0;0;0;0;0;0;0;0;0;0;761;62344;11900;20186;8311;5726;2921;7628;0;350;912;1195;103;210;32;37;0;0;0;102;94;0;41;0;0;44;0;35;6;600;42;0;0;0;127;20;19;54;0;1461;0;188
120;Essen III;NW;Urne;190335;79638;634;79004;22826;23493;5465;5875;3100;14503;0;752;1687;0;0;0;0;0;0;0;0;72;0;0;72;0;0;0;0;0;1100;0;0;0;0;0;59;0;0;0;0;0;0;0;0;0;0;0;0;519;79119;18042;21554;5580;9270;3660;15723;0;375;986;1087;61;273;48;58;0;0;0;48;58;0;34;0;0;72;0;29;6;992;51;0;0;0;96;28;26;37;0;667;0;258
121;Recklinghausen I;NW;Urne;165193;61270;697;60573;14267;24059;7291;4552;2075;6018;0;0;1496;0;0;0;0;0;0;0;0;77;0;0;48;0;0;0;0;0;690;0;0;0;0;0;0;0;0;0;0;0;0;0;0;0;0;0;0;622;60648;12985;20437;7235;6178;2317;7044;0;327;814;1015;85;267;30;39;0;0;0;58;71;0;21;0;0;43;0;28;8;592;47;0;0;0;104;11;21;49;0;700;0;122
122;Recklinghausen II;NW;Urne;186413;71035;886;70149;17844;25883;8962;6134;2221;6946;0;0;1958;0;0;0;0;0;0;0;0;123;0;0;78;0;0;0;0;0;0;0;0;0;0;0;0;0;0;0;0;0;0;0;0;0;0;0;0;743;70292;15806;23964;8512;7137;2261;7336;0;345;895;1321;102;324;38;41;0;0;0;56;97;0;10;0;0;54;0;25;5;704;23;0;0;0;139;11;25;58;0;898;0;105
123;Gelsenkirchen;NW;Urne;168496;66552;847;65705;11965;26059;11042;5401;2326;5981;0;595;1226;0;0;0;0;0;0;0;0;237;0;0;0;0;0;0;0;0;762;0;0;0;0;0;0;0;0;0;0;0;0;0;0;0;0;0;111;721;65831;11882;23373;10249;5859;2423;6058;0;400;777;1638;134;276;25;46;0;0;0;162;89;0;13;0;0;47;0;32;9;538;34;0;0;0;115;15;16;67;0;1452;0;102
124;Steinfurt I – Borken I;NW;Urne;202388;89446;798;88648;33828;25366;6346;8456;2347;10053;0;752;1500;0;0;0;0;0;0;0;0;0;0;0;0;0;0;0;0;0;0;0;0;0;0;0;0;0;0;0;0;0;0;0;0;0;0;0;0;737;88709;28693;25180;6275;10361;2781;11035;0;483;809;890;90;331;54;42;0;0;0;17;71;0;8;0;0;56;0;22;12;665;30;0;0;0;109;15;35;57;0;290;0;298
125;Bottrop – Recklinghausen III;NW;Urne;199344;84477;957;83520;21373;31739;10207;6664;2446;7882;0;0;1938;0;0;0;0;0;0;0;0;72;0;0;258;0;0;0;0;0;842;0;0;0;0;0;99;0;0;0;0;0;0;0;0;0;0;0;0;807;83670;19662;28086;10079;8500;2695;8558;0;376;1065;1501;105;321;114;42;0;0;0;58;120;0;121;0;0;57;0;31;12;681;17;0;0;0;154;34;27;77;0;1024;0;153
126;Borken II;NW;Urne;201103;94216;876;93340;39755;24083;5570;8230;2364;10784;0;839;1715;0;0;0;0;0;0;0;0;0;0;0;0;0;0;0;0;0;0;0;0;0;0;0;0;0;0;0;0;0;0;0;0;0;0;0;0;661;93555;33613;24244;5469;11380;2401;11962;0;552;810;904;53;325;71;34;0;0;0;16;103;0;15;0;0;50;0;32;6;778;38;0;0;0;112;18;28;74;0;289;0;178
127;Coesfeld – Steinfurt II;NW;Urne;194695;81165;729;80436;31525;20532;4815;6619;2283;13078;0;814;0;0;0;0;0;0;0;0;0;0;0;0;0;0;0;0;0;0;770;0;0;0;0;0;0;0;0;0;0;0;0;0;0;0;0;0;0;627;80538;26673;21261;4915;9246;2234;12348;0;448;754;811;71;320;52;35;0;0;0;2;83;0;7;0;0;48;0;20;4;626;26;0;0;0;94;16;22;55;0;174;0;193
128;Steinfurt III;NW;Urne;195513;97132;958;96174;31140;31012;6902;7376;3002;13567;0;598;1355;0;0;0;0;0;0;0;0;0;0;0;0;0;0;0;0;0;824;0;0;0;0;0;0;0;0;0;0;0;0;0;0;0;0;0;398;848;96284;25490;31624;7214;10193;3135;13848;0;476;939;964;92;330;66;28;0;0;0;20;67;0;11;0;0;67;0;17;11;801;42;0;0;0;121;17;23;61;0;357;0;270
129;Münster;NW;Urne;233953;91546;662;90884;22690;22356;3491;6199;3702;28342;0;406;1222;0;0;0;394;0;0;0;0;0;0;0;93;0;0;0;0;0;905;0;0;0;0;0;0;0;0;0;998;0;0;0;0;0;0;0;86;610;90936;19338;21844;3741;9610;5176;26299;0;291;879;650;26;241;233;54;0;0;0;7;53;0;41;0;0;94;0;35;16;795;22;0;0;0;79;11;24;38;0;538;0;801
130;Warendorf;NW;Urne;208754;88388;1016;87372;30231;26850;7193;7047;2401;10521;0;0;1562;0;0;0;232;0;0;0;0;0;0;0;0;0;0;0;0;0;1084;0;0;0;0;0;0;0;0;0;0;0;0;0;0;0;0;0;251;864;87524;26213;24845;7387;9805;2604;11709;0;542;853;952;76;326;103;31;0;0;0;9;82;0;13;0;0;71;0;26;9;962;67;0;0;0;119;19;28;53;0;462;0;158
131;Gütersloh I;NW;Urne;234177;92088;1153;90935;34419;23513;8877;7425;2460;10370;0;959;1678;0;0;0;0;0;0;0;0;0;0;0;0;0;0;0;0;0;1119;0;0;0;0;0;0;0;0;0;0;0;0;0;0;0;0;0;115;996;91092;26213;23501;9215;10803;2867;12825;0;642;1022;949;83;314;76;51;0;0;0;15;99;0;18;0;0;50;0;32;6;1166;171;0;0;0;144;19;24;61;0;544;0;182
132;Bielefeld – Gütersloh II;NW;Urne;243059;89564;1023;88541;18443;26640;8176;8811;5397;17031;0;0;2088;0;0;0;0;0;0;0;0;74;0;0;0;0;0;0;0;0;1553;0;0;0;0;0;0;0;0;0;328;0;0;0;0;0;0;0;0;859;88705;17004;23707;8331;9794;6181;17043;0;350;1238;925;77;349;96;40;0;0;0;55;96;0;38;0;0;74;0;49;13;1368;189;0;0;0;108;18;44;63;0;1145;0;310
133;Herford – Minden-Lübbecke II;NW;Urne;226894;84449;1138;83311;20740;29255;10478;7530;3060;8163;0;818;1785;0;0;0;0;0;0;0;0;0;0;0;0;0;0;0;0;0;1189;0;0;0;0;0;0;0;0;0;0;0;0;0;0;0;0;0;293;1013;83436;18466;25095;10641;9792;3345;10356;0;608;997;980;90;307;39;32;0;0;0;20;61;0;22;0;0;72;0;34;9;1301;267;0;0;0;110;18;23;72;0;517;0;162
134;Minden-Lübbecke I;NW;Urne;201888;82043;1017;81026;21139;29595;9498;6736;2205;7490;0;1045;1456;0;0;0;0;0;0;0;0;0;0;0;0;0;0;0;0;0;1150;712;0;0;0;0;0;0;0;0;0;0;0;0;0;0;0;0;0;1029;81014;19082;25105;9821;9274;2672;9294;0;703;982;901;87;305;50;25;0;0;0;14;75;0;15;0;0;80;0;35;6;1252;667;0;0;0;109;11;17;58;0;246;0;128
135;Lippe I;NW;Urne;224415;91349;1318;90031;23381;26760;11419;8818;3104;11966;0;1021;1676;0;0;0;0;0;0;0;0;0;0;0;0;0;0;0;0;0;1773;0;0;0;0;0;113;0;0;0;0;0;0;0;0;0;0;0;0;1121;90228;20324;26422;11828;10559;3589;10808;0;686;976;1106;112;359;89;35;0;0;0;21;88;0;13;0;0;65;0;45;9;1621;699;0;0;0;125;51;33;86;0;328;0;151
136;Höxter – Gütersloh III – Lippe II;NW;Urne;172435;78445;977;77468;31280;21056;8008;5763;1948;6312;0;758;1372;0;0;0;0;0;0;0;0;0;0;0;0;0;0;0;0;0;971;0;0;0;0;0;0;0;0;0;0;0;0;0;0;0;0;0;0;939;77506;25666;20284;8229;9024;2162;7545;0;508;774;871;92;352;105;38;0;0;0;4;74;0;7;0;0;50;0;20;5;985;163;0;0;0;109;24;24;48;0;228;0;115
137;Paderborn;NW;Urne;231534;89948;1112;88836;40895;17088;9438;5493;2816;9480;0;634;1699;0;0;0;0;0;0;0;0;0;0;0;0;0;0;0;0;0;1293;0;0;0;0;0;0;0;0;0;0;0;0;0;0;0;0;0;0;999;88949;29383;18859;10103;10956;3034;11184;0;523;1010;881;81;313;59;44;0;0;0;17;83;0;18;0;0;69;0;29;11;1296;172;0;0;0;130;14;32;60;0;322;0;266
138;Hagen – Ennepe-Ruhr-Kreis I;NW;Urne;201594;79398;1048;78350;19185;26259;9968;7341;2762;8830;0;1007;1639;0;0;0;0;0;0;0;0;117;0;0;0;0;0;0;0;0;889;0;0;0;0;0;0;0;0;0;0;0;0;0;0;0;0;0;353;848;78550;17602;24872;9597;8887;2868;8777;0;494;939;1323;111;379;62;39;0;0;0;59;97;0;26;0;0;71;0;29;4;771;87;0;0;0;153;16;29;72;0;1052;0;134
139;Ennepe-Ruhr-Kreis II;NW;Urne;175283;67281;760;66521;15696;22680;6337;6052;2087;9824;0;678;1274;0;0;753;0;0;0;0;0;113;0;0;0;0;0;0;0;0;1027;0;0;0;0;0;0;0;0;0;0;0;0;0;0;0;0;0;0;643;66638;14144;21147;6374;7288;2654;10022;0;408;854;1083;72;452;74;38;0;0;0;58;94;0;30;0;0;57;0;29;4;905;40;0;0;0;110;10;22;61;0;476;0;132
140;Bochum I;NW;Urne;202393;73172;1444;71728;14658;27064;0;7142;4962;12362;0;0;2605;0;0;0;0;0;0;0;0;298;0;0;0;0;0;268;0;0;2369;0;0;0;0;0;0;0;0;0;0;0;0;0;0;0;0;0;0;768;72404;13037;22283;6589;7064;4423;13496;0;320;980;1060;117;317;67;58;0;0;0;66;94;0;30;0;0;115;0;33;6;723;39;0;0;0;103;25;20;45;0;1032;0;262
141;Herne – Bochum II;NW;Urne;173939;69496;1010;68486;12825;28968;8363;4898;2897;7464;0;726;1389;0;0;0;0;0;0;0;0;132;0;0;0;0;0;0;0;0;824;0;0;0;0;0;0;0;0;0;0;0;0;0;0;0;0;0;0;806;68690;12569;25081;8362;5885;3038;8013;0;438;824;1387;108;381;36;47;0;0;0;92;89;0;21;0;0;70;0;27;7;625;40;0;0;0;152;27;27;53;0;1132;0;159
142;Dortmund I;NW;Urne;206727;76451;738;75713;13720;25083;6942;5513;3167;11534;0;440;6407;1386;0;0;0;0;0;0;0;84;0;0;43;0;0;0;0;0;774;0;0;0;0;0;0;0;0;0;257;0;0;0;0;0;0;0;363;632;75819;12851;23887;7138;7217;4152;13926;0;358;1773;1337;156;364;52;36;0;0;0;50;91;0;32;0;0;84;0;23;30;743;28;0;0;0;91;16;21;40;0;1104;0;219
143;Dortmund II;NW;Urne;199317;74345;921;73424;14127;28037;7934;5677;3401;9668;0;635;1872;1734;0;0;0;0;0;0;0;79;0;0;73;0;0;0;0;0;0;0;0;0;0;0;0;0;0;0;187;0;0;0;0;0;0;0;0;790;73555;13541;25184;7613;7032;3653;10165;0;402;1305;1570;124;328;37;28;0;0;0;39;90;0;42;0;0;46;0;27;9;682;41;0;0;0;112;7;20;62;0;1204;0;192
144;Unna I;NW;Urne;194493;82639;913;81726;19402;32732;8446;5606;2940;10329;0;999;0;0;0;0;0;0;0;0;0;124;0;0;0;0;0;0;0;0;977;0;0;0;0;0;0;0;0;0;0;0;0;0;0;0;0;0;171;826;81813;17003;28625;8290;8681;3094;10298;0;549;1074;1473;98;325;43;56;0;0;0;38;105;0;16;0;0;69;0;39;7;781;53;0;0;0;141;14;22;86;0;643;0;190
145;Hamm – Unna II;NW;Urne;231226;94098;1148;92950;23130;37049;11223;7056;3846;8371;0;1353;0;0;0;0;0;0;0;0;0;0;0;0;0;0;0;0;0;0;922;0;0;0;0;0;0;0;0;0;0;0;0;0;0;0;0;0;0;961;93137;21107;32228;11203;9225;3487;9510;0;662;918;1466;167;394;54;39;0;0;0;14;141;0;17;0;0;60;0;39;9;753;65;0;0;0;176;24;28;69;0;1074;0;208
146;Soest;NW;Urne;231811;91912;999;90913;28526;27059;9759;9504;3050;10630;0;962;0;0;0;0;0;0;0;0;0;0;0;0;0;0;0;0;0;0;1423;0;0;0;0;0;0;0;0;0;0;0;0;0;0;0;0;0;0;809;91103;25144;24882;9926;10848;3031;11601;0;561;977;1180;87;388;64;39;0;0;0;9;112;0;15;0;0;77;0;41;4;1237;108;0;0;0;147;12;43;69;0;329;0;172
147;Hochsauerlandkreis;NW;Urne;200496;76276;678;75598;29532;23946;6611;5541;1468;5375;0;938;1532;0;0;0;0;0;0;0;0;0;0;0;0;0;0;0;0;0;655;0;0;0;0;0;0;0;0;0;0;0;0;0;0;0;0;0;0;623;75653;24882;20891;7416;9015;2001;6931;0;727;1046;916;60;258;43;29;0;0;0;5;67;0;5;0;0;52;0;20;4;688;34;0;0;0;86;9;17;51;0;231;0;169
148;Siegen-Wittgenstein;NW;Urne;207672;82885;818;82067;25903;24505;9469;7376;2698;7914;0;759;1830;0;0;0;0;0;0;0;0;0;0;0;0;0;0;0;0;0;1222;0;0;0;0;0;0;0;0;0;368;0;0;0;0;0;0;0;23;779;82106;20444;24165;9629;9582;3075;8867;0;597;1149;1030;110;268;205;43;0;0;0;14;85;0;22;0;0;95;0;36;3;1252;209;0;0;0;120;23;19;52;0;668;0;344
149;Olpe – Märkischer Kreis I;NW;Urne;203350;73281;907;72374;25147;20598;8283;7943;2238;6000;0;974;0;0;0;0;0;0;0;0;0;0;0;0;100;0;0;0;0;0;1091;0;0;0;0;0;0;0;0;0;0;0;0;0;0;0;0;0;0;793;72488;22175;19055;8332;9239;2214;6688;0;534;627;932;108;300;130;28;0;0;0;14;76;0;33;0;0;56;0;27;8;902;173;0;0;0;116;17;29;44;0;500;0;131
150;Märkischer Kreis II;NW;Urne;195816;73324;812;72512;22343;21715;8831;6893;2674;6102;0;905;0;2116;0;0;0;0;0;0;0;0;0;0;0;0;0;0;0;0;933;0;0;0;0;0;0;0;0;0;0;0;0;0;0;0;0;0;0;785;72539;18808;20474;8898;8844;2705;7066;0;589;731;1557;115;327;56;24;0;0;0;31;120;0;20;0;0;63;0;33;7;902;61;0;0;0;151;12;28;66;0;731;0;120
151;Nordsachsen;SN;Urne;161279;85754;1272;84482;18543;14885;26584;7337;6310;3734;0;3159;1439;0;0;0;252;0;0;0;0;0;0;0;0;0;0;0;0;0;1268;0;0;0;0;0;0;0;0;0;0;0;0;0;0;0;0;0;971;1228;84526;15858;16558;26056;8865;5916;3483;0;2210;926;1626;386;309;161;39;0;0;0;63;379;0;55;0;0;94;0;0;0;1004;61;0;222;0;0;0;0;0;0;134;0;121
152;Leipzig I;SN;Urne;224100;105076;1038;104038;21122;20370;20305;8335;14561;10941;0;1945;2702;0;0;0;289;0;0;0;0;168;0;0;0;0;0;519;0;0;1594;0;0;0;0;0;0;0;0;0;0;0;0;0;0;0;0;0;1187;1012;104064;15677;20921;19760;11038;12143;14144;0;1549;1929;2422;234;528;173;123;0;0;0;105;407;0;97;0;0;258;0;0;0;1543;93;0;148;0;0;0;0;0;0;369;0;403
153;Leipzig II;SN;Urne;231178;108104;803;107301;17990;17648;15541;7791;24128;16825;0;1467;2639;0;0;558;332;0;0;0;0;169;0;0;0;0;0;294;0;0;1846;0;0;0;0;0;0;0;0;0;0;0;0;0;0;0;0;0;73;755;107349;14324;22098;15185;10353;15422;20011;0;1288;2053;2194;149;555;203;174;0;0;0;125;227;0;111;0;0;216;0;0;0;1720;131;0;115;0;0;0;0;0;0;322;0;373
154;Leipzig-Land;SN;Urne;212853;115530;1673;113857;26838;21299;32053;10798;8657;4886;0;4246;2185;0;0;0;321;0;0;0;0;0;0;0;0;0;0;0;0;0;2335;0;0;0;0;0;0;0;0;0;0;0;0;0;0;0;0;0;239;1548;113982;22347;22913;31197;12889;8155;5798;0;2698;1220;2194;374;360;178;65;0;0;0;57;624;0;67;0;0;129;0;0;0;1842;135;0;263;0;0;0;0;0;0;219;0;258
155;Meißen;SN;Urne;197004;99408;1397;98011;20566;13442;35826;8797;6220;4147;0;4530;1999;0;0;0;534;0;0;0;0;0;0;0;0;0;0;0;0;0;1844;0;0;0;0;0;106;0;0;0;0;0;0;0;0;0;0;0;0;1382;98026;15988;15486;34522;11114;6292;5012;0;2658;1126;1781;422;386;231;59;0;0;0;42;447;0;36;0;0;126;0;0;0;1544;110;0;237;0;0;0;0;0;0;187;0;220
156;Bautzen I;SN;Urne;206895;118339;1785;116554;28833;14510;43829;9212;9313;2587;0;3616;2450;0;0;0;0;0;0;0;0;0;0;0;0;0;0;0;0;0;1896;0;0;0;0;0;308;0;0;0;0;0;0;0;0;0;0;0;0;1858;116481;20718;18146;41804;12487;8248;3970;0;2928;1512;2101;501;417;164;41;0;0;0;51;699;0;67;0;0;123;0;0;0;1692;164;0;220;0;0;0;0;0;0;213;0;215
157;Görlitz;SN;Urne;204105;110127;1829;108298;26820;12237;44021;7598;7668;3614;0;3084;0;0;0;0;0;0;0;0;0;0;0;0;0;0;0;0;0;0;2834;0;0;0;0;0;245;0;0;0;0;0;0;0;0;0;0;0;177;1749;108378;18768;16538;40159;10503;7461;4437;0;2452;1037;2307;381;404;118;48;0;0;0;63;685;0;59;0;0;131;0;0;0;1862;288;0;245;0;0;0;0;0;0;208;0;224
158;Sächsische Schweiz-Osterzgebirge;SN;Urne;199703;106948;1724;105224;19150;11414;40702;8864;9210;3798;0;5118;0;0;0;0;496;0;0;0;0;0;0;0;0;0;0;0;0;0;2287;0;0;0;0;0;0;0;0;0;0;0;0;0;0;0;0;0;4185;1667;105281;16838;14334;39282;12040;7309;4538;0;3126;855;1922;501;437;225;39;0;0;0;38;599;0;53;0;0;170;0;0;0;2107;127;0;231;0;0;0;0;0;0;215;0;295
159;Dresden I;SN;Urne;228643;97582;1023;96559;19326;13098;24301;9497;16916;6948;0;0;1895;0;0;1026;525;0;0;0;0;123;0;0;0;0;0;407;0;0;1585;243;0;0;0;0;0;0;0;0;0;0;0;0;0;0;0;0;669;982;96600;14469;16785;23189;11374;9703;11757;0;1523;1317;1608;214;690;337;75;0;0;0;71;401;0;47;0;0;254;0;0;0;1667;187;0;116;0;0;0;0;0;0;363;0;453
160;Dresden II – Bautzen II;SN;Urne;234432;104379;1100;103279;18786;14372;26069;10927;11084;10456;0;1811;2242;0;0;1384;466;0;0;0;0;148;735;0;0;0;124;0;0;0;2303;0;0;0;0;0;0;0;0;0;0;0;0;0;0;0;0;0;2372;990;103389;14109;15469;26757;12381;10318;13103;0;1891;1796;1785;204;968;288;98;0;0;0;74;587;0;47;0;0;210;0;0;0;2323;136;0;125;0;0;0;0;0;0;276;0;444
161;Mittelsachsen;SN;Urne;193828;104014;1589;102425;22875;16458;39061;9814;7857;3231;0;0;0;0;0;0;812;0;0;0;0;0;0;0;0;0;0;0;0;0;2317;0;0;0;0;0;0;0;0;0;0;0;0;0;0;0;0;0;0;1421;102593;17215;17517;35209;11450;7442;3996;0;2163;952;1987;593;354;360;75;0;0;0;58;505;0;80;0;0;167;0;0;0;1724;181;0;197;0;0;0;0;0;0;171;0;197
162;Chemnitz;SN;Urne;188691;83862;981;82881;14312;18190;23325;8271;8222;5123;0;0;2523;0;0;0;344;313;0;0;0;0;0;0;0;0;0;0;0;0;1698;0;0;0;0;0;0;0;0;0;0;0;0;0;0;0;0;0;560;832;83030;11522;16934;22754;9588;7994;6457;0;1146;1449;1612;185;273;165;183;0;0;0;53;341;0;48;0;0;195;0;0;0;1454;214;0;117;0;0;0;0;0;0;161;0;185
163;Chemnitzer Umland – Erzgebirgskreis II;SN;Urne;177211;95318;1304;94014;20884;15175;31291;8027;7289;3242;0;4191;1913;0;0;0;429;0;0;0;0;0;0;0;0;0;0;0;0;0;1573;0;0;0;0;0;0;0;0;0;0;0;0;0;0;0;0;0;0;1194;94124;16054;17835;29712;10212;7139;3729;0;2815;1167;1710;424;252;227;88;0;0;0;31;374;0;50;0;0;114;0;0;0;1268;452;0;213;0;0;0;0;0;0;159;0;99
164;Erzgebirgskreis I;SN;Urne;210941;114883;1850;113033;26976;15569;40808;8310;8165;2430;0;5421;1670;0;0;0;0;324;0;0;0;0;0;0;0;0;0;0;0;0;1691;1443;0;0;0;0;0;0;0;0;0;0;0;0;0;0;0;0;226;1778;113105;20984;18891;39226;11297;7739;3185;0;3287;1137;2050;742;297;173;101;0;0;0;34;453;0;54;0;0;106;0;0;0;1413;1344;0;238;0;0;0;0;0;0;202;0;152
165;Zwickau;SN;Urne;197831;101095;1459;99636;20170;15585;29672;9441;14221;3580;0;3807;0;0;0;0;311;0;0;0;0;0;0;0;0;0;0;0;0;0;2770;0;0;0;0;0;0;0;0;0;0;0;0;0;0;0;0;0;79;1293;99802;17539;19709;29124;10329;8761;4325;0;2467;1018;2185;295;328;195;58;0;0;0;55;357;0;58;0;0;92;0;0;0;1875;444;0;346;0;0;0;0;0;0;134;0;108
166;Vogtlandkreis;SN;Urne;184973;93800;1568;92232;24596;16679;28345;7666;7953;3757;0;0;0;0;0;0;556;0;0;0;0;0;0;0;0;0;0;0;0;0;1707;0;0;389;0;0;414;0;0;0;0;0;0;0;0;0;0;0;170;1363;92437;17654;19070;26613;9138;7548;3733;0;1383;1170;2163;218;240;210;46;0;0;0;37;405;0;58;0;0;113;0;0;0;1497;507;0;357;0;0;0;0;0;0;150;0;127
167;Waldeck;HE;Urne;184073;70957;1286;69671;17798;24711;8667;6762;2351;6227;0;1719;0;0;0;0;0;0;0;0;0;0;0;0;0;0;0;0;0;0;1007;0;0;0;0;0;0;0;0;0;0;0;0;0;0;0;0;0;429;1382;69575;14945;23247;8872;8311;2461;6823;0;1294;572;999;97;246;66;41;0;0;0;17;108;0;9;0;0;51;0;0;0;966;58;0;0;17;0;11;0;0;0;262;0;102
168;Kassel;HE;Urne;218474;81331;1309;80022;15631;27705;7956;6770;5032;12477;0;1215;1494;0;0;0;0;0;0;0;0;146;0;0;0;0;0;0;0;0;1299;134;0;0;0;0;0;0;0;0;0;0;0;0;0;0;0;0;163;1226;80105;13324;24608;8445;8432;5620;13258;0;848;885;1220;91;431;84;62;0;0;0;75;101;0;42;0;0;104;0;0;0;1204;101;0;0;26;0;14;0;0;0;941;0;189
169;Werra-Meißner – Hersfeld-Rotenburg;HE;Urne;171886;67328;1207;66121;17099;27140;9502;3991;2109;3755;0;1518;0;0;0;0;0;0;0;0;0;0;0;0;0;0;0;0;0;0;871;0;0;0;81;0;0;0;0;0;0;0;0;0;0;0;0;0;55;1304;66024;13913;23290;9923;6733;2431;5165;0;1314;556;853;129;202;62;19;0;0;0;23;93;0;16;0;0;41;0;0;0;820;142;0;0;40;0;12;0;0;0;108;0;139
170;Schwalm-Eder;HE;Urne;185944;72983;1417;71566;16761;26380;9734;6746;2098;5625;0;2001;1093;0;0;0;0;0;0;0;0;0;0;0;0;0;0;0;0;0;860;133;0;0;0;0;0;0;0;0;0;0;0;0;0;0;0;0;135;1540;71443;14869;23944;10106;8416;2352;6406;0;1663;712;966;152;279;51;40;0;0;0;11;118;0;29;0;0;44;0;0;0;836;130;0;0;19;0;14;0;0;0;195;0;91
171;Marburg;HE;Urne;181588;77419;975;76444;19623;27414;8749;5494;3616;8796;0;1241;0;0;0;0;0;0;0;0;0;0;0;0;0;0;0;0;0;0;1313;0;0;0;0;0;0;0;0;0;0;0;0;0;0;0;0;0;198;919;76500;16760;22274;8745;8385;4391;10532;0;968;700;1023;121;254;147;44;0;0;0;15;97;0;38;0;0;78;0;0;0;1174;136;0;0;22;0;17;0;0;0;367;0;212
172;Lahn-Dill;HE;Urne;206532;81474;1293;80181;23122;24978;11063;6936;2676;6539;0;2040;1443;0;0;0;0;0;0;0;0;0;0;0;0;0;0;0;0;0;1285;0;0;0;0;0;0;0;0;0;0;0;0;0;0;0;0;0;99;1249;80225;19003;22058;11961;9472;2935;8010;0;1363;980;1218;243;268;127;48;0;0;0;10;116;0;32;0;0;68;0;0;0;1286;262;0;0;14;0;19;0;0;0;537;0;195
173;Gießen;HE;Urne;217514;83523;1414;82109;22907;24376;10037;6696;3535;9411;0;2159;1653;0;0;0;0;0;0;0;0;0;0;0;126;0;0;0;0;0;1209;0;0;0;0;0;0;0;0;0;0;0;0;0;0;0;0;0;0;1600;81923;17708;21588;10178;9214;4476;11650;0;1654;1041;1233;138;295;109;63;0;0;0;21;109;0;73;0;0;123;0;0;0;1217;125;0;0;21;0;20;0;0;0;450;0;417
174;Fulda;HE;Urne;208542;84362;1201;83161;30100;17528;15732;7386;2383;6157;0;1940;0;0;0;0;0;0;0;0;0;0;0;0;0;0;0;0;0;0;1491;256;0;0;0;0;0;0;0;0;0;0;0;0;0;0;0;0;188;1284;83078;24815;17859;14198;10549;2284;7117;0;1405;725;948;167;256;75;50;0;0;0;9;112;0;16;0;0;69;0;0;0;1417;259;0;0;31;0;26;0;0;0;244;0;447
175;Main-Kinzig – Wetterau II – Schotten;HE;Urne;178307;67112;1244;65868;17389;18825;10993;7592;2155;5523;0;2174;0;0;0;0;0;0;0;0;0;0;0;0;0;0;0;0;0;0;1217;0;0;0;0;0;0;0;0;0;0;0;0;0;0;0;0;0;0;1298;65814;15220;16888;10721;8566;2205;6342;0;1445;662;1174;305;346;65;47;0;0;0;16;118;0;19;0;0;70;0;0;0;1053;83;0;0;28;0;15;0;0;0;219;0;207
176;Hochtaunus;HE;Urne;179842;65528;743;64785;18698;17183;6574;7622;1884;9357;0;1392;0;0;0;733;0;0;0;0;0;0;0;0;0;0;0;0;0;0;1342;0;0;0;0;0;0;0;0;0;0;0;0;0;0;0;0;0;0;746;64782;15671;15597;6858;9996;2178;9512;0;916;541;911;89;412;66;56;0;0;0;5;85;0;19;0;0;80;0;0;0;1065;47;0;0;22;0;13;0;0;0;355;0;288
177;Wetterau I;HE;Urne;176897;63976;1014;62962;16899;18445;6841;7064;2020;7863;0;1744;0;0;0;754;0;0;0;0;0;0;0;0;0;0;0;0;0;0;1332;0;0;0;0;0;0;0;0;0;0;0;0;0;0;0;0;0;0;998;62978;14008;15724;7031;9062;2447;9269;0;1156;546;980;193;407;65;66;0;0;0;12;110;0;17;0;0;69;0;0;0;1083;42;0;0;21;0;15;0;0;0;429;0;226
178;Rheingau-Taunus – Limburg;HE;Urne;220466;74970;1112;73858;20917;20441;8105;8261;2340;9865;0;2153;0;0;0;0;0;0;0;0;0;0;0;0;0;0;0;0;0;0;1486;150;0;0;0;0;0;0;0;0;0;0;0;0;0;0;0;0;140;1010;73960;17642;17879;8585;10719;2672;10360;0;1232;639;1206;108;337;76;72;0;0;0;16;105;0;14;0;0;91;0;0;0;1337;110;0;0;27;0;28;0;0;0;351;0;354
179;Wiesbaden;HE;Urne;186735;67414;990;66424;16041;17755;6090;6927;3609;11462;0;737;802;0;0;376;0;0;0;0;0;0;0;0;0;0;66;221;0;0;1473;0;0;0;0;0;58;0;0;0;807;0;0;0;0;0;0;0;0;868;66546;12999;16570;6322;9168;3938;11799;0;595;550;828;65;276;78;57;0;0;0;27;89;0;22;0;0;136;0;0;0;1242;63;0;0;11;0;52;0;0;0;1058;0;601
180;Hanau;HE;Urne;176271;67935;1160;66775;17392;20365;8724;7147;2643;7382;0;1580;0;0;0;0;0;0;0;0;0;0;0;0;0;0;0;0;0;0;1253;0;0;0;0;0;0;0;0;0;0;0;0;0;0;0;0;0;289;1097;66838;14146;17612;8711;8953;2749;8462;0;925;707;1351;148;334;68;62;0;0;0;14;126;0;23;0;0;99;0;0;0;981;44;0;0;20;0;15;0;0;0;1051;0;237
181;Main-Taunus;HE;Urne;195514;71487;910;70577;21732;16197;6370;9589;2303;11261;0;1751;1374;0;0;0;0;0;0;0;0;0;0;0;0;0;0;0;0;0;0;0;0;0;0;0;0;0;0;0;0;0;0;0;0;0;0;0;0;820;70667;17527;15304;6255;12120;2506;11428;0;933;626;851;54;275;75;63;0;0;0;25;88;0;6;0;0;75;0;0;0;1142;46;0;0;17;0;10;0;0;0;806;0;435
182;Frankfurt am Main I;HE;Urne;201216;72791;930;71861;14615;22161;5142;7884;6626;11931;0;994;0;0;0;0;0;0;0;0;0;85;0;0;0;0;0;0;0;0;1364;0;0;0;0;0;0;0;0;0;1059;0;0;0;0;0;0;0;0;917;71874;12249;17451;5151;9964;5769;14476;0;565;728;894;63;334;48;55;0;0;0;47;92;0;51;0;0;121;0;0;0;1044;90;0;0;21;0;26;0;0;0;1934;0;701
183;Frankfurt am Main II;HE;Urne;227207;84126;978;83148;17766;20954;4981;9172;5727;21746;0;1104;0;0;0;0;0;0;0;0;0;106;0;0;0;0;0;0;0;0;1592;0;0;0;0;0;0;0;0;0;0;0;0;0;0;0;0;0;0;920;83206;14470;19457;5124;11616;6314;19270;0;669;775;852;45;390;61;100;0;0;0;24;79;0;46;0;0;92;0;0;0;1215;77;0;0;12;0;26;0;0;0;1447;0;1045
184;Groß-Gerau;HE;Urne;174082;63687;1040;62647;15961;20806;6755;5720;2861;6687;0;1447;1232;0;0;0;0;0;0;0;0;83;0;0;0;0;0;0;0;0;1095;0;0;0;0;0;0;0;0;0;0;0;0;0;0;0;0;0;0;996;62691;12611;17709;6969;7604;3094;8359;0;1004;723;1021;92;280;63;52;0;0;0;59;97;0;53;0;0;105;0;0;0;866;81;0;0;26;0;21;0;0;0;1580;0;222
185;Offenbach;HE;Urne;219511;81161;1370;79791;20292;21866;7799;7920;4303;12021;0;1583;1109;0;0;675;0;0;0;0;0;0;0;0;0;0;0;0;0;0;1574;0;0;0;0;0;0;0;0;0;649;0;0;0;0;0;0;0;0;1496;79665;16824;19734;7878;10591;4402;12482;0;992;774;1162;72;472;56;70;0;0;0;17;99;0;41;0;0;78;0;0;0;1393;42;0;0;22;0;18;0;0;0;1899;0;547
186;Darmstadt;HE;Urne;240763;85193;1183;84010;17872;22379;7197;8236;4882;17983;0;1378;1824;0;0;0;0;0;0;0;0;148;0;0;0;0;0;0;0;0;1878;0;0;0;0;0;0;0;0;0;0;0;0;0;0;0;0;0;233;1083;84110;14501;21101;7720;10297;5642;16832;0;892;990;1193;90;413;142;53;0;0;0;73;89;0;32;0;0;141;0;0;0;1620;172;0;0;23;0;36;0;0;0;1063;0;995
187;Odenwald;HE;Urne;233901;79502;1512;77990;19848;23959;9278;8207;3132;8881;0;2014;0;0;0;0;0;0;0;0;0;0;0;0;0;0;0;0;0;0;1984;0;0;0;0;0;0;0;0;0;581;0;0;0;0;0;0;0;106;1577;77925;17124;20461;9659;10332;3152;10001;0;1273;772;1371;118;355;84;72;0;0;0;38;125;0;63;0;0;87;0;0;0;1740;91;0;0;18;0;32;0;0;0;577;0;380
188;Bergstraße;HE;Urne;197782;70238;1002;69236;19136;18701;8789;7758;2245;8843;0;1718;0;0;0;0;0;0;0;0;0;0;0;0;0;0;0;0;0;0;1516;0;0;0;0;0;0;0;0;419;0;0;0;0;0;0;0;0;111;988;69250;15373;18024;8816;9675;2380;9090;0;1075;589;1375;143;334;65;52;0;0;0;10;102;0;14;0;0;75;0;0;0;1375;73;0;0;25;0;22;0;0;0;341;0;222
189;Eichsfeld – Nordhausen – Kyffhäuserkreis;TH;Urne;209203;108059;1618;106441;27477;22358;28005;7414;10716;3457;0;2675;2081;0;0;0;501;0;0;0;0;232;0;0;0;0;0;0;0;0;1525;0;0;0;0;0;0;0;0;0;0;0;0;0;0;0;0;0;0;1506;106553;22818;24276;27698;9719;9806;4325;0;1884;1160;1460;504;351;287;41;0;0;0;160;0;223;0;0;0;79;0;0;0;1439;0;0;0;0;0;0;0;0;0;129;0;194
190;Eisenach – Wartburgkreis – Unstrut-Hainich-Kreis;TH;Urne;212267;104226;1580;102646;22799;22206;30076;6419;10327;3123;0;3256;1658;0;0;0;336;0;0;0;0;274;0;0;0;0;0;0;0;0;2088;0;0;0;0;0;84;0;0;0;0;0;0;0;0;0;0;0;0;1480;102746;18170;23191;29710;9159;9586;4169;0;2342;1109;1529;486;398;189;43;0;0;0;199;0;254;0;0;0;81;0;0;0;1797;0;0;0;0;0;0;0;0;0;139;0;195
191;Jena – Sömmerda – Weimarer Land I;TH;Urne;198697;98459;1394;97065;18304;18440;23506;7063;14460;6931;0;3954;2409;0;0;0;0;0;0;0;0;213;0;0;0;0;0;0;0;0;1651;0;0;0;0;0;134;0;0;0;0;0;0;0;0;0;0;0;0;1231;97228;15319;20497;23928;9058;11272;8020;0;2409;1339;1410;445;541;108;64;0;0;0;181;0;199;0;0;0;141;0;0;0;1670;0;0;0;0;0;0;0;0;0;215;0;412
192;Gotha – Ilm-Kreis;TH;Urne;190519;99144;1585;97559;17124;21770;29783;6544;9928;3818;0;3695;1966;0;0;0;0;0;0;0;0;254;0;0;0;0;0;0;0;0;1751;0;0;0;0;0;0;0;0;0;0;0;0;0;0;610;0;316;0;1590;97554;14495;21637;29268;8354;9921;4795;0;2457;1266;1533;338;545;105;91;0;0;0;154;0;283;0;0;0;114;0;0;0;1708;0;0;0;0;0;0;0;0;0;177;0;313
193;Erfurt – Weimar – Weimarer Land II;TH;Urne;217944;104826;1380;103446;17423;24387;21246;7953;15913;10134;0;0;3162;0;0;0;0;0;0;0;0;409;0;0;0;0;0;0;0;0;2819;0;0;0;0;0;0;0;0;0;0;0;0;0;0;0;0;0;0;1233;103593;14571;23484;20938;9820;13690;11515;0;1322;1695;1842;227;815;146;96;0;0;0;205;0;263;0;0;0;155;0;0;0;2102;0;0;0;0;0;0;0;0;0;278;0;429
194;Gera – Greiz – Altenburger Land;TH;Urne;229588;120119;1958;118161;22502;23953;38743;10350;13086;3966;0;0;0;0;0;0;0;0;0;0;0;506;0;0;0;0;0;0;0;0;2114;0;0;0;0;0;0;0;0;0;0;0;0;0;0;0;0;0;2941;1688;118431;18627;23763;37603;11706;12217;4662;0;1685;1500;2109;430;534;107;98;0;0;0;341;0;402;0;0;0;134;0;0;0;2036;0;0;0;0;0;0;0;0;0;216;0;261
195;Saalfeld-Rudolstadt – Saale-Holzland-Kreis – Saale-Orla-Kreis;TH;Urne;219437;112773;1474;111299;22649;18997;37318;8092;12328;3696;0;3285;2378;0;0;0;250;0;0;0;0;285;0;0;0;0;0;0;0;0;2021;0;0;0;0;0;0;0;0;0;0;0;0;0;0;0;0;0;0;1455;111318;17492;21542;36169;10357;11421;4356;0;2610;1548;1719;442;447;154;86;0;0;0;202;0;296;0;0;0;96;0;0;0;1904;0;0;0;0;0;0;0;0;0;212;0;265
196;Suhl – Schmalkalden-Meiningen – Hildburghausen – Sonneberg;TH;Urne;230071;117362;1677;115685;27110;35308;28293;7085;8965;2117;0;3333;1588;0;0;900;512;0;0;0;0;277;0;0;0;0;0;0;0;0;0;0;0;0;0;0;0;0;0;0;0;0;0;0;0;0;0;0;197;1628;115734;18763;26819;35331;9527;11327;4183;0;2824;1321;1471;368;744;298;61;0;0;0;237;0;254;0;0;0;77;0;0;0;1821;0;0;0;0;0;0;0;0;0;136;0;172
197;Neuwied;RP;Urne;238118;71736;1017;70719;19717;20555;10382;6580;2355;5623;0;2901;1264;0;0;0;0;0;0;0;0;0;0;0;0;0;0;0;0;0;1122;0;0;0;0;0;0;0;0;166;0;0;0;0;0;0;0;0;54;948;70788;16523;19660;10739;8344;2583;6486;0;2073;801;1003;108;300;99;60;38;0;0;15;0;0;0;0;0;81;0;0;0;1233;0;0;0;0;0;20;0;0;0;414;0;208
198;Ahrweiler;RP;Urne;195109;54300;832;53468;16258;15704;6182;4848;1625;5171;0;2374;0;0;0;0;221;0;0;0;0;0;0;0;0;0;0;0;0;0;964;0;0;0;0;0;0;0;0;0;0;0;0;0;0;0;0;0;121;692;53608;13658;14524;6414;6743;1705;5789;0;1518;559;694;77;310;92;31;36;0;0;17;0;0;0;0;0;44;0;0;0;831;0;0;0;0;0;19;0;0;0;338;0;209
199;Koblenz;RP;Urne;193035;53037;807;52230;14077;15549;5541;4320;1816;6099;0;2393;960;0;0;0;190;0;0;0;0;0;0;0;0;0;0;0;0;0;937;0;0;0;0;0;0;0;0;0;247;0;0;0;0;0;0;0;101;625;52412;11653;14801;5879;6021;2161;7068;0;1608;610;630;48;307;91;40;46;0;0;9;0;0;0;0;0;46;0;0;0;788;0;0;0;0;0;23;0;0;0;341;0;242
200;Mosel/Rhein-Hunsrück;RP;Urne;171102;57030;1192;55838;17869;14529;6604;6815;0;4869;0;3014;0;0;0;0;355;0;0;0;0;0;0;0;0;0;0;0;0;0;1228;0;0;0;0;0;0;0;0;0;473;0;0;0;0;0;0;0;82;855;56175;15157;15243;6831;7229;1721;4645;0;2129;529;697;67;236;134;37;31;0;0;10;0;0;0;0;0;52;0;0;0;972;0;0;0;0;0;25;0;0;0;109;0;321
201;Kreuznach;RP;Urne;182380;59316;1097;58219;15639;18423;7968;4526;2044;3744;0;2886;894;0;0;0;504;0;0;0;0;0;0;0;0;0;0;0;0;0;1061;0;0;0;0;0;85;0;0;0;313;0;0;0;0;0;0;0;132;855;58461;13083;17879;8315;6851;2175;4857;0;1746;571;842;99;235;171;33;44;0;0;14;0;0;0;0;0;53;0;0;0;1015;0;0;0;0;0;31;0;0;0;189;0;258
202;Bitburg;RP;Urne;163493;53141;1018;52123;18541;14151;4797;4177;1344;3230;0;4183;731;0;0;0;236;0;0;0;0;0;0;0;0;0;0;0;0;0;733;0;0;0;0;0;0;0;0;0;0;0;0;0;0;0;0;0;0;793;52348;14994;14126;5241;6306;1525;4374;0;3209;480;591;51;152;149;33;25;0;0;9;0;0;0;0;0;32;0;0;0;757;0;0;0;0;0;21;0;0;0;108;0;165
203;Trier;RP;Urne;190530;58944;864;58080;14651;19337;4810;4346;2295;6964;0;2590;948;0;0;0;226;0;0;0;0;0;0;0;124;0;0;0;0;0;958;0;0;0;0;0;0;0;0;190;376;0;0;0;0;0;0;0;265;888;58056;12697;17203;5242;6497;2646;8446;0;1887;646;766;62;228;145;39;43;0;0;9;0;0;0;0;0;86;0;0;0;895;0;0;0;0;0;17;0;0;0;177;0;325
204;Montabaur;RP;Urne;210816;64385;1040;63345;16790;18941;8131;6569;2007;5053;0;3389;1225;0;0;0;0;0;0;0;0;0;0;0;0;0;0;0;0;0;1151;0;0;0;0;0;0;0;0;0;0;0;0;0;0;0;0;0;89;795;63590;14883;17980;8382;7944;2177;6031;0;2301;776;934;111;261;82;36;21;0;0;11;0;0;0;0;0;61;0;0;0;1087;0;0;0;0;0;23;0;0;0;293;0;196
205;Mainz;RP;Urne;249630;71331;1304;70027;14627;18143;5522;5570;8946;11590;0;1501;662;0;0;433;516;0;0;0;0;0;0;0;0;0;0;187;0;0;1060;0;0;0;0;0;0;0;0;0;670;0;0;0;0;0;0;0;600;717;70614;13379;18589;5831;8394;3785;14762;0;1131;629;668;56;395;372;53;49;0;0;18;0;0;0;0;0;132;0;0;0;989;0;0;0;0;0;19;0;0;0;806;0;557
206;Worms;RP;Urne;212943;66327;1177;65150;18694;19160;9136;5484;2268;5850;0;2044;0;0;0;0;259;0;0;0;0;0;0;0;0;0;0;0;0;0;1589;0;0;0;0;0;0;0;0;0;530;0;0;0;0;0;0;0;136;935;65392;13489;18438;9640;8197;2295;7456;0;1512;513;950;136;424;166;56;43;0;0;17;0;0;0;0;0;64;0;0;0;1203;0;0;0;0;0;36;0;0;0;372;0;385
207;Ludwigshafen/Frankenthal;RP;Urne;210969;63780;1046;62734;13978;19634;10494;5873;2265;6093;0;2677;0;0;0;0;0;0;0;0;0;82;0;0;0;0;0;0;0;0;1015;0;0;0;0;0;66;0;0;0;0;0;0;0;0;0;0;0;557;912;62868;12189;17486;10661;7773;2244;6453;0;1605;586;1077;134;273;77;64;56;0;0;30;0;0;0;0;0;68;0;0;0;908;0;0;0;0;0;35;0;0;0;830;0;319
208;Neustadt – Speyer;RP;Urne;219416;60616;982;59634;15337;15688;9418;5512;1871;6884;0;2984;0;0;0;0;0;0;0;0;0;0;0;0;0;0;0;0;0;0;1315;0;0;0;0;0;0;0;0;0;431;0;0;0;0;0;0;0;194;753;59863;12389;14878;9549;7805;2000;7666;0;1805;511;846;69;231;113;59;54;0;0;12;0;0;0;0;0;63;0;0;0;1206;0;0;0;0;0;20;0;0;0;255;0;332
209;Kaiserslautern;RP;Urne;224701;72463;1312;71151;14486;22495;11981;5315;3044;5479;0;4452;1036;1131;0;0;0;0;0;0;0;0;0;0;0;0;0;0;0;0;1172;0;0;0;0;0;58;0;0;0;306;0;0;0;0;0;0;0;196;1018;71445;13341;21230;12437;7492;2940;6641;0;2920;786;1251;154;322;100;53;44;0;0;22;0;0;0;0;0;61;0;0;0;1129;0;0;0;0;0;31;0;0;0;196;0;295
210;Pirmasens;RP;Urne;174093;55395;961;54434;14517;15641;10000;4312;1740;2920;0;2180;944;1082;0;0;0;0;0;0;0;0;0;0;0;0;0;0;0;0;858;0;0;0;0;0;0;0;0;0;195;0;0;0;0;0;0;0;45;934;54461;12350;14806;10285;5899;1986;3658;0;1752;700;1271;151;230;63;40;50;0;0;19;0;0;0;0;0;56;0;0;0;851;0;0;0;0;0;13;0;0;0;104;0;177
211;Südpfalz;RP;Urne;217000;60696;770;59926;14786;16298;8933;6216;2026;6072;0;1925;792;960;0;0;169;0;0;0;0;0;0;0;0;0;0;0;0;0;1167;0;0;0;0;0;0;0;0;0;292;0;0;0;0;0;0;0;290;778;59918;12370;15281;9368;7647;2281;7169;0;1586;632;1062;92;241;144;46;63;0;0;11;0;0;0;0;0;65;0;0;0;1170;0;0;0;0;0;23;0;0;0;378;0;289
212;Altötting;BY;Urne;168656;50239;461;49778;0;5644;7526;3669;1368;4209;20193;4339;0;0;0;0;867;0;0;462;0;0;0;0;0;0;0;0;0;0;1501;0;0;0;0;0;0;0;0;0;0;0;0;0;0;0;0;0;0;407;49832;0;6812;7518;5200;1245;4405;16541;4366;399;504;56;161;436;31;0;281;0;9;49;0;6;0;0;47;0;17;0;1371;18;0;21;0;0;9;0;0;0;166;87;77
213;Erding – Ebersberg;BY;Urne;200569;57974;398;57576;0;8587;5206;4874;1391;8621;22774;3546;0;0;0;0;758;0;0;617;0;0;0;0;0;0;0;0;0;0;1202;0;0;0;0;0;0;0;0;0;0;0;0;0;0;0;0;0;0;308;57666;0;8886;5521;7221;1502;8653;18339;3453;509;620;37;233;379;47;0;364;0;10;60;0;10;0;0;63;0;25;0;1218;26;0;27;0;0;9;0;0;0;235;69;150
214;Freising;BY;Urne;237250;68882;549;68333;0;9521;8345;5495;1655;8685;23194;6791;884;0;0;0;1001;254;0;456;0;0;0;0;0;0;0;0;0;0;1864;0;0;0;0;0;0;0;0;0;188;0;0;0;0;0;0;0;0;441;68441;0;10383;8354;7915;1888;9128;21043;4916;595;642;48;201;483;93;0;293;0;7;71;0;8;0;0;93;0;26;0;1456;32;0;49;0;0;20;0;0;0;415;107;175
215;Fürstenfeldbruck;BY;Urne;231905;73894;584;73310;0;14534;6397;6392;1423;9625;26380;4269;944;0;0;0;724;0;0;0;0;0;0;0;0;0;0;0;0;0;2195;0;0;0;0;0;0;0;0;0;427;0;0;0;0;0;0;0;0;453;73441;0;12001;6634;9155;1872;11495;23382;3593;508;828;35;302;459;56;0;239;0;11;55;0;5;0;0;80;0;38;0;1858;32;0;34;0;0;20;0;0;0;334;104;311
216;Ingolstadt;BY;Urne;238384;68932;580;68352;0;9606;9048;4255;1942;6198;28972;4847;892;0;0;0;819;0;0;459;0;0;0;0;0;0;0;0;0;0;1314;0;0;0;0;0;0;0;0;0;0;0;0;0;0;0;0;0;0;476;68456;0;11119;9569;7178;1874;6989;23121;4383;526;521;51;218;411;42;0;289;0;9;65;0;16;0;0;45;0;23;0;1345;37;0;38;0;0;11;0;0;0;346;96;134
217;München-Nord;BY;Urne;223683;62642;407;62235;0;15003;3934;6482;2512;13868;14726;1338;581;776;0;0;602;103;0;154;0;30;0;0;0;0;24;0;0;124;1244;0;0;0;0;0;0;0;0;0;634;0;0;0;0;0;0;0;100;345;62297;0;12545;4252;8531;3021;14524;13353;1418;453;590;17;199;375;52;0;121;0;20;49;0;18;0;0;87;0;51;0;1109;31;0;13;0;0;13;0;0;0;937;59;459
218;München-Ost;BY;Urne;242591;71264;433;70831;0;14406;4255;6277;2210;15227;20663;1759;670;869;0;0;676;0;0;186;0;0;0;0;0;0;15;0;0;0;1202;67;0;0;0;0;0;0;1208;0;525;0;0;0;0;0;0;0;616;372;70892;0;14060;4709;9351;3112;16307;16724;1604;480;620;23;270;461;42;0;148;0;23;52;0;14;0;0;84;0;40;0;1219;40;0;13;0;0;14;0;0;0;975;69;438
219;München-Süd;BY;Urne;214606;61463;396;61067;0;12576;3800;5511;2601;15688;15543;1582;743;868;0;0;830;0;0;0;0;52;0;0;0;0;40;0;0;0;1233;0;0;0;0;0;0;0;0;0;0;0;0;0;0;0;0;0;0;326;61137;0;12376;3965;7333;3212;14576;13663;1552;503;599;21;242;457;60;0;98;0;22;54;0;17;0;0;60;0;70;0;1126;36;0;17;0;0;17;0;0;0;543;52;466
220;München-West/Mitte;BY;Urne;242252;68710;398;68312;0;14167;3768;6294;2816;17734;17168;1733;646;994;0;0;537;114;0;0;0;0;0;0;0;0;27;0;0;118;1456;0;0;0;0;0;0;0;0;0;596;0;0;0;0;0;0;0;144;314;68396;0;13371;4158;8818;3459;17635;14626;1558;523;614;16;225;460;76;0;121;0;21;61;0;28;0;0;72;0;60;0;1269;35;0;21;0;0;16;0;0;0;607;53;493
221;München-Land;BY;Urne;234912;73300;482;72818;0;11581;4782;6937;1539;14584;26852;2592;783;908;0;0;711;0;0;317;0;0;0;0;0;0;0;0;0;0;1232;0;0;0;0;0;0;0;0;0;0;0;0;0;0;0;0;0;0;365;72935;0;12814;5182;10680;1843;13206;22386;2220;543;721;26;267;445;41;0;185;0;12;57;0;13;0;0;77;0;25;0;1272;30;0;23;0;0;21;0;0;0;432;82;332
222;Rosenheim;BY;Urne;237390;70827;633;70194;0;8602;7903;6463;1740;9185;24207;5517;989;0;0;0;1267;0;0;749;0;0;0;0;0;0;39;0;0;0;3533;0;0;0;0;0;0;0;0;0;0;0;0;0;0;0;0;0;0;459;70368;0;10116;8356;8427;2017;8936;21319;5228;619;633;45;227;518;70;0;483;0;8;72;0;9;0;0;69;0;32;0;2591;49;0;37;0;0;3;0;0;0;221;106;177
223;Bad Tölz-Wolfratshausen – Miesbach;BY;Urne;166662;45816;691;45125;0;5542;0;4042;1132;6973;17901;4483;813;0;0;0;693;0;0;1408;0;0;0;0;0;0;0;0;0;0;2138;0;0;0;0;0;0;0;0;0;0;0;0;0;0;0;0;0;0;345;45471;0;6349;4981;5596;1126;6071;14939;3116;382;423;28;193;338;39;0;318;0;2;36;0;5;0;0;45;0;22;0;1139;20;0;13;0;0;9;0;0;0;116;54;111
224;Starnberg – Landsberg am Lech;BY;Urne;214828;66939;462;66477;0;8747;5204;6035;1557;13086;24222;3022;976;0;0;0;728;228;0;0;0;0;0;0;0;0;0;0;0;0;2382;0;0;0;0;0;0;0;0;0;290;0;0;0;0;0;0;0;0;338;66601;0;10380;5493;8647;1927;11829;20530;2752;540;647;40;253;458;93;0;259;0;7;68;0;8;0;0;51;0;24;0;2029;45;0;14;0;0;19;0;0;0;184;74;230
225;Traunstein;BY;Urne;208815;56820;614;56206;0;9251;6360;4144;1401;5676;19755;5754;778;0;0;0;717;0;0;579;0;0;0;0;0;0;0;0;0;0;1623;0;0;0;0;0;75;0;0;0;0;0;0;0;0;0;0;0;93;448;56372;0;8740;6986;5617;1549;6489;17304;5566;470;528;35;174;438;45;0;401;0;9;44;0;11;0;0;44;0;20;0;1558;43;0;24;0;0;10;0;0;0;86;85;96
226;Weilheim;BY;Urne;168473;46084;501;45583;0;6468;4362;3009;1160;5574;17840;3073;0;0;0;0;1338;0;0;709;0;0;0;0;0;0;0;0;0;0;1599;0;0;0;0;0;0;0;0;0;139;0;0;0;0;0;0;0;312;329;45755;0;6674;4857;4790;1239;6177;15207;3013;402;407;34;153;516;27;0;316;0;4;40;0;3;0;0;27;0;21;0;1472;30;0;28;0;0;12;0;0;0;132;64;110
227;Deggendorf;BY;Urne;166186;38605;290;38315;0;5750;6521;1964;730;2306;14325;4632;308;0;0;135;355;92;0;534;0;0;0;0;0;0;0;0;0;0;663;0;0;0;0;0;0;0;0;0;0;0;0;0;0;0;0;0;0;269;38336;0;5851;6774;3467;867;2785;12742;3887;235;264;28;99;219;27;0;299;0;6;16;0;2;0;0;17;0;9;0;573;15;0;26;0;0;4;0;0;0;58;34;32
228;Landshut;BY;Urne;246854;70713;759;69954;0;8465;9027;7919;1692;7685;24897;5957;0;1217;0;0;961;0;0;647;0;0;0;0;0;0;0;0;0;0;1091;0;0;0;0;0;0;0;0;0;0;0;0;0;0;0;0;0;396;492;70221;0;10993;9505;7504;1777;7161;23128;6010;457;728;53;210;483;47;0;366;0;5;56;0;15;0;0;49;0;26;0;1190;30;0;31;0;0;2;0;0;0;226;75;94
229;Passau;BY;Urne;177563;43461;436;43025;0;8508;6557;3225;1015;3857;13236;4398;399;0;0;0;1154;0;0;0;0;0;0;0;0;0;0;83;0;0;593;0;0;0;0;0;0;0;0;0;0;0;0;0;0;0;0;0;0;352;43109;0;7267;6593;4128;1202;4092;13730;3874;257;339;50;137;363;17;0;171;0;6;37;0;10;0;0;55;0;18;0;599;32;0;16;0;0;6;0;0;0;43;29;38
230;Rottal-Inn;BY;Urne;173632;48231;618;47613;0;5755;7753;3645;827;3512;16925;6461;429;0;0;0;793;0;0;631;0;0;0;0;0;0;0;0;0;0;882;0;0;0;0;0;0;0;0;0;0;0;0;0;0;0;0;0;0;370;47861;0;6720;7705;4758;997;3286;16591;5291;281;360;43;135;356;20;0;249;0;7;33;0;9;0;0;23;0;10;0;717;11;0;30;0;0;4;0;0;0;90;74;61
231;Straubing;BY;Urne;173772;47310;386;46924;0;5632;7427;2608;782;3097;20120;4516;578;0;0;0;838;0;0;368;0;0;0;0;0;0;0;0;0;0;625;0;0;0;0;0;0;0;126;0;0;0;0;0;0;0;0;0;207;392;46918;0;6775;7789;4348;971;3276;16623;4696;378;297;65;90;431;21;0;237;0;0;33;0;8;0;0;22;0;9;0;606;15;0;37;0;0;11;0;0;0;78;55;47
232;Amberg;BY;Urne;216071;67394;624;66770;0;10888;9061;4261;1762;5179;25547;7188;0;0;0;0;1129;0;0;0;0;0;0;0;0;0;0;0;0;0;1080;0;0;0;0;0;0;0;0;0;0;0;0;0;0;0;0;0;675;563;66831;0;12185;9211;5991;1792;6022;22839;4736;419;664;53;331;450;41;0;269;0;9;64;0;17;0;0;51;0;26;0;1220;37;0;50;0;0;14;0;0;0;96;133;111
233;Regensburg;BY;Urne;248192;73810;612;73198;0;12129;8475;5165;2497;10750;24685;5571;1122;0;0;0;1077;0;0;452;0;0;0;0;0;0;0;0;0;0;1136;0;0;0;0;0;36;0;0;0;0;0;0;0;0;0;0;0;103;497;73313;0;12410;8888;7094;2923;11321;21840;4652;647;629;46;224;478;45;0;267;0;7;48;0;15;0;0;76;0;19;0;1162;40;0;25;0;0;22;0;0;0;184;88;163
234;Schwandorf;BY;Urne;222424;59660;551;59109;0;13060;9456;2587;1239;2817;20839;7644;0;0;0;0;551;132;0;0;0;0;0;0;0;0;0;0;0;0;697;0;0;0;0;0;87;0;0;0;0;0;0;0;0;0;0;0;0;418;59242;0;10264;9828;4445;1354;3990;20423;6443;297;423;67;145;350;36;0;210;0;4;38;0;6;0;0;41;0;19;0;572;31;0;49;0;0;23;0;0;0;58;73;53
235;Weiden;BY;Urne;165807;43625;343;43282;0;9359;5926;2083;907;2100;16300;2650;0;0;0;0;265;0;0;235;0;0;0;0;0;0;0;0;0;0;530;0;0;0;0;0;0;0;0;0;0;0;0;0;0;0;0;0;2927;384;43241;0;9315;6507;3229;1047;2997;14931;3092;237;342;46;117;197;26;0;171;0;1;31;0;6;0;0;28;0;16;0;607;20;0;23;0;0;3;0;0;0;78;127;47
236;Bamberg;BY;Urne;182586;53525;399;53126;0;9818;6326;3667;1555;8027;18437;2809;620;0;0;0;456;0;0;145;0;70;0;0;0;0;0;0;0;0;940;0;0;0;0;0;0;0;0;0;233;0;0;0;0;0;0;0;23;301;53224;0;8963;6779;5246;1950;7889;16665;2606;415;495;52;192;267;47;0;94;0;26;51;0;6;0;0;79;0;19;0;848;36;0;57;0;0;11;0;0;0;128;66;237
237;Bayreuth;BY;Urne;162430;46737;357;46380;0;8822;5198;3420;1140;5128;18452;2492;652;0;0;0;311;0;0;0;0;0;0;0;0;0;0;0;0;0;765;0;0;0;0;0;0;0;0;0;0;0;0;0;0;0;0;0;0;323;46414;0;9285;5603;4445;1431;5682;15063;2472;400;385;41;149;165;35;0;75;0;8;58;0;4;0;0;64;0;20;0;646;39;0;48;0;0;3;0;0;0;103;61;129
238;Coburg;BY;Urne;156571;54977;512;54465;0;13903;6992;2861;1112;4227;19342;3490;856;0;0;0;550;0;0;79;0;42;0;0;0;0;0;0;0;0;1011;0;0;0;0;0;0;0;0;0;0;0;0;0;0;0;0;0;0;447;54530;0;13179;7502;4636;1472;4797;16964;2736;567;647;75;154;260;26;0;60;0;21;57;0;2;0;0;66;0;15;0;936;40;0;47;0;0;10;0;0;0;144;48;69
239;Hof;BY;Urne;162872;52734;442;52292;0;12327;8034;3055;1260;3076;19888;2711;862;0;0;0;211;0;0;0;0;0;0;0;0;0;0;0;0;0;717;116;0;0;0;0;0;0;0;0;0;0;0;0;0;0;0;0;35;436;52298;0;12252;8146;4668;1459;3803;16142;2729;569;727;82;188;114;33;0;75;0;6;58;0;9;0;0;49;0;17;0;657;97;0;57;0;0;13;0;0;0;227;78;43
240;Kulmbach;BY;Urne;168923;49733;353;49380;0;8070;6806;2543;1059;3771;21883;3304;726;0;0;0;308;0;0;154;0;0;0;0;0;0;0;0;0;0;756;0;0;0;0;0;0;0;0;0;0;0;0;0;0;0;0;0;0;356;49377;0;9460;7359;4221;1270;4340;16920;3017;487;498;71;149;224;32;0;107;0;13;59;0;8;0;0;41;0;15;0;764;50;0;62;0;0;7;0;0;0;74;51;78
241;Ansbach;BY;Urne;243174;78036;763;77273;0;13535;9748;5342;1862;8396;28270;5721;0;0;206;890;1138;0;0;0;0;0;0;0;0;0;0;0;0;0;2165;0;0;0;0;0;0;0;0;0;0;0;0;0;0;0;0;0;0;614;77422;0;14740;10147;6724;2288;8751;24594;4803;601;811;155;435;599;67;0;159;0;9;77;0;20;0;0;54;0;28;0;1821;97;0;40;0;0;7;0;0;0;166;121;108
242;Erlangen;BY;Urne;187299;64895;480;64415;0;13334;5768;4376;0;12201;21472;3161;1181;0;0;512;835;0;0;0;0;98;0;0;0;0;0;0;0;0;1298;0;0;0;0;0;0;0;0;0;0;0;0;0;0;0;0;0;179;379;64516;0;12435;5990;6724;2727;12499;17788;2511;576;495;55;276;436;58;0;64;0;17;54;0;8;0;0;84;0;22;0;1027;60;0;31;0;0;8;0;0;0;268;79;224
243;Fürth;BY;Urne;250730;88213;730;87483;0;20514;9710;6237;3081;11521;27680;4083;1508;0;0;0;685;0;0;224;0;0;0;0;0;0;0;175;0;0;1858;0;0;0;0;0;0;0;0;0;207;0;0;0;0;0;0;0;0;596;87617;0;18094;10225;8793;3520;12639;24675;3619;823;981;88;430;429;93;0;179;0;21;79;0;36;0;0;145;0;39;0;1746;105;0;73;0;0;13;0;0;0;463;128;181
244;Nürnberg-Nord;BY;Urne;188283;60479;485;59994;0;13743;4934;4352;3447;12277;16239;1590;0;0;0;761;709;0;0;0;0;93;0;0;0;0;0;0;0;0;1487;0;0;0;0;0;0;0;0;0;305;0;0;0;0;0;0;0;57;420;60059;0;12984;5156;5817;4032;12668;13559;1291;620;634;50;340;316;68;0;47;0;37;61;0;42;0;0;87;0;58;0;1249;57;0;21;0;0;11;0;0;0;517;84;253
245;Nürnberg-Süd;BY;Urne;177316;59260;614;58646;0;14083;8120;4292;2581;6225;18919;2455;0;0;0;0;602;0;0;0;0;0;0;0;0;0;0;0;0;0;1168;0;0;0;0;0;0;0;0;0;201;0;0;0;0;0;0;0;0;536;58724;0;12970;7946;5365;2469;6932;16804;1708;485;725;86;354;278;38;0;68;0;25;70;0;21;0;0;70;0;29;0;1253;44;0;48;0;0;12;0;0;0;665;92;167
246;Roth;BY;Urne;229279;73340;602;72738;0;12342;7742;5149;2100;9465;25963;5718;887;0;0;672;529;0;0;0;0;0;0;0;0;0;0;0;0;0;1972;0;0;0;0;0;47;0;0;0;0;0;0;0;0;0;0;0;152;499;72841;0;14481;8196;6896;2119;9790;22448;3978;604;890;59;445;305;44;0;111;0;10;89;0;9;0;0;52;0;27;0;1618;51;0;51;0;0;16;0;0;0;297;116;139
247;Aschaffenburg;BY;Urne;182652;59517;604;58913;0;10205;7691;4909;1693;7804;21511;1925;886;0;0;0;593;0;0;170;0;71;0;0;0;0;0;0;0;0;1153;0;0;0;0;0;199;0;0;0;0;0;0;0;0;0;0;0;103;533;58984;0;11505;7642;6685;1900;8015;17294;1854;550;740;57;259;308;56;0;124;0;30;69;0;10;0;0;65;0;39;0;1030;27;0;37;0;0;63;0;0;0;364;115;146
248;Bad Kissingen;BY;Urne;214061;60041;676;59365;0;10434;8173;4241;1762;5496;22220;4140;956;0;0;0;431;0;0;0;0;0;0;0;0;0;0;0;0;0;1425;0;0;0;0;0;0;0;0;0;0;0;0;0;0;0;0;0;87;524;59517;0;9920;8694;5382;1967;5379;21006;3369;575;609;77;206;267;40;0;129;0;13;59;0;14;0;0;39;0;23;0;1360;44;0;67;0;0;9;0;0;0;73;110;86
249;Main-Spessart;BY;Urne;194408;53917;544;53373;0;11256;6034;3686;1657;5326;18876;4751;0;0;0;0;438;0;0;0;0;0;0;0;0;0;0;0;0;0;1277;0;0;0;0;0;72;0;0;0;0;0;0;0;0;0;0;0;0;450;53467;0;10708;6546;5197;1504;6024;16885;2795;507;708;57;177;243;44;0;107;0;17;68;0;9;0;0;39;0;34;0;1165;43;0;48;0;0;38;0;0;0;278;115;111
250;Schweinfurt;BY;Urne;196710;60872;729;60143;0;10742;8510;4961;2768;5519;22315;2845;0;0;0;0;434;0;0;278;0;65;0;0;0;0;0;0;0;0;1374;0;0;0;0;0;0;0;0;332;0;0;0;0;0;0;0;0;0;557;60315;0;10915;8627;5886;2196;6226;19453;2883;566;685;76;261;241;62;0;148;0;16;51;0;10;0;0;47;0;40;0;1266;42;0;49;0;0;16;0;0;0;277;156;120
251;Würzburg;BY;Urne;224907;59313;850;58463;0;10366;0;6476;2884;12043;19727;3294;0;0;0;0;758;0;0;0;0;0;0;0;0;0;0;258;0;0;2158;0;0;0;0;0;0;0;0;0;0;0;0;0;0;0;0;0;499;414;58899;0;11219;5747;6320;2814;11137;16368;1674;546;586;40;222;316;73;0;72;0;13;56;0;10;0;0;101;0;39;0;953;40;0;24;0;0;11;0;0;0;182;111;225
252;Augsburg-Stadt;BY;Urne;207543;70297;591;69706;0;13036;8375;5999;3376;12116;18974;2778;1115;0;0;0;663;386;0;234;0;93;0;0;0;0;0;0;0;0;1852;0;0;0;0;0;0;0;0;0;250;0;0;0;0;0;0;0;459;589;69708;0;13284;8736;7609;3485;11254;17360;2516;808;696;39;260;368;182;0;174;0;72;72;0;16;0;0;83;0;36;0;1671;60;0;26;0;0;16;0;0;0;536;98;251
253;Augsburg-Land;BY;Urne;249372;85833;868;84965;0;12237;10453;7009;1757;9956;32910;7244;0;0;0;0;1264;0;0;0;0;0;0;0;0;0;0;0;0;0;2077;0;0;0;0;0;0;0;0;0;0;0;0;0;0;0;0;0;58;638;85195;0;13575;10487;9427;1966;10492;27712;5660;657;932;64;278;482;149;0;309;0;25;77;0;30;0;0;61;0;32;0;1948;92;0;48;0;0;19;0;0;0;318;160;195
254;Donau-Ries;BY;Urne;195774;59104;509;58595;0;10842;7779;3952;1228;4100;23023;4817;0;0;0;0;524;306;0;0;0;0;0;0;0;0;0;0;0;0;1614;0;0;0;0;0;110;0;0;300;0;0;0;0;0;0;0;0;0;444;58660;0;9171;8376;6010;1166;5476;20349;4238;393;533;69;267;311;91;0;179;0;9;55;0;7;0;0;34;0;18;0;1421;55;0;35;0;0;37;0;0;0;140;150;70
255;Neu-Ulm;BY;Urne;241919;81579;757;80822;0;12920;12217;6748;1815;8211;28386;5049;0;1645;0;810;691;0;0;0;0;0;0;0;0;0;0;0;0;0;1766;0;0;0;0;0;0;0;0;0;348;0;0;0;0;0;0;0;216;639;80940;0;13388;12407;9596;2216;8338;24405;4450;645;1107;155;449;471;68;0;248;0;16;93;0;12;0;0;82;0;39;0;1571;104;0;58;0;0;20;0;0;0;577;192;233
256;Oberallgäu;BY;Urne;228803;70255;742;69513;0;11063;8147;8475;2145;9775;19724;5543;1066;0;0;0;774;261;0;0;0;0;0;0;0;0;0;0;0;0;2426;0;0;0;0;0;0;0;0;0;0;0;0;0;0;0;0;0;114;550;69705;0;11646;8095;7990;2232;9480;20259;4471;650;759;48;240;422;101;0;157;0;8;63;0;6;0;0;63;0;32;0;2343;57;0;46;0;0;15;0;0;0;260;104;158
257;Ostallgäu;BY;Urne;250575;81425;752;80673;0;10326;10883;6158;2834;8940;29565;6349;1049;0;0;0;1183;253;0;0;0;0;0;0;0;0;0;0;0;0;3133;0;0;0;0;0;0;0;0;0;0;0;0;0;0;0;0;0;0;607;80818;0;12315;11061;8843;2214;8911;25005;5693;669;832;116;366;704;93;0;327;0;10;73;0;18;0;0;77;0;45;0;2590;161;0;54;0;0;12;0;0;0;352;139;138
258;Stuttgart I;BW;Urne;191811;63818;420;63398;14070;9173;3745;6713;3086;22916;0;486;765;622;0;0;0;0;82;0;0;62;0;0;0;0;28;109;0;0;1171;0;78;0;0;0;0;0;0;0;280;0;0;0;0;0;0;0;12;351;63467;11937;13312;3887;10331;3900;15912;0;414;599;534;15;237;147;0;65;0;0;48;33;0;20;0;0;91;0;0;0;1037;89;46;0;11;0;11;0;0;0;466;0;325
259;Stuttgart II;BW;Urne;178958;63858;670;63188;15293;13780;6097;7212;3433;12688;0;785;879;857;0;0;0;0;0;0;0;125;0;0;0;0;14;118;0;0;1183;0;140;0;0;0;0;0;0;0;299;0;0;0;0;0;0;0;285;582;63276;12663;14703;6093;9665;3736;11315;0;512;623;682;36;308;122;0;52;0;0;91;54;0;26;0;0;77;0;0;0;1029;66;72;0;17;0;13;0;0;0;1086;0;235
260;Böblingen;BW;Urne;245553;96341;968;95373;27050;20014;10570;15767;2532;13352;0;2079;966;0;0;0;337;0;133;0;0;99;0;0;0;0;0;0;0;0;1670;0;0;0;0;0;0;0;0;0;277;0;0;0;0;0;0;0;527;816;95525;23709;19718;10966;17339;2801;13748;0;1443;786;811;91;388;194;0;78;0;0;74;85;0;20;0;0;94;0;0;0;1537;215;118;0;25;0;22;0;0;0;962;0;301
261;Esslingen;BW;Urne;166628;64140;498;63642;18772;14449;5892;8211;1999;10386;0;1219;877;0;0;0;0;0;0;0;0;118;0;0;0;0;0;140;0;0;1376;0;0;0;0;0;0;0;0;0;203;0;0;0;0;0;0;0;0;518;63622;14985;14559;6199;10317;2255;10224;0;860;598;707;45;203;152;0;37;0;0;70;78;0;15;0;0;88;0;0;0;1185;98;51;0;12;0;10;0;0;0;713;0;161
262;Nürtingen;BW;Urne;205967;80540;732;79808;22775;17051;8559;11486;2176;12617;0;1665;1310;0;0;0;0;0;190;0;0;41;0;0;0;0;0;0;0;0;1938;0;0;0;0;0;0;0;0;0;0;0;0;0;0;0;0;0;0;786;79754;19493;16364;8947;14267;2358;11790;0;1185;803;920;76;315;184;0;91;0;0;31;92;0;4;0;0;71;0;0;0;1637;214;91;0;32;0;18;0;0;0;625;0;146
263;Göppingen;BW;Urne;177107;69972;986;68986;20083;16121;10134;8933;1707;7224;0;1922;1075;0;0;0;0;0;0;0;0;124;0;0;0;0;0;0;0;0;1663;0;0;0;0;0;0;0;0;0;0;0;0;0;0;0;0;0;0;824;69148;17020;15817;10108;11245;1915;7393;0;1163;665;780;96;287;141;0;77;0;0;29;80;0;6;0;0;51;0;0;0;1379;72;91;0;26;0;19;0;0;0;502;0;186
264;Waiblingen;BW;Urne;221775;90807;929;89878;25185;19975;9915;13907;2495;12354;0;1565;1328;0;0;0;0;0;237;0;0;90;0;0;0;0;0;0;0;0;2596;0;0;0;0;0;0;0;0;0;231;0;0;0;0;0;0;0;0;772;90035;22070;19365;10146;16111;2808;12169;0;1166;868;1007;74;468;253;0;82;0;0;48;94;0;14;0;0;95;0;0;0;2116;182;77;0;23;0;21;0;0;0;568;0;210
265;Ludwigsburg;BW;Urne;215312;85041;772;84269;23491;15862;9261;12190;2741;15155;0;1705;1166;0;0;0;406;0;0;0;0;0;0;0;0;0;0;0;0;0;1783;0;0;0;0;0;0;0;0;0;271;0;0;0;0;0;0;0;238;648;84393;19935;18344;9237;13780;2943;13408;0;1201;824;848;73;353;239;0;70;0;0;54;60;0;12;0;0;93;0;0;0;1553;144;114;0;18;0;21;0;0;0;824;0;245
266;Neckar-Zaber;BW;Urne;230738;93049;933;92116;26593;20299;11743;11887;2309;12971;0;1859;1440;0;0;0;465;0;300;0;0;0;0;0;0;0;0;0;0;0;2159;0;0;0;0;0;0;0;0;0;0;0;0;0;0;0;0;0;91;810;92239;22019;19910;11870;15621;2583;12813;0;1450;968;950;120;352;255;0;137;0;0;20;87;0;11;0;0;87;0;0;0;1821;179;118;0;25;0;27;0;0;0;531;0;285
267;Heilbronn;BW;Urne;240951;101590;1243;100347;26837;23725;16120;14015;2558;10823;0;2100;1680;0;0;0;0;0;0;0;0;149;0;0;0;0;0;280;0;0;2060;0;0;0;0;0;0;0;0;0;0;0;0;0;0;0;0;0;0;1316;100274;22989;22020;16553;16491;3058;10715;0;1620;1214;1072;213;370;258;0;77;0;0;71;136;0;18;0;0;151;0;0;0;1748;243;112;0;34;0;30;0;0;0;818;0;263
268;Schwäbisch Hall – Hohenlohe;BW;Urne;225874;101934;1107;100827;32034;19422;14989;12163;2442;12712;0;1877;1445;0;0;0;620;0;0;0;0;102;0;0;0;0;0;0;0;0;3021;0;0;0;0;0;0;0;0;0;0;0;0;0;0;0;0;0;0;1156;100778;24517;20923;15777;16682;2910;11373;0;1608;1030;1058;225;367;391;0;38;0;0;46;142;0;15;0;0;101;0;0;0;2518;351;99;0;37;0;27;0;0;0;277;0;266
269;Backnang – Schwäbisch Gmünd;BW;Urne;177062;71907;885;71022;20259;17032;10437;8932;2042;7247;0;1540;1254;0;0;0;0;0;0;0;0;73;0;0;0;0;0;0;0;0;2206;0;0;0;0;0;0;0;0;0;0;0;0;0;0;0;0;0;0;734;71173;17433;15111;10574;11521;2110;8263;0;958;832;795;105;353;165;0;44;0;0;47;93;0;6;0;0;70;0;0;0;1902;200;76;0;17;0;17;0;0;0;344;0;137
270;Aalen – Heidenheim;BW;Urne;220686;88555;1162;87393;31032;18889;11353;8836;2274;8983;0;2058;1294;0;0;0;0;0;0;0;0;109;0;0;0;0;0;0;0;0;2378;0;0;0;0;0;0;0;0;0;187;0;0;0;0;0;0;0;0;998;87557;23072;20100;11920;13166;2566;9402;0;1701;847;859;141;322;224;0;69;0;0;66;120;0;33;0;0;76;0;0;0;2006;131;67;0;17;0;22;0;0;0;454;0;176
271;Karlsruhe-Stadt;BW;Urne;205608;62308;716;61592;12005;13075;6534;6444;3451;15210;0;634;1186;0;0;0;203;0;0;0;0;77;0;0;0;0;0;268;0;0;1725;174;0;0;0;0;0;0;0;0;488;0;0;0;0;0;118;0;0;719;61589;10574;13209;6558;8201;3796;13729;0;556;813;676;32;243;135;0;58;0;0;47;62;0;25;0;0;159;0;0;0;1571;139;36;0;13;0;13;0;0;0;496;0;448
272;Karlsruhe-Land;BW;Urne;209147;80479;971;79508;22667;17682;9362;9664;2119;12101;0;1852;1215;0;0;0;251;0;0;0;0;0;0;0;0;0;0;225;0;0;2066;0;0;0;0;0;0;0;0;0;0;0;0;0;0;0;0;0;304;837;79642;19306;17694;9874;12036;2356;11690;0;1267;775;1056;86;276;155;0;59;0;0;17;87;0;7;0;0;120;0;0;0;1784;240;91;0;29;0;27;0;0;0;360;0;250
273;Rastatt;BW;Urne;204890;78807;1047;77760;24166;17196;11193;9172;2311;9228;0;2226;0;0;0;0;0;0;0;0;0;0;0;0;0;0;0;0;0;0;1802;0;0;0;0;0;0;0;0;0;291;0;0;0;0;0;143;0;32;1045;77762;19658;18026;11016;10944;2347;9594;0;1436;630;970;77;303;89;0;52;0;0;15;83;0;8;0;0;56;0;0;0;1796;42;64;0;18;0;18;0;0;0;293;0;227
274;Heidelberg;BW;Urne;218431;82109;688;81421;18843;16651;6763;7784;3550;22285;0;1188;1112;0;0;0;0;0;0;0;0;82;0;0;0;0;0;262;0;0;1766;0;0;0;0;0;0;0;0;0;700;0;0;0;0;0;435;0;0;690;81419;15947;18554;6834;11070;4439;18647;0;860;781;789;72;241;174;0;70;0;0;36;72;0;17;0;0;180;0;0;0;1472;75;41;0;23;0;21;0;0;0;419;0;585
275;Mannheim;BW;Urne;196863;66265;794;65471;11933;17403;8724;7311;3425;12618;0;1280;1046;0;0;0;200;0;0;0;0;88;0;0;0;0;0;0;0;0;1329;0;0;0;0;0;0;0;0;0;0;0;0;0;0;0;114;0;0;779;65486;11027;16551;8319;8758;3612;11406;0;797;804;1024;87;264;89;0;50;0;0;48;106;0;28;0;0;89;0;0;0;1061;63;53;0;24;0;12;0;0;0;859;0;355
276;Odenwald – Tauber;BW;Urne;209418;86346;1188;85158;29491;17152;12965;8787;2031;7946;0;3444;1459;0;0;0;0;0;0;0;0;0;0;0;0;0;0;0;0;0;1883;0;0;0;0;0;0;0;0;0;0;0;0;0;0;0;0;0;0;1135;85211;25177;17976;12915;11487;2259;8024;0;2254;892;961;158;299;322;0;49;0;0;13;126;0;7;0;0;70;0;0;0;1527;131;92;0;32;0;23;0;0;0;213;0;204
277;Rhein-Neckar;BW;Urne;196882;75276;879;74397;20194;19454;9567;8974;2347;9991;0;1741;0;0;0;0;0;0;0;0;0;0;0;0;0;0;0;0;0;0;1904;0;0;0;0;0;0;0;0;0;0;0;0;0;0;0;0;0;225;848;74428;17706;16745;9790;11021;2450;10565;0;1141;762;966;141;301;131;0;46;0;0;21;108;0;19;0;0;71;0;0;0;1439;169;47;0;12;0;23;0;0;0;415;0;339
278;Bruchsal – Schwetzingen;BW;Urne;195755;70381;1048;69333;18948;14770;10559;8636;1982;9111;0;2035;1251;0;0;0;0;0;0;0;0;0;0;0;0;0;0;0;0;0;1608;0;0;0;0;0;0;0;0;0;0;0;0;0;0;0;0;0;433;873;69508;16272;15336;10661;10439;2053;8476;0;1311;771;1176;112;231;84;0;49;0;0;15;110;0;10;0;0;87;0;0;0;1392;93;98;0;19;0;12;0;0;0;448;0;253
279;Pforzheim;BW;Urne;217126;83061;931;82130;21403;16576;15428;10760;2178;8875;0;1929;1217;1843;0;0;0;0;0;0;0;0;0;0;0;0;0;0;0;0;1467;0;430;0;0;0;0;0;0;0;0;0;0;0;0;0;0;0;24;988;82073;18242;16618;14827;13323;2474;8921;0;1302;849;1603;126;299;137;0;54;0;0;37;94;0;11;0;0;90;0;0;0;1449;424;401;0;18;0;21;0;0;0;461;0;292
280;Calw;BW;Urne;199092;81324;911;80413;26234;13461;12608;12473;1656;7755;0;2089;873;1287;0;0;0;0;0;0;0;0;0;0;0;0;0;0;0;0;1761;0;0;0;0;0;82;0;0;0;0;0;0;0;0;0;134;0;0;972;80352;22051;14420;13032;14391;1946;7557;0;1512;668;1085;108;256;210;0;53;0;0;16;97;0;16;0;0;71;0;0;0;1797;405;72;0;18;0;58;0;0;0;377;0;136
281;Freiburg;BW;Urne;224392;82683;693;81990;16266;22246;5277;6509;4620;21178;0;1122;1350;0;0;0;0;0;0;0;0;73;0;0;0;0;0;245;0;0;2437;0;0;0;0;0;0;0;0;0;390;0;0;0;0;0;277;0;0;729;81954;13696;17522;5691;8861;6177;23349;0;774;890;939;42;238;258;0;98;0;0;46;67;0;8;0;0;137;0;0;0;2242;133;38;0;18;0;14;0;0;0;391;0;325
282;Lörrach – Müllheim;BW;Urne;231076;85067;1086;83981;19874;18761;9160;12236;2558;14775;0;1562;1379;0;0;521;0;205;0;0;0;91;0;0;0;0;0;0;0;0;2783;0;0;0;0;0;76;0;0;0;0;0;0;0;0;0;0;0;0;1045;84022;17466;19932;9316;12404;3019;13796;0;1271;998;1191;94;401;173;0;92;0;0;47;142;0;15;0;0;79;0;0;0;2440;281;87;0;27;0;36;0;0;0;488;0;227
283;Emmendingen – Lahr;BW;Urne;218872;82117;837;81280;22328;21143;9889;8574;2442;9871;0;1765;1028;1644;0;0;467;0;0;0;0;0;0;0;0;0;0;0;0;0;1877;0;0;0;0;0;0;0;0;0;252;0;0;0;0;0;0;0;0;989;81128;19482;18562;10187;11080;2642;11849;0;1410;802;1476;95;328;289;0;65;0;0;13;92;0;17;0;0;67;0;0;0;1832;204;67;0;33;0;13;0;0;0;244;0;279
284;Offenburg;BW;Urne;205893;80991;1051;79940;26491;14929;9618;9146;2374;9910;0;2588;1450;0;0;0;0;0;0;0;0;0;0;0;0;0;0;0;0;0;3434;0;0;0;0;0;0;0;0;0;0;0;0;0;0;0;0;0;0;1142;79849;19929;16435;10343;12102;2480;10351;0;1697;831;1080;94;319;135;0;69;0;0;13;113;0;10;0;0;79;0;0;0;2871;78;96;0;26;0;20;0;0;0;450;0;228
285;Rottweil – Tuttlingen;BW;Urne;198182;76445;1114;75331;22137;12036;13359;12967;1789;7607;0;1725;0;0;0;0;661;0;0;0;0;0;0;0;0;0;0;271;0;0;2779;0;0;0;0;0;0;0;0;0;0;0;0;0;0;0;0;0;0;1356;75089;19372;13247;13039;13777;1836;6730;0;1272;526;950;132;307;371;0;43;0;0;10;103;0;12;0;0;114;0;0;0;2333;160;73;0;36;0;16;0;0;0;444;0;186
286;Schwarzwald-Baar;BW;Urne;162800;63928;865;63063;21516;11356;8947;8930;1499;6353;0;1537;0;0;0;0;0;0;0;0;0;102;0;0;0;0;0;0;0;0;2823;0;0;0;0;0;0;0;0;0;0;0;0;0;0;0;0;0;0;977;62951;15785;13082;9094;10278;1659;6898;0;1091;487;759;118;263;129;0;55;0;0;47;90;0;28;0;0;55;0;0;0;2312;147;73;0;24;0;18;0;0;0;277;0;182
287;Konstanz;BW;Urne;206009;72174;739;71435;23093;14158;8823;8291;2693;10808;0;1336;1567;0;0;0;385;0;0;0;0;0;0;0;0;0;0;0;0;0;0;0;0;0;0;0;79;0;0;0;0;0;0;0;0;0;0;0;202;815;71359;16031;14928;8645;11000;2803;11949;0;966;895;931;83;279;170;0;53;0;0;18;76;0;19;0;0;83;0;0;0;1728;95;67;0;19;0;43;0;0;0;239;0;239
288;Waldshut;BW;Urne;177275;69761;793;68968;22872;16922;7521;5689;2033;9380;0;1616;0;0;0;0;399;0;0;0;0;0;0;0;0;0;0;0;0;0;2181;0;0;0;0;0;0;0;0;0;355;0;0;0;0;0;0;0;0;841;68920;17650;15515;7395;9649;2154;10420;0;1194;511;815;67;288;218;0;55;0;0;23;73;0;7;0;0;55;0;0;0;2050;103;60;0;33;0;13;0;0;0;242;0;330
289;Reutlingen;BW;Urne;199189;78393;921;77472;24542;13899;9893;10393;3211;11162;0;1422;1226;0;0;0;0;0;0;0;0;111;0;0;0;0;0;0;0;0;1613;0;0;0;0;0;0;0;0;0;0;0;0;0;0;0;0;0;0;960;77433;19455;15748;10084;12825;2818;10419;0;1117;737;816;87;308;175;0;50;0;0;51;93;0;10;0;0;106;0;0;0;1463;228;89;0;32;0;22;0;0;0;481;0;219
290;Tübingen;BW;Urne;198791;79110;746;78364;20590;14343;7892;8079;3841;17877;0;1194;1043;1176;0;0;313;0;207;0;0;60;0;0;0;0;0;0;0;0;1749;0;0;0;0;0;0;0;0;0;0;0;0;0;0;0;0;0;0;755;78355;16744;16059;8007;11334;4363;15798;0;893;721;867;87;279;224;0;102;0;0;33;73;0;20;0;0;102;0;0;0;1582;156;65;0;12;0;22;0;0;0;550;0;262
291;Ulm;BW;Urne;223376;94099;974;93125;30454;17390;10764;10635;2704;14709;0;2426;1195;1590;0;840;0;0;0;0;0;78;0;0;0;0;0;207;0;0;0;0;0;0;0;0;0;0;0;0;0;0;0;0;0;0;133;0;0;1025;93074;24677;18905;10732;13696;3085;13964;0;1849;876;1263;110;482;242;0;52;0;0;51;117;0;18;0;0;150;0;0;0;1628;162;98;0;39;0;31;0;0;0;583;0;264
292;Biberach;BW;Urne;169147;65310;709;64601;22750;11066;8779;6897;1090;7159;0;1874;759;1091;0;361;972;0;0;0;0;0;0;0;0;0;0;0;0;0;1803;0;0;0;0;0;0;0;0;0;0;0;0;0;0;0;0;0;0;766;64544;19425;10617;9279;9613;1502;7137;0;1764;647;942;95;297;522;0;56;0;0;7;78;0;6;0;0;66;0;0;0;1855;101;99;0;20;0;17;0;0;0;266;0;133
293;Bodensee;BW;Urne;174430;67730;681;67049;19839;13842;8164;8660;1952;9395;0;1380;1112;0;0;0;371;0;0;0;0;0;0;0;0;0;0;0;0;0;2293;0;0;0;0;0;0;0;0;0;0;0;0;0;0;0;0;0;41;723;67007;17464;12918;7854;10773;2053;9631;0;1159;742;682;49;259;216;0;71;0;0;16;58;0;24;0;0;58;0;0;0;2186;112;56;0;16;0;24;0;0;0;373;0;213
294;Ravensburg;BW;Urne;187817;72326;695;71631;21541;10109;7920;10465;2307;12690;0;1953;1044;0;0;0;748;0;0;0;0;60;0;100;0;0;0;0;0;0;2694;0;0;0;0;0;0;0;0;0;0;0;0;0;0;0;0;0;0;764;71562;18586;13086;8468;11004;2439;10522;0;1712;740;797;56;305;471;0;64;0;0;25;75;0;13;0;0;61;0;0;0;2338;110;74;0;16;0;21;0;0;0;388;0;191
295;Zollernalb – Sigmaringen;BW;Urne;182648;74268;1093;73175;21577;13526;10539;10148;1624;10440;0;1583;1057;0;0;0;335;0;0;0;0;127;0;0;0;0;0;0;0;0;2219;0;0;0;0;0;0;0;0;0;0;0;0;0;0;0;0;0;0;1171;73097;20232;13938;11080;12498;1999;6931;0;1286;800;944;128;309;215;0;41;0;0;79;88;0;13;0;0;59;0;0;0;1723;120;72;0;23;0;15;0;0;0;378;0;126
296;Saarbrücken;SL;Urne;192929;79389;1390;77999;18219;28973;8729;6391;5356;4955;0;1447;2052;0;0;0;312;0;0;0;0;124;0;0;0;0;0;0;0;0;1305;0;0;0;0;0;0;0;0;0;0;0;0;0;0;0;0;0;136;1392;77997;14807;28767;9009;8979;7945;0;0;1192;1573;2107;227;571;318;0;0;0;0;80;0;0;0;0;0;0;0;0;0;1191;0;0;0;0;0;0;0;0;0;461;0;770
297;Saarlouis;SL;Urne;203279;100139;1979;98160;26349;35924;11203;8231;5450;3746;0;2648;2532;0;0;0;401;0;0;0;0;0;0;0;0;0;0;0;0;0;1676;0;0;0;0;0;0;0;0;0;0;0;0;0;0;0;0;0;0;1920;98219;23048;34617;11658;12031;6722;0;0;1955;1754;2775;254;558;283;0;0;0;0;46;0;0;0;0;0;0;0;0;0;1496;0;0;0;0;0;0;0;0;0;398;0;624
298;St. Wendel;SL;Urne;173074;85648;1722;83926;26245;29147;8891;6971;3744;2945;0;2052;2106;0;0;0;337;0;0;0;0;0;0;0;0;0;0;0;0;0;1488;0;0;0;0;0;0;0;0;0;0;0;0;0;0;0;0;0;0;1740;83908;21337;30463;9302;9173;5059;0;0;1653;1472;2316;201;490;331;0;0;0;0;35;0;0;0;0;0;0;0;0;0;1427;0;0;0;0;0;0;0;0;0;220;0;429
299;Homburg;SL;Urne;185941;83698;1627;82071;20427;29527;11387;6585;4753;3187;0;2539;1989;0;0;0;404;0;0;0;0;0;0;0;0;0;0;0;0;0;1273;0;0;0;0;0;0;0;0;0;0;0;0;0;0;0;0;0;0;1467;82231;17714;29473;11338;9321;5705;0;0;1927;1327;2323;233;540;303;0;0;0;0;46;0;0;0;0;0;0;0;0;0;1185;0;0;0;0;0;0;0;0;0;311;0;485
001;Flensburg – Schleswig;SH;Brief;0;52414;267;52147;11978;9339;1832;3265;1843;18480;0;694;0;0;0;0;0;0;0;0;0;0;0;0;0;0;0;0;0;90;831;0;0;0;0;0;55;3740;0;0;0;0;0;0;0;0;0;0;0;221;52193;10859;12607;2024;5745;2077;11910;0;467;492;537;32;0;54;81;0;0;0;7;0;0;15;0;0;43;0;40;0;706;0;0;0;0;0;28;0;0;4248;80;0;141
002;Nordfriesland – Dithmarschen Nord;SH;Brief;0;47684;335;47349;14003;12666;1991;4363;1359;8245;0;494;0;0;0;0;0;0;0;0;0;0;0;0;0;0;0;0;0;0;706;0;0;0;0;0;72;3450;0;0;0;0;0;0;0;0;0;0;0;266;47418;11155;12049;2096;6027;1491;9306;0;347;380;599;43;0;46;57;0;0;0;10;0;0;16;0;0;47;0;22;0;576;0;0;0;0;0;23;0;0;2937;97;0;94
003;Steinburg – Dithmarschen Süd;SH;Brief;0;37486;282;37204;10725;10610;2067;5492;1237;5470;0;767;0;0;0;0;0;246;0;0;0;0;0;0;0;0;0;0;0;0;509;0;0;0;0;0;81;0;0;0;0;0;0;0;0;0;0;0;0;202;37284;8990;10133;2272;5068;1280;6392;0;521;361;496;35;0;27;110;0;0;0;9;0;0;6;0;0;26;0;29;0;432;0;0;0;0;0;33;0;0;930;72;0;62
004;Rendsburg-Eckernförde;SH;Brief;0;50092;318;49774;15139;14583;2232;3922;1342;8486;0;513;571;0;0;0;0;0;0;0;0;0;0;0;0;0;0;0;0;0;772;0;0;0;0;0;0;2214;0;0;0;0;0;0;0;0;0;0;0;204;49888;12046;12603;2296;6173;1595;10651;0;381;410;545;30;0;44;56;0;0;0;12;0;0;6;0;0;32;0;36;0;689;0;0;0;0;0;16;0;0;2119;62;0;86
005;Kiel;SH;Brief;0;62095;317;61778;12110;17145;1818;4329;2654;19160;0;449;1081;0;0;0;0;0;0;0;0;31;0;0;42;0;0;0;0;117;627;0;0;0;0;0;0;1894;0;0;321;0;0;0;0;0;0;0;0;190;61905;10124;15208;2001;6504;3357;19799;0;348;735;634;34;0;54;83;0;0;0;13;0;0;33;0;0;118;0;54;0;565;0;0;0;0;0;15;0;0;1831;162;0;233
006;Plön – Neumünster;SH;Brief;0;42889;452;42437;12366;13174;2063;3724;1168;7536;0;876;715;0;0;0;0;0;0;0;0;0;0;0;0;0;0;0;0;0;719;0;0;0;0;0;96;0;0;0;0;0;0;0;0;0;0;0;0;254;42635;9988;12229;2110;5117;1271;8550;0;448;376;456;61;0;30;34;0;0;0;10;0;0;13;0;0;32;0;32;0;568;0;0;0;0;0;38;0;0;1103;88;0;81
007;Pinneberg;SH;Brief;0;68635;483;68152;18452;21006;3063;7311;1956;12495;0;920;732;0;0;0;0;0;0;0;0;0;0;0;0;0;0;0;0;0;947;0;0;0;0;0;65;1205;0;0;0;0;0;0;0;0;0;0;0;391;68244;15372;19822;3276;9420;2116;13635;0;657;582;846;54;0;91;85;0;0;0;9;0;0;24;0;0;70;0;44;0;723;0;0;0;0;0;43;0;0;1011;194;0;170
008;Segeberg – Stormarn-Mitte;SH;Brief;0;66746;492;66254;18876;21760;3159;6411;2087;10071;0;1791;1052;0;0;0;0;0;0;0;0;0;0;0;0;0;0;0;0;0;1047;0;0;0;0;0;0;0;0;0;0;0;0;0;0;0;0;0;0;256;66490;14704;19427;3189;9188;2090;12857;0;840;652;892;43;0;82;87;0;0;0;11;0;0;19;0;0;49;0;37;0;813;0;0;0;0;0;14;0;0;1134;180;0;182
009;Ostholstein – Stormarn-Nord;SH;Brief;0;47837;377;47460;14757;15565;2366;4401;1346;7357;0;858;0;0;0;0;0;0;0;0;0;0;0;0;0;0;0;0;0;0;579;0;0;0;0;0;0;0;0;0;0;0;0;0;0;0;0;0;231;239;47598;12281;13866;2475;6090;1258;8605;0;507;334;559;54;0;38;55;0;0;0;3;0;0;11;0;0;36;0;24;0;478;0;0;0;0;0;13;0;0;757;63;0;91
010;Herzogtum Lauenburg – Stormarn-Süd;SH;Brief;0;67911;396;67515;18261;20968;3476;6903;1693;13100;0;1240;1045;0;0;0;0;0;0;0;0;0;0;0;40;0;0;0;0;0;789;0;0;0;0;0;0;0;0;0;0;0;0;0;0;0;0;0;0;240;67671;15701;19452;3626;9718;2136;12720;0;779;588;784;80;0;85;81;0;0;0;7;0;0;33;0;0;50;0;47;0;681;0;0;0;0;0;24;0;0;682;244;0;153
011;Lübeck;SH;Brief;0;44929;384;44545;10450;14834;1935;2975;1142;10786;0;521;732;0;0;0;0;0;0;0;0;60;0;0;41;0;0;0;0;127;500;0;0;0;0;0;31;0;0;0;328;0;0;0;0;0;0;0;83;253;44676;8471;13101;1950;4530;1947;11673;0;366;420;508;42;0;48;47;0;0;0;21;0;0;19;0;0;73;0;37;0;473;0;0;0;0;0;22;0;0;598;128;0;202
012;Schwerin – Ludwigslust-Parchim I – Nordwestmecklenburg I;MV;Brief;0;54441;638;53803;11440;15927;5710;4217;7525;5476;0;1445;687;0;0;462;0;0;0;0;0;99;0;0;0;0;0;0;0;0;815;0;0;0;0;0;0;0;0;0;0;0;0;0;0;0;0;0;0;436;54005;9416;17890;5488;4791;6902;5521;0;916;401;932;184;306;56;0;0;0;0;50;0;0;39;0;0;77;0;0;0;737;0;0;0;0;0;0;0;0;0;161;0;138
013;Ludwigslust-Parchim II – Nordwestmecklenburg II – Landkreis Rostock I;MV;Brief;0;49321;431;48890;9148;18022;5534;3635;5660;3412;0;1274;0;0;0;0;0;0;0;0;0;0;0;0;0;0;0;0;0;0;929;0;0;0;0;0;0;0;0;0;0;0;0;0;0;0;0;0;1276;332;48989;8668;16619;5634;4142;5841;4299;0;901;344;836;172;208;111;0;0;0;0;32;0;0;38;0;0;65;0;0;0;841;0;0;0;0;0;0;0;0;0;135;0;103
014;Rostock – Landkreis Rostock II;MV;Brief;0;65767;608;65159;11027;16986;4939;4992;13777;8110;0;961;0;1822;0;538;0;0;0;0;0;141;0;0;0;0;0;0;0;0;1866;0;0;0;0;0;0;0;0;0;0;0;0;0;0;0;0;0;0;507;65260;9150;19340;5310;6102;9349;10232;0;814;835;1501;142;341;143;0;0;0;0;64;0;0;65;0;0;128;0;0;0;1296;0;0;0;0;0;0;0;0;0;190;0;258
015;Vorpommern-Rügen – Vorpommern-Greifswald I;MV;Brief;0;57799;550;57249;11559;14118;7606;4082;9600;5681;0;758;687;1744;0;414;0;0;0;0;0;94;0;0;0;0;0;0;0;0;906;0;0;0;0;0;0;0;0;0;0;0;0;0;0;0;0;0;0;499;57300;10606;14871;7027;5281;7600;6805;0;798;601;1665;138;276;89;0;0;0;0;62;0;0;54;0;0;110;0;0;0;976;0;0;0;0;0;0;0;0;0;186;0;155
016;Mecklenburgische Seenplatte I – Vorpommern-Greifswald II;MV;Brief;0;50535;645;49890;10959;13057;8124;4278;6479;2704;0;933;0;1600;0;0;0;0;0;0;0;0;0;0;0;0;0;0;0;0;994;0;0;0;0;0;0;0;0;491;0;0;0;0;0;0;0;0;271;562;49973;10040;14159;7916;4388;6194;2889;0;841;340;1298;364;184;54;0;0;0;0;39;0;0;54;0;0;96;0;0;0;875;0;0;0;0;0;0;0;0;0;154;0;88
017;Mecklenburgische Seenplatte II – Landkreis Rostock III;MV;Brief;0;48174;640;47534;10691;15437;6973;3418;5701;3429;0;1687;0;0;0;0;0;0;0;0;0;198;0;0;0;0;0;0;0;0;0;0;0;0;0;0;0;0;0;0;0;0;0;0;0;0;0;0;0;498;47676;9355;15035;6924;3785;5842;3065;0;959;352;867;159;138;111;0;0;0;0;66;0;0;33;0;0;41;0;0;0;763;0;0;0;0;0;0;0;0;0;107;0;74
018;Hamburg-Mitte;HH;Brief;0;89006;569;88437;12273;28278;2941;7357;7635;25237;0;709;2039;0;63;0;374;0;0;0;0;73;0;0;0;0;0;0;0;0;1118;0;0;0;0;0;0;0;0;0;0;0;0;0;0;0;0;0;340;326;88680;10403;24319;3167;9809;7030;27587;0;508;1217;1253;60;425;184;159;0;0;0;24;0;0;56;0;0;131;0;197;0;893;0;0;0;41;0;24;0;0;0;586;0;607
019;Hamburg-Altona;HH;Brief;0;81405;372;81033;15063;22574;1978;6874;7076;24746;0;422;0;0;0;708;293;0;0;0;0;94;0;0;0;0;0;0;0;0;1117;0;0;0;0;0;0;0;0;0;0;0;0;0;0;0;0;0;88;223;81182;13316;20274;1890;9218;6505;25473;0;294;816;726;19;302;135;93;0;0;0;36;0;0;51;0;0;62;0;125;0;964;0;0;0;29;0;13;0;0;0;318;0;523
020;Hamburg-Eimsbüttel;HH;Brief;0;86835;415;86420;16229;24827;2110;7006;5745;26677;0;550;1137;0;0;0;240;0;0;0;0;66;0;0;0;0;0;0;0;0;988;0;0;0;0;0;0;0;0;0;845;0;0;0;0;0;0;0;0;242;86593;13982;23747;2177;10093;5331;26986;0;435;649;901;19;249;115;84;0;0;0;16;0;0;56;0;0;69;0;100;0;744;0;0;0;16;0;11;0;0;0;311;0;502
021;Hamburg-Nord;HH;Brief;0;102372;657;101715;26250;30363;2514;8480;4655;26995;0;910;0;0;37;0;0;0;0;0;0;70;0;0;0;0;0;0;0;0;1361;0;0;0;0;0;80;0;0;0;0;0;0;0;0;0;0;0;0;310;102062;20657;28295;2749;14668;4381;26079;0;562;775;1045;37;314;154;130;0;0;0;16;0;0;38;0;0;85;0;89;0;1062;0;0;0;20;0;38;0;0;0;338;0;530
022;Hamburg-Wandsbek;HH;Brief;0;87218;679;86539;17951;33767;4196;7928;5107;13746;0;0;0;0;103;1005;477;0;0;0;0;49;0;0;0;0;0;0;0;0;1201;0;0;0;0;0;0;0;0;0;1009;0;0;0;0;0;0;0;0;387;86831;15778;30164;4139;9795;4148;16888;0;566;784;1301;76;510;243;118;0;0;0;30;0;0;31;0;0;96;0;93;0;1007;0;0;0;49;0;24;0;0;0;579;0;412
023;Hamburg-Bergedorf – Harburg;HH;Brief;0;71551;609;70942;12990;28524;3934;5955;4280;12032;0;953;0;0;98;0;506;0;0;0;0;54;0;0;0;0;0;0;0;0;1032;0;0;0;0;0;0;0;0;0;584;0;0;0;0;0;0;0;0;336;71215;12474;24585;3900;7178;4069;13825;0;653;742;1078;64;305;212;97;0;0;0;19;0;0;31;0;0;101;0;104;0;846;0;0;0;36;0;20;0;0;0;529;0;347
024;Aurich – Emden;NI;Brief;0;40548;454;40094;7526;20512;0;3431;1292;4532;0;1104;0;1197;0;0;0;0;0;0;0;0;0;0;0;0;0;0;0;0;465;0;0;0;0;0;0;0;0;0;0;0;0;0;0;0;0;0;35;276;40272;7807;16614;2308;3610;1373;6214;0;592;330;783;26;104;26;25;0;0;0;2;0;0;11;0;0;26;0;34;0;268;0;0;0;0;0;11;0;0;0;38;0;70
025;Unterems;NI;Brief;0;49849;519;49330;22310;14036;2724;2815;1231;5660;0;0;0;0;0;0;0;0;0;0;0;0;0;0;0;0;0;0;0;0;502;0;0;0;0;0;0;0;0;0;0;0;0;0;0;0;0;0;52;314;49535;14833;17075;2939;4571;1324;6407;0;275;430;748;38;150;24;52;0;0;0;3;0;0;11;0;0;25;0;39;0;420;0;0;0;0;0;10;0;0;0;51;0;110
026;Friesland – Wilhelmshaven – Wittmund;NI;Brief;0;41231;289;40942;9480;18868;2163;2756;1025;4629;0;898;754;0;0;0;0;0;0;0;0;18;0;0;0;0;0;0;0;0;351;0;0;0;0;0;0;0;0;0;0;0;0;0;0;0;0;0;0;254;40977;9509;15363;2352;4101;1215;6016;0;493;449;699;22;108;27;37;0;0;0;14;0;0;6;0;0;20;0;31;0;355;0;0;0;0;0;4;0;0;0;74;0;82
027;Oldenburg – Ammerland;NI;Brief;0;63525;343;63182;13036;23251;2044;4766;3791;14380;0;491;0;0;0;555;187;0;0;0;0;32;0;0;0;0;0;0;0;0;594;0;0;0;0;0;55;0;0;0;0;0;0;0;0;0;0;0;0;215;63310;12043;19530;2097;6502;2862;16869;0;405;500;817;38;278;98;76;0;0;0;8;0;0;23;0;0;61;0;41;0;531;0;0;0;0;0;29;0;0;0;99;0;403
028;Delmenhorst – Wesermarsch – Oldenburg-Land;NI;Brief;0;48230;331;47899;11849;17849;2202;5360;1393;7317;0;709;667;0;0;0;0;0;0;0;0;0;0;0;0;0;0;0;0;0;505;0;0;0;0;0;48;0;0;0;0;0;0;0;0;0;0;0;0;233;47997;10963;16555;2424;5599;1438;8387;0;521;396;715;30;147;34;40;0;0;0;4;0;0;7;0;0;39;0;27;0;448;0;0;0;0;0;23;0;0;0;89;0;111
029;Cuxhaven – Stade II;NI;Brief;0;41932;257;41675;12727;15166;2125;2693;768;5592;0;699;515;981;0;0;0;0;0;0;0;0;0;0;0;0;0;0;0;0;409;0;0;0;0;0;0;0;0;0;0;0;0;0;0;0;0;0;0;221;41711;10959;14599;2347;4042;1079;6218;0;537;315;801;40;111;37;39;0;0;0;4;0;0;2;0;0;27;0;26;0;393;0;0;0;0;0;14;0;0;0;33;0;88
030;Stade I – Rotenburg II;NI;Brief;0;48963;337;48626;16645;15724;2370;3535;1400;7805;0;0;0;0;0;531;0;0;0;0;0;0;0;0;0;0;0;0;0;0;616;0;0;0;0;0;0;0;0;0;0;0;0;0;0;0;0;0;0;187;48776;12784;15956;2438;5045;1361;8403;0;564;431;644;39;222;58;51;0;0;0;7;0;0;5;0;0;37;0;29;0;468;0;0;0;0;0;14;0;0;0;86;0;134
031;Mittelems;NI;Brief;0;46945;326;46619;18214;13380;1618;4633;1008;7390;0;0;0;0;0;0;0;0;0;0;0;0;0;0;0;0;0;0;0;0;376;0;0;0;0;0;0;0;0;0;0;0;0;0;0;0;0;0;0;183;46762;15647;14051;1696;5303;1086;7218;0;212;376;506;24;106;24;31;0;0;0;7;0;0;5;0;0;46;0;34;0;247;0;0;0;0;0;5;0;0;0;57;0;81
032;Cloppenburg – Vechta;NI;Brief;0;43567;308;43259;21988;8564;1984;3668;868;5786;0;0;0;0;0;0;0;0;0;0;0;0;0;0;0;0;0;0;0;0;401;0;0;0;0;0;0;0;0;0;0;0;0;0;0;0;0;0;0;195;43372;17353;10428;2009;5092;898;5845;0;210;287;519;22;126;21;32;0;0;0;2;0;0;4;0;0;30;0;41;0;304;0;0;0;0;0;15;0;0;0;50;0;84
033;Diepholz – Nienburg I;NI;Brief;0;46160;392;45768;16100;14476;2020;4096;1171;6942;0;0;0;0;0;0;0;0;0;0;0;0;0;0;0;0;0;0;0;0;602;0;0;0;0;0;0;0;0;0;0;0;0;0;0;0;0;0;361;213;45947;12006;15132;2227;5443;1177;7581;0;432;363;603;42;143;45;41;0;0;0;8;0;0;6;0;0;37;0;27;0;457;0;0;0;0;0;15;0;0;0;88;0;74
034;Osterholz – Verden;NI;Brief;0;50885;473;50412;17154;16460;0;4117;2057;8275;0;1376;0;0;0;0;0;0;0;0;0;0;0;0;0;0;0;0;0;0;973;0;0;0;0;0;0;0;0;0;0;0;0;0;0;0;0;0;0;235;50650;12460;17068;2334;4947;1723;9342;0;590;344;726;24;125;46;43;0;0;0;9;0;0;10;0;0;37;0;38;0;531;0;0;0;0;0;27;0;0;0;102;0;124
035;Rotenburg I – Heidekreis;NI;Brief;0;40198;234;39964;10294;19840;1920;2189;869;3876;0;976;0;0;0;0;0;0;0;0;0;0;0;0;0;0;0;0;0;0;0;0;0;0;0;0;0;0;0;0;0;0;0;0;0;0;0;0;0;201;39997;9912;14365;2132;3740;1040;6522;0;573;299;587;59;103;49;45;0;0;0;3;0;0;6;0;0;27;0;27;0;326;0;0;0;0;0;17;0;0;0;51;0;114
036;Harburg;NI;Brief;0;57543;329;57214;17156;17731;2748;5039;1428;9227;0;1526;0;1368;0;0;0;0;0;0;0;0;0;0;0;0;0;0;0;0;847;0;0;0;0;0;144;0;0;0;0;0;0;0;0;0;0;0;0;213;57330;14593;16740;2907;7243;1575;10451;0;1063;374;901;46;190;49;44;0;0;0;8;0;0;11;0;0;38;0;39;0;753;0;0;0;0;0;75;0;0;0;114;0;116
037;Lüchow-Dannenberg – Lüneburg;NI;Brief;0;50860;375;50485;12622;13244;2091;3404;1977;14867;0;607;668;0;0;0;0;0;0;0;0;0;0;0;0;0;0;0;0;0;932;0;0;0;0;0;52;0;0;0;0;0;0;0;0;0;0;0;21;202;50658;10772;14617;2256;4635;2356;12840;0;470;496;666;58;136;54;51;0;0;0;7;0;0;42;0;0;49;0;42;0;869;0;0;0;0;0;25;0;0;0;62;0;155
038;Osnabrück-Land;NI;Brief;0;46633;266;46367;17797;13247;1674;3797;1031;7852;0;391;0;0;0;0;0;0;0;0;0;0;0;0;0;0;0;0;0;0;578;0;0;0;0;0;0;0;0;0;0;0;0;0;0;0;0;0;0;233;46400;14112;14824;1826;4887;1106;7696;0;259;299;525;27;100;35;36;0;0;0;4;0;0;14;0;0;20;0;24;0;461;0;0;0;0;0;6;0;0;0;73;0;66
039;Stadt Osnabrück;NI;Brief;0;58143;370;57773;17596;16511;1471;3884;2608;15031;0;0;0;0;0;0;0;0;0;0;0;0;0;0;66;0;0;0;0;0;606;0;0;0;0;0;0;0;0;0;0;0;0;0;0;0;0;0;0;176;57967;14054;16718;1581;5652;2207;15326;0;236;468;533;17;149;51;43;0;0;0;8;0;0;13;0;0;62;0;39;0;443;0;0;0;0;0;13;0;0;0;116;0;238
040;Nienburg II – Schaumburg;NI;Brief;0;46641;288;46353;14543;16667;2574;2775;851;6874;0;579;0;987;0;0;0;0;0;0;0;0;0;0;0;0;0;0;0;0;396;0;0;0;0;0;0;0;0;0;0;0;0;0;0;0;0;0;107;217;46424;11584;16635;2816;4443;1097;7408;0;472;320;735;43;141;24;41;0;0;0;5;0;0;6;0;0;37;0;30;0;399;0;0;0;0;0;17;0;0;0;87;0;84
041;Stadt Hannover I;NI;Brief;0;51317;330;50987;11469;16598;1819;3881;1652;13149;0;363;647;614;0;299;67;0;0;0;0;54;0;0;0;0;0;0;0;0;375;0;0;0;0;0;0;0;0;0;0;0;0;0;0;0;0;0;0;248;51069;9621;14972;1903;5516;2110;14245;0;304;467;521;22;267;46;57;0;0;0;22;0;0;27;0;0;76;0;27;0;338;0;0;0;0;0;3;0;0;0;193;0;332
042;Stadt Hannover II;NI;Brief;0;58506;312;58194;11264;18306;1560;4015;2723;17188;0;366;972;779;0;363;0;0;0;0;0;61;0;0;0;0;0;132;0;0;465;0;0;0;0;0;0;0;0;0;0;0;0;0;0;0;0;0;0;217;58289;9573;15517;1664;5781;3302;19152;0;282;663;595;23;287;63;99;0;0;0;28;0;0;37;0;0;88;0;54;0;416;0;0;0;0;0;13;0;0;0;201;0;451
043;Hannover-Land I;NI;Brief;0;63598;391;63207;21588;20852;3285;4266;1263;9238;0;0;525;1192;0;371;0;0;0;0;0;0;0;0;0;0;0;0;0;0;521;0;0;0;0;0;71;0;0;0;0;0;0;0;0;0;0;0;35;374;63224;17421;20201;3348;7035;1475;10619;0;419;447;987;39;239;38;51;0;0;0;12;0;0;11;0;0;51;0;39;0;487;0;0;0;0;0;34;0;0;0;165;0;106
044;Celle – Uelzen;NI;Brief;0;53805;396;53409;17738;17501;3395;4340;1314;7874;0;1213;0;0;0;0;0;0;0;0;0;0;0;0;0;0;0;0;0;0;0;0;0;0;0;0;0;0;0;0;0;0;0;0;0;0;0;0;34;282;53523;14319;16740;3307;5921;1472;8834;0;643;480;753;46;180;51;65;0;0;0;4;0;0;12;0;0;23;0;33;0;462;0;0;0;0;0;10;0;0;0;64;0;104
045;Gifhorn – Peine;NI;Brief;0;53418;239;53179;13121;24246;3186;3194;1096;5985;0;744;0;977;0;0;0;0;0;0;0;0;0;0;0;0;0;0;0;0;539;0;0;0;0;0;55;0;0;0;0;0;0;0;0;0;0;0;36;258;53160;12381;19772;3355;5035;1292;8282;0;593;405;811;40;186;65;51;0;0;0;8;0;0;16;0;0;38;0;56;0;495;0;0;0;0;0;34;0;0;0;101;0;144
046;Hameln-Pyrmont – Holzminden;NI;Brief;0;47307;367;46940;12734;20671;2739;2912;1251;5324;0;743;0;0;0;0;0;0;0;0;0;0;0;0;0;0;0;0;0;0;566;0;0;0;0;0;0;0;0;0;0;0;0;0;0;0;0;0;0;303;47004;11241;17483;2891;4665;1243;7039;0;457;279;757;34;145;27;45;0;0;0;4;0;0;6;0;0;35;0;31;0;419;0;0;0;0;0;15;0;0;0;118;0;70
047;Hannover-Land II;NI;Brief;0;66622;498;66124;17981;27440;3288;3934;1251;8930;0;803;572;1000;0;388;0;0;0;0;0;0;0;0;0;0;0;0;0;0;518;0;0;0;0;0;0;0;0;0;0;0;0;0;0;0;0;0;19;448;66174;16033;23502;3489;6422;1546;11715;0;671;480;915;49;295;45;58;0;0;0;15;0;0;13;0;0;59;0;34;0;526;0;0;0;0;0;13;0;0;0;134;0;160
048;Hildesheim;NI;Brief;0;55266;377;54889;15044;20588;2522;3783;1822;9302;0;492;0;0;0;496;110;0;0;0;0;0;0;0;0;0;0;0;0;0;638;0;0;0;0;0;0;0;0;0;0;0;0;0;0;0;0;0;92;318;54948;13457;18698;2711;5075;1676;10548;0;370;431;744;41;266;58;68;0;0;0;12;0;0;13;0;0;34;0;52;0;498;0;0;0;0;0;11;0;0;0;81;0;104
049;Salzgitter – Wolfenbüttel;NI;Brief;0;47387;412;46975;13894;18014;2878;2852;1836;5907;0;565;0;0;0;358;0;0;0;0;0;0;0;0;0;0;0;0;0;0;500;0;0;0;0;0;0;0;0;0;0;0;0;0;0;0;0;0;171;262;47125;11827;17177;2923;4286;1319;6980;0;474;364;746;56;174;27;41;0;0;0;4;0;0;5;0;0;30;0;40;0;422;0;0;0;0;0;13;0;0;0;133;0;84
050;Braunschweig;NI;Brief;0;59233;287;58946;14001;21247;2007;3923;2023;13261;0;489;0;0;0;0;156;322;0;0;0;37;0;0;0;0;0;0;0;0;539;0;0;0;0;0;33;0;0;0;0;0;0;0;0;0;0;0;908;206;59027;11510;17374;2095;5990;2528;15942;0;365;709;654;31;297;75;125;0;0;0;21;0;0;17;0;0;88;0;45;0;477;0;0;0;0;0;21;0;0;0;170;0;493
051;Helmstedt – Wolfsburg;NI;Brief;0;44472;371;44101;11998;19180;2753;3224;1140;4495;0;734;0;0;0;0;220;0;0;0;0;0;0;0;0;0;0;0;0;0;0;0;0;0;0;0;0;0;0;0;0;0;0;0;0;0;0;0;357;238;44234;11177;15947;2745;4352;1112;6288;0;432;381;673;52;158;84;39;0;0;0;6;0;0;22;0;0;29;0;45;0;437;0;0;0;0;0;14;0;0;0;99;0;142
052;Goslar – Northeim – Osterode;NI;Brief;0;50531;394;50137;17717;18195;2658;2890;1232;6050;0;805;0;0;0;0;0;0;0;0;0;0;0;0;0;0;0;0;0;0;570;0;0;0;0;0;0;0;0;0;0;0;0;0;0;0;0;0;20;285;50246;12821;18900;2842;4822;1444;6815;0;500;365;733;51;140;37;46;0;0;0;11;0;0;6;0;0;35;0;34;0;468;0;0;0;0;0;11;0;0;0;65;0;100
053;Göttingen;NI;Brief;0;60770;608;60162;16872;18048;0;5439;2824;15662;0;0;0;0;0;0;0;0;0;0;0;71;0;0;87;0;0;0;0;0;917;0;0;0;0;0;242;0;0;0;0;0;0;0;0;0;0;0;0;295;60475;13648;18698;2364;5971;2917;13857;0;502;515;669;55;163;55;58;0;0;0;17;0;0;23;0;0;47;0;54;0;506;0;0;0;0;0;34;0;0;0;109;0;213
054;Bremen I;HB;Brief;0;93469;442;93027;21483;27787;2695;6774;7108;21624;0;939;1316;1219;0;0;189;0;0;0;0;70;0;0;0;0;0;245;0;0;891;0;0;0;0;0;0;0;0;0;687;0;0;0;0;0;0;0;0;282;93187;17613;26969;3006;9184;7447;24033;0;782;905;1041;45;0;124;127;0;0;0;38;0;79;0;0;0;155;0;0;0;803;0;0;0;0;0;0;0;0;0;389;0;447
055;Bremen II – Bremerhaven;HB;Brief;0;58897;479;58418;12978;21516;3207;3061;4349;9822;0;739;983;0;0;396;208;283;0;0;0;44;0;0;0;0;0;203;0;0;629;0;0;0;0;0;0;0;0;0;0;0;0;0;0;0;0;0;0;283;58614;10700;20906;3311;4787;3729;11356;0;602;720;973;68;0;92;120;0;0;0;25;0;69;0;0;0;98;0;0;0;497;0;0;0;0;0;0;0;0;0;336;0;225
056;Prignitz – Ostprignitz-Ruppin – Havelland I;BB;Brief;0;36125;275;35850;7367;12429;4748;2194;3696;2152;0;1449;715;0;0;190;0;0;0;0;0;0;0;0;0;0;0;0;0;0;513;0;0;0;0;0;0;0;0;0;0;0;0;0;0;0;0;0;397;212;35913;5974;13173;4539;2771;3162;3062;0;932;368;793;97;154;30;0;0;0;0;33;0;0;36;0;0;39;0;0;0;448;0;0;0;0;0;0;0;0;0;63;164;75
057;Uckermark – Barnim I;BB;Brief;0;43425;397;43028;8077;13260;5550;3957;4864;3158;0;1426;718;0;0;255;166;0;0;0;0;0;0;0;0;0;0;0;0;0;692;0;0;0;0;0;0;0;0;0;0;0;0;0;0;0;0;0;905;357;43068;6723;14599;5575;3635;4503;3806;0;1135;482;1015;117;145;100;0;0;0;0;34;0;0;75;0;0;57;0;0;0;601;0;0;0;0;0;0;0;0;0;120;262;84
058;Oberhavel – Havelland II;BB;Brief;0;74541;724;73817;16271;20184;7546;6795;6408;8849;0;3586;1720;0;0;906;450;0;0;0;0;0;0;0;0;0;0;0;0;0;1102;0;0;0;0;0;0;0;0;0;0;0;0;0;0;0;0;0;0;539;74002;13421;22834;7643;7817;4964;9543;0;2150;902;2244;127;415;180;0;0;0;0;36;0;0;59;0;0;92;0;0;0;834;0;0;0;0;0;0;0;0;0;196;330;215
059;Märkisch-Oderland – Barnim II;BB;Brief;0;65362;663;64699;15558;17021;7606;4619;9588;5189;0;0;1599;0;0;0;316;0;0;0;0;0;0;0;263;0;0;0;0;0;1231;0;0;0;0;0;0;0;0;0;0;0;0;0;0;0;0;0;1709;552;64810;9956;20076;7752;5516;7588;6038;0;2487;876;1906;130;244;153;0;0;0;0;36;0;0;171;0;0;84;0;0;0;943;0;0;0;0;0;0;0;0;0;180;464;210
060;Brandenburg an der Havel – Potsdam-Mittelmark I – Havelland III – Teltow-Fläming I;BB;Brief;0;47026;449;46577;9694;15628;5034;2875;4502;3700;0;2150;830;0;0;284;139;0;0;0;0;0;0;0;0;0;0;0;0;0;632;0;0;0;0;0;0;0;0;436;0;0;0;0;0;0;0;0;673;356;46670;7251;16669;4991;3895;4174;4830;0;1368;523;1154;94;185;91;0;0;0;0;33;0;0;71;0;0;60;0;0;0;612;0;0;0;0;0;0;0;0;0;126;403;140
061;Potsdam – Potsdam-Mittelmark II – Teltow-Fläming II;BB;Brief;0;79683;535;79148;11404;27739;4547;7053;6275;16109;0;1615;1365;0;0;0;360;0;0;0;0;0;0;0;179;0;0;200;0;0;1025;0;0;0;0;0;0;0;0;0;473;0;0;0;0;0;0;0;804;453;79230;11588;21898;5083;8478;8343;16611;0;1422;1089;1844;69;254;258;0;0;0;0;28;0;0;133;0;0;179;0;0;0;1026;0;0;0;0;0;0;0;0;0;192;281;454
062;Dahme-Spreewald – Teltow-Fläming III – Oberspreewald-Lausitz I;BB;Brief;0;67417;579;66838;14177;18249;7526;5161;6922;5861;0;3236;0;2515;0;449;178;0;0;0;0;0;0;0;175;0;0;0;0;0;932;0;0;0;0;0;0;0;0;0;0;0;0;0;806;0;0;0;651;502;66915;11597;20510;7750;6749;5786;6832;0;2254;726;2129;145;329;139;0;0;0;0;39;0;0;119;0;0;89;0;0;0;877;0;0;0;0;0;0;0;0;0;226;427;192
063;Frankfurt (Oder) – Oder-Spree;BB;Brief;0;45727;394;45333;7755;13516;6556;3152;5998;3605;0;1840;1057;0;0;0;304;0;0;0;0;125;0;0;0;0;0;0;0;0;881;0;0;0;0;0;0;0;0;0;0;0;0;0;0;0;0;0;544;348;45379;6559;15082;5976;4080;4927;3896;0;1338;603;1112;108;143;130;0;0;0;0;60;0;0;72;0;0;53;0;0;0;701;0;0;0;0;0;0;0;0;0;120;282;137
064;Cottbus – Spree-Neiße;BB;Brief;0;46721;501;46220;8595;13509;7572;4640;5185;2358;0;1408;1278;0;0;0;0;0;0;0;0;0;0;0;222;0;0;0;0;0;935;0;0;0;0;0;0;0;0;518;0;0;0;0;0;0;0;0;0;428;46293;6764;15002;7135;5339;4153;3292;0;1166;625;915;97;136;50;0;0;0;0;29;0;0;113;0;0;51;0;0;0;707;0;0;0;0;0;0;0;0;0;145;427;147
065;Elbe-Elster – Oberspreewald-Lausitz II;BB;Brief;0;34182;400;33782;5910;9448;5313;3407;3567;1577;0;1628;628;0;0;0;0;0;0;0;0;0;0;0;0;0;0;0;0;0;570;0;0;0;0;0;0;0;0;1645;0;0;0;0;0;0;0;0;89;307;33875;5478;10999;5507;3350;2776;1837;0;1162;359;727;134;117;41;0;0;0;0;28;0;0;20;0;0;26;0;0;0;430;0;0;0;0;0;0;0;0;0;51;787;46
066;Altmark;ST;Brief;0;29475;218;29257;6431;9036;3751;2565;3363;1718;0;1632;0;0;0;0;0;0;0;0;0;0;0;0;0;0;0;0;0;0;445;0;0;0;0;0;0;0;0;0;0;0;0;0;0;0;0;0;316;154;29321;6227;8910;3675;2716;3119;2155;0;995;173;284;46;72;26;0;0;0;241;24;0;0;0;0;0;23;120;28;0;442;0;0;0;0;0;0;0;0;0;0;0;45
067;Börde – Jerichower Land;ST;Brief;0;45849;366;45483;11824;13584;5807;3877;4247;2623;0;1173;0;707;0;0;0;0;0;0;1004;0;0;0;0;0;0;0;0;0;637;0;0;0;0;0;0;0;0;0;0;0;0;0;0;0;0;0;0;236;45613;10696;13634;5735;4420;4260;3035;0;975;320;595;72;119;34;0;0;0;650;41;0;0;0;0;0;41;251;79;0;585;0;0;0;0;0;0;0;0;0;0;0;71
068;Harz;ST;Brief;0;46422;367;46055;13710;12958;4926;3363;5558;2734;0;1791;0;0;0;0;0;0;0;0;0;0;0;0;0;0;0;0;0;0;914;0;0;0;0;0;0;0;0;0;0;0;0;0;0;0;0;0;101;248;46174;10862;14231;5004;4287;4778;3287;0;1051;289;511;73;116;21;0;0;0;529;43;0;0;0;0;0;43;251;50;0;684;0;0;0;0;0;0;0;0;0;0;0;64
069;Magdeburg;ST;Brief;0;68110;455;67655;15445;18101;6125;5572;6821;7929;0;1102;864;0;0;0;169;0;0;0;2101;106;0;0;0;0;0;0;974;0;710;0;0;0;0;0;0;0;0;0;0;0;0;0;0;0;0;0;1636;340;67770;12811;19267;6115;6761;7583;8860;0;938;720;612;117;282;105;0;0;0;1466;86;0;0;0;0;0;133;826;119;0;658;0;0;0;0;0;0;0;0;0;0;0;311
070;Dessau – Wittenberg;ST;Brief;0;39471;346;39125;14729;7808;4764;2686;3235;3690;0;1204;0;0;0;0;0;0;0;0;0;0;0;0;0;0;0;0;0;0;642;0;0;0;0;0;0;0;0;0;0;0;0;0;0;0;0;0;367;255;39216;9726;11263;4729;3742;3669;3018;0;942;275;388;61;132;21;0;0;0;364;37;0;0;0;0;0;43;209;50;0;489;0;0;0;0;0;0;0;0;0;0;0;58
071;Anhalt;ST;Brief;0;42307;426;41881;10411;9727;6302;3410;7474;1877;0;1681;0;0;0;0;0;0;0;0;0;0;0;0;0;0;0;0;0;0;530;0;0;0;0;0;0;0;0;0;0;0;0;0;0;0;0;0;469;306;42001;9686;11603;5834;4113;5034;2256;0;1034;266;560;78;96;28;0;0;0;500;35;0;0;0;0;0;36;285;64;0;443;0;0;0;0;0;0;0;0;0;0;0;50
072;Halle;ST;Brief;0;58562;441;58121;11847;18658;5302;4732;8455;6053;0;1318;883;0;0;0;0;0;0;0;0;174;0;0;0;0;0;0;0;0;699;0;0;0;0;0;0;0;0;0;0;0;0;0;0;0;0;0;0;341;58221;10336;14762;5143;6165;7395;9842;0;1018;587;603;62;219;87;0;0;0;611;76;0;0;0;0;0;104;303;95;0;643;0;0;0;0;0;0;0;0;0;0;0;170
073;Burgenland – Saalekreis;ST;Brief;0;42627;412;42215;12656;10578;6884;4122;4936;1748;0;0;0;0;0;0;0;0;0;0;0;0;0;0;0;0;0;0;0;0;1291;0;0;0;0;0;0;0;0;0;0;0;0;0;0;0;0;0;0;241;42386;10129;11229;6669;4616;4184;2194;0;548;327;482;101;125;26;0;0;0;458;45;0;0;0;0;0;44;308;75;0;764;0;0;0;0;0;0;0;0;0;0;0;62
074;Mansfeld;ST;Brief;0;42245;411;41834;11512;10917;6919;3837;4933;1517;0;1434;0;0;0;0;0;0;0;0;0;0;0;0;0;0;0;0;0;0;765;0;0;0;0;0;0;0;0;0;0;0;0;0;0;0;0;0;0;292;41953;9902;11590;6490;4411;4308;2013;0;821;281;503;79;94;21;0;0;0;426;41;0;0;0;0;0;39;237;53;0;590;0;0;0;0;0;0;0;0;0;0;0;54
075;Berlin-Mitte;BE;Brief;0;64895;506;64389;9763;13379;2532;3831;8654;21452;0;0;1300;1209;0;358;99;0;0;0;0;80;0;0;0;0;0;182;0;0;669;0;0;0;0;0;45;0;0;0;741;0;0;0;0;0;0;0;95;408;64487;8319;12945;2540;5434;8616;21635;0;287;1030;1079;27;231;102;62;0;0;0;31;94;0;85;435;16;132;0;125;17;0;0;0;0;0;0;35;0;0;0;579;0;631
076;Berlin-Pankow;BE;Brief;0;64572;472;64100;12840;10097;6446;2068;9172;17799;0;622;1599;2027;0;435;181;0;0;0;0;0;214;0;0;0;0;0;0;0;0;0;0;0;0;0;144;0;0;0;456;0;0;0;0;0;0;0;0;373;64199;12352;9839;6610;2475;9077;17287;0;551;1408;1876;24;292;135;52;0;0;0;26;138;0;158;706;21;119;0;155;21;0;0;0;0;0;0;111;0;0;0;222;0;544
077;Berlin-Reinickendorf;BE;Brief;0;51434;691;50743;16716;12128;4210;3678;2034;7269;0;1068;659;1535;0;0;134;0;0;0;0;0;0;0;0;948;0;0;0;0;364;0;0;0;0;0;0;0;0;0;0;0;0;0;0;0;0;0;0;578;50856;15022;11892;4216;4713;2051;8189;0;749;561;1450;39;138;72;34;0;0;0;13;116;0;29;882;7;72;0;60;10;0;0;0;0;0;0;31;0;0;0;299;0;211
078;Berlin-Spandau – Charlottenburg Nord;BE;Brief;0;53091;886;52205;13616;17946;3615;4378;2511;6383;0;0;914;1896;0;0;139;0;0;0;0;33;0;0;0;0;0;0;0;0;501;0;0;0;99;0;75;0;0;0;0;0;0;0;0;0;0;0;99;813;52278;12716;15063;3742;5179;2418;8029;0;425;750;1721;37;170;108;47;0;0;0;17;167;0;19;774;19;85;0;76;7;0;0;0;0;0;0;50;0;0;0;415;0;244
079;Berlin-Steglitz-Zehlendorf;BE;Brief;0;89922;785;89137;28124;21554;3633;7661;3438;19643;0;686;915;1880;0;314;208;0;0;0;0;0;203;0;0;0;0;0;0;0;795;0;0;0;0;0;83;0;0;0;0;0;0;0;0;0;0;0;0;738;89184;23130;21703;3888;11081;3833;20044;0;613;768;1609;27;236;154;66;0;0;0;7;177;0;26;651;26;112;0;88;7;0;0;0;0;0;0;53;0;0;0;347;0;538
080;Berlin-Charlottenburg-Wilmersdorf;BE;Brief;0;66898;454;66444;17987;17204;2677;5177;3235;16764;0;530;716;1170;0;206;94;0;0;0;0;0;0;0;0;0;0;120;0;0;459;0;0;0;0;0;43;0;0;0;0;0;0;0;0;0;0;0;62;422;66476;15990;14676;2990;7138;3845;18013;0;388;627;1034;12;172;83;33;0;0;0;6;52;0;37;367;18;108;0;69;10;0;0;0;0;0;0;32;0;0;0;292;0;484
081;Berlin-Tempelhof-Schöneberg;BE;Brief;0;86405;841;85564;20875;22657;3603;5656;4435;22931;0;741;1072;1991;0;402;229;0;0;0;0;0;0;143;0;0;0;0;0;0;756;0;0;0;0;0;73;0;0;0;0;0;0;0;0;0;0;0;0;826;85579;17580;21076;3989;7863;5869;22844;0;622;910;1778;31;275;168;70;0;0;0;18;158;0;63;725;27;96;0;124;16;0;0;0;0;0;0;53;0;0;0;636;0;588
082;Berlin-Neukölln;BE;Brief;0;62237;744;61493;12829;15462;3521;3758;7650;13650;0;0;1149;1838;0;0;0;0;0;0;0;62;0;0;0;0;0;0;0;0;456;0;0;0;0;0;53;0;623;0;0;0;0;152;0;0;0;0;290;606;61631;11408;14565;3506;4331;6955;15638;0;351;883;1435;37;195;101;42;0;0;0;37;139;0;58;580;31;85;0;143;15;0;0;0;0;0;0;51;0;0;0;711;0;334
083;Berlin-Friedrichshain-Kreuzberg – Prenzlauer Berg Ost;BE;Brief;0;71560;404;71156;6224;10874;2360;3387;11779;29270;0;0;3907;1348;0;397;125;0;0;0;0;67;0;0;0;0;0;239;0;202;612;0;0;0;0;0;0;0;0;0;0;0;105;0;0;0;0;0;260;352;71208;5926;11928;2465;3962;12427;28699;0;273;1711;1232;19;311;100;74;0;0;0;39;88;0;101;378;15;174;0;182;13;0;0;0;0;0;0;23;0;0;0;436;0;632
084;Berlin-Treptow-Köpenick;BE;Brief;0;71645;590;71055;10036;10990;5544;3869;27601;7767;0;1147;1038;1928;0;0;260;0;0;0;0;71;0;0;0;0;0;0;0;0;624;0;0;0;0;0;180;0;0;0;0;0;0;0;0;0;0;0;0;628;71017;9749;17743;6088;5531;12111;12430;0;982;1265;1948;108;237;160;79;0;0;0;37;261;0;132;1053;36;158;0;112;12;0;0;0;0;0;0;118;0;0;0;297;0;370
085;Berlin-Marzahn-Hellersdorf;BE;Brief;0;58613;877;57736;19031;8261;5940;2306;14263;3849;0;0;1057;2258;0;0;0;0;0;0;0;76;0;0;0;0;0;0;0;0;598;0;0;0;0;0;97;0;0;0;0;0;0;0;0;0;0;0;0;894;57719;10472;14324;6707;4040;10323;5409;0;535;877;2059;115;209;63;54;0;0;0;45;338;0;165;1141;36;116;0;87;22;0;0;0;0;0;0;91;0;0;0;228;0;263
086;Berlin-Lichtenberg;BE;Brief;0;62978;641;62337;7881;12265;5029;3575;17690;9489;0;1099;1717;2591;0;0;143;0;0;0;0;86;0;0;0;0;0;0;0;0;677;0;0;0;0;0;95;0;0;0;0;0;0;0;0;0;0;0;0;572;62406;7541;15114;5218;4182;12284;10789;0;803;1256;2033;103;283;113;59;0;0;0;51;342;0;182;1009;39;145;0;98;21;0;0;0;0;0;0;60;0;0;0;247;0;434
087;Aachen I;NW;Brief;0;73588;410;73178;19191;16800;1647;5870;2734;23966;0;454;1544;0;0;0;0;0;0;0;0;0;0;0;0;0;0;0;0;0;617;0;0;0;0;0;0;0;0;0;0;0;0;0;0;0;0;0;355;206;73382;16818;15841;1689;8334;3316;23417;0;289;814;553;13;251;101;68;0;0;0;11;39;0;12;0;0;133;0;37;4;520;22;0;0;0;35;10;14;35;0;222;0;784
088;Aachen II;NW;Brief;0;79836;615;79221;26867;27999;3904;5323;1829;10134;0;1164;1268;0;0;0;0;0;0;0;0;0;0;0;0;0;0;0;0;0;733;0;0;0;0;0;0;0;0;0;0;0;0;0;0;0;0;0;0;462;79374;24322;25917;3814;8367;2257;10190;0;584;736;1175;69;246;90;54;0;0;0;9;98;0;10;0;0;48;0;37;4;621;18;0;0;0;106;9;25;115;0;221;0;232
089;Heinsberg;NW;Brief;0;60885;474;60411;25315;15390;2920;4299;1291;7164;0;1115;2291;0;0;0;0;0;0;0;0;0;0;0;0;0;0;0;0;0;626;0;0;0;0;0;0;0;0;0;0;0;0;0;0;0;0;0;0;379;60506;20358;16679;3073;6812;1766;7787;0;697;848;983;53;173;40;59;0;0;0;8;93;0;2;0;0;30;0;39;5;561;26;0;0;0;77;14;19;75;0;94;0;135
090;Düren;NW;Brief;0;75800;628;75172;28917;23418;4316;5566;1484;7591;0;1197;1078;0;0;575;0;0;0;0;0;0;0;0;0;0;0;0;0;0;699;0;0;0;0;0;0;0;0;331;0;0;0;0;0;0;0;0;0;523;75277;23756;22601;4405;8587;2115;9045;0;715;645;1240;60;357;39;51;0;0;0;6;132;0;16;0;0;43;0;57;5;621;61;0;0;0;111;16;28;113;0;200;0;252
091;Rhein-Erft-Kreis I;NW;Brief;0;98636;763;97873;33927;29562;5078;8605;2724;13762;0;1227;0;0;0;1464;0;0;0;0;0;0;0;0;0;0;0;0;0;0;1030;0;0;0;0;494;0;0;0;0;0;0;0;0;0;0;0;0;0;488;98148;29212;28394;4919;12243;2620;14666;0;819;673;1459;59;612;52;65;0;0;0;8;128;0;19;0;0;65;0;49;5;761;27;0;0;0;253;29;27;115;0;508;0;361
092;Euskirchen – Rhein-Erft-Kreis II;NW;Brief;0;96108;770;95338;34234;25888;5252;9783;2295;13473;0;1464;1255;0;0;550;0;0;0;0;0;0;0;0;0;0;0;0;0;0;1144;0;0;0;0;0;0;0;0;0;0;0;0;0;0;0;0;0;0;506;95602;29935;26699;5110;11578;2711;13823;0;890;791;1400;69;353;67;78;0;0;0;8;156;0;10;0;0;63;0;45;7;936;42;0;0;0;113;24;35;147;0;239;0;273
093;Köln I;NW;Brief;0;79043;444;78599;18631;21380;3811;6384;3586;20019;0;649;1560;0;0;0;0;0;0;0;0;91;0;0;0;0;0;0;0;0;711;0;0;0;0;0;0;0;0;0;1585;0;0;0;0;0;0;0;192;296;78747;16433;21037;3517;8446;4100;19928;0;454;885;1005;41;284;52;63;0;0;0;25;84;0;29;0;0;75;0;65;7;599;36;0;0;0;80;20;37;63;0;568;0;814
094;Köln II;NW;Brief;0;125103;495;124608;33183;24264;2583;10214;4756;42927;0;859;1993;0;0;0;0;0;0;0;0;54;0;0;50;0;0;0;0;0;939;0;0;0;0;0;0;0;0;0;2786;0;0;0;0;0;0;0;0;271;124832;27130;26265;2681;16387;5621;40216;0;526;1139;1030;29;349;89;115;0;0;0;14;76;0;18;0;0;99;0;68;8;826;52;0;0;0;68;23;41;70;0;420;0;1472
095;Köln III;NW;Brief;0;87883;425;87458;16737;26063;3368;5898;4349;26234;0;646;1747;0;0;0;0;0;0;0;0;55;0;0;0;0;0;0;0;0;812;0;0;0;0;0;0;0;0;0;1374;0;0;0;0;0;0;0;175;294;87589;16189;23063;3244;7726;4989;26829;0;404;988;1054;29;261;73;74;0;0;0;30;85;0;29;0;0;69;0;79;4;694;22;0;0;0;78;18;26;72;0;622;0;838
096;Bonn;NW;Brief;0;97000;476;96524;24621;23146;2632;12737;2742;26004;0;625;1316;0;0;0;0;0;0;0;0;60;0;0;0;0;0;0;0;0;813;0;0;0;0;0;105;0;0;0;1723;0;0;0;0;0;0;0;0;312;96688;22996;21409;2711;11721;4512;28236;0;493;787;766;17;267;93;78;0;0;0;26;58;0;13;0;0;94;0;34;4;681;48;0;0;0;54;43;25;46;0;401;0;1075
097;Rhein-Sieg-Kreis I;NW;Brief;0;92024;630;91394;31431;26492;4265;7552;2689;13596;0;1093;1874;0;0;0;0;0;0;0;0;0;0;0;0;0;0;0;0;0;1381;0;0;0;0;0;0;0;0;0;594;427;0;0;0;0;0;0;0;421;91603;26288;25292;4464;11161;2813;15285;0;785;1002;1466;77;346;83;72;0;0;0;5;126;0;8;0;0;74;0;46;8;1131;75;0;0;0;106;20;31;94;0;286;0;459
098;Rhein-Sieg-Kreis II;NW;Brief;0;90377;549;89828;38232;20956;3554;6457;1942;14325;0;987;1257;0;0;0;0;0;0;0;0;0;0;0;0;0;0;0;0;0;1005;0;0;0;0;0;107;0;0;0;671;335;0;0;0;0;0;0;0;420;89957;27524;22213;3666;12038;2529;16605;0;740;728;1148;50;265;77;68;0;0;0;8;108;0;6;0;0;66;0;39;6;898;75;0;0;0;99;45;36;100;0;326;0;494
099;Oberbergischer Kreis;NW;Brief;0;66346;434;65912;23851;18050;3739;6240;1667;9074;0;1098;1102;0;0;0;0;0;0;0;0;0;0;0;0;0;0;0;0;0;1091;0;0;0;0;0;0;0;0;0;0;0;0;0;0;0;0;0;0;319;66027;19332;18665;3809;8168;1976;9487;0;675;625;988;50;224;78;46;0;0;0;9;94;0;3;0;0;30;0;33;7;924;244;0;0;0;67;11;45;96;0;159;0;182
100;Rheinisch-Bergischer Kreis;NW;Brief;0;94396;529;93867;29685;21151;3687;15047;2239;17861;0;2225;0;0;0;0;0;0;0;0;0;0;0;0;0;0;0;0;0;0;1107;0;0;0;0;0;0;0;0;0;865;0;0;0;0;0;0;0;0;365;94031;26785;24479;3846;12857;2469;17867;0;1028;692;1153;49;276;57;63;0;0;0;15;95;0;11;0;0;51;0;46;2;979;62;0;0;0;98;16;24;100;0;239;0;672
101;Leverkusen – Köln IV;NW;Brief;0;76089;477;75612;15605;36410;3717;5026;2403;9044;0;824;1325;0;0;0;0;0;0;0;0;93;0;0;0;0;0;0;0;0;910;0;0;0;0;0;0;0;0;0;0;0;0;0;0;0;0;0;255;362;75727;17192;22827;3782;7618;3261;15716;0;497;1028;1034;44;292;63;80;0;0;0;33;122;0;14;0;0;68;0;54;13;687;49;0;0;0;86;14;27;85;0;506;0;535
102;Wuppertal I;NW;Brief;0;59796;459;59337;14184;22307;3155;5774;2374;8578;0;720;1030;0;0;0;0;0;0;0;0;67;0;0;0;0;0;0;0;0;667;0;0;0;0;0;0;0;0;0;481;0;0;0;0;0;0;0;0;370;59426;13408;17727;3170;6790;2815;11611;0;442;666;854;48;197;30;57;0;0;0;26;64;0;17;0;0;32;0;41;2;572;44;0;0;0;53;11;17;66;0;359;0;307
103;Solingen – Remscheid – Wuppertal II;NW;Brief;0;72193;531;71662;21362;23619;3616;7547;1786;9919;0;795;1493;0;0;0;0;0;0;0;0;72;0;0;0;0;0;0;0;0;791;0;0;0;0;0;0;0;0;0;0;0;0;0;0;0;0;0;662;398;71795;18458;21940;3647;9178;2342;11668;0;506;886;1096;56;232;50;69;0;0;0;23;95;0;9;0;0;63;0;27;4;691;43;0;0;0;81;12;32;96;0;292;0;199
104;Mettmann I;NW;Brief;0;80265;594;79671;25406;19177;3714;6899;1779;20149;0;949;0;0;0;0;0;0;0;0;0;0;0;0;0;0;0;0;0;0;720;0;0;0;0;0;0;0;0;0;0;0;0;0;0;0;0;0;878;371;79894;23306;22088;3659;10476;2195;13610;0;618;648;1086;48;277;57;71;0;0;0;3;96;0;6;0;0;32;0;42;3;641;47;0;0;0;85;19;35;113;0;352;0;281
105;Mettmann II;NW;Brief;0;58822;396;58426;19658;18167;2830;5068;1503;8822;0;655;950;0;0;0;0;0;0;0;0;37;0;0;0;0;0;0;0;0;494;119;0;0;0;0;28;0;0;0;0;0;0;0;0;0;0;0;95;254;58568;16907;16916;2924;7774;1711;9028;0;410;567;769;50;227;37;35;0;0;0;14;93;0;7;0;0;35;0;26;6;455;77;0;0;0;55;16;20;87;0;192;0;130
106;Düsseldorf I;NW;Brief;0;94294;510;93784;31167;19427;2549;13692;2192;20869;0;600;1295;0;0;0;0;0;0;0;0;33;0;0;0;0;0;0;0;0;681;0;0;0;0;0;38;0;0;0;941;0;0;0;0;0;0;0;300;275;94019;25759;19976;2790;15608;3054;22293;0;468;778;871;29;243;59;82;0;0;0;16;78;0;26;0;0;79;0;54;4;567;15;0;0;0;61;22;27;96;0;334;0;630
107;Düsseldorf II;NW;Brief;0;70472;408;70064;18437;19607;2565;7040;2206;16639;0;728;1554;0;0;0;0;0;0;0;0;71;0;0;0;0;0;0;0;0;532;0;0;0;0;0;0;0;0;0;685;0;0;0;0;0;0;0;0;235;70237;16591;17509;2652;8960;2952;17303;0;474;771;880;29;204;43;82;0;0;0;23;76;0;32;0;0;77;0;39;6;451;16;0;0;0;55;13;29;65;0;400;0;505
108;Neuss I;NW;Brief;0;82797;626;82171;31461;26423;3437;6256;1782;9968;0;0;1805;0;0;0;0;0;0;0;0;0;0;0;0;0;0;0;0;0;968;0;0;0;0;0;0;0;0;0;0;0;0;0;0;0;0;0;71;410;82387;26148;22861;3653;10605;2192;11980;0;462;887;1219;59;292;57;85;0;0;0;15;137;0;15;0;0;56;0;43;13;708;35;0;0;0;92;18;25;113;0;359;0;258
109;Mönchengladbach;NW;Brief;0;54753;598;54155;20915;15735;2598;4339;0;8025;0;628;1208;0;0;0;0;0;0;0;0;0;0;0;109;0;0;0;0;0;598;0;0;0;0;0;0;0;0;0;0;0;0;0;0;0;0;0;0;424;54329;16470;14838;2542;6740;1848;8653;0;386;585;841;65;150;44;62;0;0;0;6;63;0;21;0;0;49;0;36;3;433;9;0;0;0;55;10;23;63;0;197;0;137
110;Krefeld I – Neuss II;NW;Brief;0;73477;546;72931;25851;17790;2988;8981;1780;12346;0;1095;1339;0;0;0;0;0;0;0;0;75;0;0;0;0;0;0;0;0;686;0;0;0;0;0;0;0;0;0;0;0;0;0;0;0;0;0;0;370;73107;22815;18831;3067;10615;1902;11790;0;541;725;948;39;243;57;61;0;0;0;12;88;0;18;0;0;43;0;36;5;559;44;0;0;0;85;20;17;87;0;261;0;198
111;Viersen;NW;Brief;0;83578;632;82946;31040;23054;3230;6678;2479;12699;0;1197;1718;0;0;0;0;0;0;0;0;0;0;0;0;0;0;0;0;0;851;0;0;0;0;0;0;0;0;0;0;0;0;0;0;0;0;0;0;408;83170;26174;22604;3211;10682;2254;13371;0;703;963;1200;36;283;85;73;0;0;0;13;95;0;8;0;0;64;0;52;4;704;42;0;0;0;84;14;31;96;0;154;0;170
112;Kleve;NW;Brief;0;81981;644;81337;31684;23110;3027;6726;1704;12338;0;1952;0;0;0;0;0;0;0;0;0;0;0;0;0;0;0;0;0;0;796;0;0;0;0;0;0;0;0;0;0;0;0;0;0;0;0;0;0;472;81509;26871;23557;3006;9282;2025;12272;0;831;602;1128;66;253;50;63;0;0;0;7;131;0;9;0;0;59;0;51;4;659;27;0;0;0;102;14;32;97;0;121;0;190
113;Wesel I;NW;Brief;0;73988;473;73515;23310;25027;3312;6519;1849;10211;0;691;1739;0;0;0;0;0;0;0;0;60;0;0;0;0;0;0;0;0;797;0;0;0;0;0;0;0;0;0;0;0;0;0;0;0;0;0;0;301;73687;20522;25298;3284;7883;2149;10472;0;468;849;1117;39;211;54;43;0;0;0;21;98;0;7;0;0;35;0;46;8;564;39;0;0;0;98;18;24;89;0;164;0;87
114;Krefeld II – Wesel II;NW;Brief;0;59656;465;59191;18273;20426;2708;5009;1600;8654;0;596;1241;0;0;0;0;0;0;0;0;58;0;0;0;0;0;0;0;0;626;0;0;0;0;0;0;0;0;0;0;0;0;0;0;0;0;0;0;297;59359;15897;18831;2727;6944;1889;9722;0;407;597;795;43;189;38;54;0;0;0;30;70;0;11;0;0;40;0;42;2;504;26;0;0;0;85;17;17;70;0;211;0;101
115;Duisburg I;NW;Brief;0;56292;515;55777;12260;23183;4048;3825;2036;8580;0;755;0;0;0;0;0;0;0;0;0;222;0;0;0;0;0;0;0;0;520;0;0;0;0;0;0;0;0;0;0;0;0;0;0;0;0;0;348;354;55938;11642;20415;3305;5158;2216;9312;0;432;725;1023;53;226;43;68;0;0;0;60;76;0;23;0;0;50;0;39;6;373;24;0;0;0;54;12;16;75;0;382;0;130
116;Duisburg II;NW;Brief;0;40432;454;39978;8410;16333;4085;2838;1715;5144;0;595;0;0;0;0;0;0;0;0;0;128;0;0;0;0;0;0;0;0;289;0;0;0;0;0;0;0;0;286;0;0;0;0;0;0;0;0;155;340;40092;7856;15855;3401;3301;1644;5018;0;318;452;899;83;144;23;48;0;0;0;55;69;0;12;0;0;29;0;39;4;219;30;0;0;0;57;13;13;68;0;367;0;75
117;Oberhausen – Wesel III;NW;Brief;0;68128;506;67622;16060;27066;4261;4494;2004;8994;0;691;3237;0;0;0;0;256;0;0;0;51;0;0;0;0;0;0;0;0;508;0;0;0;0;0;0;0;0;0;0;0;0;0;0;0;0;0;0;379;67749;15267;26383;4072;6249;2380;9306;0;436;1015;1066;60;198;48;77;0;0;0;18;98;0;14;0;0;28;0;35;7;363;29;0;0;0;86;10;18;92;0;253;0;141
118;Mülheim – Essen I;NW;Brief;0;61544;490;61054;15570;22725;3354;5031;1282;9372;0;492;1199;0;0;0;0;0;0;0;0;66;0;0;56;0;0;0;0;0;534;0;0;0;0;0;0;0;0;0;0;0;0;0;0;0;0;0;1373;290;61254;15516;21215;3123;6686;1732;9657;0;312;661;859;40;203;36;52;0;0;0;28;86;0;26;0;0;42;0;29;14;387;39;0;0;0;58;20;11;68;0;212;0;142
119;Essen II;NW;Brief;0;42367;374;41993;10291;16468;3417;2633;1441;5743;0;537;954;0;0;0;0;0;0;0;0;67;0;0;96;0;0;0;0;0;346;0;0;0;0;0;0;0;0;0;0;0;0;0;0;0;0;0;0;302;42065;9139;15177;3210;3805;1604;6343;0;289;509;729;29;139;25;37;0;0;0;40;61;0;53;0;0;51;0;25;10;240;22;0;0;0;63;12;16;68;0;257;0;112
120;Essen III;NW;Brief;0;73222;379;72843;23809;22119;2760;4996;1930;14242;0;933;1244;0;0;0;0;0;0;0;0;37;0;0;100;0;0;0;0;0;595;0;0;0;0;0;78;0;0;0;0;0;0;0;0;0;0;0;0;278;72944;19011;21075;2818;8725;2457;15041;0;470;732;918;29;170;41;58;0;0;0;16;71;0;56;0;0;65;0;32;9;529;27;0;0;0;55;32;14;62;0;185;0;246
121;Recklinghausen I;NW;Brief;0;60370;424;59946;16578;25378;3796;3929;1530;6815;0;0;1226;0;0;0;0;0;0;0;0;51;0;0;51;0;0;0;0;0;592;0;0;0;0;0;0;0;0;0;0;0;0;0;0;0;0;0;0;281;60089;15003;22115;3692;5811;1922;8136;0;267;712;946;67;206;30;41;0;0;0;29;93;0;19;0;0;29;0;34;8;374;22;0;0;0;66;22;21;91;0;213;0;120
122;Recklinghausen II;NW;Brief;0;66806;581;66225;20481;25167;4146;5149;1660;7890;0;0;1551;0;0;0;0;0;0;0;0;92;0;0;89;0;0;0;0;0;0;0;0;0;0;0;0;0;0;0;0;0;0;0;0;0;0;0;0;360;66446;17804;24599;4010;6434;1823;8291;0;289;660;1047;68;224;34;50;0;0;0;25;120;0;19;0;0;25;0;31;5;389;39;0;0;0;68;21;19;59;0;196;0;97
123;Gelsenkirchen;NW;Brief;0;45765;386;45379;9989;18906;4513;3613;1233;5305;0;459;678;0;0;0;0;0;0;0;0;119;0;0;0;0;0;0;0;0;356;0;0;0;0;0;0;0;0;0;0;0;0;0;0;0;0;0;208;312;45453;10209;17953;3955;3862;1430;5112;0;323;468;934;47;118;26;24;0;0;0;60;87;0;15;0;0;22;0;19;4;237;21;0;0;0;69;6;6;61;0;301;0;84
124;Steinfurt I – Borken I;NW;Brief;0;67448;378;67070;28494;18681;2136;6059;1352;8690;0;721;937;0;0;0;0;0;0;0;0;0;0;0;0;0;0;0;0;0;0;0;0;0;0;0;0;0;0;0;0;0;0;0;0;0;0;0;0;238;67210;23932;19608;2110;7422;1688;9490;0;454;545;620;40;190;30;30;0;0;0;2;66;0;7;0;0;39;0;30;3;385;30;0;0;0;54;8;18;73;0;142;0;194
125;Bottrop – Recklinghausen III;NW;Brief;0;64257;421;63836;18461;25821;3868;4688;1441;7262;0;0;1345;0;0;0;0;0;0;0;0;36;0;0;256;0;0;0;0;0;531;0;0;0;0;0;127;0;0;0;0;0;0;0;0;0;0;0;0;304;63953;17152;23551;3820;6147;1789;7876;0;285;692;1035;45;205;86;47;0;0;0;20;80;0;115;0;0;28;0;45;5;367;14;0;0;0;78;47;23;75;0;222;0;104
126;Borken II;NW;Brief;0;67943;384;67559;30579;16768;2339;5174;1564;9244;0;811;1080;0;0;0;0;0;0;0;0;0;0;0;0;0;0;0;0;0;0;0;0;0;0;0;0;0;0;0;0;0;0;0;0;0;0;0;0;222;67721;25489;18059;2255;7701;1513;9776;0;504;514;613;22;161;45;52;0;0;0;6;60;0;12;0;0;28;0;37;3;441;30;0;0;0;64;13;17;66;0;107;0;133
127;Coesfeld – Steinfurt II;NW;Brief;0;79899;389;79510;33877;19613;2426;5790;1959;13991;0;1044;0;0;0;0;0;0;0;0;0;0;0;0;0;0;0;0;0;0;810;0;0;0;0;0;0;0;0;0;0;0;0;0;0;0;0;0;0;255;79644;28557;21386;2424;8681;1859;13158;0;550;594;784;50;260;49;44;0;0;0;6;96;0;11;0;0;35;0;25;1;558;25;0;0;0;58;14;20;96;0;88;0;215
128;Steinfurt III;NW;Brief;0;58503;334;58169;21305;17056;1883;4018;1609;10411;0;388;707;0;0;0;0;0;0;0;0;0;0;0;0;0;0;0;0;0;457;0;0;0;0;0;0;0;0;0;0;0;0;0;0;0;0;0;335;255;58248;17038;18931;2039;5920;1588;10148;0;337;507;540;24;152;31;45;0;0;0;9;61;0;7;0;0;27;0;17;4;440;27;0;0;0;45;10;16;51;0;103;0;131
129;Münster;NW;Brief;0;104730;319;104411;28406;24691;1743;6839;3376;34818;0;560;1061;0;0;0;503;0;0;0;0;0;0;0;86;0;0;0;0;0;677;0;0;0;0;0;0;0;0;0;1507;0;0;0;0;0;0;0;144;210;104520;24452;24000;1862;11176;4570;33737;0;400;805;676;19;238;189;96;0;0;0;5;63;0;34;0;0;111;0;58;6;614;20;0;0;0;59;14;28;41;0;236;0;1011
130;Warendorf;NW;Brief;0;77420;427;76993;29400;23835;3018;5721;1673;10724;0;0;1210;0;0;0;265;0;0;0;0;0;0;0;0;0;0;0;0;0;689;0;0;0;0;0;0;0;0;0;0;0;0;0;0;0;0;0;458;322;77098;25509;22803;3146;8388;1921;11600;0;472;700;777;52;209;97;53;0;0;0;4;97;0;18;0;0;37;0;36;4;556;46;0;0;0;88;14;26;79;0;173;0;193
131;Gütersloh I;NW;Brief;0;87638;451;87187;36766;22365;3935;6082;1824;12481;0;1124;1471;0;0;0;0;0;0;0;0;0;0;0;0;0;0;0;0;0;948;0;0;0;0;0;0;0;0;0;0;0;0;0;0;0;0;0;191;382;87256;26208;23870;4084;10408;2306;15483;0;799;829;947;52;299;71;62;0;0;0;6;120;0;15;0;0;47;0;46;2;844;101;0;0;0;119;14;26;96;0;206;0;196
132;Bielefeld – Gütersloh II;NW;Brief;0;95781;458;95323;22485;28594;4118;8982;4508;22984;0;0;1878;0;0;0;0;0;0;0;0;79;0;0;0;0;0;0;0;0;1102;0;0;0;0;0;0;0;0;0;593;0;0;0;0;0;0;0;0;323;95458;20351;26302;4117;10864;5281;23118;0;347;1086;947;43;334;101;77;0;0;0;33;123;0;26;0;0;82;0;56;12;906;147;0;0;0;79;14;33;123;0;446;0;410
133;Herford – Minden-Lübbecke II;NW;Brief;0;86015;508;85507;24398;32299;5377;6491;2272;9927;0;1149;1655;0;0;0;0;0;0;0;0;0;0;0;0;0;0;0;0;0;998;0;0;0;0;0;0;0;0;0;0;0;0;0;0;0;0;0;941;395;85620;21303;28264;5503;10092;2693;12376;0;744;1006;1201;54;258;33;72;0;0;0;17;88;0;11;0;0;45;0;46;6;925;234;0;0;0;102;19;30;113;0;243;0;142
134;Minden-Lübbecke I;NW;Brief;0;70892;402;70490;18540;28573;3947;5758;1735;8396;0;1053;1192;0;0;0;0;0;0;0;0;0;0;0;0;0;0;0;0;0;824;472;0;0;0;0;0;0;0;0;0;0;0;0;0;0;0;0;0;334;70558;16732;24246;4071;8212;2185;10468;0;675;761;937;45;237;52;48;0;0;0;9;96;0;9;0;0;52;0;58;7;798;383;0;0;0;78;19;28;106;0;148;0;98
135;Lippe I;NW;Brief;0;81053;579;80474;21269;25599;4802;7830;2179;14966;0;1150;1394;0;0;0;0;0;0;0;0;0;0;0;0;0;0;0;0;0;1163;0;0;0;0;0;122;0;0;0;0;0;0;0;0;0;0;0;0;410;80643;18677;26708;4961;9662;2825;12468;0;662;805;1110;58;278;65;61;0;0;0;4;102;0;10;0;0;71;0;45;5;938;545;0;0;0;106;34;26;87;0;192;0;138
136;Höxter – Gütersloh III – Lippe II;NW;Brief;0;55901;439;55462;22014;16154;3236;3699;1397;6373;0;771;1057;0;0;0;0;0;0;0;0;0;0;0;0;0;0;0;0;0;761;0;0;0;0;0;0;0;0;0;0;0;0;0;0;0;0;0;0;319;55582;17599;15969;3304;6464;1600;7172;0;516;593;682;29;214;81;36;0;0;0;6;98;0;1;0;0;41;0;28;1;651;137;0;0;0;81;10;16;78;0;107;0;68
137;Paderborn;NW;Brief;0;88429;428;88001;43774;16425;3714;4352;2716;13446;0;809;1760;0;0;0;0;0;0;0;0;0;0;0;0;0;0;0;0;0;1005;0;0;0;0;0;0;0;0;0;0;0;0;0;0;0;0;0;0;396;88033;29036;20230;4257;10921;2824;15797;0;614;915;982;54;287;75;64;0;0;0;11;108;0;8;0;0;79;0;50;11;899;138;0;0;0;90;23;30;100;0;201;0;229
138;Hagen – Ennepe-Ruhr-Kreis I;NW;Brief;0;65353;603;64750;18533;21322;4451;6190;1790;9124;0;1115;1191;0;0;0;0;0;0;0;0;68;0;0;0;0;0;0;0;0;510;0;0;0;0;0;0;0;0;0;0;0;0;0;0;0;0;0;456;294;65059;16608;22528;4163;7292;1989;8460;0;537;652;1069;50;194;37;52;0;0;0;17;97;0;19;0;0;39;0;28;5;429;82;0;0;0;82;16;27;90;0;396;0;101
139;Ennepe-Ruhr-Kreis II;NW;Brief;0;69425;492;68933;17661;25313;3394;5478;1628;11910;0;788;1284;0;0;681;0;0;0;0;0;73;0;0;0;0;0;0;0;0;723;0;0;0;0;0;0;0;0;0;0;0;0;0;0;0;0;0;0;363;69062;15711;24517;3280;7144;2375;11919;0;435;769;1002;57;352;69;45;0;0;0;47;92;0;18;0;0;39;0;36;7;580;64;0;0;0;70;10;15;79;0;184;0;146
140;Bochum I;NW;Brief;0;81519;1180;80339;18304;31171;0;6515;4399;15926;0;0;2095;0;0;0;0;0;0;0;0;232;0;0;0;0;0;220;0;0;1477;0;0;0;0;0;0;0;0;0;0;0;0;0;0;0;0;0;0;335;81184;16774;27879;3643;7519;3802;17299;0;316;934;1019;88;214;68;63;0;0;0;34;101;0;29;0;0;74;0;49;6;499;51;0;0;0;74;21;19;81;0;271;0;257
141;Herne – Bochum II;NW;Brief;0;53549;525;53024;11202;23824;3500;3557;1770;6798;0;697;1161;0;0;0;0;0;0;0;0;88;0;0;0;0;0;0;0;0;427;0;0;0;0;0;0;0;0;0;0;0;0;0;0;0;0;0;0;398;53151;10595;21497;3520;4738;1991;7370;0;380;643;970;60;201;40;63;0;0;0;32;80;0;13;0;0;39;0;40;4;302;28;0;0;0;74;19;22;53;0;263;0;114
142;Dortmund I;NW;Brief;0;79363;360;79003;16331;25954;3635;4903;2741;14774;0;495;6954;1711;0;0;0;0;0;0;0;67;0;0;70;0;0;0;0;0;452;0;0;0;0;0;0;0;0;0;403;0;0;0;0;0;0;0;513;308;79055;14946;26230;3608;7333;3414;17941;0;400;1678;1324;98;316;59;61;0;0;0;34;89;0;42;0;0;60;0;53;6;463;29;0;0;0;83;24;17;68;0;341;0;338
143;Dortmund II;NW;Brief;0;69510;377;69133;14770;27658;3882;4593;2422;11360;0;683;1574;1855;0;0;0;0;0;0;0;60;0;0;38;0;0;0;0;0;0;0;0;0;0;0;0;0;0;0;238;0;0;0;0;0;0;0;0;275;69235;14109;25896;3677;6597;2708;11549;0;437;1121;1373;70;298;42;37;0;0;0;21;101;0;26;0;0;39;0;51;12;397;24;0;0;0;56;18;17;85;0;312;0;162
144;Unna I;NW;Brief;0;65444;409;65035;17408;27137;3290;3531;1791;10011;0;968;0;0;0;0;0;0;0;0;0;61;0;0;0;0;0;0;0;0;474;0;0;0;0;0;0;0;0;0;0;0;0;0;0;0;0;0;364;321;65123;14992;24865;3138;6605;2060;9724;0;539;666;1089;46;209;29;46;0;0;0;26;88;0;8;0;0;38;0;37;4;370;36;0;0;0;70;5;23;89;0;180;0;141
145;Hamm – Unna II;NW;Brief;0;74662;560;74102;21136;30725;4339;5002;2439;8587;0;1257;0;0;0;0;0;0;0;0;0;0;0;0;0;0;0;0;0;0;617;0;0;0;0;0;0;0;0;0;0;0;0;0;0;0;0;0;0;371;74291;19337;26999;4294;7539;2207;9639;0;580;656;1214;71;246;45;43;0;0;0;9;123;0;14;0;0;53;0;42;3;411;45;0;0;0;91;14;30;90;0;332;0;164
146;Soest;NW;Brief;0;87091;555;86536;30265;27555;4233;8322;2498;11524;0;1055;0;0;0;0;0;0;0;0;0;0;0;0;0;0;0;0;0;0;1084;0;0;0;0;0;0;0;0;0;0;0;0;0;0;0;0;0;0;365;86726;26553;26179;4280;10157;2489;12488;0;615;747;1080;69;278;54;50;0;0;0;3;134;0;16;0;0;44;0;48;9;801;51;0;0;0;104;22;30;104;0;166;0;155
147;Hochsauerlandkreis;NW;Brief;0;80242;423;79819;33278;26110;3457;5265;1217;7103;0;1286;1377;0;0;0;0;0;0;0;0;0;0;0;0;0;0;0;0;0;726;0;0;0;0;0;0;0;0;0;0;0;0;0;0;0;0;0;0;401;79841;27135;23749;4116;9697;1988;8542;0;856;937;1027;62;204;56;58;0;0;0;9;114;0;6;0;0;28;0;32;4;658;35;0;0;0;100;19;20;77;0;149;0;163
148;Siegen-Wittgenstein;NW;Brief;0;79277;518;78759;28139;24392;4955;6210;2202;8710;0;1109;1555;0;0;0;0;0;0;0;0;0;0;0;0;0;0;0;0;0;993;0;0;0;0;0;0;0;0;0;468;0;0;0;0;0;0;0;26;385;78892;21717;26162;5080;9015;2651;8975;0;743;894;1069;56;217;153;60;0;0;0;10;97;0;25;0;0;61;0;32;4;855;258;0;0;0;78;13;32;82;0;218;0;335
149;Olpe – Märkischer Kreis I;NW;Brief;0;81549;539;81010;31732;24768;4821;8001;1697;7645;0;1295;0;0;0;0;0;0;0;0;0;0;0;0;121;0;0;0;0;0;930;0;0;0;0;0;0;0;0;0;0;0;0;0;0;0;0;0;0;366;81183;28189;23307;4768;9988;1936;8555;0;717;586;967;73;211;135;50;0;0;0;12;114;0;27;0;0;31;0;42;4;774;153;0;0;0;95;10;17;84;0;191;0;147
150;Märkischer Kreis II;NW;Brief;0;70365;417;69948;25594;21631;4102;5856;1994;6764;0;1099;0;2266;0;0;0;0;0;0;0;0;0;0;0;0;0;0;0;0;642;0;0;0;0;0;0;0;0;0;0;0;0;0;0;0;0;0;0;296;70069;21560;21756;4184;8281;2099;7814;0;639;569;1437;70;213;29;51;0;0;0;21;125;0;12;0;0;48;0;35;6;594;44;0;0;0;71;16;18;88;0;194;0;95
151;Nordsachsen;SN;Brief;0;33452;269;33183;8340;7372;6118;2914;3136;2149;0;1548;630;0;0;0;164;0;0;0;0;0;0;0;0;0;0;0;0;0;448;0;0;0;0;0;0;0;0;0;0;0;0;0;0;0;0;0;364;221;33231;7142;8174;6010;3611;2952;1979;0;1136;407;685;87;95;79;22;0;0;0;13;219;0;34;0;0;43;0;0;0;359;27;0;46;0;0;0;0;0;0;62;0;49
152;Leipzig I;SN;Brief;0;62620;531;62089;12985;13218;6145;5062;10875;8837;0;1351;1540;0;0;0;208;0;0;0;0;115;0;0;0;0;0;377;0;0;681;0;0;0;0;0;0;0;0;0;0;0;0;0;0;0;0;0;695;265;62355;9276;13827;6131;6622;8741;11704;0;1096;1092;1378;69;305;133;119;0;0;0;48;286;0;52;0;0;169;0;0;0;661;67;0;35;0;0;0;0;0;0;287;0;257
153;Leipzig II;SN;Brief;0;72776;618;72158;11548;12083;5126;5480;16810;16170;0;1124;1735;0;0;365;303;0;0;0;0;104;0;0;0;0;0;279;0;0;940;0;0;0;0;0;0;0;0;0;0;0;0;0;0;0;0;0;91;288;72488;9237;15536;5028;7086;11050;18253;0;900;1254;1295;69;326;180;179;0;0;0;72;211;0;66;0;0;186;0;0;0;844;61;0;44;0;0;0;0;0;0;267;0;344
154;Leipzig-Land;SN;Brief;0;46753;369;46384;12228;10690;7295;4900;4015;3170;0;1835;1002;0;0;0;159;0;0;0;0;0;0;0;0;0;0;0;0;0;810;0;0;0;0;0;0;0;0;0;0;0;0;0;0;0;0;0;280;288;46465;10364;11191;7261;5433;4207;3583;0;1275;523;905;87;136;100;51;0;0;0;30;273;0;48;0;0;46;0;0;0;561;51;0;65;0;0;0;0;0;0;154;0;121
155;Meißen;SN;Brief;0;49933;507;49426;12358;9329;9879;4930;4124;3443;0;2741;1150;0;0;0;409;0;0;0;0;0;0;0;0;0;0;0;0;0;925;0;0;0;0;0;138;0;0;0;0;0;0;0;0;0;0;0;0;365;49568;9924;10559;9418;6098;4433;3860;0;1654;628;853;144;195;174;49;0;0;0;35;266;0;29;0;0;61;0;0;0;797;78;0;59;0;0;0;0;0;0;134;0;120
156;Bautzen I;SN;Brief;0;40894;313;40581;12096;6496;8663;3422;4821;1503;0;1725;948;0;0;0;0;0;0;0;0;0;0;0;0;0;0;0;0;0;748;0;0;0;0;0;159;0;0;0;0;0;0;0;0;0;0;0;0;287;40607;8495;8528;8246;4700;4024;2277;0;1229;592;850;100;125;87;30;0;0;0;18;258;0;29;0;0;48;0;0;0;604;92;0;53;0;0;0;0;0;0;117;0;105
157;Görlitz;SN;Brief;0;42930;405;42525;12479;6691;9949;3624;4167;2568;0;1504;0;0;0;0;0;0;0;0;0;0;0;0;0;0;0;0;0;0;1281;0;0;0;0;0;172;0;0;0;0;0;0;0;0;0;0;0;90;315;42615;8862;8903;8964;4536;3866;2921;0;1193;391;952;107;136;59;49;0;0;0;43;360;0;33;0;0;54;0;0;0;721;168;0;60;0;0;0;0;0;0;123;0;114
158;Sächsische Schweiz-Osterzgebirge;SN;Brief;0;47211;396;46815;10026;6091;9501;4056;6005;3032;0;3332;0;0;0;0;352;0;0;0;0;0;0;0;0;0;0;0;0;0;874;0;0;0;0;0;0;0;0;0;0;0;0;0;0;0;0;0;3546;338;46873;9190;9211;9298;5774;4344;3485;0;1913;421;942;134;181;171;43;0;0;0;28;330;0;32;0;0;77;0;0;0;838;96;0;52;0;0;0;0;0;0;158;0;155
159;Dresden I;SN;Brief;0;83538;554;82984;18485;13173;9479;9091;16956;10189;0;0;1789;0;0;985;639;0;0;0;0;104;0;0;0;0;0;356;0;0;942;234;0;0;0;0;0;0;0;0;0;0;0;0;0;0;0;0;562;412;83126;13241;17340;8933;10615;9207;15612;0;1444;1251;1406;91;623;423;102;0;0;0;59;414;0;59;0;0;241;0;0;0;978;172;0;34;0;0;0;0;0;0;406;0;475
160;Dresden II – Bautzen II;SN;Brief;0;85030;549;84481;16228;14328;8910;9784;11076;15071;0;1498;2050;0;0;1310;588;0;0;0;0;150;631;0;0;0;86;0;0;0;1423;0;0;0;0;0;0;0;0;0;0;0;0;0;0;0;0;0;1348;414;84616;11928;15151;9246;10503;10595;18162;0;1573;1456;1486;103;741;353;128;0;0;0;76;512;0;81;0;0;214;0;0;0;1338;120;0;63;0;0;0;0;0;0;331;0;456
161;Mittelsachsen;SN;Brief;0;43719;416;43303;11763;9269;9664;4606;4307;2167;0;0;0;0;0;0;447;0;0;0;0;0;0;0;0;0;0;0;0;0;1080;0;0;0;0;0;0;0;0;0;0;0;0;0;0;0;0;0;0;320;43399;8388;9483;8612;5447;4245;2826;0;1043;414;873;120;160;189;45;0;0;0;28;269;0;36;0;0;79;0;0;0;722;100;0;60;0;0;0;0;0;0;121;0;139
162;Chemnitz;SN;Brief;0;56838;390;56448;11489;16768;7177;5663;7007;4811;0;0;1474;0;0;0;335;309;0;0;0;0;0;0;0;0;0;0;0;0;794;0;0;0;0;0;0;0;0;0;0;0;0;0;0;0;0;0;621;289;56549;9191;15682;7335;6193;7014;6223;0;851;831;1008;67;167;194;137;0;0;0;37;268;0;85;0;0;101;0;0;0;643;164;0;47;0;0;0;0;0;0;150;0;161
163;Chemnitzer Umland – Erzgebirgskreis II;SN;Brief;0;42105;360;41745;11227;8006;7973;3845;4041;2375;0;2451;811;0;0;0;376;0;0;0;0;0;0;0;0;0;0;0;0;0;640;0;0;0;0;0;0;0;0;0;0;0;0;0;0;0;0;0;0;247;41858;8608;9683;7469;4905;4027;2409;0;1662;497;817;118;110;154;51;0;0;0;21;207;0;38;0;0;57;0;0;0;548;256;0;53;0;0;0;0;0;0;107;0;61
164;Erzgebirgskreis I;SN;Brief;0;46873;411;46462;13574;8081;9763;3604;4622;1571;0;2789;752;0;0;0;0;196;0;0;0;0;0;0;0;0;0;0;0;0;622;626;0;0;0;0;0;0;0;0;0;0;0;0;0;0;0;0;262;343;46530;10356;9957;9568;4913;4339;2009;0;1792;513;916;172;100;83;65;0;0;0;24;220;0;48;0;0;44;0;0;0;545;596;0;53;0;0;0;0;0;0;121;0;96
165;Zwickau;SN;Brief;0;46047;395;45652;10628;8509;7463;4550;8362;2408;0;2298;0;0;0;0;163;0;0;0;0;0;0;0;0;0;0;0;0;0;1205;0;0;0;0;0;0;0;0;0;0;0;0;0;0;0;0;0;66;303;45744;9485;11009;7477;5102;4868;2809;0;1537;465;908;105;135;115;46;0;0;0;37;222;0;38;0;0;41;0;0;0;845;235;0;72;0;0;0;0;0;0;110;0;83
166;Vogtlandkreis;SN;Brief;0;44016;497;43519;13041;9734;8043;3846;4702;2621;0;0;0;0;0;0;414;0;0;0;0;0;0;0;0;0;0;0;0;0;632;0;0;126;0;0;253;0;0;0;0;0;0;0;0;0;0;0;107;310;43706;9128;11366;7499;4570;4510;2530;0;772;506;1018;73;100;154;36;0;0;0;36;247;0;30;0;0;44;0;0;0;551;272;0;102;0;0;0;0;0;0;98;0;64
167;Waldeck;HE;Brief;0;67173;854;66319;17936;26902;3869;5300;1857;7354;0;2044;0;0;0;0;0;0;0;0;0;0;0;0;0;0;0;0;0;0;619;0;0;0;0;0;0;0;0;0;0;0;0;0;0;0;0;0;438;705;66468;15447;25817;4027;6977;1980;7952;0;1497;392;947;62;206;40;42;0;0;0;23;110;0;18;0;0;36;0;0;0;562;56;0;0;24;0;20;0;0;0;112;0;121
168;Kassel;HE;Brief;0;81478;904;80574;17134;30214;3392;6196;4325;15267;0;1348;1382;0;0;0;0;0;0;0;0;98;0;0;0;0;0;0;0;0;713;165;0;0;0;0;0;0;0;0;0;0;0;0;0;0;0;0;340;754;80724;14859;27204;3696;8016;4898;17090;0;976;788;1126;52;263;91;94;0;0;0;58;114;0;47;0;0;76;0;0;0;650;116;0;0;22;0;17;0;0;0;218;0;253
169;Werra-Meißner – Hersfeld-Rotenburg;HE;Brief;0;63577;658;62919;17428;29243;4702;3144;1781;4277;0;1642;0;0;0;0;0;0;0;0;0;0;0;0;0;0;0;0;0;0;559;0;0;0;91;0;0;0;0;0;0;0;0;0;0;0;0;0;52;575;63002;13954;25289;4976;6074;2093;6430;0;1420;432;923;72;141;59;52;0;0;0;12;117;0;8;0;0;40;0;0;0;524;62;0;0;50;0;10;0;0;0;90;0;174
170;Schwalm-Eder;HE;Brief;0;68511;823;67688;16682;28412;4646;5488;1663;6735;0;2111;931;0;0;0;0;0;0;0;0;0;0;0;0;0;0;0;0;0;591;129;0;0;0;0;0;0;0;0;0;0;0;0;0;0;0;0;300;783;67728;15044;26156;4941;7006;2059;7683;0;1777;497;1030;92;225;75;33;0;0;0;4;133;0;14;0;0;48;0;0;0;560;103;0;0;29;0;20;0;0;0;75;0;124
171;Marburg;HE;Brief;0;64162;528;63634;16905;24216;3842;3840;2972;9913;0;937;0;0;0;0;0;0;0;0;0;0;0;0;0;0;0;0;0;0;833;0;0;0;0;0;0;0;0;0;0;0;0;0;0;0;0;0;176;393;63769;14282;19824;3813;6404;3698;11815;0;799;478;840;55;199;144;71;0;0;0;8;80;0;23;0;0;55;0;0;0;654;139;0;0;21;0;15;0;0;0;130;0;222
172;Lahn-Dill;HE;Brief;0;71910;1046;70864;22319;24945;4753;5124;2080;7215;0;2539;974;0;0;0;0;0;0;0;0;0;0;0;0;0;0;0;0;0;755;0;0;0;0;0;0;0;0;0;0;0;0;0;0;0;0;0;160;735;71175;18722;22488;5552;7855;2167;8947;0;1688;656;1022;139;181;111;70;0;0;0;7;123;0;42;0;0;51;0;0;0;660;262;0;0;25;0;20;0;0;0;183;0;204
173;Gießen;HE;Brief;0;78396;730;77666;24376;24138;4459;5413;2804;11838;0;2436;1350;0;0;0;0;0;0;0;0;0;0;0;107;0;0;0;0;0;745;0;0;0;0;0;0;0;0;0;0;0;0;0;0;0;0;0;0;617;77779;18493;22458;4658;7892;3552;14459;0;2043;777;1068;97;260;142;114;0;0;0;13;107;0;44;0;0;88;0;0;0;675;126;0;0;29;0;21;0;0;0;182;0;481
174;Fulda;HE;Brief;0;79198;694;78504;31473;17640;8776;6508;2265;7676;0;2502;0;0;0;0;0;0;0;0;0;0;0;0;0;0;0;0;0;0;1128;204;0;0;0;0;0;0;0;0;0;0;0;0;0;0;0;0;332;572;78626;25497;18484;7245;9979;2163;9207;0;1731;601;1059;72;186;114;101;0;0;0;11;119;0;12;0;0;61;0;0;0;1041;209;0;0;40;0;25;0;0;0;155;0;514
175;Main-Kinzig – Wetterau II – Schotten;HE;Brief;0;69958;942;69016;19729;22335;6593;7506;1923;7168;0;2765;0;0;0;0;0;0;0;0;0;0;0;0;0;0;0;0;0;0;997;0;0;0;0;0;0;0;0;0;0;0;0;0;0;0;0;0;0;735;69223;17465;20055;6358;8480;2103;8667;0;1990;593;1405;192;238;72;69;0;0;0;9;145;0;18;0;0;54;0;0;0;820;63;0;0;32;0;13;0;0;0;137;0;245
176;Hochtaunus;HE;Brief;0;78484;813;77671;25851;21241;4135;8510;1888;12412;0;1977;0;0;0;652;0;0;0;0;0;0;0;0;0;0;0;0;0;0;1005;0;0;0;0;0;0;0;0;0;0;0;0;0;0;0;0;0;0;584;77900;21660;19574;4298;12000;2263;12974;0;1330;512;1115;66;327;61;72;0;0;0;7;115;0;13;0;0;68;0;0;0;815;66;0;0;46;0;34;0;0;0;178;0;306
177;Wetterau I;HE;Brief;0;74959;996;73963;21908;22173;4477;7936;1884;11133;0;2494;0;0;0;879;0;0;0;0;0;0;0;0;0;0;0;0;0;0;1079;0;0;0;0;0;0;0;0;0;0;0;0;0;0;0;0;0;0;680;74279;18411;20185;4649;9981;2458;12648;0;1656;607;1275;159;364;80;96;0;0;0;10;120;0;12;0;0;70;0;0;0;832;72;0;0;29;0;24;0;0;0;208;0;333
178;Rheingau-Taunus – Limburg;HE;Brief;0;97277;1155;96122;30401;28000;5442;9865;2223;14553;0;3950;0;0;0;0;0;0;0;0;0;0;0;0;0;0;0;0;0;0;1185;182;0;0;0;0;0;0;0;0;0;0;0;0;0;0;0;0;321;755;96522;26771;25829;5938;13026;2723;14968;0;2234;718;1566;87;324;83;106;0;0;0;8;140;0;22;0;0;95;0;0;0;1049;110;0;0;27;0;27;0;0;0;195;0;476
179;Wiesbaden;HE;Brief;0;68800;617;68183;19334;16995;3102;7068;3043;14349;0;865;757;0;0;366;0;0;0;0;0;0;0;0;0;0;57;251;0;0;854;0;0;0;0;0;45;0;0;0;1097;0;0;0;0;0;0;0;0;480;68320;15524;16976;3266;9779;3190;15019;0;816;499;823;39;249;61;78;0;0;0;7;63;0;13;0;0;116;0;0;0;669;49;0;0;23;0;29;0;0;0;309;0;723
180;Hanau;HE;Brief;0;63477;876;62601;18627;19926;4640;5959;1819;8613;0;1728;0;0;0;0;0;0;0;0;0;0;0;0;0;0;0;0;0;0;745;0;0;0;0;0;0;0;0;0;0;0;0;0;0;0;0;0;544;663;62814;15077;18127;4546;8205;2199;9796;0;1255;479;1153;88;221;82;78;0;0;0;18;128;0;30;0;0;78;0;0;0;568;41;0;0;29;0;20;0;0;0;298;0;298
181;Main-Taunus;HE;Brief;0;86231;872;85359;30253;19296;4218;10706;1969;15112;0;2428;1377;0;0;0;0;0;0;0;0;0;0;0;0;0;0;0;0;0;0;0;0;0;0;0;0;0;0;0;0;0;0;0;0;0;0;0;0;617;85614;24733;19164;4172;14215;2202;15343;0;1538;627;1191;62;235;88;72;0;0;0;6;121;0;13;0;0;79;0;0;0;729;47;0;0;39;0;24;0;0;0;337;0;577
182;Frankfurt am Main I;HE;Brief;0;72219;577;71642;16548;19443;2767;8485;5936;14991;0;1100;0;0;0;0;0;0;0;0;0;58;0;0;0;0;0;0;0;0;688;0;0;0;0;0;0;0;0;0;1626;0;0;0;0;0;0;0;0;330;71889;13666;15048;2695;11397;4615;19345;0;619;661;822;62;311;70;113;0;0;0;25;87;0;46;0;0;89;0;0;0;553;43;0;0;14;0;13;0;0;0;562;0;1033
183;Frankfurt am Main II;HE;Brief;0;90878;774;90104;21229;19477;3009;10594;4902;28484;0;1374;0;0;0;0;0;0;0;0;0;80;0;0;0;0;0;0;0;0;955;0;0;0;0;0;0;0;0;0;0;0;0;0;0;0;0;0;0;433;90445;17190;19320;3064;13914;5587;25100;0;843;790;902;31;296;67;101;0;0;0;24;111;0;41;0;0;98;0;0;0;708;57;0;0;24;0;30;0;0;0;518;0;1629
184;Groß-Gerau;HE;Brief;0;65574;885;64689;19373;21792;4125;5006;2186;8203;0;2023;1198;0;0;0;0;0;0;0;0;44;0;0;0;0;0;0;0;0;739;0;0;0;0;0;0;0;0;0;0;0;0;0;0;0;0;0;0;681;64893;14690;20264;4277;7395;2300;10569;0;1474;664;1142;57;265;74;89;0;0;0;22;117;0;39;0;0;70;0;0;0;596;76;0;0;30;0;18;0;0;0;418;0;247
185;Offenbach;HE;Brief;0;76891;961;75930;23055;19169;4052;6908;3194;14208;0;2150;920;0;0;482;0;0;0;0;0;0;0;0;0;0;0;0;0;0;907;0;0;0;0;0;0;0;0;0;885;0;0;0;0;0;0;0;0;742;76149;18930;19065;4220;10034;3385;14580;0;1344;606;1080;55;377;72;113;0;0;0;9;126;0;23;0;0;85;0;0;0;785;54;0;0;25;0;20;0;0;0;530;0;631
186;Darmstadt;HE;Brief;0;103723;1279;102444;24479;28667;4013;8956;4450;26381;0;1859;1856;0;0;0;0;0;0;0;0;121;0;0;0;0;0;0;0;0;1251;0;0;0;0;0;0;0;0;0;0;0;0;0;0;0;0;0;411;805;102918;19971;28172;4474;11959;5122;25116;0;1247;994;1433;75;433;160;112;0;0;0;34;137;0;54;0;0;151;0;0;0;1059;179;0;0;40;0;21;0;0;0;387;0;1588
187;Odenwald;HE;Brief;0;100328;1508;98820;29519;33213;5685;8903;2859;12749;0;2989;0;0;0;0;0;0;0;0;0;0;0;0;0;0;0;0;0;0;1715;0;0;0;0;0;0;0;0;0;1021;0;0;0;0;0;0;0;167;1127;99201;25733;29057;6324;12101;3181;14693;0;2049;773;1842;80;372;118;115;0;0;0;19;164;0;68;0;0;68;0;0;0;1431;105;0;0;47;0;24;0;0;0;269;0;568
188;Bergstraße;HE;Brief;0;82938;924;82014;26989;22423;5562;8417;1904;12112;0;2569;0;0;0;0;0;0;0;0;0;0;0;0;0;0;0;0;0;0;1232;0;0;0;0;0;0;0;0;532;0;0;0;0;0;0;0;0;274;745;82193;21691;23100;5561;10757;2249;12367;0;1648;632;1654;94;283;86;93;0;0;0;8;156;0;19;0;0;78;0;0;0;1090;103;0;0;38;0;25;0;0;0;192;0;269
189;Eichsfeld – Nordhausen – Kyffhäuserkreis;TH;Brief;0;46429;380;46049;13122;11652;6640;2934;5870;2444;0;1306;995;0;0;0;348;0;0;0;0;134;0;0;0;0;0;0;0;0;604;0;0;0;0;0;0;0;0;0;0;0;0;0;0;0;0;0;0;304;46125;10844;13006;6598;3976;5360;2851;0;942;508;589;122;132;191;39;0;0;0;95;0;133;0;0;0;38;0;0;0;536;0;0;0;0;0;0;0;0;0;81;0;84
190;Eisenach – Wartburgkreis – Unstrut-Hainich-Kreis;TH;Brief;0;51887;525;51362;12616;14523;8090;2450;6889;2324;0;2273;844;0;0;0;231;0;0;0;0;157;0;0;0;0;0;0;0;0;919;0;0;0;0;0;46;0;0;0;0;0;0;0;0;0;0;0;0;412;51475;10079;15172;8027;4099;6286;3300;0;1540;540;697;138;160;118;48;0;0;0;99;0;126;0;0;0;48;0;0;0;766;0;0;0;0;0;0;0;0;0;88;0;144
191;Jena – Sömmerda – Weimarer Land I;TH;Brief;0;55704;518;55186;9866;12233;6072;3623;11281;7725;0;2064;1407;0;0;0;0;0;0;0;0;128;0;0;0;0;0;0;0;0;713;0;0;0;0;0;74;0;0;0;0;0;0;0;0;0;0;0;0;357;55347;8550;13698;6335;5012;8233;8689;0;1303;804;698;99;318;109;76;0;0;0;90;0;119;0;0;0;97;0;0;0;679;0;0;0;0;0;0;0;0;0;127;0;311
192;Gotha – Ilm-Kreis;TH;Brief;0;43422;397;43025;8794;11315;7466;2950;5651;2680;0;1927;817;0;0;0;0;0;0;0;0;157;0;0;0;0;0;0;0;0;684;0;0;0;0;0;0;0;0;0;0;0;0;0;0;351;0;233;0;328;43094;7325;11800;7254;3772;5533;3305;0;1353;525;635;99;214;57;42;0;0;0;81;0;122;0;0;0;59;0;0;0;643;0;0;0;0;0;0;0;0;0;120;0;155
193;Erfurt – Weimar – Weimarer Land II;TH;Brief;0;61778;562;61216;11216;15798;5989;4356;11059;9349;0;0;1770;0;0;0;0;0;0;0;0;240;0;0;0;0;0;0;0;0;1439;0;0;0;0;0;0;0;0;0;0;0;0;0;0;0;0;0;0;373;61405;9009;15894;5865;5684;9365;10316;0;840;955;935;65;388;152;100;0;0;0;140;0;175;0;0;0;81;0;0;0;946;0;0;0;0;0;0;0;0;0;187;0;308
194;Gera – Greiz – Altenburger Land;TH;Brief;0;48028;559;47469;10565;12807;9291;3923;6335;2327;0;0;0;0;0;0;0;0;0;0;0;266;0;0;0;0;0;0;0;0;773;0;0;0;0;0;0;0;0;0;0;0;0;0;0;0;0;0;1182;416;47612;8676;12563;9056;4506;6449;2669;0;748;470;794;107;172;47;49;0;0;0;134;0;192;0;0;0;42;0;0;0;691;0;0;0;0;0;0;0;0;0;139;0;108
195;Saalfeld-Rudolstadt – Saale-Holzland-Kreis – Saale-Orla-Kreis;TH;Brief;0;53758;563;53195;11840;11794;10859;4251;7640;2596;0;1858;1148;0;0;0;201;0;0;0;0;177;0;0;0;0;0;0;0;0;831;0;0;0;0;0;0;0;0;0;0;0;0;0;0;0;0;0;0;453;53305;9516;13477;10212;5071;7068;3027;0;1469;735;791;105;198;139;59;0;0;0;136;0;197;0;0;0;56;0;0;0;764;0;0;0;0;0;0;0;0;0;162;0;123
196;Suhl – Schmalkalden-Meiningen – Hildburghausen – Sonneberg;TH;Brief;0;53746;469;53277;10619;21483;7594;3601;5170;1498;0;1564;659;0;0;413;336;0;0;0;0;166;0;0;0;0;0;0;0;0;0;0;0;0;0;0;0;0;0;0;0;0;0;0;0;0;0;0;174;355;53391;9160;15627;9241;4463;7159;3038;0;1423;538;761;128;334;249;59;0;0;0;116;0;162;0;0;0;59;0;0;0;687;0;0;0;0;0;0;0;0;0;95;0;92
197;Neuwied;RP;Brief;0;110101;1041;109060;37713;33765;6428;9351;2650;10936;0;5131;1512;0;0;0;0;0;0;0;0;0;0;0;0;0;0;0;0;0;1055;0;0;0;0;0;0;0;0;379;0;0;0;0;0;0;0;0;140;596;109505;31815;34358;6765;12407;2834;12444;0;3787;945;1543;106;401;146;92;61;0;0;16;0;0;0;0;0;72;0;0;0;1053;0;0;0;0;0;50;0;0;0;278;0;332
198;Ahrweiler;RP;Brief;0;94166;1029;93137;34023;28621;4641;7276;1912;10382;0;4568;0;0;0;0;465;0;0;0;0;0;0;0;0;0;0;0;0;0;914;0;0;0;0;0;0;0;0;0;0;0;0;0;0;0;0;0;335;687;93479;28284;27779;4908;10741;2146;11896;0;3390;649;1327;68;363;239;93;71;0;0;9;0;0;0;0;0;72;0;0;0;782;0;0;0;0;0;43;0;0;0;271;0;348
199;Koblenz;RP;Brief;0;94090;1008;93082;31996;27867;4212;6859;2238;11881;0;4635;1394;0;0;0;424;0;0;0;0;0;0;0;0;0;0;0;0;0;821;0;0;0;0;0;0;0;0;0;447;0;0;0;0;0;0;0;308;599;93491;26305;28016;4547;10350;2643;13939;0;3320;791;1188;51;418;228;116;72;0;0;17;0;0;0;0;0;91;0;0;0;709;0;0;0;0;0;33;0;0;0;257;0;400
200;Mosel/Rhein-Hunsrück;RP;Brief;0;77687;1156;76531;27495;21041;4042;8849;0;7964;0;4595;0;0;0;0;621;0;0;0;0;0;0;0;0;0;0;0;0;0;1106;0;0;0;0;0;0;0;0;0;651;0;0;0;0;0;0;0;167;600;77087;23507;22772;4230;9435;2004;7585;0;3691;570;1148;57;270;240;86;58;0;0;9;0;0;0;0;0;43;0;0;0;798;0;0;0;0;0;26;0;0;0;128;0;430
201;Kreuznach;RP;Brief;0;78793;911;77882;23950;26553;5004;5227;2250;6214;0;4762;943;0;0;0;1214;0;0;0;0;0;0;0;0;0;0;0;0;0;936;0;0;0;0;0;141;0;0;0;458;0;0;0;0;0;0;0;230;596;78197;20350;26380;5195;8853;2279;8046;0;2870;611;1212;79;262;366;79;48;0;0;16;0;0;0;0;0;62;0;0;0;915;0;0;0;0;0;74;0;0;0;150;0;350
202;Bitburg;RP;Brief;0;71308;834;70474;27799;19481;3150;4834;1531;5282;0;6383;888;0;0;0;423;0;0;0;0;0;0;0;0;0;0;0;0;0;703;0;0;0;0;0;0;0;0;0;0;0;0;0;0;0;0;0;0;602;70706;22092;20217;3553;7691;1740;7037;0;5251;558;882;56;212;207;37;52;0;0;3;0;0;0;0;0;48;0;0;0;677;0;0;0;0;0;23;0;0;0;126;0;244
203;Trier;RP;Brief;0;88227;874;87353;25648;28605;3420;5789;2831;11975;0;4931;1226;0;0;0;431;0;0;0;0;0;0;0;170;0;0;0;0;0;772;0;0;0;0;0;0;0;0;405;591;0;0;0;0;0;0;0;559;652;87575;21881;26920;3759;9709;3066;14262;0;3492;861;1237;52;310;218;105;73;0;0;21;0;0;0;0;0;93;0;0;0;783;0;0;0;0;0;33;0;0;0;166;0;534
204;Montabaur;RP;Brief;0;99780;1132;98648;31817;32034;5959;8532;2476;9123;0;5565;1662;0;0;0;0;0;0;0;0;0;0;0;0;0;0;0;0;0;1233;0;0;0;0;0;0;0;0;0;0;0;0;0;0;0;0;0;247;659;99121;28242;31366;6183;11077;2513;10801;0;4131;881;1490;82;327;141;103;83;0;0;13;0;0;0;0;0;77;0;0;0;1013;0;0;0;0;0;44;0;0;0;246;0;308
205;Mainz;RP;Brief;0;131339;1365;129974;32526;31735;4838;8838;15917;25729;0;3250;1179;0;0;685;928;0;0;0;0;0;0;0;0;0;0;299;0;0;1033;0;0;0;0;0;0;0;0;0;1463;0;0;0;0;0;0;0;1554;665;130674;29280;35300;5002;14784;5633;31421;0;2474;971;1357;53;575;657;166;122;0;0;20;0;0;0;0;0;188;0;0;0;990;0;0;0;0;0;48;0;0;0;449;0;1184
206;Worms;RP;Brief;0;100309;1314;98995;34133;30588;6907;7482;2802;10099;0;3718;0;0;0;0;467;0;0;0;0;0;0;0;0;0;0;0;0;0;1545;0;0;0;0;0;0;0;0;0;837;0;0;0;0;0;0;0;417;879;99430;24059;31218;7393;11898;2773;13343;0;3237;701;1662;128;466;290;111;66;0;0;18;0;0;0;0;0;122;0;0;0;1099;0;0;0;0;0;50;0;0;0;255;0;541
207;Ludwigshafen/Frankenthal;RP;Brief;0;91131;1076;90055;24215;30474;7246;7815;2383;10968;0;4734;0;0;0;0;0;0;0;0;0;75;0;0;0;0;0;0;0;0;932;0;0;0;0;0;127;0;0;0;0;0;0;0;0;0;0;0;1086;741;90390;21537;28409;7414;10648;2407;11675;0;3184;722;1694;119;385;149;100;96;0;0;38;0;0;0;0;0;92;0;0;0;781;0;0;0;0;0;67;0;0;0;445;0;428
208;Neustadt – Speyer;RP;Brief;0;113212;1196;112016;36433;32470;7786;9112;2664;13985;0;6714;0;0;0;0;0;0;0;0;0;0;0;0;0;0;0;0;0;0;1407;0;0;0;0;0;0;0;0;0;837;0;0;0;0;0;0;0;608;753;112459;28933;32243;7950;14018;2880;16283;0;4575;721;1730;108;346;211;123;98;0;0;14;0;0;0;0;0;115;0;0;0;1207;0;0;0;0;0;42;0;0;0;257;0;605
209;Kaiserslautern;RP;Brief;0;96743;1097;95646;21317;34028;8021;6555;3709;9110;0;7773;1118;2066;0;0;0;0;0;0;0;0;0;0;0;0;0;0;0;0;987;0;0;0;0;0;96;0;0;0;495;0;0;0;0;0;0;0;371;724;96019;19885;33230;8265;9750;3443;10970;0;5122;855;1917;144;373;153;89;77;0;0;14;0;0;0;0;0;110;0;0;0;926;0;0;0;0;0;70;0;0;0;236;0;390
210;Pirmasens;RP;Brief;0;77075;1043;76032;24719;24070;6512;5583;1938;4971;0;3810;1055;2189;0;0;0;0;0;0;0;0;0;0;0;0;0;0;0;0;796;0;0;0;0;0;0;0;0;0;271;0;0;0;0;0;0;0;118;813;76262;21157;23455;6893;8475;2221;6219;0;3183;796;2054;135;259;91;74;57;0;0;11;0;0;0;0;0;49;0;0;0;733;0;0;0;0;0;35;0;0;0;117;0;248
211;Südpfalz;RP;Brief;0;110563;857;109706;33074;31603;7725;10795;3196;12986;0;4463;1131;2059;0;0;413;0;0;0;0;0;0;0;0;0;0;0;0;0;1221;0;0;0;0;0;0;0;0;0;537;0;0;0;0;0;0;0;503;805;109758;27051;31747;8334;13473;3317;15713;0;3907;883;2036;126;418;327;148;119;0;0;27;0;0;0;0;0;86;0;0;0;1219;0;0;0;0;0;50;0;0;0;287;0;490
212;Altötting;BY;Brief;0;79202;419;78783;0;8976;6694;5576;1787;6936;35500;8710;0;0;0;0;1642;0;0;954;0;0;0;0;0;0;0;0;0;0;2008;0;0;0;0;0;0;0;0;0;0;0;0;0;0;0;0;0;0;274;78928;0;11497;6422;8098;1524;7843;27519;10491;473;892;47;228;866;75;0;600;0;10;116;0;9;0;0;47;0;36;0;1632;37;0;29;0;0;15;0;0;0;168;135;119
213;Erding – Ebersberg;BY;Brief;0;110363;734;109629;0;15618;6242;8352;1964;16219;47882;8611;0;0;0;0;1548;0;0;1437;0;0;0;0;0;0;0;0;0;0;1756;0;0;0;0;0;0;0;0;0;0;0;0;0;0;0;0;0;0;426;109937;0;16807;6707;13007;2146;15967;37653;10412;770;1280;45;301;963;114;0;986;0;12;113;0;11;0;0;88;0;87;0;1639;66;0;32;0;0;21;0;0;0;246;202;262
214;Freising;BY;Brief;0;125120;688;124432;0;16429;9697;9192;2243;15373;46495;16432;1281;0;0;0;2038;656;0;1222;0;0;0;0;0;0;0;0;0;0;2931;0;0;0;0;0;0;0;0;0;443;0;0;0;0;0;0;0;0;442;124678;0;18702;9161;13823;2568;16927;41887;13863;790;1239;60;353;966;203;0;775;0;12;147;0;12;0;0;92;0;62;0;1932;54;0;57;0;0;31;0;0;0;366;228;368
215;Fürstenfeldbruck;BY;Brief;0;118885;905;117980;0;22297;6659;9637;1793;15738;46341;8816;1440;0;0;0;1398;0;0;0;0;0;0;0;0;0;0;0;0;0;2880;0;0;0;0;0;0;0;0;0;981;0;0;0;0;0;0;0;0;474;118411;0;19140;6575;13891;2320;19042;40562;8732;766;1560;56;381;900;147;0;556;0;5;175;0;8;0;0;98;0;65;0;2244;58;0;38;0;0;24;0;0;0;297;219;552
216;Ingolstadt;BY;Brief;0;118463;587;117876;0;16348;8758;6622;2706;11984;54691;10668;1423;0;0;0;1619;0;0;1402;0;0;0;0;0;0;0;0;0;0;1655;0;0;0;0;0;0;0;0;0;0;0;0;0;0;0;0;0;0;380;118083;0;20473;9125;12619;2576;13844;41456;11197;769;1131;78;315;820;123;0;822;0;22;151;0;14;0;0;97;0;63;0;1545;61;0;39;0;0;20;0;0;0;297;198;228
217;München-Nord;BY;Brief;0;112909;473;112436;0;23169;3657;12995;3704;28451;30128;2631;981;1296;0;0;1260;221;0;409;0;30;0;0;0;0;17;0;0;278;1296;0;0;0;0;0;0;0;0;0;1776;0;0;0;0;0;0;0;137;304;112605;0;20696;3998;17422;4023;30337;26633;2978;704;914;13;289;768;132;0;288;0;15;92;0;18;0;0;131;0;88;0;1107;29;0;15;0;0;37;0;0;0;666;116;1096
218;München-Ost;BY;Brief;0;122694;473;122221;0;23837;3811;11827;2697;27140;40496;3282;1044;1632;0;0;1254;0;0;393;0;0;0;0;0;0;36;0;0;0;1230;85;0;0;0;0;0;0;1318;0;1105;0;0;0;0;0;0;0;1034;315;122379;0;22046;4269;17761;3968;31340;32562;3448;768;1142;22;384;828;127;0;325;0;12;96;0;21;0;0;117;0;81;0;1231;60;0;20;0;0;18;0;0;0;749;170;814
219;München-Süd;BY;Brief;0;111507;445;111062;0;21348;3841;10926;3635;31568;30516;2882;1317;1742;0;0;1702;0;0;0;0;57;0;0;0;0;93;0;0;0;1435;0;0;0;0;0;0;0;0;0;0;0;0;0;0;0;0;0;0;273;111234;0;20741;3945;14162;4457;30986;26922;3172;796;1112;19;366;849;137;0;259;0;22;91;0;28;0;0;112;0;95;0;1262;47;0;15;0;0;19;0;0;0;457;132;1031
220;München-West/Mitte;BY;Brief;0;129562;557;129005;0;25015;3826;12859;4159;35440;36143;3325;1158;2102;0;0;1020;251;0;0;0;0;0;0;0;0;45;0;0;273;1603;0;0;0;0;0;0;0;0;0;1548;0;0;0;0;0;0;0;238;333;129229;0;24142;4245;17583;4760;36668;30914;3478;880;1182;30;389;893;158;0;273;0;13;97;0;24;0;0;124;0;127;0;1386;48;0;20;0;0;36;0;0;0;554;127;1078
221;München-Land;BY;Brief;0;126033;559;125474;0;18656;5034;11243;2146;25891;50671;5199;1145;1647;0;0;1375;0;0;819;0;0;0;0;0;0;0;0;0;0;1648;0;0;0;0;0;0;0;0;0;0;0;0;0;0;0;0;0;0;358;125675;0;21375;5307;18016;2606;23611;42283;5392;711;1333;28;392;887;86;0;534;0;17;116;0;19;0;0;119;0;69;0;1533;57;0;28;0;0;23;0;0;0;376;179;578
222;Rosenheim;BY;Brief;0;120583;713;119870;0;14267;7861;11219;2351;16998;44463;11352;1477;0;0;0;2431;0;0;1835;0;0;0;0;0;0;80;0;0;0;5536;0;0;0;0;0;0;0;0;0;0;0;0;0;0;0;0;0;0;390;120193;0;17290;8214;14622;2590;17026;37807;13033;766;1249;50;339;1115;143;0;1254;0;9;126;0;20;0;0;93;0;62;0;3484;80;0;40;0;0;24;0;0;0;267;181;309
223;Bad Tölz-Wolfratshausen – Miesbach;BY;Brief;0;90290;1074;89216;0;9886;0;7594;1511;13856;37600;9663;1136;0;0;0;1384;0;0;3584;0;0;0;0;0;0;0;0;0;0;3002;0;0;0;0;0;0;0;0;0;0;0;0;0;0;0;0;0;0;405;89885;0;11927;5854;11452;1782;12067;31365;9415;536;842;39;205;738;89;0;879;0;24;93;0;9;0;0;55;0;56;0;1857;29;0;28;0;0;18;0;0;0;207;122;197
224;Starnberg – Landsberg am Lech;BY;Brief;0;114039;696;113343;0;15238;5511;10550;2144;22723;44395;6013;1357;0;0;0;1244;493;0;0;0;0;0;0;0;0;0;0;0;0;2983;0;0;0;0;0;0;0;0;0;692;0;0;0;0;0;0;0;0;376;113663;0;18204;5573;15246;2519;20834;37376;6274;759;1128;41;347;835;172;0;588;0;5;131;0;16;0;0;77;0;64;0;2476;73;0;22;0;0;23;0;0;0;258;164;458
225;Traunstein;BY;Brief;0;107056;668;106388;0;18393;6311;8124;2136;11543;39800;12818;1079;0;0;0;1655;0;0;1581;0;0;0;0;0;0;0;0;0;0;2492;0;0;0;0;0;220;0;0;0;0;0;0;0;0;0;0;0;236;369;106687;0;16450;7041;10130;2394;13496;34117;15803;651;1091;66;239;979;108;0;1047;0;9;105;0;10;0;0;68;0;65;0;2141;92;0;40;0;0;46;0;0;0;157;173;169
226;Weilheim;BY;Brief;0;91955;943;91012;0;13214;5324;5544;1558;10726;39339;7027;0;0;0;0;2867;0;0;1696;0;0;0;0;0;0;0;0;0;0;2702;0;0;0;0;0;0;0;0;0;361;0;0;0;0;0;0;0;654;550;91405;0;13253;6016;9521;1885;12220;32971;8449;503;909;33;222;1221;93;0;913;0;11;96;0;45;0;0;56;0;55;0;2245;55;0;33;0;0;15;0;0;0;164;192;229
227;Deggendorf;BY;Brief;0;88588;401;88187;0;13777;10911;4361;1165;4584;32942;15086;597;0;0;324;789;318;0;2126;0;0;0;0;0;0;0;0;0;0;1207;0;0;0;0;0;0;0;0;0;0;0;0;0;0;0;0;0;0;280;88308;0;14022;11137;7311;1434;5731;29412;14319;411;795;60;234;531;129;0;1217;0;6;74;0;5;0;0;46;0;20;0;1026;33;0;41;0;0;13;0;0;0;117;116;68
228;Landshut;BY;Brief;0;124876;880;123996;0;14003;10157;14855;2263;14126;45788;14115;0;2398;0;0;1927;0;0;1594;0;0;0;0;0;0;0;0;0;0;1705;0;0;0;0;0;0;0;0;0;0;0;0;0;0;0;0;0;1065;331;124545;0;19938;10468;12700;2409;12926;41255;17737;603;1529;74;349;942;121;0;871;0;12;153;0;9;0;0;80;0;69;0;1547;69;0;57;0;0;21;0;0;0;232;178;196
229;Passau;BY;Brief;0;93164;709;92455;0;19833;9658;7288;1666;8241;28294;12782;836;0;0;0;2722;0;0;0;0;0;0;0;0;0;0;161;0;0;974;0;0;0;0;0;0;0;0;0;0;0;0;0;0;0;0;0;0;221;92943;0;16625;9430;8654;1891;8553;30485;12601;416;894;66;214;963;66;0;579;0;4;94;0;6;0;0;79;0;35;0;886;44;0;34;0;0;12;0;0;0;93;119;100
230;Rottal-Inn;BY;Brief;0;85654;820;84834;0;10039;9055;6565;1085;6676;29568;15697;677;0;0;0;1854;0;0;2115;0;0;0;0;0;0;0;0;0;0;1503;0;0;0;0;0;0;0;0;0;0;0;0;0;0;0;0;0;0;269;85385;0;12388;8679;8146;1490;6209;29096;14619;394;868;55;165;801;64;0;795;0;5;82;0;9;0;0;33;0;39;0;1047;36;0;44;0;0;8;0;0;0;93;125;95
231;Straubing;BY;Brief;0;85645;491;85154;0;10680;9367;4287;1154;5516;38367;10599;928;0;0;0;1629;0;0;926;0;0;0;0;0;0;0;0;0;0;878;0;0;0;0;0;0;0;444;0;0;0;0;0;0;0;0;0;379;320;85325;0;13163;9613;7255;1497;5688;30119;13173;514;917;95;160;840;90;0;721;0;6;71;0;7;0;0;48;0;27;0;791;26;0;60;0;0;14;0;0;0;197;157;76
232;Amberg;BY;Brief;0;105903;676;105227;0;16588;8761;5952;2396;8729;43731;13667;0;0;0;0;2118;0;0;0;0;0;0;0;0;0;0;0;0;0;1822;0;0;0;0;0;0;0;0;0;0;0;0;0;0;0;0;0;1463;376;105527;0;19362;8747;9076;2303;10169;37591;11596;572;1274;113;424;848;87;0;603;0;11;157;0;14;0;0;70;0;63;0;1697;64;0;48;0;0;12;0;0;0;157;305;164
233;Regensburg;BY;Brief;0;125127;613;124514;0;20721;8082;8589;3526;19583;45157;12335;1612;0;0;0;1850;0;0;1293;0;0;0;0;0;0;0;0;0;0;1431;0;0;0;0;0;54;0;0;0;0;0;0;0;0;0;0;0;281;265;124862;0;22153;8455;11679;3875;20773;39347;11966;838;1255;55;304;941;144;0;696;0;14;130;0;32;0;0;120;0;63;0;1364;45;0;29;0;0;29;0;0;0;151;155;249
234;Schwandorf;BY;Brief;0;115297;651;114646;0;26555;13686;4754;1804;5117;40085;19737;0;0;0;0;1196;383;0;0;0;0;0;0;0;0;0;0;0;0;1149;0;0;0;0;0;180;0;0;0;0;0;0;0;0;0;0;0;0;394;114903;0;20945;13680;8205;2040;7189;39007;18671;485;1071;94;223;684;129;0;667;0;6;136;0;7;0;0;57;0;58;0;966;60;0;52;0;0;60;0;0;0;103;180;128
235;Weiden;BY;Brief;0;88622;480;88142;0;20214;7597;4220;1408;4533;34275;6656;0;0;0;0;595;0;0;536;0;0;0;0;0;0;0;0;0;0;928;0;0;0;0;0;0;0;0;0;0;0;0;0;0;0;0;0;7180;507;88115;0;20146;8391;6372;1783;6173;31520;8975;414;907;82;228;415;68;0;548;0;5;120;0;7;0;0;59;0;49;0;967;50;0;41;0;0;11;0;0;0;114;569;101
236;Bamberg;BY;Brief;0;95135;466;94669;0;18305;6953;6154;2070;14701;36289;5899;1007;0;0;0;831;0;0;346;0;109;0;0;0;0;0;0;0;0;1421;0;0;0;0;0;0;0;0;0;493;0;0;0;0;0;0;0;91;291;94844;0;16735;7505;9090;2726;14009;32798;6578;696;1004;75;322;475;102;0;287;0;24;160;0;11;0;0;94;0;51;0;1245;69;0;51;0;0;12;0;0;0;191;196;338
237;Bayreuth;BY;Brief;0;82399;449;81950;0;16018;5579;5762;1437;8936;36013;5262;1057;0;0;0;623;0;0;0;0;0;0;0;0;0;0;0;0;0;1263;0;0;0;0;0;0;0;0;0;0;0;0;0;0;0;0;0;0;283;82116;0;17299;6033;7575;1863;9965;28705;6385;588;921;60;219;351;85;0;194;0;5;108;0;14;0;0;67;0;51;0;996;103;0;34;0;0;16;0;0;0;138;149;192
238;Coburg;BY;Brief;0;68887;409;68478;0;18153;4886;3508;1225;6354;25548;5745;1016;0;0;0;868;0;0;143;0;41;0;0;0;0;0;0;0;0;991;0;0;0;0;0;0;0;0;0;0;0;0;0;0;0;0;0;0;257;68630;0;17908;5334;6047;1646;6662;22379;4788;577;862;64;189;413;54;0;128;0;22;110;0;5;0;0;56;0;37;0;933;69;0;18;0;0;10;0;0;0;112;114;93
239;Hof;BY;Brief;0;72600;437;72163;0;17436;6671;3438;1391;4865;31424;4491;1107;0;0;0;297;0;0;0;0;0;0;0;0;0;0;0;0;0;781;198;0;0;0;0;0;0;0;0;0;0;0;0;0;0;0;0;64;339;72261;0;18174;6414;5884;1545;5825;25166;5226;699;1053;90;186;204;47;0;220;0;10;106;0;6;0;0;57;0;46;0;682;158;0;52;0;0;17;0;0;0;172;150;72
240;Kulmbach;BY;Brief;0;87445;428;87017;0;14033;7610;3937;1389;6394;43280;7126;1228;0;0;0;563;0;0;465;0;0;0;0;0;0;0;0;0;0;992;0;0;0;0;0;0;0;0;0;0;0;0;0;0;0;0;0;0;315;87130;0;17549;8415;7178;1712;7626;32469;7403;712;1050;114;280;381;60;0;339;0;14;144;0;8;0;0;41;0;58;0;954;76;0;62;0;0;25;0;0;0;140;191;129
241;Ansbach;BY;Brief;0;114472;751;113721;0;20284;8670;7674;1936;12947;45042;10871;0;0;241;1290;1764;0;0;0;0;0;0;0;0;0;0;0;0;0;3002;0;0;0;0;0;0;0;0;0;0;0;0;0;0;0;0;0;0;408;114064;0;22902;8995;9489;2616;13574;38705;9935;711;1407;204;613;919;130;0;364;0;15;184;0;22;0;0;91;0;73;0;2231;182;0;58;0;0;15;0;0;0;242;246;141
242;Erlangen;BY;Brief;0;90482;466;90016;0;18702;4901;6006;0;17722;32751;4727;1397;0;0;747;1245;0;0;0;0;90;0;0;0;0;0;0;0;0;1321;0;0;0;0;0;0;0;0;0;0;0;0;0;0;0;0;0;407;290;90192;0;17711;4882;9338;3090;18723;26876;4570;634;875;47;400;641;117;0;138;0;14;99;0;6;0;0;136;0;48;0;1057;60;0;30;0;0;11;0;0;0;228;156;305
243;Fürth;BY;Brief;0;109726;708;109018;0;26639;7148;6646;3140;15590;38196;6257;1582;0;0;0;1000;0;0;283;0;0;0;0;0;0;0;241;0;0;1892;0;0;0;0;0;0;0;0;0;404;0;0;0;0;0;0;0;0;400;109326;0;24235;7467;9972;3426;17139;34301;6050;838;1482;92;396;573;122;0;264;0;22;159;0;26;0;0;146;0;61;0;1623;103;0;56;0;0;14;0;0;0;248;228;283
244;Nürnberg-Nord;BY;Brief;0;84733;521;84212;0;17873;3551;6530;4279;20264;24788;2696;0;0;0;1088;1104;0;0;0;0;56;0;0;0;0;0;0;0;0;1290;0;0;0;0;0;0;0;0;0;551;0;0;0;0;0;0;0;142;306;84427;0;17248;3731;8875;4595;21387;20790;2330;842;1028;28;444;514;124;0;78;0;19;104;0;46;0;0;130;0;61;0;1061;61;0;18;0;0;20;0;0;0;370;120;403
245;Nürnberg-Süd;BY;Brief;0;70300;523;69777;0;17015;5003;4485;2603;9341;25273;3442;0;0;0;0;960;0;0;0;0;0;0;0;0;0;0;0;0;0;1323;0;0;0;0;0;0;0;0;0;332;0;0;0;0;0;0;0;0;311;69989;0;16225;4955;6130;2424;10755;21859;2725;533;1121;67;387;432;99;0;117;0;10;119;0;27;0;0;69;0;51;0;1026;83;0;29;0;0;17;0;0;0;401;142;186
246;Roth;BY;Brief;0;116335;790;115545;0;19464;7202;7447;2976;15675;45515;10810;1262;0;0;1024;1005;0;0;0;0;0;0;0;0;0;0;0;0;0;2748;0;0;0;0;0;138;0;0;0;0;0;0;0;0;0;0;0;279;446;115889;0;24305;7847;10078;2831;16407;38532;8623;718;1511;92;611;561;132;0;265;0;9;175;0;12;0;0;79;0;63;0;2078;140;0;52;0;0;47;0;0;0;244;240;237
247;Aschaffenburg;BY;Brief;0;87255;630;86625;0;14688;6263;6774;1843;11784;37758;3162;1136;0;0;0;987;0;0;346;0;86;0;0;0;0;0;0;0;0;1259;0;0;0;0;0;291;0;0;0;0;0;0;0;0;0;0;0;248;519;86736;0;18727;6074;9514;2168;12627;28445;3864;588;1177;53;292;497;95;0;289;0;31;141;0;25;0;0;74;0;81;0;1082;47;0;43;0;0;88;0;0;0;244;246;224
248;Bad Kissingen;BY;Brief;0;114123;948;113175;0;22410;8957;7965;2713;10971;45238;9962;1482;0;0;0;835;0;0;0;0;0;0;0;0;0;0;0;0;0;2358;0;0;0;0;0;0;0;0;0;0;0;0;0;0;0;0;0;284;535;113588;0;20620;9740;9829;2853;10495;44057;9270;841;1253;127;352;510;122;0;347;0;7;204;0;11;0;0;74;0;86;0;1995;99;0;82;0;0;23;0;0;0;133;308;150
249;Main-Spessart;BY;Brief;0;104216;804;103412;0;22444;6542;5828;2413;10487;41613;11023;0;0;0;0;976;0;0;0;0;0;0;0;0;0;0;0;0;0;1918;0;0;0;0;0;168;0;0;0;0;0;0;0;0;0;0;0;0;616;103600;0;22063;7372;8954;2181;11782;37212;7701;650;1334;78;310;529;140;0;272;0;14;172;0;15;0;0;59;0;88;0;1730;86;0;68;0;0;58;0;0;0;250;271;211
250;Schweinfurt;BY;Brief;0;96485;825;95660;0;18295;6958;7447;3784;9228;41382;4916;0;0;0;0;795;0;0;585;0;102;0;0;0;0;0;0;0;0;1384;0;0;0;0;0;0;0;0;784;0;0;0;0;0;0;0;0;0;448;96037;0;19567;7060;9153;2732;10859;34988;6236;571;1132;79;313;416;121;0;375;0;36;140;0;9;0;0;76;0;66;0;1204;73;0;43;0;0;19;0;0;0;233;347;189
251;Würzburg;BY;Brief;0;126346;1305;125041;0;22759;0;12938;4638;24252;47924;6146;0;0;0;0;1743;0;0;0;0;0;0;0;0;0;0;516;0;0;2740;0;0;0;0;0;0;0;0;0;0;0;0;0;0;0;0;0;1385;543;125803;0;25860;6473;12910;4213;24497;39589;5197;885;1505;75;443;782;143;0;207;0;14;177;0;29;0;0;206;0;94;0;1357;85;0;40;0;0;30;0;0;0;251;290;451
252;Augsburg-Stadt;BY;Brief;0;83018;413;82605;0;14417;5056;6881;3792;19231;23806;3762;1280;0;0;0;974;568;0;411;0;73;0;0;0;0;0;0;0;0;1547;0;0;0;0;0;0;0;0;0;447;0;0;0;0;0;0;0;360;266;82752;0;15916;5152;9360;3467;17717;21293;3930;875;928;51;318;568;297;0;298;0;26;106;0;14;0;0;90;0;55;0;1421;56;0;36;0;0;22;0;0;0;266;152;338
253;Augsburg-Land;BY;Brief;0;118904;782;118122;0;17198;9207;9023;1816;14850;49513;11986;0;0;0;0;1836;0;0;0;0;0;0;0;0;0;0;0;0;0;2616;0;0;0;0;0;0;0;0;0;0;0;0;0;0;0;0;0;77;432;118472;0;19830;8994;12874;2210;15715;40171;10935;661;1318;79;322;905;235;0;640;0;21;168;0;13;0;0;99;0;66;0;2291;89;0;33;0;0;22;0;0;0;222;322;237
254;Donau-Ries;BY;Brief;0;97929;600;97329;0;19030;7944;5963;1820;6976;41022;10017;0;0;0;0;896;660;0;0;0;0;0;0;0;0;0;0;0;0;2281;0;0;0;0;0;184;0;0;536;0;0;0;0;0;0;0;0;0;374;97555;0;16613;8759;9583;1689;9435;34580;10735;498;955;107;360;557;163;0;469;0;5;129;0;13;0;0;44;0;52;0;2011;66;0;59;0;0;69;0;0;0;122;346;136
255;Neu-Ulm;BY;Brief;0;107234;722;106512;0;17040;10300;7794;1651;12410;41290;8915;0;2335;0;897;1085;0;0;0;0;0;0;0;0;0;0;0;0;0;2016;0;0;0;0;0;0;0;0;0;552;0;0;0;0;0;0;0;227;460;106774;0;18512;9886;12423;2194;12426;34623;9322;629;1609;121;478;741;125;0;467;0;6;163;0;19;0;0;88;0;50;0;1737;145;0;56;0;0;28;0;0;0;338;295;293
256;Oberallgäu;BY;Brief;0;111500;875;110625;0;17338;6326;15129;2766;18042;33842;10638;1203;0;0;0;1459;470;0;0;0;0;0;0;0;0;0;0;0;0;3082;0;0;0;0;0;0;0;0;0;0;0;0;0;0;0;0;0;330;464;111036;0;18264;6255;12963;2811;17913;34758;10499;721;1200;46;275;831;205;0;362;0;7;121;0;24;0;0;73;0;72;0;2866;129;0;30;0;0;15;0;0;0;216;181;199
257;Ostallgäu;BY;Brief;0;117242;790;116452;0;13962;9138;8100;3833;15188;46834;11470;1291;0;0;0;1937;529;0;0;0;0;0;0;0;0;0;0;0;0;4170;0;0;0;0;0;0;0;0;0;0;0;0;0;0;0;0;0;0;417;116825;0;18599;8718;12718;2793;14801;37630;12292;747;1254;98;401;1244;214;0;706;0;12;135;0;7;0;0;86;0;80;0;3242;186;0;46;0;0;19;0;0;0;333;268;196
258;Stuttgart I;BW;Brief;0;93696;412;93284;22535;10839;2550;9791;3361;39678;0;795;919;906;0;0;0;0;131;0;0;63;0;0;0;0;6;147;0;0;814;0;138;0;0;0;0;0;0;0;597;0;0;0;0;0;0;0;14;325;93371;19599;17691;2704;15705;4227;28647;0;674;716;737;17;357;197;0;93;0;0;40;36;0;26;0;0;116;0;0;0;784;80;81;0;11;0;8;0;0;0;240;0;585
259;Stuttgart II;BW;Brief;0;69730;454;69276;19019;13444;3506;7466;2861;18758;0;1048;795;906;0;0;0;0;0;0;0;64;0;0;0;0;14;102;0;0;595;0;177;0;0;0;0;0;0;0;433;0;0;0;0;0;0;0;88;310;69420;15740;15495;3448;10608;3003;16906;0;694;593;686;28;263;171;0;67;0;0;51;43;0;32;0;0;86;0;0;0;560;87;121;0;18;0;6;0;0;0;360;0;354
260;Böblingen;BW;Brief;0;98994;573;98421;30454;20830;5605;16417;2016;16859;0;2711;849;0;0;0;446;0;187;0;0;71;0;0;0;0;0;0;0;0;1186;0;0;0;0;0;0;0;0;0;388;0;0;0;0;0;0;0;402;405;98589;26966;20237;5844;17743;2340;18846;0;1863;661;956;59;303;248;0;119;0;0;23;98;0;14;0;0;103;0;0;0;1056;256;128;0;42;0;26;0;0;0;305;0;353
261;Esslingen;BW;Brief;0;67748;370;67378;23204;14052;3231;7800;1478;13672;0;1625;881;0;0;0;0;0;0;0;0;88;0;0;0;0;0;166;0;0;880;0;0;0;0;0;0;0;0;0;301;0;0;0;0;0;0;0;0;249;67499;18190;15293;3534;10584;1808;13678;0;1109;515;750;37;192;177;0;54;0;0;25;83;0;6;0;0;98;0;0;0;743;87;69;0;13;0;19;0;0;0;230;0;205
262;Nürtingen;BW;Brief;0;85237;570;84667;26731;17566;5038;11279;1794;17002;0;2283;1118;0;0;0;0;0;323;0;0;54;0;0;0;0;0;0;0;0;1479;0;0;0;0;0;0;0;0;0;0;0;0;0;0;0;0;0;0;421;84816;23333;17631;5380;14540;1999;15912;0;1519;639;978;46;261;200;0;159;0;0;24;90;0;28;0;0;68;0;0;0;1136;253;118;0;31;0;27;0;0;0;265;0;179
263;Göppingen;BW;Brief;0;65634;613;65021;21475;15703;5684;7548;1251;8708;0;2472;958;0;0;0;0;0;0;0;0;46;0;0;0;0;0;0;0;0;1176;0;0;0;0;0;0;0;0;0;0;0;0;0;0;0;0;0;0;359;65275;18059;15605;5304;10478;1423;9523;0;1362;511;880;54;217;152;0;45;0;0;30;81;0;10;0;0;34;0;0;0;961;86;86;0;29;0;12;0;0;0;183;0;150
264;Waiblingen;BW;Brief;0;85034;505;84529;25381;19667;5281;13216;1969;13870;0;1715;1053;0;0;0;0;0;223;0;0;66;0;0;0;0;0;0;0;0;1661;0;0;0;0;0;0;0;0;0;427;0;0;0;0;0;0;0;0;320;84714;22917;18388;5328;14888;2193;14929;0;1286;627;951;47;434;220;0;105;0;0;29;84;0;25;0;0;71;0;0;0;1361;220;124;0;20;0;23;0;0;0;200;0;244
265;Ludwigsburg;BW;Brief;0;86802;528;86274;26806;15547;5131;11701;2145;19508;0;2098;948;0;0;0;523;0;0;0;0;0;0;0;0;0;0;0;0;0;1177;0;0;0;0;0;0;0;0;0;413;0;0;0;0;0;0;0;277;353;86449;22362;18940;5076;13831;2332;18025;0;1564;638;895;47;262;315;0;79;0;0;28;76;0;18;0;0;90;0;0;0;961;149;127;0;33;0;24;0;0;0;296;0;281
266;Neckar-Zaber;BW;Brief;0;93624;689;92935;29656;21409;6735;10905;2048;16044;0;2359;1161;0;0;0;593;0;310;0;0;0;0;0;0;0;0;0;0;0;1496;0;0;0;0;0;0;0;0;0;0;0;0;0;0;0;0;0;219;427;93197;24296;21459;6832;15162;2268;16235;0;1798;751;1104;100;267;337;0;113;0;0;10;136;0;10;0;0;87;0;0;0;1257;205;165;0;32;0;19;0;0;0;278;0;276
267;Heilbronn;BW;Brief;0;81214;620;80594;23462;20162;6973;10733;1679;12195;0;2495;1308;0;0;0;0;0;0;0;0;76;0;0;0;0;0;217;0;0;1294;0;0;0;0;0;0;0;0;0;0;0;0;0;0;0;0;0;0;433;80781;20336;18941;7275;12895;2079;12761;0;1658;827;1004;101;236;269;0;63;0;0;35;114;0;10;0;0;121;0;0;0;1109;194;105;0;39;0;16;0;0;0;327;0;266
268;Schwäbisch Hall – Hohenlohe;BW;Brief;0;70753;454;70299;22860;14146;5590;7778;1648;13113;0;1583;980;0;0;0;619;0;0;0;0;80;0;0;0;0;0;0;0;0;1902;0;0;0;0;0;0;0;0;0;0;0;0;0;0;0;0;0;0;301;70452;17430;16349;6010;11168;2070;11361;0;1333;642;919;107;241;325;0;69;0;0;21;100;0;10;0;0;43;0;0;0;1487;299;102;0;24;0;13;0;0;0;142;0;187
269;Backnang – Schwäbisch Gmünd;BW;Brief;0;64529;550;63979;20917;15872;5365;7266;1887;8340;0;1746;1054;0;0;0;0;0;0;0;0;65;0;0;0;0;0;0;0;0;1467;0;0;0;0;0;0;0;0;0;0;0;0;0;0;0;0;0;0;278;64251;17558;14230;5405;9876;1817;10316;0;1068;653;851;83;223;173;0;47;0;0;23;85;0;9;0;0;54;0;0;0;1212;170;92;0;25;0;14;0;0;0;133;0;134
270;Aalen – Heidenheim;BW;Brief;0;80100;560;79540;30800;17612;5635;6872;1631;11381;0;2419;1019;0;0;0;0;0;0;0;0;80;0;0;0;0;0;0;0;0;1736;0;0;0;0;0;0;0;0;0;355;0;0;0;0;0;0;0;0;412;79688;22780;19368;6017;11396;1972;11824;0;1909;622;911;85;234;215;0;69;0;0;21;90;0;23;0;0;65;0;0;0;1369;143;103;0;26;0;15;0;0;0;190;0;241
271;Karlsruhe-Stadt;BW;Brief;0;97283;634;96649;18916;20555;4277;9349;4505;32263;0;1089;1625;0;0;0;402;0;0;0;0;85;0;0;0;0;0;481;0;0;1427;278;0;0;0;0;0;0;0;0;1059;0;0;0;0;0;338;0;0;404;96879;17424;20619;4216;12414;5114;30282;0;882;1038;932;39;379;250;0;124;0;0;42;76;0;19;0;0;304;0;0;0;1292;183;65;0;21;0;10;0;0;0;289;0;865
272;Karlsruhe-Land;BW;Brief;0;87467;716;86751;27914;20266;5601;9402;1921;15654;0;2506;1222;0;0;0;311;0;0;0;0;0;0;0;0;0;0;271;0;0;1439;0;0;0;0;0;0;0;0;0;0;0;0;0;0;0;0;0;244;476;86991;23525;20780;5995;12624;2127;15279;0;1734;703;1231;57;249;175;0;69;0;0;9;110;0;13;0;0;125;0;0;0;1207;308;107;0;40;0;33;0;0;0;209;0;282
273;Rastatt;BW;Brief;0;76524;689;75835;26822;17651;5262;8592;1901;10734;0;2251;0;0;0;0;0;0;0;0;0;0;0;0;0;0;0;0;0;0;1755;0;0;0;0;0;0;0;0;0;481;0;0;0;0;0;343;0;43;486;76038;21837;18416;5317;10306;1933;12332;0;1564;469;1056;67;243;110;0;68;0;0;10;104;0;9;0;0;76;0;0;0;1476;59;106;0;38;0;17;0;0;0;160;0;265
274;Heidelberg;BW;Brief;0;95759;543;95216;23739;18951;4060;8122;3437;31003;0;1651;1039;0;0;0;0;0;0;0;0;59;0;0;0;0;0;330;0;0;1210;0;0;0;0;0;0;0;0;0;980;0;0;0;0;0;635;0;0;374;95385;20836;21721;3987;12170;4185;26667;0;1151;689;972;42;245;193;0;91;0;0;29;114;0;26;0;0;199;0;0;0;994;109;56;0;21;0;12;0;0;0;205;0;671
275;Mannheim;BW;Brief;0;75867;556;75311;16053;19699;5049;7568;3386;19105;0;1925;887;0;0;0;300;0;0;0;0;96;0;0;0;0;0;0;0;0;947;0;0;0;0;0;0;0;0;0;0;0;0;0;0;0;296;0;0;386;75481;14655;19100;4527;9757;3454;18408;0;1074;667;1154;59;265;152;0;96;0;0;33;110;0;30;0;0;111;0;0;0;784;83;83;0;26;0;11;0;0;0;353;0;489
276;Odenwald – Tauber;BW;Brief;0;75712;618;75094;27900;15931;6409;6762;1691;9749;0;3885;1177;0;0;0;0;0;0;0;0;0;0;0;0;0;0;0;0;0;1590;0;0;0;0;0;0;0;0;0;0;0;0;0;0;0;0;0;0;429;75283;23689;17602;6293;9456;1825;9724;0;2447;671;950;88;211;268;0;50;0;0;10;134;0;6;0;0;57;0;0;0;1197;139;103;0;28;0;19;0;0;0;132;0;184
277;Rhein-Neckar;BW;Brief;0;78809;709;78100;23293;21751;5729;8795;1659;12705;0;2238;0;0;0;0;0;0;0;0;0;0;0;0;0;0;0;0;0;0;1334;0;0;0;0;0;0;0;0;0;0;0;0;0;0;0;0;0;596;555;78254;21165;19102;5911;10920;1870;13507;0;1479;600;1067;103;245;144;0;58;0;0;12;126;0;14;0;0;63;0;0;0;997;194;95;0;19;0;22;0;0;0;199;0;342
278;Bruchsal – Schwetzingen;BW;Brief;0;81850;980;80870;25517;18066;6793;8999;1872;13043;0;3019;1302;0;0;0;0;0;0;0;0;0;0;0;0;0;0;0;0;0;1270;0;0;0;0;0;0;0;0;0;0;0;0;0;0;0;0;0;989;582;81268;22594;19098;6801;11539;2072;12382;0;1947;756;1550;81;226;133;0;54;0;0;5;147;0;10;0;0;73;0;0;0;1024;105;104;0;32;0;12;0;0;0;232;0;291
279;Pforzheim;BW;Brief;0;80921;510;80411;24888;17381;7515;9872;1594;11804;0;2478;1053;2120;0;0;0;0;0;0;0;0;0;0;0;0;0;0;0;0;1088;0;593;0;0;0;0;0;0;0;0;0;0;0;0;0;0;0;25;377;80544;21082;17644;7201;13181;1868;12292;0;1612;683;1673;92;262;181;0;61;0;0;25;112;0;7;0;0;87;0;0;0;979;395;465;0;37;0;31;0;0;0;249;0;325
280;Calw;BW;Brief;0;71539;439;71100;24974;12650;6060;10212;1342;9957;0;2113;653;1462;0;0;0;0;0;0;0;0;0;0;0;0;0;0;0;0;1322;0;0;0;0;0;98;0;0;0;0;0;0;0;0;0;257;0;0;303;71236;20790;14151;6441;12379;1710;9744;0;1564;487;1147;89;221;241;0;56;0;0;13;92;0;12;0;0;45;0;0;0;1195;390;130;0;30;0;40;0;0;0;152;0;117
281;Freiburg;BW;Brief;0;98293;514;97779;20845;24952;2830;7326;4984;30599;0;1647;1380;0;0;0;0;0;0;0;0;61;0;0;0;0;0;316;0;0;1678;0;0;0;0;0;0;0;0;0;653;0;0;0;0;0;508;0;0;374;97919;17600;20661;3163;10284;6252;33512;0;1047;829;1153;18;237;313;0;122;0;0;28;78;0;11;0;0;143;0;0;0;1537;148;58;0;17;0;13;0;0;0;219;0;476
282;Lörrach – Müllheim;BW;Brief;0;88997;634;88363;23635;18735;4821;12194;2022;20783;0;1968;1207;0;0;488;0;345;0;0;0;77;0;0;0;0;0;0;0;0;2016;0;0;0;0;0;72;0;0;0;0;0;0;0;0;0;0;0;0;450;88547;21035;21902;4879;12265;2513;19021;0;1513;700;1288;56;333;184;0;72;0;0;26;86;0;17;0;0;67;0;0;0;1696;311;108;0;33;0;27;0;0;0;188;0;227
283;Emmendingen – Lahr;BW;Brief;0;85887;512;85375;24078;25173;4507;8046;2479;13474;0;2198;952;1957;0;0;692;0;0;0;0;0;0;0;0;0;0;0;0;0;1448;0;0;0;0;0;0;0;0;0;371;0;0;0;0;0;0;0;0;443;85444;21841;21165;4784;11056;2567;16875;0;1736;712;1646;73;240;387;0;103;0;0;9;89;0;7;0;0;53;0;0;0;1315;128;102;0;31;0;18;0;0;0;233;0;274
284;Offenburg;BW;Brief;0;75785;572;75213;27657;14074;4258;7546;1880;11807;0;3293;1177;0;0;0;0;0;0;0;0;0;0;0;0;0;0;0;0;0;3521;0;0;0;0;0;0;0;0;0;0;0;0;0;0;0;0;0;0;434;75351;20281;16608;4977;10697;1943;12732;0;2032;634;1210;52;261;153;0;70;0;0;6;108;0;9;0;0;60;0;0;0;2600;95;134;0;36;0;23;0;0;0;417;0;213
285;Rottweil – Tuttlingen;BW;Brief;0;73219;712;72507;24398;11953;6934;11817;1388;10577;0;2008;0;0;0;0;880;0;0;0;0;0;0;0;0;0;0;273;0;0;2279;0;0;0;0;0;0;0;0;0;0;0;0;0;0;0;0;0;0;495;72724;21446;14276;6708;12991;1484;9306;0;1454;447;1015;89;242;456;0;63;0;0;2;113;0;12;0;0;129;0;0;0;1802;139;115;0;29;0;21;0;0;0;200;0;185
286;Schwarzwald-Baar;BW;Brief;0;58934;505;58429;22672;10640;3848;7817;1258;8339;0;1769;0;0;0;0;0;0;0;0;0;38;0;0;0;0;0;0;0;0;2048;0;0;0;0;0;0;0;0;0;0;0;0;0;0;0;0;0;0;363;58571;16524;12732;4003;9418;1403;9283;0;1299;356;843;78;179;147;0;45;0;0;11;99;0;12;0;0;52;0;0;0;1507;145;79;0;27;0;15;0;0;0;139;0;175
287;Konstanz;BW;Brief;0;85389;538;84851;30269;17328;4664;8756;2898;17334;0;1473;1271;0;0;0;560;0;0;0;0;0;0;0;0;0;0;0;0;0;0;0;0;0;0;0;101;0;0;0;0;0;0;0;0;0;0;0;197;348;85041;20178;17729;4696;12509;3001;20964;0;1238;748;997;58;267;293;0;87;0;0;15;65;0;16;0;0;81;0;0;0;1294;126;100;0;26;0;60;0;0;0;162;0;331
288;Waldshut;BW;Brief;0;66434;525;65909;22463;17527;3899;4528;1573;11299;0;1866;0;0;0;0;496;0;0;0;0;0;0;0;0;0;0;0;0;0;1794;0;0;0;0;0;0;0;0;0;464;0;0;0;0;0;0;0;0;332;66102;17945;15267;3870;8773;1741;12874;0;1340;383;917;43;183;251;0;58;0;0;11;82;0;10;0;0;47;0;0;0;1584;113;100;0;20;0;15;0;0;0;149;0;326
289;Reutlingen;BW;Brief;0;75427;422;75005;25089;13337;5463;10018;2958;14237;0;1717;985;0;0;0;0;0;0;0;0;67;0;0;0;0;0;0;0;0;1134;0;0;0;0;0;0;0;0;0;0;0;0;0;0;0;0;0;0;285;75142;20049;15787;5568;12463;2263;13778;0;1317;502;884;64;244;154;0;55;0;0;28;87;0;11;0;0;70;0;0;0;979;217;116;0;39;0;27;0;0;0;208;0;232
290;Tübingen;BW;Brief;0;81725;461;81264;22434;14639;4592;6980;3685;23101;0;1595;909;1368;0;0;430;0;286;0;0;54;0;0;0;0;0;0;0;0;1191;0;0;0;0;0;0;0;0;0;0;0;0;0;0;0;0;0;0;299;81426;18031;16517;4541;11344;3868;21626;0;1085;571;910;45;253;279;0;121;0;0;17;82;0;22;0;0;106;0;0;0;1084;167;82;0;25;0;14;0;0;0;288;0;348
291;Ulm;BW;Brief;0;83438;565;82873;27154;14786;5168;9110;1900;18303;0;2535;807;1713;0;829;0;0;0;0;0;58;0;0;0;0;0;274;0;0;0;0;0;0;0;0;0;0;0;0;0;0;0;0;0;0;236;0;0;347;83091;22128;17513;5314;11693;2292;17274;0;1959;653;1228;63;432;273;0;91;0;0;36;135;0;18;0;0;160;0;0;0;938;191;114;0;29;0;32;0;0;0;237;0;288
292;Biberach;BW;Brief;0;68035;465;67570;23708;13501;4690;6148;974;10753;0;2557;712;1280;0;399;1517;0;0;0;0;0;0;0;0;0;0;0;0;0;1331;0;0;0;0;0;0;0;0;0;0;0;0;0;0;0;0;0;0;349;67686;21047;12535;5029;9550;1465;10933;0;2391;528;979;63;262;669;0;66;0;0;5;111;0;10;0;0;51;0;0;0;1352;140;101;0;23;0;10;0;0;0;167;0;199
293;Bodensee;BW;Brief;0;70108;402;69706;21785;14659;4420;8091;1753;13990;0;1667;967;0;0;0;560;0;0;0;0;0;0;0;0;0;0;0;0;0;1752;0;0;0;0;0;0;0;0;0;0;0;0;0;0;0;0;0;62;267;69841;19107;14071;4062;10838;1852;14004;0;1367;603;751;45;231;339;0;62;0;0;11;67;0;8;0;0;59;0;0;0;1676;90;102;0;36;0;25;0;0;0;190;0;245
294;Ravensburg;BW;Brief;0;74694;385;74309;23056;10019;3807;10469;2058;18053;0;2488;869;0;0;0;1156;0;0;0;0;67;0;251;0;0;0;0;0;0;2016;0;0;0;0;0;0;0;0;0;0;0;0;0;0;0;0;0;0;278;74416;20341;14664;4182;10736;2296;15014;0;2039;633;807;37;231;620;0;99;0;0;21;85;0;5;0;0;60;0;0;0;1818;128;109;0;32;0;23;0;0;0;182;0;254
295;Zollernalb – Sigmaringen;BW;Brief;0;63816;595;63221;19529;11444;5015;8530;1224;12678;0;1776;830;0;0;0;423;0;0;0;0;85;0;0;0;0;0;0;0;0;1687;0;0;0;0;0;0;0;0;0;0;0;0;0;0;0;0;0;0;373;63443;19100;12778;5397;10702;1541;8572;0;1331;535;939;78;201;214;0;42;0;0;35;94;0;4;0;0;52;0;0;0;1257;138;95;0;24;0;15;0;0;0;167;0;132
296;Saarbrücken;SL;Brief;0;63308;909;62399;17033;22776;3840;5256;3355;6188;0;1157;1387;0;0;0;293;0;0;0;0;77;0;0;0;0;0;0;0;0;874;0;0;0;0;0;0;0;0;0;0;0;0;0;0;0;0;0;163;831;62477;13990;24770;3997;7459;5539;0;0;999;1191;1736;143;438;380;0;0;0;0;61;0;0;0;0;0;0;0;0;0;732;0;0;0;0;0;0;0;0;0;287;0;755
297;Saarlouis;SL;Brief;0;59031;1068;57963;17322;21430;3908;4546;2955;3637;0;1704;1321;0;0;0;350;0;0;0;0;0;0;0;0;0;0;0;0;0;790;0;0;0;0;0;0;0;0;0;0;0;0;0;0;0;0;0;0;971;58060;15037;22303;3993;6841;3790;0;0;1360;982;1760;96;302;310;0;0;0;0;30;0;0;0;0;0;0;0;0;0;725;0;0;0;0;0;0;0;0;0;201;0;330
298;St. Wendel;SL;Brief;0;54160;1106;53054;17683;18988;3455;4383;2039;2794;0;1510;1155;0;0;0;284;0;0;0;0;0;0;0;0;0;0;0;0;0;763;0;0;0;0;0;0;0;0;0;0;0;0;0;0;0;0;0;0;1036;53124;14911;20766;3602;5743;2828;0;0;1228;804;1492;92;251;264;0;0;0;0;24;0;0;0;0;0;0;0;0;0;667;0;0;0;0;0;0;0;0;0;188;0;264
299;Homburg;SL;Brief;0;58590;1049;57541;16045;21564;4823;4430;2559;3639;0;1879;1298;0;0;0;491;0;0;0;0;0;0;0;0;0;0;0;0;0;813;0;0;0;0;0;0;0;0;0;0;0;0;0;0;0;0;0;0;938;57652;14290;22618;4730;6398;3542;0;0;1432;875;1722;129;269;342;0;0;0;0;35;0;0;0;0;0;0;0;0;0;693;0;0;0;0;0;0;0;0;0;215;0;362
